{"attributes": {"name": "Basic", "packageName": "qx.application", "superClass": "qx.core.Object", "fullName": "qx.application.Basic", "type": "class", "interfaces": "qx.application.IApplication"}, "type": "class", "children": [{"attributes": {"text": "<p>For a basic, out-of-browser application (running e.g. on Node.js, Rhino).</p>"}, "type": "desc"}, {"attributes": {}, "type": "methods", "children": [{"attributes": {"docFrom": "qx.application.IApplication", "line": 46, "name": "close"}, "type": "method"}, {"attributes": {"docFrom": "qx.application.IApplication", "line": 39, "name": "finalize"}, "type": "method"}, {"attributes": {"docFrom": "qx.application.IApplication", "line": 32, "name": "main"}, "type": "method"}, {"attributes": {"docFrom": "qx.application.IApplication", "line": 52, "name": "terminate"}, "type": "method"}]}]}