{"attributes": {"name": "Inline", "packageName": "qx.application", "superClass": "qx.application.AbstractGui", "childClasses": "qx.dev.unit.TestLoaderInline", "fullName": "qx.application.Inline", "type": "class"}, "type": "class", "children": [{"attributes": {"text": "<p>For a <span class=\"caps\">GUI</span> application on a traditional, <span class=\"caps\">HTML</span>-dominated web page.</p>\n\n<p>The ideal environment for typical portal sites which use just a few qooxdoo\nwidgets. {@link qx.ui.root.Inline} can be used to embed qooxdoo widgets\ninto the page flow.</p>"}, "type": "desc"}, {"attributes": {}, "type": "methods", "children": [{"attributes": {"access": "protected", "docFrom": "qx.application.AbstractGui", "line": 42, "overriddenFrom": "qx.application.AbstractGui", "name": "_createRootWidget"}, "type": "method"}]}]}