{"attributes": {"name": "Native", "packageName": "qx.application", "superClass": "qx.core.Object", "childClasses": "qx.dev.unit.TestLoaderNative", "fullName": "qx.application.Native", "type": "class", "interfaces": "qx.application.IApplication"}, "type": "class", "children": [{"attributes": {"text": "<p>For a Non-GUI application, supporting low-level <span class=\"caps\">DOM</span> operations and <span class=\"caps\">AJAX</span>\ncommunication.</p>"}, "type": "desc"}, {"attributes": {}, "type": "methods", "children": [{"attributes": {"docFrom": "qx.application.IApplication", "line": 57, "name": "close"}, "type": "method"}, {"attributes": {"docFrom": "qx.application.IApplication", "line": 50, "name": "finalize"}, "type": "method"}, {"attributes": {"docFrom": "qx.application.IApplication", "line": 43, "name": "main"}, "type": "method"}, {"attributes": {"docFrom": "qx.application.IApplication", "line": 63, "name": "terminate"}, "type": "method"}]}]}