{"attributes": {"name": "Font", "packageName": "qx.bom", "superClass": "qx.core.Object", "childClasses": "qx.bom.webfonts.WebFont", "fullName": "qx.bom.Font", "type": "class"}, "type": "class", "children": [{"attributes": {"text": "<p>A wrapper for <span class=\"caps\">CSS</span> font styles. Fond objects can be applied to instances\nof {@link qx.html.Element}.</p>"}, "type": "desc"}, {"attributes": {}, "type": "constructor", "children": [{"attributes": {"line": 44, "isCtor": true, "overriddenFrom": "qx.core.Object", "name": "ctor"}, "type": "method", "children": [{"attributes": {}, "type": "params", "children": [{"attributes": {"optional": true, "name": "size"}, "type": "param", "children": [{"attributes": {"text": "<p>The font size (Unit: pixel)</p>"}, "type": "desc"}, {"attributes": {}, "type": "types", "children": [{"attributes": {"type": "String"}, "type": "entry"}]}]}, {"attributes": {"optional": true, "name": "family"}, "type": "param", "children": [{"attributes": {"text": "<p>A sorted list of font families</p>"}, "type": "desc"}, {"attributes": {}, "type": "types", "children": [{"attributes": {"type": "String", "dimensions": 1}, "type": "entry"}]}]}]}, {"attributes": {"text": ""}, "type": "desc"}]}]}, {"attributes": {}, "type": "methods-static", "children": [{"attributes": {"line": 138, "isStatic": true, "name": "fromConfig"}, "type": "method", "children": [{"attributes": {}, "type": "params", "children": [{"attributes": {"name": "config"}, "type": "param", "children": [{"attributes": {"text": "<p>map of property values</p>"}, "type": "desc"}, {"attributes": {}, "type": "types", "children": [{"attributes": {"type": "Map"}, "type": "entry"}]}]}]}, {"attributes": {"text": "<p>Converts a map property definition into a font object.</p>"}, "type": "desc"}, {"attributes": {}, "type": "return", "children": [{"attributes": {"text": "<p>the created instance</p>"}, "type": "desc"}, {"attributes": {}, "type": "types", "children": [{"attributes": {"type": "qx.bom.Font"}, "type": "entry"}]}]}]}, {"attributes": {"line": 88, "isStatic": true, "name": "fromString"}, "type": "method", "children": [{"attributes": {}, "type": "params", "children": [{"attributes": {"name": "str"}, "type": "param", "children": [{"attributes": {"text": "<p>the <span class=\"caps\">CSS</span> string</p>"}, "type": "desc"}, {"attributes": {}, "type": "types", "children": [{"attributes": {"type": "String"}, "type": "entry"}]}]}]}, {"attributes": {"text": "<p>Converts a typical <span class=\"caps\">CSS</span> font definition string to an font object</p>\n\n<p>Example string: <code>bold italic 20px Arial</code></p>"}, "type": "desc"}, {"attributes": {}, "type": "return", "children": [{"attributes": {"text": "<p>the created instance</p>"}, "type": "desc"}, {"attributes": {}, "type": "types", "children": [{"attributes": {"type": "qx.bom.Font"}, "type": "entry"}]}]}]}, {"attributes": {"line": 168, "isStatic": true, "name": "getDefaultStyles"}, "type": "method", "children": [{"attributes": {"text": "<p>Returns a map of all properties in empty state.</p>\n\n<p>This is useful for resetting previously configured\nfont styles.</p>"}, "type": "desc"}, {"attributes": {}, "type": "return", "children": [{"attributes": {"text": "<p>Default styles</p>"}, "type": "desc"}, {"attributes": {}, "type": "types", "children": [{"attributes": {"type": "Map"}, "type": "entry"}]}]}]}]}, {"attributes": {}, "type": "constants", "children": [{"attributes": {"access": "private", "name": "__defaultStyles"}, "type": "constant", "children": [{"attributes": {"text": "<p>Default (empty) <span class=\"caps\">CSS</span> styles</p>"}, "type": "desc"}, {"attributes": {}, "type": "types", "children": [{"attributes": {"type": "Map"}, "type": "entry"}]}]}]}, {"attributes": {}, "type": "methods", "children": [{"attributes": {"access": "protected", "line": 306, "name": "_applyBold"}, "type": "method", "children": [{"attributes": {}, "type": "params", "children": [{"attributes": {"name": "value"}, "type": "param", "children": [{"attributes": {"text": "<p>new value of the property</p>"}, "type": "desc"}, {"attributes": {}, "type": "types", "children": [{"attributes": {"type": "Boolean"}, "type": "entry"}]}]}, {"attributes": {"name": "old"}, "type": "param", "children": [{"attributes": {"text": "<p>previous value of the property (null if it was not yet set).</p>"}, "type": "desc"}, {"attributes": {}, "type": "types", "children": [{"attributes": {"type": "Boolean"}, "type": "entry"}]}]}]}, {"attributes": {}, "type": "apply", "children": [{"attributes": {"applies": "qx.bom.Font#bold"}, "type": "entry"}]}, {"attributes": {"text": "<p>Applies changes of the property value of the property <code>bold</code>.</p>\n\n<p>For further details take a look at the property definition: {@link #bold}.</p>"}, "type": "desc"}]}, {"attributes": {"access": "protected", "line": 323, "name": "_applyColor"}, "type": "method", "children": [{"attributes": {}, "type": "params", "children": [{"attributes": {"name": "value"}, "type": "param", "children": [{"attributes": {"text": "<p>new value of the property</p>"}, "type": "desc"}, {"attributes": {}, "type": "types", "children": [{"attributes": {"type": "Color"}, "type": "entry"}]}]}, {"attributes": {"name": "old"}, "type": "param", "children": [{"attributes": {"text": "<p>previous value of the property (null if it was not yet set).</p>"}, "type": "desc"}, {"attributes": {}, "type": "types", "children": [{"attributes": {"type": "Color"}, "type": "entry"}]}]}]}, {"attributes": {}, "type": "apply", "children": [{"attributes": {"applies": "qx.bom.Font#color"}, "type": "entry"}]}, {"attributes": {"text": "<p>Applies changes of the property value of the property <code>color</code>.</p>\n\n<p>For further details take a look at the property definition: {@link #color}.</p>"}, "type": "desc"}]}, {"attributes": {"access": "protected", "line": 318, "name": "_applyDecoration"}, "type": "method", "children": [{"attributes": {}, "type": "params", "children": [{"attributes": {"name": "value"}, "type": "param", "children": [{"attributes": {"text": "<p>new value of the property</p>"}, "type": "desc"}, {"attributes": {}, "type": "types", "children": [{"attributes": {"type": "var"}, "type": "entry"}]}]}, {"attributes": {"name": "old"}, "type": "param", "children": [{"attributes": {"text": "<p>previous value of the property (null if it was not yet set).</p>"}, "type": "desc"}, {"attributes": {}, "type": "types", "children": [{"attributes": {"type": "var"}, "type": "entry"}]}]}]}, {"attributes": {}, "type": "apply", "children": [{"attributes": {"applies": "qx.bom.Font#decoration"}, "type": "entry"}]}, {"attributes": {"text": "<p>Applies changes of the property value of the property <code>decoration</code>.</p>\n\n<p>For further details take a look at the property definition: {@link #decoration}.</p>"}, "type": "desc"}]}, {"attributes": {"access": "protected", "line": 279, "name": "_applyFamily"}, "type": "method", "children": [{"attributes": {}, "type": "params", "children": [{"attributes": {"name": "value"}, "type": "param", "children": [{"attributes": {"text": "<p>new value of the property</p>"}, "type": "desc"}, {"attributes": {}, "type": "types", "children": [{"attributes": {"type": "Array"}, "type": "entry"}]}]}, {"attributes": {"name": "old"}, "type": "param", "children": [{"attributes": {"text": "<p>previous value of the property (null if it was not yet set).</p>"}, "type": "desc"}, {"attributes": {}, "type": "types", "children": [{"attributes": {"type": "Array"}, "type": "entry"}]}]}]}, {"attributes": {}, "type": "apply", "children": [{"attributes": {"applies": "qx.bom.Font#family"}, "type": "entry"}]}, {"attributes": {"text": "<p>Applies changes of the property value of the property <code>family</code>.</p>\n\n<p>For further details take a look at the property definition: {@link #family}.</p>"}, "type": "desc"}]}, {"attributes": {"access": "protected", "line": 312, "name": "_applyItalic"}, "type": "method", "children": [{"attributes": {}, "type": "params", "children": [{"attributes": {"name": "value"}, "type": "param", "children": [{"attributes": {"text": "<p>new value of the property</p>"}, "type": "desc"}, {"attributes": {}, "type": "types", "children": [{"attributes": {"type": "Boolean"}, "type": "entry"}]}]}, {"attributes": {"name": "old"}, "type": "param", "children": [{"attributes": {"text": "<p>previous value of the property (null if it was not yet set).</p>"}, "type": "desc"}, {"attributes": {}, "type": "types", "children": [{"attributes": {"type": "Boolean"}, "type": "entry"}]}]}]}, {"attributes": {}, "type": "apply", "children": [{"attributes": {"applies": "qx.bom.Font#italic"}, "type": "entry"}]}, {"attributes": {"text": "<p>Applies changes of the property value of the property <code>italic</code>.</p>\n\n<p>For further details take a look at the property definition: {@link #italic}.</p>"}, "type": "desc"}]}, {"attributes": {"access": "protected", "line": 273, "name": "_applyLineHeight"}, "type": "method", "children": [{"attributes": {}, "type": "params", "children": [{"attributes": {"name": "value"}, "type": "param", "children": [{"attributes": {"text": "<p>new value of the property</p>"}, "type": "desc"}, {"attributes": {}, "type": "types", "children": [{"attributes": {"type": "Number"}, "type": "entry"}]}]}, {"attributes": {"name": "old"}, "type": "param", "children": [{"attributes": {"text": "<p>previous value of the property (null if it was not yet set).</p>"}, "type": "desc"}, {"attributes": {}, "type": "types", "children": [{"attributes": {"type": "Number"}, "type": "entry"}]}]}]}, {"attributes": {}, "type": "apply", "children": [{"attributes": {"applies": "qx.bom.Font#lineHeight"}, "type": "entry"}]}, {"attributes": {"text": "<p>Applies changes of the property value of the property <code>lineHeight</code>.</p>\n\n<p>For further details take a look at the property definition: {@link #lineHeight}.</p>"}, "type": "desc"}]}, {"attributes": {"access": "protected", "line": 268, "name": "_applySize"}, "type": "method", "children": [{"attributes": {}, "type": "params", "children": [{"attributes": {"name": "value"}, "type": "param", "children": [{"attributes": {"text": "<p>new value of the property</p>"}, "type": "desc"}, {"attributes": {}, "type": "types", "children": [{"attributes": {"type": "Integer"}, "type": "entry"}]}]}, {"attributes": {"name": "old"}, "type": "param", "children": [{"attributes": {"text": "<p>previous value of the property (null if it was not yet set).</p>"}, "type": "desc"}, {"attributes": {}, "type": "types", "children": [{"attributes": {"type": "Integer"}, "type": "entry"}]}]}]}, {"attributes": {}, "type": "apply", "children": [{"attributes": {"applies": "qx.bom.Font#size"}, "type": "entry"}]}, {"attributes": {"text": "<p>Applies changes of the property value of the property <code>size</code>.</p>\n\n<p>For further details take a look at the property definition: {@link #size}.</p>"}, "type": "desc"}]}, {"attributes": {"access": "protected", "line": 331, "name": "_applyTextShadow"}, "type": "method", "children": [{"attributes": {}, "type": "params", "children": [{"attributes": {"name": "value"}, "type": "param", "children": [{"attributes": {"text": "<p>new value of the property</p>"}, "type": "desc"}, {"attributes": {}, "type": "types", "children": [{"attributes": {"type": "String"}, "type": "entry"}]}]}, {"attributes": {"name": "old"}, "type": "param", "children": [{"attributes": {"text": "<p>previous value of the property (null if it was not yet set).</p>"}, "type": "desc"}, {"attributes": {}, "type": "types", "children": [{"attributes": {"type": "String"}, "type": "entry"}]}]}]}, {"attributes": {}, "type": "apply", "children": [{"attributes": {"applies": "qx.bom.Font#textShadow"}, "type": "entry"}]}, {"attributes": {"text": "<p>Applies changes of the property value of the property <code>textShadow</code>.</p>\n\n<p>For further details take a look at the property definition: {@link #textShadow}.</p>"}, "type": "desc"}]}, {"attributes": {"name": "getBold", "fromProperty": "bold"}, "type": "method", "children": [{"attributes": {"text": "<p>Returns the (computed) value of the property <code>bold</code>.</p>\n\n<p>For further details take a look at the property definition: {@link #bold}.</p>"}, "type": "desc"}, {"attributes": {}, "type": "return", "children": [{"attributes": {"text": "<p>(Computed) value of <code>bold</code>.</p>"}, "type": "desc"}, {"attributes": {}, "type": "types", "children": [{"attributes": {"type": "var"}, "type": "entry"}]}]}]}, {"attributes": {"name": "getColor", "fromProperty": "color"}, "type": "method", "children": [{"attributes": {"text": "<p>Returns the (computed) value of the property <code>color</code>.</p>\n\n<p>For further details take a look at the property definition: {@link #color}.</p>"}, "type": "desc"}, {"attributes": {}, "type": "return", "children": [{"attributes": {"text": "<p>(Computed) value of <code>color</code>.</p>"}, "type": "desc"}, {"attributes": {}, "type": "types", "children": [{"attributes": {"type": "var"}, "type": "entry"}]}]}]}, {"attributes": {"name": "getDecoration", "fromProperty": "decoration"}, "type": "method", "children": [{"attributes": {"text": "<p>Returns the (computed) value of the property <code>decoration</code>.</p>\n\n<p>For further details take a look at the property definition: {@link #decoration}.</p>"}, "type": "desc"}, {"attributes": {}, "type": "return", "children": [{"attributes": {"text": "<p>(Computed) value of <code>decoration</code>.</p>"}, "type": "desc"}, {"attributes": {}, "type": "types", "children": [{"attributes": {"type": "var"}, "type": "entry"}]}]}]}, {"attributes": {"name": "getFamily", "fromProperty": "family"}, "type": "method", "children": [{"attributes": {"text": "<p>Returns the (computed) value of the property <code>family</code>.</p>\n\n<p>For further details take a look at the property definition: {@link #family}.</p>"}, "type": "desc"}, {"attributes": {}, "type": "return", "children": [{"attributes": {"text": "<p>(Computed) value of <code>family</code>.</p>"}, "type": "desc"}, {"attributes": {}, "type": "types", "children": [{"attributes": {"type": "var"}, "type": "entry"}]}]}]}, {"attributes": {"name": "getItalic", "fromProperty": "italic"}, "type": "method", "children": [{"attributes": {"text": "<p>Returns the (computed) value of the property <code>italic</code>.</p>\n\n<p>For further details take a look at the property definition: {@link #italic}.</p>"}, "type": "desc"}, {"attributes": {}, "type": "return", "children": [{"attributes": {"text": "<p>(Computed) value of <code>italic</code>.</p>"}, "type": "desc"}, {"attributes": {}, "type": "types", "children": [{"attributes": {"type": "var"}, "type": "entry"}]}]}]}, {"attributes": {"name": "getLineHeight", "fromProperty": "lineHeight"}, "type": "method", "children": [{"attributes": {"text": "<p>Returns the (computed) value of the property <code>lineHeight</code>.</p>\n\n<p>For further details take a look at the property definition: {@link #lineHeight}.</p>"}, "type": "desc"}, {"attributes": {}, "type": "return", "children": [{"attributes": {"text": "<p>(Computed) value of <code>lineHeight</code>.</p>"}, "type": "desc"}, {"attributes": {}, "type": "types", "children": [{"attributes": {"type": "var"}, "type": "entry"}]}]}]}, {"attributes": {"name": "getSize", "fromProperty": "size"}, "type": "method", "children": [{"attributes": {"text": "<p>Returns the (computed) value of the property <code>size</code>.</p>\n\n<p>For further details take a look at the property definition: {@link #size}.</p>"}, "type": "desc"}, {"attributes": {}, "type": "return", "children": [{"attributes": {"text": "<p>(Computed) value of <code>size</code>.</p>"}, "type": "desc"}, {"attributes": {}, "type": "types", "children": [{"attributes": {"type": "var"}, "type": "entry"}]}]}]}, {"attributes": {"line": 344, "name": "getStyles"}, "type": "method", "children": [{"attributes": {"text": "<p>Get a map of all <span class=\"caps\">CSS</span> styles, which will be applied to the widget. Only\nthe styles which are set are returned.</p>"}, "type": "desc"}, {"attributes": {}, "type": "return", "children": [{"attributes": {"text": "<p>Map containing the current styles. The keys are property names which can directly be used with the <code>set</code> method of each widget.</p>"}, "type": "desc"}, {"attributes": {}, "type": "types", "children": [{"attributes": {"type": "Map"}, "type": "entry"}]}]}]}, {"attributes": {"name": "getTextShadow", "fromProperty": "textShadow"}, "type": "method", "children": [{"attributes": {"text": "<p>Returns the (computed) value of the property <code>textShadow</code>.</p>\n\n<p>For further details take a look at the property definition: {@link #textShadow}.</p>"}, "type": "desc"}, {"attributes": {}, "type": "return", "children": [{"attributes": {"text": "<p>(Computed) value of <code>textShadow</code>.</p>"}, "type": "desc"}, {"attributes": {}, "type": "types", "children": [{"attributes": {"type": "var"}, "type": "entry"}]}]}]}, {"attributes": {"access": "protected", "name": "initBold", "fromProperty": "bold"}, "type": "method", "children": [{"attributes": {}, "type": "params", "children": [{"attributes": {"name": "value"}, "type": "param", "children": [{"attributes": {"text": "<p>Initial value for property <code>bold</code>.</p>"}, "type": "desc"}, {"attributes": {}, "type": "types", "children": [{"attributes": {"type": "var"}, "type": "entry"}]}]}]}, {"attributes": {"text": "<p>Calls the apply method and dispatches the change event of the property <code>bold</code>\nwith the default value defined by the class developer. This function can\nonly be called from the constructor of a class.</p>\n\n<p>For further details take a look at the property definition: {@link #bold}.</p>"}, "type": "desc"}, {"attributes": {}, "type": "return", "children": [{"attributes": {"text": "<p>the default value</p>"}, "type": "desc"}, {"attributes": {}, "type": "types", "children": [{"attributes": {"type": "var"}, "type": "entry"}]}]}]}, {"attributes": {"access": "protected", "name": "initColor", "fromProperty": "color"}, "type": "method", "children": [{"attributes": {}, "type": "params", "children": [{"attributes": {"name": "value"}, "type": "param", "children": [{"attributes": {"text": "<p>Initial value for property <code>color</code>.</p>"}, "type": "desc"}, {"attributes": {}, "type": "types", "children": [{"attributes": {"type": "var"}, "type": "entry"}]}]}]}, {"attributes": {"text": "<p>Calls the apply method and dispatches the change event of the property <code>color</code>\nwith the default value defined by the class developer. This function can\nonly be called from the constructor of a class.</p>\n\n<p>For further details take a look at the property definition: {@link #color}.</p>"}, "type": "desc"}, {"attributes": {}, "type": "return", "children": [{"attributes": {"text": "<p>the default value</p>"}, "type": "desc"}, {"attributes": {}, "type": "types", "children": [{"attributes": {"type": "var"}, "type": "entry"}]}]}]}, {"attributes": {"access": "protected", "name": "initDecoration", "fromProperty": "decoration"}, "type": "method", "children": [{"attributes": {}, "type": "params", "children": [{"attributes": {"name": "value"}, "type": "param", "children": [{"attributes": {"text": "<p>Initial value for property <code>decoration</code>.</p>"}, "type": "desc"}, {"attributes": {}, "type": "types", "children": [{"attributes": {"type": "var"}, "type": "entry"}]}]}]}, {"attributes": {"text": "<p>Calls the apply method and dispatches the change event of the property <code>decoration</code>\nwith the default value defined by the class developer. This function can\nonly be called from the constructor of a class.</p>\n\n<p>For further details take a look at the property definition: {@link #decoration}.</p>"}, "type": "desc"}, {"attributes": {}, "type": "return", "children": [{"attributes": {"text": "<p>the default value</p>"}, "type": "desc"}, {"attributes": {}, "type": "types", "children": [{"attributes": {"type": "var"}, "type": "entry"}]}]}]}, {"attributes": {"access": "protected", "name": "initFamily", "fromProperty": "family"}, "type": "method", "children": [{"attributes": {}, "type": "params", "children": [{"attributes": {"name": "value"}, "type": "param", "children": [{"attributes": {"text": "<p>Initial value for property <code>family</code>.</p>"}, "type": "desc"}, {"attributes": {}, "type": "types", "children": [{"attributes": {"type": "var"}, "type": "entry"}]}]}]}, {"attributes": {"text": "<p>Calls the apply method and dispatches the change event of the property <code>family</code>\nwith the default value defined by the class developer. This function can\nonly be called from the constructor of a class.</p>\n\n<p>For further details take a look at the property definition: {@link #family}.</p>"}, "type": "desc"}, {"attributes": {}, "type": "return", "children": [{"attributes": {"text": "<p>the default value</p>"}, "type": "desc"}, {"attributes": {}, "type": "types", "children": [{"attributes": {"type": "var"}, "type": "entry"}]}]}]}, {"attributes": {"access": "protected", "name": "initItalic", "fromProperty": "italic"}, "type": "method", "children": [{"attributes": {}, "type": "params", "children": [{"attributes": {"name": "value"}, "type": "param", "children": [{"attributes": {"text": "<p>Initial value for property <code>italic</code>.</p>"}, "type": "desc"}, {"attributes": {}, "type": "types", "children": [{"attributes": {"type": "var"}, "type": "entry"}]}]}]}, {"attributes": {"text": "<p>Calls the apply method and dispatches the change event of the property <code>italic</code>\nwith the default value defined by the class developer. This function can\nonly be called from the constructor of a class.</p>\n\n<p>For further details take a look at the property definition: {@link #italic}.</p>"}, "type": "desc"}, {"attributes": {}, "type": "return", "children": [{"attributes": {"text": "<p>the default value</p>"}, "type": "desc"}, {"attributes": {}, "type": "types", "children": [{"attributes": {"type": "var"}, "type": "entry"}]}]}]}, {"attributes": {"access": "protected", "name": "initLineHeight", "fromProperty": "lineHeight"}, "type": "method", "children": [{"attributes": {}, "type": "params", "children": [{"attributes": {"name": "value"}, "type": "param", "children": [{"attributes": {"text": "<p>Initial value for property <code>lineHeight</code>.</p>"}, "type": "desc"}, {"attributes": {}, "type": "types", "children": [{"attributes": {"type": "var"}, "type": "entry"}]}]}]}, {"attributes": {"text": "<p>Calls the apply method and dispatches the change event of the property <code>lineHeight</code>\nwith the default value defined by the class developer. This function can\nonly be called from the constructor of a class.</p>\n\n<p>For further details take a look at the property definition: {@link #lineHeight}.</p>"}, "type": "desc"}, {"attributes": {}, "type": "return", "children": [{"attributes": {"text": "<p>the default value</p>"}, "type": "desc"}, {"attributes": {}, "type": "types", "children": [{"attributes": {"type": "var"}, "type": "entry"}]}]}]}, {"attributes": {"access": "protected", "name": "initSize", "fromProperty": "size"}, "type": "method", "children": [{"attributes": {}, "type": "params", "children": [{"attributes": {"name": "value"}, "type": "param", "children": [{"attributes": {"text": "<p>Initial value for property <code>size</code>.</p>"}, "type": "desc"}, {"attributes": {}, "type": "types", "children": [{"attributes": {"type": "var"}, "type": "entry"}]}]}]}, {"attributes": {"text": "<p>Calls the apply method and dispatches the change event of the property <code>size</code>\nwith the default value defined by the class developer. This function can\nonly be called from the constructor of a class.</p>\n\n<p>For further details take a look at the property definition: {@link #size}.</p>"}, "type": "desc"}, {"attributes": {}, "type": "return", "children": [{"attributes": {"text": "<p>the default value</p>"}, "type": "desc"}, {"attributes": {}, "type": "types", "children": [{"attributes": {"type": "var"}, "type": "entry"}]}]}]}, {"attributes": {"access": "protected", "name": "initTextShadow", "fromProperty": "textShadow"}, "type": "method", "children": [{"attributes": {}, "type": "params", "children": [{"attributes": {"name": "value"}, "type": "param", "children": [{"attributes": {"text": "<p>Initial value for property <code>textShadow</code>.</p>"}, "type": "desc"}, {"attributes": {}, "type": "types", "children": [{"attributes": {"type": "var"}, "type": "entry"}]}]}]}, {"attributes": {"text": "<p>Calls the apply method and dispatches the change event of the property <code>textShadow</code>\nwith the default value defined by the class developer. This function can\nonly be called from the constructor of a class.</p>\n\n<p>For further details take a look at the property definition: {@link #textShadow}.</p>"}, "type": "desc"}, {"attributes": {}, "type": "return", "children": [{"attributes": {"text": "<p>the default value</p>"}, "type": "desc"}, {"attributes": {}, "type": "types", "children": [{"attributes": {"type": "var"}, "type": "entry"}]}]}]}, {"attributes": {"name": "isBold", "fromProperty": "bold"}, "type": "method", "children": [{"attributes": {"text": "<p>Check whether the (computed) value of the boolean property <code>bold</code> equals <code>true</code>.</p>\n\n<p>For further details take a look at the property definition: {@link #bold}.</p>"}, "type": "desc"}, {"attributes": {}, "type": "return", "children": [{"attributes": {"text": "<p>Whether the property equals <code>true</code>.</p>"}, "type": "desc"}, {"attributes": {}, "type": "types", "children": [{"attributes": {"type": "Boolean"}, "type": "entry"}]}]}]}, {"attributes": {"name": "isItalic", "fromProperty": "italic"}, "type": "method", "children": [{"attributes": {"text": "<p>Check whether the (computed) value of the boolean property <code>italic</code> equals <code>true</code>.</p>\n\n<p>For further details take a look at the property definition: {@link #italic}.</p>"}, "type": "desc"}, {"attributes": {}, "type": "return", "children": [{"attributes": {"text": "<p>Whether the property equals <code>true</code>.</p>"}, "type": "desc"}, {"attributes": {}, "type": "types", "children": [{"attributes": {"type": "Boolean"}, "type": "entry"}]}]}]}, {"attributes": {"name": "resetBold", "fromProperty": "bold"}, "type": "method", "children": [{"attributes": {"text": "<p>Resets the user value of the property <code>bold</code>.</p>\n\n<p>The computed value falls back to the next available value e.g. appearance, init or\ninheritance value depeneding on the property configuration and value availability.</p>\n\n<p>For further details take a look at the property definition: {@link #bold}.</p>"}, "type": "desc"}]}, {"attributes": {"name": "resetColor", "fromProperty": "color"}, "type": "method", "children": [{"attributes": {"text": "<p>Resets the user value of the property <code>color</code>.</p>\n\n<p>The computed value falls back to the next available value e.g. appearance, init or\ninheritance value depeneding on the property configuration and value availability.</p>\n\n<p>For further details take a look at the property definition: {@link #color}.</p>"}, "type": "desc"}]}, {"attributes": {"name": "resetDecoration", "fromProperty": "decoration"}, "type": "method", "children": [{"attributes": {"text": "<p>Resets the user value of the property <code>decoration</code>.</p>\n\n<p>The computed value falls back to the next available value e.g. appearance, init or\ninheritance value depeneding on the property configuration and value availability.</p>\n\n<p>For further details take a look at the property definition: {@link #decoration}.</p>"}, "type": "desc"}]}, {"attributes": {"name": "resetFamily", "fromProperty": "family"}, "type": "method", "children": [{"attributes": {"text": "<p>Resets the user value of the property <code>family</code>.</p>\n\n<p>The computed value falls back to the next available value e.g. appearance, init or\ninheritance value depeneding on the property configuration and value availability.</p>\n\n<p>For further details take a look at the property definition: {@link #family}.</p>"}, "type": "desc"}]}, {"attributes": {"name": "resetItalic", "fromProperty": "italic"}, "type": "method", "children": [{"attributes": {"text": "<p>Resets the user value of the property <code>italic</code>.</p>\n\n<p>The computed value falls back to the next available value e.g. appearance, init or\ninheritance value depeneding on the property configuration and value availability.</p>\n\n<p>For further details take a look at the property definition: {@link #italic}.</p>"}, "type": "desc"}]}, {"attributes": {"name": "resetLineHeight", "fromProperty": "lineHeight"}, "type": "method", "children": [{"attributes": {"text": "<p>Resets the user value of the property <code>lineHeight</code>.</p>\n\n<p>The computed value falls back to the next available value e.g. appearance, init or\ninheritance value depeneding on the property configuration and value availability.</p>\n\n<p>For further details take a look at the property definition: {@link #lineHeight}.</p>"}, "type": "desc"}]}, {"attributes": {"name": "resetSize", "fromProperty": "size"}, "type": "method", "children": [{"attributes": {"text": "<p>Resets the user value of the property <code>size</code>.</p>\n\n<p>The computed value falls back to the next available value e.g. appearance, init or\ninheritance value depeneding on the property configuration and value availability.</p>\n\n<p>For further details take a look at the property definition: {@link #size}.</p>"}, "type": "desc"}]}, {"attributes": {"name": "resetTextShadow", "fromProperty": "textShadow"}, "type": "method", "children": [{"attributes": {"text": "<p>Resets the user value of the property <code>textShadow</code>.</p>\n\n<p>The computed value falls back to the next available value e.g. appearance, init or\ninheritance value depeneding on the property configuration and value availability.</p>\n\n<p>For further details take a look at the property definition: {@link #textShadow}.</p>"}, "type": "desc"}]}, {"attributes": {"name": "setBold", "fromProperty": "bold"}, "type": "method", "children": [{"attributes": {}, "type": "params", "children": [{"attributes": {"name": "value"}, "type": "param", "children": [{"attributes": {"text": "<p>New value for property <code>bold</code>.</p>"}, "type": "desc"}, {"attributes": {}, "type": "types", "children": [{"attributes": {"type": "var"}, "type": "entry"}]}]}]}, {"attributes": {"text": "<p>Sets the user value of the property <code>bold</code>.</p>\n\n<p>For further details take a look at the property definition: {@link #bold}.</p>"}, "type": "desc"}, {"attributes": {}, "type": "return", "children": [{"attributes": {"text": "<p>The unmodified incoming value.</p>"}, "type": "desc"}, {"attributes": {}, "type": "types", "children": [{"attributes": {"type": "var"}, "type": "entry"}]}]}]}, {"attributes": {"name": "setColor", "fromProperty": "color"}, "type": "method", "children": [{"attributes": {}, "type": "params", "children": [{"attributes": {"name": "value"}, "type": "param", "children": [{"attributes": {"text": "<p>New value for property <code>color</code>.</p>"}, "type": "desc"}, {"attributes": {}, "type": "types", "children": [{"attributes": {"type": "var"}, "type": "entry"}]}]}]}, {"attributes": {"text": "<p>Sets the user value of the property <code>color</code>.</p>\n\n<p>For further details take a look at the property definition: {@link #color}.</p>"}, "type": "desc"}, {"attributes": {}, "type": "return", "children": [{"attributes": {"text": "<p>The unmodified incoming value.</p>"}, "type": "desc"}, {"attributes": {}, "type": "types", "children": [{"attributes": {"type": "var"}, "type": "entry"}]}]}]}, {"attributes": {"name": "setDecoration", "fromProperty": "decoration"}, "type": "method", "children": [{"attributes": {}, "type": "params", "children": [{"attributes": {"name": "value"}, "type": "param", "children": [{"attributes": {"text": "<p>New value for property <code>decoration</code>.</p>"}, "type": "desc"}, {"attributes": {}, "type": "types", "children": [{"attributes": {"type": "var"}, "type": "entry"}]}]}]}, {"attributes": {"text": "<p>Sets the user value of the property <code>decoration</code>.</p>\n\n<p>For further details take a look at the property definition: {@link #decoration}.</p>"}, "type": "desc"}, {"attributes": {}, "type": "return", "children": [{"attributes": {"text": "<p>The unmodified incoming value.</p>"}, "type": "desc"}, {"attributes": {}, "type": "types", "children": [{"attributes": {"type": "var"}, "type": "entry"}]}]}]}, {"attributes": {"name": "setFamily", "fromProperty": "family"}, "type": "method", "children": [{"attributes": {}, "type": "params", "children": [{"attributes": {"name": "value"}, "type": "param", "children": [{"attributes": {"text": "<p>New value for property <code>family</code>.</p>"}, "type": "desc"}, {"attributes": {}, "type": "types", "children": [{"attributes": {"type": "var"}, "type": "entry"}]}]}]}, {"attributes": {"text": "<p>Sets the user value of the property <code>family</code>.</p>\n\n<p>For further details take a look at the property definition: {@link #family}.</p>"}, "type": "desc"}, {"attributes": {}, "type": "return", "children": [{"attributes": {"text": "<p>The unmodified incoming value.</p>"}, "type": "desc"}, {"attributes": {}, "type": "types", "children": [{"attributes": {"type": "var"}, "type": "entry"}]}]}]}, {"attributes": {"name": "setItalic", "fromProperty": "italic"}, "type": "method", "children": [{"attributes": {}, "type": "params", "children": [{"attributes": {"name": "value"}, "type": "param", "children": [{"attributes": {"text": "<p>New value for property <code>italic</code>.</p>"}, "type": "desc"}, {"attributes": {}, "type": "types", "children": [{"attributes": {"type": "var"}, "type": "entry"}]}]}]}, {"attributes": {"text": "<p>Sets the user value of the property <code>italic</code>.</p>\n\n<p>For further details take a look at the property definition: {@link #italic}.</p>"}, "type": "desc"}, {"attributes": {}, "type": "return", "children": [{"attributes": {"text": "<p>The unmodified incoming value.</p>"}, "type": "desc"}, {"attributes": {}, "type": "types", "children": [{"attributes": {"type": "var"}, "type": "entry"}]}]}]}, {"attributes": {"name": "setLineHeight", "fromProperty": "lineHeight"}, "type": "method", "children": [{"attributes": {}, "type": "params", "children": [{"attributes": {"name": "value"}, "type": "param", "children": [{"attributes": {"text": "<p>New value for property <code>lineHeight</code>.</p>"}, "type": "desc"}, {"attributes": {}, "type": "types", "children": [{"attributes": {"type": "var"}, "type": "entry"}]}]}]}, {"attributes": {"text": "<p>Sets the user value of the property <code>lineHeight</code>.</p>\n\n<p>For further details take a look at the property definition: {@link #lineHeight}.</p>"}, "type": "desc"}, {"attributes": {}, "type": "return", "children": [{"attributes": {"text": "<p>The unmodified incoming value.</p>"}, "type": "desc"}, {"attributes": {}, "type": "types", "children": [{"attributes": {"type": "var"}, "type": "entry"}]}]}]}, {"attributes": {"name": "setSize", "fromProperty": "size"}, "type": "method", "children": [{"attributes": {}, "type": "params", "children": [{"attributes": {"name": "value"}, "type": "param", "children": [{"attributes": {"text": "<p>New value for property <code>size</code>.</p>"}, "type": "desc"}, {"attributes": {}, "type": "types", "children": [{"attributes": {"type": "var"}, "type": "entry"}]}]}]}, {"attributes": {"text": "<p>Sets the user value of the property <code>size</code>.</p>\n\n<p>For further details take a look at the property definition: {@link #size}.</p>"}, "type": "desc"}, {"attributes": {}, "type": "return", "children": [{"attributes": {"text": "<p>The unmodified incoming value.</p>"}, "type": "desc"}, {"attributes": {}, "type": "types", "children": [{"attributes": {"type": "var"}, "type": "entry"}]}]}]}, {"attributes": {"name": "setTextShadow", "fromProperty": "textShadow"}, "type": "method", "children": [{"attributes": {}, "type": "params", "children": [{"attributes": {"name": "value"}, "type": "param", "children": [{"attributes": {"text": "<p>New value for property <code>textShadow</code>.</p>"}, "type": "desc"}, {"attributes": {}, "type": "types", "children": [{"attributes": {"type": "var"}, "type": "entry"}]}]}]}, {"attributes": {"text": "<p>Sets the user value of the property <code>textShadow</code>.</p>\n\n<p>For further details take a look at the property definition: {@link #textShadow}.</p>"}, "type": "desc"}, {"attributes": {}, "type": "return", "children": [{"attributes": {"text": "<p>The unmodified incoming value.</p>"}, "type": "desc"}, {"attributes": {}, "type": "types", "children": [{"attributes": {"type": "var"}, "type": "entry"}]}]}]}, {"attributes": {"name": "toggleBold", "fromProperty": "bold"}, "type": "method", "children": [{"attributes": {"text": "<p>Toggles the (computed) value of the boolean property <code>bold</code>.</p>\n\n<p>For further details take a look at the property definition: {@link #bold}.</p>"}, "type": "desc"}, {"attributes": {}, "type": "return", "children": [{"attributes": {"text": "<p>the new value</p>"}, "type": "desc"}, {"attributes": {}, "type": "types", "children": [{"attributes": {"type": "Boolean"}, "type": "entry"}]}]}]}, {"attributes": {"name": "toggleItalic", "fromProperty": "italic"}, "type": "method", "children": [{"attributes": {"text": "<p>Toggles the (computed) value of the boolean property <code>italic</code>.</p>\n\n<p>For further details take a look at the property definition: {@link #italic}.</p>"}, "type": "desc"}, {"attributes": {}, "type": "return", "children": [{"attributes": {"text": "<p>the new value</p>"}, "type": "desc"}, {"attributes": {}, "type": "types", "children": [{"attributes": {"type": "Boolean"}, "type": "entry"}]}]}]}]}, {"attributes": {}, "type": "properties", "children": [{"attributes": {"allowNull": "true", "propertyType": "new", "check": "Boolean", "name": "bold", "apply": "_applyBold"}, "type": "property", "children": [{"attributes": {"text": "<p>Whether the font is bold</p>"}, "type": "desc"}]}, {"attributes": {"allowNull": "true", "propertyType": "new", "check": "Color", "name": "color", "apply": "_applyColor"}, "type": "property", "children": [{"attributes": {"text": "<p>The text color for this font</p>"}, "type": "desc"}]}, {"attributes": {"allowNull": "true", "propertyType": "new", "name": "decoration", "possibleValues": "\"underline\",\"line-through\",\"overline\"", "apply": "_applyDecoration"}, "type": "property", "children": [{"attributes": {"text": "<p>The text decoration for this font</p>"}, "type": "desc"}]}, {"attributes": {"allowNull": "true", "propertyType": "new", "check": "Array", "name": "family", "apply": "_applyFamily"}, "type": "property", "children": [{"attributes": {"text": "<p>A sorted list of font families</p>"}, "type": "desc"}]}, {"attributes": {"allowNull": "true", "propertyType": "new", "check": "Boolean", "name": "italic", "apply": "_applyItalic"}, "type": "property", "children": [{"attributes": {"text": "<p>Whether the font is italic</p>"}, "type": "desc"}]}, {"attributes": {"allowNull": "true", "propertyType": "new", "check": "Number", "name": "lineHeight", "apply": "_applyLineHeight"}, "type": "property", "children": [{"attributes": {"text": "<p>The line height as scaling factor of the default line height. A value\nof 1 corresponds to the default line height</p>"}, "type": "desc"}]}, {"attributes": {"allowNull": "true", "propertyType": "new", "check": "Integer", "name": "size", "apply": "_applySize"}, "type": "property", "children": [{"attributes": {"text": "<p>The font size (Unit: pixel)</p>"}, "type": "desc"}]}, {"attributes": {"allowNull": "true", "propertyType": "new", "check": "String", "name": "textShadow", "apply": "_applyTextShadow"}, "type": "property", "children": [{"attributes": {"text": "<p>The text shadow for this font</p>"}, "type": "desc"}]}]}]}