{"attributes": {"fullName": "qx.bom.element.Decoration", "packageName": "qx.bom.element", "isStatic": true, "type": "class", "name": "Decoration"}, "type": "class", "children": [{"attributes": {"text": "<p>Powerful creation and update features for images used for decoration\npurposes like for rounded borders, icons, etc.</p>\n\n<p>Includes support for image clipping, <span class=\"caps\">PNG</span> alpha channel support, additional\nrepeat options like <code>scale-x</code> or <code>scale-y</code>.</p>"}, "type": "desc"}, {"attributes": {}, "type": "methods-static", "children": [{"attributes": {"access": "private", "line": 593, "isStatic": true, "name": "__checkForPotentialClippedImage"}, "type": "method", "children": [{"attributes": {}, "type": "params", "children": [{"attributes": {"name": "source"}, "type": "param", "children": [{"attributes": {"text": "<p>image source</p>"}, "type": "desc"}, {"attributes": {}, "type": "types", "children": [{"attributes": {"type": "String"}, "type": "entry"}]}]}]}, {"attributes": {"text": "<p>Output a warning if the image can be clipped.</p>"}, "type": "desc"}]}, {"attributes": {"access": "private", "line": 262, "isStatic": true, "name": "__getDimension"}, "type": "method", "children": [{"attributes": {}, "type": "params", "children": [{"attributes": {"name": "source"}, "type": "param", "children": [{"attributes": {"text": "<p>image source</p>"}, "type": "desc"}, {"attributes": {}, "type": "types", "children": [{"attributes": {"type": "String"}, "type": "entry"}]}]}]}, {"attributes": {"text": "<p>Returns the dimension of the image by calling\n{@link qx.util.ResourceManager} or {@link qx.io.ImageLoader}\ndepending on if the image is a managed one.</p>"}, "type": "desc"}, {"attributes": {}, "type": "return", "children": [{"attributes": {"text": "<p>dimension of image</p>"}, "type": "desc"}, {"attributes": {}, "type": "types", "children": [{"attributes": {"type": "Map"}, "type": "entry"}]}]}]}, {"attributes": {"access": "private", "line": 406, "isStatic": true, "name": "__getStylesForClippedScaleX"}, "type": "method", "children": [{"attributes": {}, "type": "params", "children": [{"attributes": {"name": "style"}, "type": "param", "children": [{"attributes": {"text": "<p>style infos</p>"}, "type": "desc"}, {"attributes": {}, "type": "types", "children": [{"attributes": {"type": "Map"}, "type": "entry"}]}]}, {"attributes": {"name": "data"}, "type": "param", "children": [{"attributes": {"text": "<p>image data retrieved from the {@link qx.util.ResourceManager}</p>"}, "type": "desc"}, {"attributes": {}, "type": "types", "children": [{"attributes": {"type": "Array"}, "type": "entry"}]}]}, {"attributes": {"name": "height"}, "type": "param", "children": [{"attributes": {"text": "<p>image height</p>"}, "type": "desc"}, {"attributes": {}, "type": "types", "children": [{"attributes": {"type": "Integer"}, "type": "entry"}]}]}]}, {"attributes": {"text": "<p>Generates the style infos for horizontally scaled clipped images.</p>"}, "type": "desc"}, {"attributes": {}, "type": "return", "children": [{"attributes": {"text": "<p>style infos and image <span class=\"caps\">URI</span></p>"}, "type": "desc"}, {"attributes": {}, "type": "types", "children": [{"attributes": {"type": "Map"}, "type": "entry"}]}]}]}, {"attributes": {"access": "private", "line": 437, "isStatic": true, "name": "__getStylesForClippedScaleY"}, "type": "method", "children": [{"attributes": {}, "type": "params", "children": [{"attributes": {"name": "style"}, "type": "param", "children": [{"attributes": {"text": "<p>style infos</p>"}, "type": "desc"}, {"attributes": {}, "type": "types", "children": [{"attributes": {"type": "Map"}, "type": "entry"}]}]}, {"attributes": {"name": "data"}, "type": "param", "children": [{"attributes": {"text": "<p>image data retrieved from the {@link qx.util.ResourceManager}</p>"}, "type": "desc"}, {"attributes": {}, "type": "types", "children": [{"attributes": {"type": "Array"}, "type": "entry"}]}]}, {"attributes": {"name": "width"}, "type": "param", "children": [{"attributes": {"text": "<p>image width</p>"}, "type": "desc"}, {"attributes": {}, "type": "types", "children": [{"attributes": {"type": "Integer"}, "type": "entry"}]}]}]}, {"attributes": {"text": "<p>Generates the style infos for vertically scaled clipped images.</p>"}, "type": "desc"}, {"attributes": {}, "type": "return", "children": [{"attributes": {"text": "<p>style infos and image <span class=\"caps\">URI</span></p>"}, "type": "desc"}, {"attributes": {}, "type": "types", "children": [{"attributes": {"type": "Map"}, "type": "entry"}]}]}]}, {"attributes": {"access": "private", "line": 552, "isStatic": true, "name": "__getStylesForSingleRepeat"}, "type": "method", "children": [{"attributes": {}, "type": "params", "children": [{"attributes": {"name": "style"}, "type": "param", "children": [{"attributes": {"text": "<p>style information</p>"}, "type": "desc"}, {"attributes": {}, "type": "types", "children": [{"attributes": {"type": "Map"}, "type": "entry"}]}]}, {"attributes": {"name": "source"}, "type": "param", "children": [{"attributes": {"text": "<p>image source</p>"}, "type": "desc"}, {"attributes": {}, "type": "types", "children": [{"attributes": {"type": "String"}, "type": "entry"}]}]}, {"attributes": {"name": "repeat"}, "type": "param", "children": [{"attributes": {"text": "<p>repeat mode</p>"}, "type": "desc"}, {"attributes": {}, "type": "types", "children": [{"attributes": {"type": "String"}, "type": "entry"}]}]}]}, {"attributes": {"text": "<p>Generate all style infos for single repeated images</p>"}, "type": "desc"}]}, {"attributes": {"access": "private", "line": 242, "isStatic": true, "name": "__normalizeWidthHeight"}, "type": "method", "children": [{"attributes": {}, "type": "params", "children": [{"attributes": {"name": "style"}, "type": "param", "children": [{"attributes": {"text": "<p>style information</p>"}, "type": "desc"}, {"attributes": {}, "type": "types", "children": [{"attributes": {"type": "Map"}, "type": "entry"}]}]}, {"attributes": {"defaultValue": "null", "optional": true, "name": "width"}, "type": "param", "children": [{"attributes": {"text": "<p>width as number or null</p>"}, "type": "desc"}, {"attributes": {}, "type": "types", "children": [{"attributes": {"type": "Integer"}, "type": "entry"}]}]}, {"attributes": {"defaultValue": "null", "optional": true, "name": "height"}, "type": "param", "children": [{"attributes": {"text": "<p>height as number or null</p>"}, "type": "desc"}, {"attributes": {}, "type": "types", "children": [{"attributes": {"type": "Integer"}, "type": "entry"}]}]}]}, {"attributes": {"text": "<p>Normalize the given width and height values</p>"}, "type": "desc"}]}, {"attributes": {"access": "private", "line": 468, "isStatic": true, "name": "__processRepeats"}, "type": "method", "children": [{"attributes": {}, "type": "params", "children": [{"attributes": {"name": "style"}, "type": "param", "children": [{"attributes": {"text": "<p>style information</p>"}, "type": "desc"}, {"attributes": {}, "type": "types", "children": [{"attributes": {"type": "Map"}, "type": "entry"}]}]}, {"attributes": {"name": "repeat"}, "type": "param", "children": [{"attributes": {"text": "<p>repeat mode</p>"}, "type": "desc"}, {"attributes": {}, "type": "types", "children": [{"attributes": {"type": "String"}, "type": "entry"}]}]}, {"attributes": {"name": "sourceid"}, "type": "param", "children": [{"attributes": {"text": "<p>image resource id</p>"}, "type": "desc"}, {"attributes": {}, "type": "types", "children": [{"attributes": {"type": "String"}, "type": "entry"}]}]}]}, {"attributes": {"text": "<p>Process repeated images.</p>"}, "type": "desc"}, {"attributes": {}, "type": "return", "children": [{"attributes": {"text": "<p>image <span class=\"caps\">URI</span> and style infos</p>"}, "type": "desc"}, {"attributes": {}, "type": "types", "children": [{"attributes": {"type": "Map"}, "type": "entry"}]}]}]}, {"attributes": {"access": "private", "line": 316, "isStatic": true, "name": "__processScale"}, "type": "method", "children": [{"attributes": {}, "type": "params", "children": [{"attributes": {"name": "style"}, "type": "param", "children": [{"attributes": {"text": "<p>style information</p>"}, "type": "desc"}, {"attributes": {}, "type": "types", "children": [{"attributes": {"type": "Map"}, "type": "entry"}]}]}, {"attributes": {"name": "repeat"}, "type": "param", "children": [{"attributes": {"text": "<p>repeat mode</p>"}, "type": "desc"}, {"attributes": {}, "type": "types", "children": [{"attributes": {"type": "String"}, "type": "entry"}]}]}, {"attributes": {"name": "source"}, "type": "param", "children": [{"attributes": {"text": "<p>image source</p>"}, "type": "desc"}, {"attributes": {}, "type": "types", "children": [{"attributes": {"type": "String"}, "type": "entry"}]}]}]}, {"attributes": {"text": "<p>Process scaled images.</p>"}, "type": "desc"}, {"attributes": {}, "type": "return", "children": [{"attributes": {"text": "<p>image <span class=\"caps\">URI</span> and style infos</p>"}, "type": "desc"}, {"attributes": {}, "type": "types", "children": [{"attributes": {"type": "Map"}, "type": "entry"}]}]}]}, {"attributes": {"access": "private", "line": 340, "isStatic": true, "name": "__processScaleXScaleY"}, "type": "method", "children": [{"attributes": {}, "type": "params", "children": [{"attributes": {"name": "style"}, "type": "param", "children": [{"attributes": {"text": "<p>style information</p>"}, "type": "desc"}, {"attributes": {}, "type": "types", "children": [{"attributes": {"type": "Map"}, "type": "entry"}]}]}, {"attributes": {"name": "repeat"}, "type": "param", "children": [{"attributes": {"text": "<p>repeat mode</p>"}, "type": "desc"}, {"attributes": {}, "type": "types", "children": [{"attributes": {"type": "String"}, "type": "entry"}]}]}, {"attributes": {"name": "sourceid"}, "type": "param", "children": [{"attributes": {"text": "<p>image resource id</p>"}, "type": "desc"}, {"attributes": {}, "type": "types", "children": [{"attributes": {"type": "String"}, "type": "entry"}]}]}]}, {"attributes": {"text": "<p>Process images which are either scaled horizontally or\nvertically.</p>"}, "type": "desc"}, {"attributes": {}, "type": "return", "children": [{"attributes": {"text": "<p>image <span class=\"caps\">URI</span> and style infos</p>"}, "type": "desc"}, {"attributes": {}, "type": "types", "children": [{"attributes": {"type": "Map"}, "type": "entry"}]}]}]}, {"attributes": {"line": 130, "isStatic": true, "name": "create"}, "type": "method", "children": [{"attributes": {}, "type": "params", "children": [{"attributes": {"name": "source"}, "type": "param", "children": [{"attributes": {"text": "<p>Any valid <span class=\"caps\">URI</span></p>"}, "type": "desc"}, {"attributes": {}, "type": "types", "children": [{"attributes": {"type": "String"}, "type": "entry"}]}]}, {"attributes": {"name": "repeat"}, "type": "param", "children": [{"attributes": {"text": "<p>One of <code>scale-x</code>, <code>scale-y</code>, <code>scale</code>, <code>repeat</code>, <code>repeat-x</code>, <code>repeat-y</code>, <code>repeat</code></p>"}, "type": "desc"}, {"attributes": {}, "type": "types", "children": [{"attributes": {"type": "String"}, "type": "entry"}]}]}, {"attributes": {"name": "style"}, "type": "param", "children": [{"attributes": {"text": "<p>Additional styles to apply</p>"}, "type": "desc"}, {"attributes": {}, "type": "types", "children": [{"attributes": {"type": "Map"}, "type": "entry"}]}]}]}, {"attributes": {"text": "<p>Creates the <span class=\"caps\">HTML</span> for a decorator image element with the given options.</p>"}, "type": "desc"}, {"attributes": {}, "type": "return", "children": [{"attributes": {"text": "<p>Decorator image <span class=\"caps\">HTML</span></p>"}, "type": "desc"}, {"attributes": {}, "type": "types", "children": [{"attributes": {"type": "String"}, "type": "entry"}]}]}]}, {"attributes": {"line": 176, "isStatic": true, "name": "getAttributes"}, "type": "method", "children": [{"attributes": {}, "type": "params", "children": [{"attributes": {"name": "source"}, "type": "param", "children": [{"attributes": {"text": "<p>Image source</p>"}, "type": "desc"}, {"attributes": {}, "type": "types", "children": [{"attributes": {"type": "String"}, "type": "entry"}]}]}, {"attributes": {"name": "repeat"}, "type": "param", "children": [{"attributes": {"text": "<p>Repeat mode of the image</p>"}, "type": "desc"}, {"attributes": {}, "type": "types", "children": [{"attributes": {"type": "String"}, "type": "entry"}]}]}, {"attributes": {"name": "style"}, "type": "param", "children": [{"attributes": {"text": "<p>Additional styles to apply</p>"}, "type": "desc"}, {"attributes": {}, "type": "types", "children": [{"attributes": {"type": "Map"}, "type": "entry"}]}]}]}, {"attributes": {"text": "<p>This method is used to collect all needed attributes for\nthe tag name detected by {@link #getTagName}.</p>"}, "type": "desc"}, {"attributes": {}, "type": "return", "children": [{"attributes": {"text": "<p>Markup for image</p>"}, "type": "desc"}, {"attributes": {}, "type": "types", "children": [{"attributes": {"type": "String"}, "type": "entry"}]}]}]}, {"attributes": {"line": 155, "isStatic": true, "name": "getTagName"}, "type": "method", "children": [{"attributes": {}, "type": "params", "children": [{"attributes": {"name": "repeat"}, "type": "param", "children": [{"attributes": {"text": "<p>One of <code>scale-x</code>, <code>scale-y</code>, <code>scale</code>, <code>repeat</code>, <code>repeat-x</code>, <code>repeat-y</code>, <code>repeat</code></p>"}, "type": "desc"}, {"attributes": {}, "type": "types", "children": [{"attributes": {"type": "String"}, "type": "entry"}]}]}, {"attributes": {"defaultValue": "null", "optional": true, "name": "source"}, "type": "param", "children": [{"attributes": {"text": "<p>Source used to identify the image format</p>"}, "type": "desc"}, {"attributes": {}, "type": "types", "children": [{"attributes": {"type": "String"}, "type": "entry"}]}]}]}, {"attributes": {"text": "<p>Translates the given repeat option to a tag name. Useful\nfor systems which depends on early information of the tag\nname to prepare element like {@link qx.html.Image}.</p>"}, "type": "desc"}, {"attributes": {}, "type": "return", "children": [{"attributes": {"text": "<p>The tag name: <code>div</code> or <code>img</code></p>"}, "type": "desc"}, {"attributes": {}, "type": "types", "children": [{"attributes": {"type": "String"}, "type": "entry"}]}]}]}, {"attributes": {"line": 286, "isStatic": true, "name": "processAlphaFix"}, "type": "method", "children": [{"attributes": {}, "type": "params", "children": [{"attributes": {"name": "style"}, "type": "param", "children": [{"attributes": {"text": "<p>style information</p>"}, "type": "desc"}, {"attributes": {}, "type": "types", "children": [{"attributes": {"type": "Map"}, "type": "entry"}]}]}, {"attributes": {"name": "repeat"}, "type": "param", "children": [{"attributes": {"text": "<p>repeat mode</p>"}, "type": "desc"}, {"attributes": {}, "type": "types", "children": [{"attributes": {"type": "String"}, "type": "entry"}]}]}, {"attributes": {"name": "source"}, "type": "param", "children": [{"attributes": {"text": "<p>image source</p>"}, "type": "desc"}, {"attributes": {}, "type": "types", "children": [{"attributes": {"type": "String"}, "type": "entry"}]}]}]}, {"attributes": {"text": "<p>Get all styles for IE browser which need to load the image\nwith the help of the AlphaImageLoader</p>"}, "type": "desc"}, {"attributes": {}, "type": "return", "children": [{"attributes": {"text": "<p>style infos</p>"}, "type": "desc"}, {"attributes": {}, "type": "types", "children": [{"attributes": {"type": "Map"}, "type": "entry"}]}]}]}, {"attributes": {"line": 83, "isStatic": true, "name": "update"}, "type": "method", "children": [{"attributes": {}, "type": "params", "children": [{"attributes": {"name": "element"}, "type": "param", "children": [{"attributes": {"text": "<p><span class=\"caps\">DOM</span> element to update</p>"}, "type": "desc"}, {"attributes": {}, "type": "types", "children": [{"attributes": {"type": "Element"}, "type": "entry"}]}]}, {"attributes": {"name": "source"}, "type": "param", "children": [{"attributes": {"text": "<p>Any valid <span class=\"caps\">URI</span></p>"}, "type": "desc"}, {"attributes": {}, "type": "types", "children": [{"attributes": {"type": "String"}, "type": "entry"}]}]}, {"attributes": {"name": "repeat"}, "type": "param", "children": [{"attributes": {"text": "<p>One of <code>scale-x</code>, <code>scale-y</code>, <code>scale</code>, <code>repeat</code>, <code>repeat-x</code>, <code>repeat-y</code>, <code>repeat</code></p>"}, "type": "desc"}, {"attributes": {}, "type": "types", "children": [{"attributes": {"type": "String"}, "type": "entry"}]}]}, {"attributes": {"name": "style"}, "type": "param", "children": [{"attributes": {"text": "<p>Additional styles to apply</p>"}, "type": "desc"}, {"attributes": {}, "type": "types", "children": [{"attributes": {"type": "Map"}, "type": "entry"}]}]}]}, {"attributes": {"text": "<p>Updates the element to display the given source\nwith the repeat option.</p>"}, "type": "desc"}]}]}, {"attributes": {}, "type": "constants", "children": [{"attributes": {"access": "private", "name": "__repeatToTagname"}, "type": "constant", "children": [{"attributes": {"text": "<p>Mapping between background repeat and the tag to create</p>"}, "type": "desc"}, {"attributes": {}, "type": "types", "children": [{"attributes": {"type": "Map"}, "type": "entry"}]}]}, {"attributes": {"access": "private", "name": "__warnings"}, "type": "constant", "children": [{"attributes": {"text": "<p>Collect warnings for potential clipped images</p>"}, "type": "desc"}, {"attributes": {}, "type": "types", "children": [{"attributes": {"type": "Map"}, "type": "entry"}]}]}, {"attributes": {"type": "Boolean", "name": "DEBUG", "value": "false"}, "type": "constant", "children": [{"attributes": {"text": "<p>Whether clipping hints should be logged</p>"}, "type": "desc"}, {"attributes": {}, "type": "types", "children": [{"attributes": {"type": "Boolean"}, "type": "entry"}]}]}, {"attributes": {"access": "private", "name": "__alphaFixRepeats"}, "type": "constant", "children": [{"attributes": {"text": "<p>List of repeat modes which supports the IE AlphaImageLoader</p>"}, "type": "desc"}, {"attributes": {}, "type": "types", "children": [{"attributes": {"type": "Map"}, "type": "entry"}]}]}]}]}