{"attributes": {"fullName": "qx.bom.Stylesheet", "packageName": "qx.bom", "isStatic": true, "type": "bootstrap", "name": "Stylesheet"}, "type": "class", "children": [{"attributes": {"text": "<p>Cross-browser wrapper to work with <span class=\"caps\">CSS</span> stylesheets.</p>"}, "type": "desc"}, {"attributes": {}, "type": "methods-static", "children": [{"attributes": {"line": 192, "isStatic": true, "name": "addImport"}, "type": "method", "children": [{"attributes": {}, "type": "params", "children": [{"attributes": {"name": "sheet"}, "type": "param", "children": [{"attributes": {"text": "<p>the stylesheet object</p>"}, "type": "desc"}, {"attributes": {}, "type": "types", "children": [{"attributes": {"type": "Object"}, "type": "entry"}]}]}, {"attributes": {"name": "url"}, "type": "param", "children": [{"attributes": {"text": "<p><span class=\"caps\">URL</span> of the external stylesheet file</p>"}, "type": "desc"}, {"attributes": {}, "type": "types", "children": [{"attributes": {"type": "String"}, "type": "entry"}]}]}]}, {"attributes": {"text": "<p>Add an import of an external <span class=\"caps\">CSS</span> file to a stylesheet</p>"}, "type": "desc"}]}, {"attributes": {"line": 101, "isStatic": true, "name": "addRule"}, "type": "method", "children": [{"attributes": {}, "type": "params", "children": [{"attributes": {"name": "sheet"}, "type": "param", "children": [{"attributes": {"text": "<p>the target Stylesheet object</p>"}, "type": "desc"}, {"attributes": {}, "type": "types", "children": [{"attributes": {"type": "Object"}, "type": "entry"}]}]}, {"attributes": {"name": "selector"}, "type": "param", "children": [{"attributes": {"text": "<p>the selector</p>"}, "type": "desc"}, {"attributes": {}, "type": "types", "children": [{"attributes": {"type": "String"}, "type": "entry"}]}]}, {"attributes": {"name": "entry"}, "type": "param", "children": [{"attributes": {"text": "<p>style rule</p>"}, "type": "desc"}, {"attributes": {}, "type": "types", "children": [{"attributes": {"type": "String"}, "type": "entry"}]}]}]}, {"attributes": {"text": "<p>Insert a new <span class=\"caps\">CSS</span> rule into a given Stylesheet</p>"}, "type": "desc"}]}, {"attributes": {"line": 69, "isStatic": true, "name": "createElement"}, "type": "method", "children": [{"attributes": {}, "type": "params", "children": [{"attributes": {"optional": true, "name": "text"}, "type": "param", "children": [{"attributes": {"text": "<p>optional string of css rules</p>"}, "type": "desc"}, {"attributes": {}, "type": "types", "children": [{"attributes": {"type": "String"}, "type": "entry"}]}]}]}, {"attributes": {"text": "<p>Create a new Stylesheet node and append it to the document</p>"}, "type": "desc"}, {"attributes": {}, "type": "return", "children": [{"attributes": {"text": "<p>the generates stylesheet element</p>"}, "type": "desc"}, {"attributes": {}, "type": "types", "children": [{"attributes": {"type": "Stylesheet"}, "type": "entry"}]}]}]}, {"attributes": {"line": 47, "isStatic": true, "name": "includeFile"}, "type": "method", "children": [{"attributes": {}, "type": "params", "children": [{"attributes": {"name": "href"}, "type": "param", "children": [{"attributes": {"text": "<p>Href value</p>"}, "type": "desc"}, {"attributes": {}, "type": "types", "children": [{"attributes": {"type": "String"}, "type": "entry"}]}]}, {"attributes": {"optional": true, "name": "doc"}, "type": "param", "children": [{"attributes": {"text": "<p>Document to modify</p>"}, "type": "desc"}, {"attributes": {}, "type": "types", "children": [{"attributes": {"type": "Document"}, "type": "entry"}]}]}]}, {"attributes": {"text": "<p>Include a <span class=\"caps\">CSS</span> file</p>\n\n<em>Note:</em> Using a resource ID as the <code>href</code> parameter\nwill no longer be supported. Call\n<code>qx.util.ResourceManager.getInstance().toUri(href)</code> to get\nvalid URI to be used with this method."}, "type": "desc"}]}, {"attributes": {"line": 243, "isStatic": true, "name": "removeAllImports"}, "type": "method", "children": [{"attributes": {}, "type": "params", "children": [{"attributes": {"name": "sheet"}, "type": "param", "children": [{"attributes": {"text": "<p>the stylesheet object</p>"}, "type": "desc"}, {"attributes": {}, "type": "types", "children": [{"attributes": {"type": "Object"}, "type": "entry"}]}]}]}, {"attributes": {"text": "<p>Remove all imports from a stylesheet</p>"}, "type": "desc"}]}, {"attributes": {"line": 166, "isStatic": true, "name": "removeAllRules"}, "type": "method", "children": [{"attributes": {}, "type": "params", "children": [{"attributes": {"name": "sheet"}, "type": "param", "children": [{"attributes": {"text": "<p>the stylesheet object</p>"}, "type": "desc"}, {"attributes": {}, "type": "types", "children": [{"attributes": {"type": "Object"}, "type": "entry"}]}]}]}, {"attributes": {"text": "<p>Remove all <span class=\"caps\">CSS</span> rules from a stylesheet</p>"}, "type": "desc"}]}, {"attributes": {"line": 209, "isStatic": true, "name": "removeImport"}, "type": "method", "children": [{"attributes": {}, "type": "params", "children": [{"attributes": {"name": "sheet"}, "type": "param", "children": [{"attributes": {"text": "<p>the stylesheet object</p>"}, "type": "desc"}, {"attributes": {}, "type": "types", "children": [{"attributes": {"type": "Object"}, "type": "entry"}]}]}, {"attributes": {"name": "url"}, "type": "param", "children": [{"attributes": {"text": "<p><span class=\"caps\">URL</span> of the imported <span class=\"caps\">CSS</span> file</p>"}, "type": "desc"}, {"attributes": {}, "type": "types", "children": [{"attributes": {"type": "String"}, "type": "entry"}]}]}]}, {"attributes": {"text": "<p>Removes an import from a stylesheet</p>"}, "type": "desc"}]}, {"attributes": {"line": 124, "isStatic": true, "name": "removeRule"}, "type": "method", "children": [{"attributes": {}, "type": "params", "children": [{"attributes": {"name": "sheet"}, "type": "param", "children": [{"attributes": {"text": "<p>the Stylesheet</p>"}, "type": "desc"}, {"attributes": {}, "type": "types", "children": [{"attributes": {"type": "Object"}, "type": "entry"}]}]}, {"attributes": {"name": "selector"}, "type": "param", "children": [{"attributes": {"text": "<p>the Selector of the rule to remove</p>"}, "type": "desc"}, {"attributes": {}, "type": "types", "children": [{"attributes": {"type": "String"}, "type": "entry"}]}]}]}, {"attributes": {"text": "<p>Remove a <span class=\"caps\">CSS</span> rule from a stylesheet</p>"}, "type": "desc"}]}, {"attributes": {"line": 155, "isStatic": true, "name": "removeSheet"}, "type": "method", "children": [{"attributes": {}, "type": "params", "children": [{"attributes": {"name": "sheet"}, "type": "param", "children": [{"attributes": {"text": "<p>the stylesheet object</p>"}, "type": "desc"}, {"attributes": {}, "type": "types", "children": [{"attributes": {"type": "Object"}, "type": "entry"}]}]}]}, {"attributes": {"text": "<p>Remove the given sheet from its owner.</p>"}, "type": "desc"}]}]}]}