{"attributes": {"fullName": "qx.bom.Window", "packageName": "qx.bom", "isStatic": true, "type": "class", "name": "Window"}, "type": "class", "children": [{"attributes": {"text": "<p>Includes library functions to work with browser windows</p>"}, "type": "desc"}, {"attributes": {}, "type": "methods-static", "children": [{"attributes": {"access": "private", "line": 269, "isStatic": true, "name": "__checkForUnblocking"}, "type": "method", "children": [{"attributes": {"text": "<p>Interval method which checks if the native window was closed to also\nstop the associated timer.</p>"}, "type": "desc"}]}, {"attributes": {"access": "private", "line": 212, "isStatic": true, "name": "__generateConfigurationString"}, "type": "method", "children": [{"attributes": {}, "type": "params", "children": [{"attributes": {"name": "options"}, "type": "param", "children": [{"attributes": {"text": "<p>Array with all configuration options</p>"}, "type": "desc"}, {"attributes": {}, "type": "types", "children": [{"attributes": {"type": "Array"}, "type": "entry"}]}]}, {"attributes": {"name": "modality"}, "type": "param", "children": [{"attributes": {"text": "<p>whether the config should be for a modal window</p>"}, "type": "desc"}, {"attributes": {}, "type": "types", "children": [{"attributes": {"type": "Boolean"}, "type": "entry"}]}]}]}, {"attributes": {"text": "<p>Returns the given config as string for direct use for the &#8220;window.open&#8221; method</p>"}, "type": "desc"}, {"attributes": {}, "type": "return", "children": [{"attributes": {"text": "<p>configuration as string representation</p>"}, "type": "desc"}, {"attributes": {}, "type": "types", "children": [{"attributes": {"type": "String"}, "type": "entry"}]}]}]}, {"attributes": {"access": "private", "line": 71, "isStatic": true, "name": "__isCapableToOpenModalWindows"}, "type": "method", "children": [{"attributes": {"text": "<p>Whether the browser can open native modal window.</p>"}, "type": "desc"}, {"attributes": {}, "type": "return", "children": [{"attributes": {"text": "<p>Capability of open modal windows</p>"}, "type": "desc"}, {"attributes": {}, "type": "types", "children": [{"attributes": {"type": "Boolean"}, "type": "entry"}]}]}]}, {"attributes": {"line": 308, "isStatic": true, "name": "close"}, "type": "method", "children": [{"attributes": {}, "type": "params", "children": [{"attributes": {"name": "win"}, "type": "param", "children": [{"attributes": {"text": "<p>Native window object</p>"}, "type": "desc"}, {"attributes": {}, "type": "types", "children": [{"attributes": {"type": "Window"}, "type": "entry"}]}]}]}, {"attributes": {"text": "<p>Closes the given window</p>"}, "type": "desc"}, {"attributes": {}, "type": "return", "children": [{"attributes": {"text": "<p>The return value (if any) of the window&#8217;s native <code>close</code> method</p>"}, "type": "desc"}, {"attributes": {}, "type": "types", "children": [{"attributes": {"type": "var"}, "type": "entry"}]}]}]}, {"attributes": {"line": 291, "isStatic": true, "name": "getBlocker"}, "type": "method", "children": [{"attributes": {"text": "<p>If a modal window is opened with the option</p>\n\n<pre class=\"javascript\">\nuseNativeModalWindow = false;\n</pre>\n\n<p>an instance of <b>qx.bom.Blocker</b> is used to fake modality. This method\ncan be used to get a reference to the blocker to style it.</p>"}, "type": "desc"}, {"attributes": {}, "type": "return", "children": [{"attributes": {"text": "<p>Blocker instance or null if no blocker is used</p>"}, "type": "desc"}, {"attributes": {}, "type": "types", "children": [{"attributes": {"type": "qx.bom.Blocker"}, "type": "entry"}]}]}]}, {"attributes": {"line": 322, "isStatic": true, "name": "isClosed"}, "type": "method", "children": [{"attributes": {}, "type": "params", "children": [{"attributes": {"name": "win"}, "type": "param", "children": [{"attributes": {"text": "<p>Native window object</p>"}, "type": "desc"}, {"attributes": {}, "type": "types", "children": [{"attributes": {"type": "Window"}, "type": "entry"}]}]}]}, {"attributes": {"text": "<p>Checks if the window is closed</p>"}, "type": "desc"}, {"attributes": {}, "type": "return", "children": [{"attributes": {"text": "<p>Closed state</p>"}, "type": "desc"}, {"attributes": {}, "type": "types", "children": [{"attributes": {"type": "Boolean"}, "type": "entry"}]}]}]}, {"attributes": {"line": 344, "isStatic": true, "name": "moveTo"}, "type": "method", "children": [{"attributes": {}, "type": "params", "children": [{"attributes": {"name": "win"}, "type": "param", "children": [{"attributes": {"text": "<p>Native window object</p>"}, "type": "desc"}, {"attributes": {}, "type": "types", "children": [{"attributes": {"type": "Window"}, "type": "entry"}]}]}, {"attributes": {"name": "top"}, "type": "param", "children": [{"attributes": {"text": "<p>Y-coordinate</p>"}, "type": "desc"}, {"attributes": {}, "type": "types", "children": [{"attributes": {"type": "Integer"}, "type": "entry"}]}]}, {"attributes": {"name": "left"}, "type": "param", "children": [{"attributes": {"text": "<p>X-coordinate</p>"}, "type": "desc"}, {"attributes": {}, "type": "types", "children": [{"attributes": {"type": "Integer"}, "type": "entry"}]}]}]}, {"attributes": {"text": "<p>Moving an opened window is not allowed in the most browsers anymore.</p>"}, "type": "desc"}]}, {"attributes": {"line": 149, "isStatic": true, "name": "open"}, "type": "method", "children": [{"attributes": {}, "type": "params", "children": [{"attributes": {"name": "url"}, "type": "param", "children": [{"attributes": {"text": "<p><span class=\"caps\">URL</span> of the window</p>"}, "type": "desc"}, {"attributes": {}, "type": "types", "children": [{"attributes": {"type": "String"}, "type": "entry"}]}]}, {"attributes": {"name": "name"}, "type": "param", "children": [{"attributes": {"text": "<p>Name of the window</p>"}, "type": "desc"}, {"attributes": {}, "type": "types", "children": [{"attributes": {"type": "String"}, "type": "entry"}]}]}, {"attributes": {"name": "options"}, "type": "param", "children": [{"attributes": {"text": "<p>Window options</p>"}, "type": "desc"}, {"attributes": {}, "type": "types", "children": [{"attributes": {"type": "Map"}, "type": "entry"}]}]}, {"attributes": {"name": "modal"}, "type": "param", "children": [{"attributes": {"text": "<p>Whether the window should be opened modal</p>"}, "type": "desc"}, {"attributes": {}, "type": "types", "children": [{"attributes": {"type": "Boolean"}, "type": "entry"}]}]}, {"attributes": {"name": "useNativeModalDialog"}, "type": "param", "children": [{"attributes": {"text": "<p>controls if modal windows are opened using the native method or a blocker should be used to fake modality. Default is <b>true</b></p>"}, "type": "desc"}, {"attributes": {}, "type": "types", "children": [{"attributes": {"type": "Boolean"}, "type": "entry"}]}]}, {"attributes": {"optional": true, "name": "listener"}, "type": "param", "children": [{"attributes": {"text": "<p>listener function for onload event on the new window</p>"}, "type": "desc"}, {"attributes": {}, "type": "types", "children": [{"attributes": {"type": "Function"}, "type": "entry"}]}]}, {"attributes": {"optional": true, "name": "self"}, "type": "param", "children": [{"attributes": {"text": "<p>Reference to the &#8216;this&#8217; variable inside the event listener. When not given, &#8216;this&#8217; variable will be the new window</p>"}, "type": "desc"}, {"attributes": {}, "type": "types", "children": [{"attributes": {"type": "Object"}, "type": "entry"}]}]}]}, {"attributes": {"text": "<p>Opens a native window with the given options.</p>\n\n<p>Modal windows can have the following options:</p>\n\n<ul>\n<li>top</li>\n</ul>\n\n<ul>\n<li>left</li>\n</ul>\n\n<ul>\n<li>width</li>\n</ul>\n\n<ul>\n<li>height</li>\n</ul>\n\n<ul>\n<li>scrollbars</li>\n</ul>\n\n<ul>\n<li>resizable</li>\n</ul>\n\n<p>Modeless windows have the following options:</p>\n\n<ul>\n<li>top</li>\n</ul>\n\n<ul>\n<li>left</li>\n</ul>\n\n<ul>\n<li>width</li>\n</ul>\n\n<ul>\n<li>height</li>\n</ul>\n\n<ul>\n<li>dependent</li>\n</ul>\n\n<ul>\n<li>resizable</li>\n</ul>\n\n<ul>\n<li>status</li>\n</ul>\n\n<ul>\n<li>location</li>\n</ul>\n\n<ul>\n<li>menubar</li>\n</ul>\n\n<ul>\n<li>scrollbars</li>\n</ul>\n\n<ul>\n<li>toolbar</li>\n</ul>\n\n<p>Except of dimension and location options all other options are boolean\nvalues.</p>\n\n<p><strong>Important infos for native modal windows</strong></p>\n\n<p>If you want to reference the opened window from within the native modal\nwindow you need to use</p>\n\n<pre class=\"javascript\">\nvar opener = window.dialogArguments[0];\n</pre>\n\n<p>since a reference to the opener is passed automatically to the modal window.</p>\n\n<p><strong>Passing window arguments</strong></p>\n\n<p>This is only working if the page of the modal window is from the same origin.\nThis is at least true for Firefox browsers.</p>"}, "type": "desc"}, {"attributes": {}, "type": "return", "children": [{"attributes": {"text": "<p>native window object</p>"}, "type": "desc"}, {"attributes": {}, "type": "types", "children": [{"attributes": {"type": "Window"}, "type": "entry"}]}]}]}, {"attributes": {"line": 373, "isStatic": true, "name": "resizeTo"}, "type": "method", "children": [{"attributes": {}, "type": "params", "children": [{"attributes": {"name": "win"}, "type": "param", "children": [{"attributes": {"text": "<p>Native window object</p>"}, "type": "desc"}, {"attributes": {}, "type": "types", "children": [{"attributes": {"type": "Window"}, "type": "entry"}]}]}, {"attributes": {"name": "width"}, "type": "param", "children": [{"attributes": {"text": "<p>New width</p>"}, "type": "desc"}, {"attributes": {}, "type": "types", "children": [{"attributes": {"type": "Integer"}, "type": "entry"}]}]}, {"attributes": {"name": "height"}, "type": "param", "children": [{"attributes": {"text": "<p>New height</p>"}, "type": "desc"}, {"attributes": {}, "type": "types", "children": [{"attributes": {"type": "Integer"}, "type": "entry"}]}]}]}, {"attributes": {"text": "<p>Resizing an opened window is not allowed in the most browsers anymore.</p>"}, "type": "desc"}]}]}, {"attributes": {}, "type": "constants", "children": [{"attributes": {"access": "private", "type": "Null", "name": "__blockerWindow", "value": "null"}, "type": "constant", "children": [{"attributes": {"text": "<p>Window handle which is currently blocked.</p>"}, "type": "desc"}]}, {"attributes": {"access": "private", "type": "Null", "name": "__blocker", "value": "null"}, "type": "constant", "children": [{"attributes": {"text": "<p>Internal blocker instance for all browsers which need an additional\nblocker for modal windows because they do not support it natively.</p>"}, "type": "desc"}]}, {"attributes": {"access": "private", "type": "Null", "name": "__timer", "value": "null"}, "type": "constant", "children": [{"attributes": {"text": "<p>Timer instance to poll for unblocking if the modale window was closed</p>"}, "type": "desc"}]}, {"attributes": {"access": "private", "name": "__modelessOptions"}, "type": "constant", "children": [{"attributes": {"text": "<p>Supported options for modeless windows</p>"}, "type": "desc"}]}, {"attributes": {"access": "private", "name": "__modalOptions"}, "type": "constant", "children": [{"attributes": {"text": "<p>Supported options and their mapping to window options</p>"}, "type": "desc"}]}]}]}