{"attributes": {"packageName": "qx.bom.storage", "type": "bootstrap", "fullName": "qx.bom.storage.UserData", "name": "UserData"}, "type": "class", "children": [{"attributes": {"text": "<p>Fallback storage implementation usable in IE browsers. It is recommended to use\nthese implementation only in IE < 8 because IE >= 8 supports\n{@link qx.bom.storage.Web}.</p>"}, "type": "desc"}, {"attributes": {}, "type": "constants", "children": [{"attributes": {"access": "private", "type": "Null", "name": "__local", "value": "null"}, "type": "constant"}, {"attributes": {"access": "private", "type": "Number", "name": "__id", "value": "0"}, "type": "constant"}, {"attributes": {"access": "private", "type": "Null", "name": "__session", "value": "null"}, "type": "constant"}]}, {"attributes": {}, "type": "methods-static", "children": [{"attributes": {"line": 46, "isStatic": true, "name": "getLocal"}, "type": "method", "children": [{"attributes": {"text": "<p>Returns an instance of {@link qx.bom.storage.UserData} used to store\ndata persistent.</p>"}, "type": "desc"}, {"attributes": {}, "type": "return", "children": [{"attributes": {"text": "<p>A storage instance.</p>"}, "type": "desc"}, {"attributes": {}, "type": "types", "children": [{"attributes": {"type": "qx.bom.storage.UserData"}, "type": "entry"}]}]}]}, {"attributes": {"line": 59, "isStatic": true, "name": "getSession"}, "type": "method", "children": [{"attributes": {"text": "<p>Returns an instance of {@link qx.bom.storage.UserData} used to store\ndata persistent.</p>"}, "type": "desc"}, {"attributes": {}, "type": "return", "children": [{"attributes": {"text": "<p>A storage instance.</p>"}, "type": "desc"}, {"attributes": {}, "type": "types", "children": [{"attributes": {"type": "qx.bom.storage.UserData"}, "type": "entry"}]}]}]}]}, {"attributes": {}, "type": "constructor", "children": [{"attributes": {"line": 74, "isCtor": true, "name": "ctor"}, "type": "method", "children": [{"attributes": {}, "type": "params", "children": [{"attributes": {"name": "storeName"}, "type": "param", "children": [{"attributes": {"text": "<p>type of storage.</p>"}, "type": "desc"}, {"attributes": {}, "type": "types", "children": [{"attributes": {"type": "String"}, "type": "entry"}]}]}]}, {"attributes": {"text": "<p>Create a new instance. Usually, you should take the static\naccessors to get your instance.</p>"}, "type": "desc"}]}]}, {"attributes": {}, "type": "methods", "children": [{"attributes": {"line": 208, "name": "clear"}, "type": "method", "children": [{"attributes": {"text": "<p>Deletes every stored item in the storage.</p>"}, "type": "desc"}]}, {"attributes": {"line": 238, "name": "forEach"}, "type": "method", "children": [{"attributes": {}, "type": "params", "children": [{"attributes": {"name": "callback"}, "type": "param", "children": [{"attributes": {"text": "<p>A function which will be called for every item. The function will have two arguments, first the key and second the value of the stored data.</p>"}, "type": "desc"}, {"attributes": {}, "type": "types", "children": [{"attributes": {"type": "Function"}, "type": "entry"}]}]}, {"attributes": {"name": "scope"}, "type": "param", "children": [{"attributes": {"text": "<p>The scope of the function.</p>"}, "type": "desc"}, {"attributes": {}, "type": "types", "children": [{"attributes": {"type": "var"}, "type": "entry"}]}]}]}, {"attributes": {"text": "<p>Helper to access every stored item.</p>"}, "type": "desc"}]}, {"attributes": {"line": 164, "name": "getItem"}, "type": "method", "children": [{"attributes": {}, "type": "params", "children": [{"attributes": {"name": "key"}, "type": "param", "children": [{"attributes": {"text": "<p>The identifier to get the data.</p>"}, "type": "desc"}, {"attributes": {}, "type": "types", "children": [{"attributes": {"type": "String"}, "type": "entry"}]}]}]}, {"attributes": {"text": "<p>Returns the stored item.</p>"}, "type": "desc"}, {"attributes": {}, "type": "return", "children": [{"attributes": {"text": "<p>The stored data.</p>"}, "type": "desc"}, {"attributes": {}, "type": "types", "children": [{"attributes": {"type": "var"}, "type": "entry"}]}]}]}, {"attributes": {"line": 225, "name": "getKey"}, "type": "method", "children": [{"attributes": {}, "type": "params", "children": [{"attributes": {"name": "index"}, "type": "param", "children": [{"attributes": {"text": "<p>The index in the storage.</p>"}, "type": "desc"}, {"attributes": {}, "type": "types", "children": [{"attributes": {"type": "Integer"}, "type": "entry"}]}]}]}, {"attributes": {"text": "<p>Returns the named key at the given index.</p>"}, "type": "desc"}, {"attributes": {}, "type": "return", "children": [{"attributes": {"text": "<p>The key stored at the given index.</p>"}, "type": "desc"}, {"attributes": {}, "type": "types", "children": [{"attributes": {"type": "String"}, "type": "entry"}]}]}]}, {"attributes": {"line": 126, "name": "getLength"}, "type": "method", "children": [{"attributes": {"text": "<p>Returns the amount of key-value pairs stored.</p>"}, "type": "desc"}, {"attributes": {}, "type": "return", "children": [{"attributes": {"text": "<p>The length of the storage.</p>"}, "type": "desc"}, {"attributes": {}, "type": "types", "children": [{"attributes": {"type": "Integer"}, "type": "entry"}]}]}]}, {"attributes": {"access": "internal", "isInternal": true, "line": 117, "name": "getStorage"}, "type": "method", "children": [{"attributes": {"text": "<p>Returns the map used to keep a in memory copy of the stored data.</p>"}, "type": "desc"}, {"attributes": {}, "type": "return", "children": [{"attributes": {"text": "<p>The stored data.</p>"}, "type": "desc"}, {"attributes": {}, "type": "types", "children": [{"attributes": {"type": "Map"}, "type": "entry"}]}]}]}, {"attributes": {"line": 173, "name": "removeItem"}, "type": "method", "children": [{"attributes": {}, "type": "params", "children": [{"attributes": {"name": "key"}, "type": "param", "children": [{"attributes": {"text": "<p>The identifier.</p>"}, "type": "desc"}, {"attributes": {}, "type": "types", "children": [{"attributes": {"type": "String"}, "type": "entry"}]}]}]}, {"attributes": {"text": "<p>Removes an item form the storage.</p>"}, "type": "desc"}]}, {"attributes": {"line": 137, "name": "setItem"}, "type": "method", "children": [{"attributes": {}, "type": "params", "children": [{"attributes": {"name": "key"}, "type": "param", "children": [{"attributes": {"text": "<p>The identifier key.</p>"}, "type": "desc"}, {"attributes": {}, "type": "types", "children": [{"attributes": {"type": "String"}, "type": "entry"}]}]}, {"attributes": {"name": "value"}, "type": "param", "children": [{"attributes": {"text": "<p>The data, which will be stored as <span class=\"caps\">JSON</span>.</p>"}, "type": "desc"}, {"attributes": {}, "type": "types", "children": [{"attributes": {"type": "var"}, "type": "entry"}]}]}]}, {"attributes": {"text": "<p>Store an item in the storage.</p>"}, "type": "desc"}]}]}]}