{"attributes": {"fullName": "qx.bom.webfonts.WebFont", "packageName": "qx.bom.webfonts", "type": "class", "name": "WebFont", "superClass": "qx.bom.Font"}, "type": "class", "children": [{"attributes": {"text": "<p>Requests web fonts from {@link qx.bom.webfonts.Manager} and fires events\nwhen their loading status is known.</p>"}, "type": "desc"}, {"attributes": {}, "type": "events", "children": [{"attributes": {"name": "changeStatus"}, "type": "event", "children": [{"attributes": {"text": "<p>Fired when the status of a web font has been determined. The event data\nis a map with the keys &#8220;family&#8221; (the font-family name) and &#8220;valid&#8221;\n(Boolean).</p>"}, "type": "desc"}, {"attributes": {}, "type": "types", "children": [{"attributes": {"type": "qx.event.type.Data"}, "type": "entry"}]}]}]}, {"attributes": {}, "type": "methods", "children": [{"attributes": {"access": "protected", "line": 73, "name": "_applySources"}, "type": "method", "children": [{"attributes": {}, "type": "params", "children": [{"attributes": {"name": "value"}, "type": "param", "children": [{"attributes": {"text": "<p>new value of the property</p>"}, "type": "desc"}, {"attributes": {}, "type": "types", "children": [{"attributes": {"type": "var"}, "type": "entry"}]}]}, {"attributes": {"name": "old"}, "type": "param", "children": [{"attributes": {"text": "<p>previous value of the property (null if it was not yet set).</p>"}, "type": "desc"}, {"attributes": {}, "type": "types", "children": [{"attributes": {"type": "var"}, "type": "entry"}]}]}]}, {"attributes": {}, "type": "apply", "children": [{"attributes": {"applies": "qx.bom.webfonts.WebFont#sources"}, "type": "entry"}]}, {"attributes": {"text": "<p>Applies changes of the property value of the property <code>sources</code>.</p>\n\n<p>For further details take a look at the property definition: {@link #sources}.</p>"}, "type": "desc"}]}, {"attributes": {"access": "protected", "line": 92, "name": "_onWebFontChangeStatus"}, "type": "method", "children": [{"attributes": {}, "type": "params", "children": [{"attributes": {"name": "ev"}, "type": "param", "children": [{"attributes": {"text": "<p>&#8220;changeStatus&#8221;</p>"}, "type": "desc"}, {"attributes": {}, "type": "types", "children": [{"attributes": {"type": "qx.event.type.Data"}, "type": "entry"}]}]}]}, {"attributes": {"text": "<p>Propagates web font status changes</p>"}, "type": "desc"}]}, {"attributes": {"access": "protected", "line": 110, "name": "_quoteFontFamily"}, "type": "method", "children": [{"attributes": {}, "type": "params", "children": [{"attributes": {"name": "familyName"}, "type": "param", "children": [{"attributes": {"text": "<p>A font-family <span class=\"caps\">CSS</span> value</p>"}, "type": "desc"}, {"attributes": {}, "type": "types", "children": [{"attributes": {"type": "String"}, "type": "entry"}]}]}]}, {"attributes": {"text": "<p>Makes sure font-family names containing spaces are properly quoted</p>"}, "type": "desc"}, {"attributes": {}, "type": "return", "children": [{"attributes": {"text": "<p>The quoted family name</p>"}, "type": "desc"}, {"attributes": {}, "type": "types", "children": [{"attributes": {"type": "String"}, "type": "entry"}]}]}]}, {"attributes": {"name": "getSources", "fromProperty": "sources"}, "type": "method", "children": [{"attributes": {"text": "<p>Returns the (computed) value of the property <code>sources</code>.</p>\n\n<p>For further details take a look at the property definition: {@link #sources}.</p>"}, "type": "desc"}, {"attributes": {}, "type": "return", "children": [{"attributes": {"text": "<p>(Computed) value of <code>sources</code>.</p>"}, "type": "desc"}, {"attributes": {}, "type": "types", "children": [{"attributes": {"type": "var"}, "type": "entry"}]}]}]}, {"attributes": {"access": "protected", "name": "initSources", "fromProperty": "sources"}, "type": "method", "children": [{"attributes": {}, "type": "params", "children": [{"attributes": {"name": "value"}, "type": "param", "children": [{"attributes": {"text": "<p>Initial value for property <code>sources</code>.</p>"}, "type": "desc"}, {"attributes": {}, "type": "types", "children": [{"attributes": {"type": "var"}, "type": "entry"}]}]}]}, {"attributes": {"text": "<p>Calls the apply method and dispatches the change event of the property <code>sources</code>\nwith the default value defined by the class developer. This function can\nonly be called from the constructor of a class.</p>\n\n<p>For further details take a look at the property definition: {@link #sources}.</p>"}, "type": "desc"}, {"attributes": {}, "type": "return", "children": [{"attributes": {"text": "<p>the default value</p>"}, "type": "desc"}, {"attributes": {}, "type": "types", "children": [{"attributes": {"type": "var"}, "type": "entry"}]}]}]}, {"attributes": {"name": "resetSources", "fromProperty": "sources"}, "type": "method", "children": [{"attributes": {"text": "<p>Resets the user value of the property <code>sources</code>.</p>\n\n<p>The computed value falls back to the next available value e.g. appearance, init or\ninheritance value depeneding on the property configuration and value availability.</p>\n\n<p>For further details take a look at the property definition: {@link #sources}.</p>"}, "type": "desc"}]}, {"attributes": {"name": "setSources", "fromProperty": "sources"}, "type": "method", "children": [{"attributes": {}, "type": "params", "children": [{"attributes": {"name": "value"}, "type": "param", "children": [{"attributes": {"text": "<p>New value for property <code>sources</code>.</p>"}, "type": "desc"}, {"attributes": {}, "type": "types", "children": [{"attributes": {"type": "var"}, "type": "entry"}]}]}]}, {"attributes": {"text": "<p>Sets the user value of the property <code>sources</code>.</p>\n\n<p>For further details take a look at the property definition: {@link #sources}.</p>"}, "type": "desc"}, {"attributes": {}, "type": "return", "children": [{"attributes": {"text": "<p>The unmodified incoming value.</p>"}, "type": "desc"}, {"attributes": {}, "type": "types", "children": [{"attributes": {"type": "var"}, "type": "entry"}]}]}]}]}, {"attributes": {}, "type": "properties", "children": [{"attributes": {"allowNull": "true", "propertyType": "new", "name": "sources", "apply": "_applySources"}, "type": "property", "children": [{"attributes": {"text": "<p>The source of the webfont.</p>"}, "type": "desc"}]}]}]}