{"attributes": {"name": "SimpleXhr", "isInternal": true, "packageName": "qx.bom.request", "access": "internal", "superClass": "Object", "fullName": "qx.bom.request.SimpleXhr", "type": "bootstrap"}, "type": "class", "children": [{"attributes": {"text": "<p>This class is internal because it&#8217;s tailored to {@link qx.io.rest.Resource}\nwhich needs more functionality than {@link qx.bom.request.Xhr} provides.\nThe usage of {@link qx.io.request.Xhr} isn&#8217;t possible either due to it&#8217;s qx.Class nature.</p>\n\n<p>For alternatives to this class have a look at:</p>\n\n<ul>\n<li>&#8220;qx.bom.request.Xhr&#8221; (low level, cross-browser <span class=\"caps\">XHR</span> abstraction compatible with spec)</li>\n<li>&#8220;qx.io.request.Xhr&#8221; (high level <span class=\"caps\">XHR</span> abstraction)</li>\n</ul>\n\n<p>A wrapper of {@link qx.bom.request.Xhr} which offers:</p>\n\n<ul>\n<li>set/get <span class=\"caps\">HTTP</span> method, <span class=\"caps\">URL</span>, request data and headers</li>\n<li>retrieve the parsed response as object (content-type recognition)</li>\n<li>more fine-grained events such as success, fail, ...</li>\n<li>supports hash code for request identification</li>\n</ul>\n\n<p>It does <strong>not</strong> comply the interface defined by {@link qx.bom.request.IRequest}.</p>\n\n<div class=\"desktop\">\nExample:\n\n<pre class=\"javascript\">\n var req = new qx.bom.request.SimpleXhr(\"/some/path/file.json\");\n req.setRequestData({\"a\":\"b\"});\n req.once(\"success\", function successHandler() {\n   var response = req.getResponse();\n }, this);\n req.once(\"fail\", function successHandler() {\n   var response = req.getResponse();\n }, this);\n req.send();\n</pre>\n\n</div>"}, "type": "desc"}, {"attributes": {}, "type": "constructor", "children": [{"attributes": {"line": 66, "isCtor": true, "name": "ctor"}, "type": "method", "children": [{"attributes": {}, "type": "params", "children": [{"attributes": {"optional": true, "name": "url"}, "type": "param", "children": [{"attributes": {"text": "<p>The <span class=\"caps\">URL</span> of the resource to request.</p>"}, "type": "desc"}, {"attributes": {}, "type": "types", "children": [{"attributes": {"type": "String"}, "type": "entry"}]}]}, {"attributes": {"defaultValue": "\"GET\"", "optional": true, "name": "method"}, "type": "param", "children": [{"attributes": {"text": "<p>The <span class=\"caps\">HTTP</span> method.</p>"}, "type": "desc"}, {"attributes": {}, "type": "types", "children": [{"attributes": {"type": "String"}, "type": "entry"}]}]}]}, {"attributes": {"text": ""}, "type": "desc"}]}]}, {"attributes": {}, "type": "methods", "children": [{"attributes": {"access": "private", "line": 575, "name": "__onReadyStateDone"}, "type": "method", "children": [{"attributes": {"text": "<p>Called internally when readyState is <span class=\"caps\">DONE</span>.</p>"}, "type": "desc"}]}, {"attributes": {"access": "protected", "line": 454, "name": "_createResponseParser"}, "type": "method", "children": [{"attributes": {"text": "<p>Creates response parser.</p>"}, "type": "desc"}, {"attributes": {}, "type": "return", "children": [{"attributes": {"text": "<p>parser.</p>"}, "type": "desc"}, {"attributes": {}, "type": "types", "children": [{"attributes": {"type": "qx.util.ResponseParser"}, "type": "entry"}]}]}]}, {"attributes": {"access": "protected", "line": 430, "name": "_createTransport"}, "type": "method", "children": [{"attributes": {"text": "<p>Creates <span class=\"caps\">XHR</span> transport.</p>\n\n<p>May be overriden to change type of resource.</p>"}, "type": "desc"}, {"attributes": {}, "type": "return", "children": [{"attributes": {"text": "<p>Transport.</p>"}, "type": "desc"}, {"attributes": {}, "type": "types", "children": [{"attributes": {"type": "qx.bom.request.IRequest"}, "type": "entry"}]}]}]}, {"attributes": {"access": "protected", "line": 621, "name": "_onAbort"}, "type": "method", "children": [{"attributes": {"text": "<p>Handles &#8220;abort&#8221; event.</p>"}, "type": "desc"}]}, {"attributes": {"access": "protected", "line": 638, "name": "_onError"}, "type": "method", "children": [{"attributes": {"text": "<p>Handles &#8220;error&#8221; event.</p>"}, "type": "desc"}]}, {"attributes": {"access": "protected", "line": 614, "name": "_onLoadEnd"}, "type": "method", "children": [{"attributes": {"text": "<p>Handles &#8220;loadEnd&#8221; event.</p>"}, "type": "desc"}]}, {"attributes": {"access": "protected", "line": 562, "name": "_onReadyStateChange"}, "type": "method", "children": [{"attributes": {"text": "<p>Handles &#8220;readyStateChange&#8221; event.</p>"}, "type": "desc"}]}, {"attributes": {"access": "protected", "line": 628, "name": "_onTimeout"}, "type": "method", "children": [{"attributes": {"text": "<p>Handles &#8220;timeout&#8221; event.</p>"}, "type": "desc"}]}, {"attributes": {"access": "protected", "line": 440, "name": "_registerTransportListener"}, "type": "method", "children": [{"attributes": {}, "type": "params", "children": [{"attributes": {"name": "transport"}, "type": "param", "children": [{"attributes": {"text": "<p>Transport.</p>"}, "type": "desc"}, {"attributes": {}, "type": "types", "children": [{"attributes": {"type": "qx.bom.request.IRequest"}, "type": "entry"}]}]}]}, {"attributes": {"text": "<p>Registers common listeners on given transport.</p>"}, "type": "desc"}, {"attributes": {}, "type": "return", "children": [{"attributes": {"text": "<p>Transport.</p>"}, "type": "desc"}, {"attributes": {}, "type": "types", "children": [{"attributes": {"type": "qx.bom.request.IRequest"}, "type": "entry"}]}]}]}, {"attributes": {"access": "protected", "line": 474, "name": "_serializeData"}, "type": "method", "children": [{"attributes": {}, "type": "params", "children": [{"attributes": {"name": "data"}, "type": "param", "children": [{"attributes": {"text": "<p>Data to serialize.</p>"}, "type": "desc"}, {"attributes": {}, "type": "types", "children": [{"attributes": {"type": "String"}, "type": "entry"}, {"attributes": {"type": "Map"}, "type": "entry"}]}]}, {"attributes": {"optional": true, "name": "contentType"}, "type": "param", "children": [{"attributes": {"text": "<p>Content-Type which influences the serialisation.</p>"}, "type": "desc"}, {"attributes": {}, "type": "types", "children": [{"attributes": {"type": "String"}, "type": "entry"}]}]}]}, {"attributes": {"text": "<p>Serializes data.</p>"}, "type": "desc"}, {"attributes": {}, "type": "return", "children": [{"attributes": {"text": "<p>Serialized data.</p>"}, "type": "desc"}, {"attributes": {}, "type": "types", "children": [{"attributes": {"type": "String"}, "type": "entry"}, {"attributes": {"type": "null"}, "type": "entry"}]}]}]}, {"attributes": {"access": "protected", "line": 463, "name": "_setResponse"}, "type": "method", "children": [{"attributes": {}, "type": "params", "children": [{"attributes": {"name": "response"}, "type": "param", "children": [{"attributes": {"text": "<p>The parsed response of the request.</p>"}, "type": "desc"}, {"attributes": {}, "type": "types", "children": [{"attributes": {"type": "String"}, "type": "entry"}]}]}]}, {"attributes": {"text": "<p>Sets the response.</p>"}, "type": "desc"}]}, {"attributes": {"line": 395, "name": "abort"}, "type": "method", "children": [{"attributes": {"text": "<p>Aborts request.</p>\n\n<p>Cancels any network activity.</p>"}, "type": "desc"}, {"attributes": {}, "type": "return", "children": [{"attributes": {"text": "<p>Self for chaining.</p>"}, "type": "desc"}, {"attributes": {}, "type": "types", "children": [{"attributes": {"type": "qx.bom.request.SimpleXhr"}, "type": "entry"}]}]}]}, {"attributes": {"line": 554, "name": "addListenerOnce"}, "type": "method", "children": [{"attributes": {}, "type": "params", "children": [{"attributes": {"name": "name"}, "type": "param", "children": [{"attributes": {"text": "<p>The name of the event to listen to.</p>"}, "type": "desc"}, {"attributes": {}, "type": "types", "children": [{"attributes": {"type": "String"}, "type": "entry"}]}]}, {"attributes": {"name": "listener"}, "type": "param", "children": [{"attributes": {"text": "<p>The function to execute when the event is fired</p>"}, "type": "desc"}, {"attributes": {}, "type": "types", "children": [{"attributes": {"type": "Function"}, "type": "entry"}]}]}, {"attributes": {"optional": true, "name": "ctx"}, "type": "param", "children": [{"attributes": {"text": "<p>The context of the listener.</p>"}, "type": "desc"}, {"attributes": {}, "type": "types", "children": [{"attributes": {"type": "var"}, "type": "entry"}]}]}]}, {"attributes": {"text": "<p>Adds an event listener for the given event name which is executed only once.</p>"}, "type": "desc"}, {"attributes": {}, "type": "return", "children": [{"attributes": {"text": "<p>Self for chaining.</p>"}, "type": "desc"}, {"attributes": {}, "type": "types", "children": [{"attributes": {"type": "qx.bom.request.Xhr"}, "type": "entry"}]}]}]}, {"attributes": {"line": 404, "name": "dispose"}, "type": "method", "children": [{"attributes": {"text": "<p>Disposes object and wrapped transport.</p>"}, "type": "desc"}, {"attributes": {}, "type": "return", "children": [{"attributes": {"text": "<code>true</code> if the object was successfully disposed"}, "type": "desc"}, {"attributes": {}, "type": "types", "children": [{"attributes": {"type": "Boolean"}, "type": "entry"}]}]}]}, {"attributes": {"line": 151, "name": "getMethod"}, "type": "method", "children": [{"attributes": {"text": "<p>Gets the <span class=\"caps\">HTTP</span>-Method.</p>"}, "type": "desc"}, {"attributes": {}, "type": "return", "children": [{"attributes": {"text": "<p>The method.</p>"}, "type": "desc"}, {"attributes": {}, "type": "types", "children": [{"attributes": {"type": "String"}, "type": "entry"}]}]}]}, {"attributes": {"line": 176, "name": "getRequestData"}, "type": "method", "children": [{"attributes": {"text": "<p>Gets the request data.</p>"}, "type": "desc"}, {"attributes": {}, "type": "return", "children": [{"attributes": {"text": "<p>The request data.</p>"}, "type": "desc"}, {"attributes": {}, "type": "types", "children": [{"attributes": {"type": "String"}, "type": "entry"}]}]}]}, {"attributes": {"line": 107, "name": "getRequestHeader"}, "type": "method", "children": [{"attributes": {}, "type": "params", "children": [{"attributes": {"name": "key"}, "type": "param", "children": [{"attributes": {"text": "<p>Key of the header.</p>"}, "type": "desc"}, {"attributes": {}, "type": "types", "children": [{"attributes": {"type": "String"}, "type": "entry"}]}]}]}, {"attributes": {"text": "<p>Gets a request header.</p>"}, "type": "desc"}, {"attributes": {}, "type": "return", "children": [{"attributes": {"text": "<p>The value of the header.</p>"}, "type": "desc"}, {"attributes": {}, "type": "types", "children": [{"attributes": {"type": "String"}, "type": "entry"}]}]}]}, {"attributes": {"line": 187, "name": "getResponse"}, "type": "method", "children": [{"attributes": {"text": "<p>Gets parsed response.</p>\n\n<p>If problems occured an empty string (&#8221;&#8221;) is more likely to be returned (instead of null).</p>"}, "type": "desc"}, {"attributes": {}, "type": "return", "children": [{"attributes": {"text": "<p>The parsed response of the request.</p>"}, "type": "desc"}, {"attributes": {}, "type": "types", "children": [{"attributes": {"type": "String"}, "type": "entry"}, {"attributes": {"type": "null"}, "type": "entry"}]}]}]}, {"attributes": {"line": 252, "name": "getTimeout"}, "type": "method", "children": [{"attributes": {"text": "<p>The current timeout in milliseconds.</p>"}, "type": "desc"}, {"attributes": {}, "type": "return", "children": [{"attributes": {"text": "<p>The current timeout in milliseconds.</p>"}, "type": "desc"}, {"attributes": {}, "type": "types", "children": [{"attributes": {"type": "Number"}, "type": "entry"}]}]}]}, {"attributes": {"line": 218, "name": "getTransport"}, "type": "method", "children": [{"attributes": {"text": "<p>Gets low-level transport.</p>\n\n<p>Note: To be used with caution!</p>\n\n<p>This method can be used to query the transport directly,\nbut should be used with caution. Especially, it\nis not advisable to call any destructive methods\nsuch as <code>open</code> or <code>send</code>.</p>"}, "type": "desc"}, {"attributes": {}, "type": "return", "children": [{"attributes": {"text": "<p>An instance of a class found in <code>qx.bom.request.*</code></p>"}, "type": "desc"}, {"attributes": {}, "type": "types", "children": [{"attributes": {"type": "Object"}, "type": "entry"}]}]}]}, {"attributes": {"line": 129, "name": "getUrl"}, "type": "method", "children": [{"attributes": {"text": "<p>Gets the <span class=\"caps\">URL</span>.</p>"}, "type": "desc"}, {"attributes": {}, "type": "return", "children": [{"attributes": {"text": "<p><span class=\"caps\">URL</span> to be requested.</p>"}, "type": "desc"}, {"attributes": {}, "type": "types", "children": [{"attributes": {"type": "String"}, "type": "entry"}]}]}]}, {"attributes": {"line": 302, "name": "isCaching"}, "type": "method", "children": [{"attributes": {"text": "<p>Whether requests are cached.</p>"}, "type": "desc"}, {"attributes": {}, "type": "return", "children": [{"attributes": {"text": "<p>Whether requests are cached.</p>"}, "type": "desc"}, {"attributes": {}, "type": "types", "children": [{"attributes": {"type": "Boolean"}, "type": "entry"}]}]}]}, {"attributes": {"line": 329, "name": "isDisposed"}, "type": "method", "children": [{"attributes": {"text": "<p>Returns true if the object is disposed.</p>"}, "type": "desc"}, {"attributes": {}, "type": "return", "children": [{"attributes": {"text": "<p>Whether the object has been disposed</p>"}, "type": "desc"}, {"attributes": {}, "type": "types", "children": [{"attributes": {"type": "Boolean"}, "type": "entry"}]}]}]}, {"attributes": {"line": 311, "name": "isDone"}, "type": "method", "children": [{"attributes": {"text": "<p>Whether request completed (is done).</p>"}, "type": "desc"}, {"attributes": {}, "type": "return", "children": [{"attributes": {"text": "<p>Whether request is completed.</p>"}, "type": "desc"}, {"attributes": {}, "type": "types", "children": [{"attributes": {"type": "Boolean"}, "type": "entry"}]}]}]}, {"attributes": {"line": 342, "name": "send"}, "type": "method", "children": [{"attributes": {"text": "<p>Sends request.</p>\n\n<p>Relies on set before:\n* a <span class=\"caps\">HTTP</span> method\n* an <span class=\"caps\">URL</span>\n* optional request headers\n* optional request data</p>"}, "type": "desc"}]}, {"attributes": {"line": 139, "name": "setMethod"}, "type": "method", "children": [{"attributes": {}, "type": "params", "children": [{"attributes": {"name": "method"}, "type": "param", "children": [{"attributes": {"text": "<p>The method.</p>"}, "type": "desc"}, {"attributes": {}, "type": "types", "children": [{"attributes": {"type": "String"}, "type": "entry"}]}]}]}, {"attributes": {"text": "<p>Sets the <span class=\"caps\">HTTP</span>-Method.</p>"}, "type": "desc"}, {"attributes": {}, "type": "return", "children": [{"attributes": {"text": "<p>Self for chaining.</p>"}, "type": "desc"}, {"attributes": {}, "type": "types", "children": [{"attributes": {"type": "qx.bom.request.SimpleXhr"}, "type": "entry"}]}]}]}, {"attributes": {"line": 230, "name": "setParser"}, "type": "method", "children": [{"attributes": {}, "type": "params", "children": [{"attributes": {"name": "parser"}, "type": "param", "children": [{"attributes": {"text": ""}, "type": "desc"}, {"attributes": {}, "type": "types", "children": [{"attributes": {"type": "String"}, "type": "entry"}, {"attributes": {"type": "Function"}, "type": "entry"}]}]}]}, {"attributes": {"text": "<p>Sets (i.e. override) the parser for the response parsing.</p>"}, "type": "desc"}, {"attributes": {"name": "qx.util.ResponseParser#setParser"}, "type": "see", "children": [{"attributes": {"text": ""}, "type": "desc"}]}, {"attributes": {}, "type": "return", "children": [{"attributes": {"text": "<p>The parser function</p>"}, "type": "desc"}, {"attributes": {}, "type": "types", "children": [{"attributes": {"type": "Function"}, "type": "entry"}]}]}]}, {"attributes": {"line": 164, "name": "setRequestData"}, "type": "method", "children": [{"attributes": {}, "type": "params", "children": [{"attributes": {"name": "data"}, "type": "param", "children": [{"attributes": {"text": "<p>The request data.</p>"}, "type": "desc"}, {"attributes": {}, "type": "types", "children": [{"attributes": {"type": "String"}, "type": "entry"}, {"attributes": {"type": "Object"}, "type": "entry"}]}]}]}, {"attributes": {"text": "<p>Sets the request data to be send as part of the request.</p>\n\n<p>The request data is transparently included as <span class=\"caps\">URL</span> query parameters or embedded in the\nrequest body as form data.</p>"}, "type": "desc"}, {"attributes": {}, "type": "return", "children": [{"attributes": {"text": "<p>Self for chaining.</p>"}, "type": "desc"}, {"attributes": {}, "type": "types", "children": [{"attributes": {"type": "qx.bom.request.SimpleXhr"}, "type": "entry"}]}]}]}, {"attributes": {"line": 96, "name": "setRequestHeader"}, "type": "method", "children": [{"attributes": {}, "type": "params", "children": [{"attributes": {"name": "key"}, "type": "param", "children": [{"attributes": {"text": "<p>Key of the header.</p>"}, "type": "desc"}, {"attributes": {}, "type": "types", "children": [{"attributes": {"type": "String"}, "type": "entry"}]}]}, {"attributes": {"name": "value"}, "type": "param", "children": [{"attributes": {"text": "<p>Value of the header.</p>"}, "type": "desc"}, {"attributes": {}, "type": "types", "children": [{"attributes": {"type": "String"}, "type": "entry"}]}]}]}, {"attributes": {"text": "<p>Sets a request header.</p>"}, "type": "desc"}, {"attributes": {}, "type": "return", "children": [{"attributes": {"text": "<p>Self for chaining.</p>"}, "type": "desc"}, {"attributes": {}, "type": "types", "children": [{"attributes": {"type": "qx.bom.request.SimpleXhr"}, "type": "entry"}]}]}]}, {"attributes": {"line": 240, "name": "setTimeout"}, "type": "method", "children": [{"attributes": {}, "type": "params", "children": [{"attributes": {"name": "millis"}, "type": "param", "children": [{"attributes": {"text": "<p>limit in milliseconds.</p>"}, "type": "desc"}, {"attributes": {}, "type": "types", "children": [{"attributes": {"type": "Number"}, "type": "entry"}]}]}]}, {"attributes": {"text": "<p>Sets the timout limit in milliseconds.</p>"}, "type": "desc"}, {"attributes": {}, "type": "return", "children": [{"attributes": {"text": "<p>Self for chaining.</p>"}, "type": "desc"}, {"attributes": {}, "type": "types", "children": [{"attributes": {"type": "qx.bom.request.SimpleXhr"}, "type": "entry"}]}]}]}, {"attributes": {"line": 117, "name": "setUrl"}, "type": "method", "children": [{"attributes": {}, "type": "params", "children": [{"attributes": {"name": "url"}, "type": "param", "children": [{"attributes": {"text": "<p><span class=\"caps\">URL</span> to be requested.</p>"}, "type": "desc"}, {"attributes": {}, "type": "types", "children": [{"attributes": {"type": "String"}, "type": "entry"}]}]}]}, {"attributes": {"text": "<p>Sets the <span class=\"caps\">URL</span>.</p>"}, "type": "desc"}, {"attributes": {}, "type": "return", "children": [{"attributes": {"text": "<p>Self for chaining.</p>"}, "type": "desc"}, {"attributes": {}, "type": "types", "children": [{"attributes": {"type": "qx.bom.request.SimpleXhr"}, "type": "entry"}]}]}]}, {"attributes": {"line": 320, "name": "toHashCode"}, "type": "method", "children": [{"attributes": {"text": "<p>Returns unique hash code of object.</p>"}, "type": "desc"}, {"attributes": {}, "type": "return", "children": [{"attributes": {"text": "<p>unique hash code of the object</p>"}, "type": "desc"}, {"attributes": {}, "type": "types", "children": [{"attributes": {"type": "Integer"}, "type": "entry"}]}]}]}, {"attributes": {"line": 290, "name": "useCaching"}, "type": "method", "children": [{"attributes": {}, "type": "params", "children": [{"attributes": {"name": "value"}, "type": "param", "children": [{"attributes": {"text": ""}, "type": "desc"}, {"attributes": {}, "type": "types", "children": [{"attributes": {"type": "Boolean"}, "type": "entry"}]}]}]}, {"attributes": {"text": "<p>Whether to allow request to be answered from cache.</p>\n\n<p>Allowed values:</p>\n\n<ul>\n<li><code>true</code>: Allow caching (Default)</li>\n<li><code>false</code>: Prohibit caching. Appends &#8216;nocache&#8217; parameter to <span class=\"caps\">URL</span>.</li>\n</ul>\n\n<p>Consider setting a Cache-Control header instead. A request&#8217;s Cache-Control\nheader may contain a number of directives controlling the behavior of\nany caches in between client and origin server and allows therefore a more\nfine grained control over caching. If such a header is provided, the setting\nof setCache() will be ignored.</p>\n\n<ul>\n<li><code>&#8220;no-cache&#8221;</code>: Force caches to submit request in order to<br />\nvalidate the freshness of the representation. Note that the requested<br />\nresource may still be served from cache if the representation is<br />\nconsidered fresh. Use this directive to ensure freshness but save<br />\nbandwidth when possible.</li>\n<li><code>&#8220;no-store&#8221;</code>: Do not keep a copy of the representation under<br />\nany conditions.</li>\n</ul>\n\n<p>See <a href=\"http://www.mnot.net/cache_docs/#CACHE-CONTROL\">\nCaching tutorial</a> for an excellent introduction to Caching in general.\nRefer to the corresponding section in the\n<a href=\"http://www.w3.org/Protocols/rfc2616/rfc2616-sec14.html#sec14.9\">\n<span class=\"caps\">HTTP</span> 1.1 specification</a> for more details and advanced directives.</p>\n\n<p>It is recommended to choose an appropriate Cache-Control directive rather\nthan prohibit caching using the nocache parameter.</p>"}, "type": "desc"}, {"attributes": {}, "type": "return", "children": [{"attributes": {"text": "<p>Self for chaining.</p>"}, "type": "desc"}, {"attributes": {}, "type": "types", "children": [{"attributes": {"type": "qx.bom.request.SimpleXhr"}, "type": "entry"}]}]}]}]}]}