{"attributes": {"fullName": "qx.bom.Html", "packageName": "qx.bom", "isStatic": true, "type": "bootstrap", "name": "Html"}, "type": "class", "children": [{"attributes": {"text": "<p>This class is mainly a convenience wrapper for <span class=\"caps\">DOM</span> elements to\nqooxdoo&#8217;s event system.</p>"}, "type": "desc"}, {"attributes": {}, "type": "methods-static", "children": [{"attributes": {"access": "private", "line": 104, "isStatic": true, "name": "__convertHtmlString"}, "type": "method", "children": [{"attributes": {}, "type": "params", "children": [{"attributes": {"name": "html"}, "type": "param", "children": [{"attributes": {"text": "<p><span class=\"caps\">HTML</span> string</p>"}, "type": "desc"}, {"attributes": {}, "type": "types", "children": [{"attributes": {"type": "String"}, "type": "entry"}]}]}, {"attributes": {"name": "context"}, "type": "param", "children": [{"attributes": {"text": "<p>Context document in which (helper) elements should be created</p>"}, "type": "desc"}, {"attributes": {}, "type": "types", "children": [{"attributes": {"type": "Document"}, "type": "entry"}]}]}]}, {"attributes": {"text": "<p>Translates a <span class=\"caps\">HTML</span> string into an array of elements.</p>"}, "type": "desc"}, {"attributes": {}, "type": "return", "children": [{"attributes": {"text": "<p>List of resulting elements</p>"}, "type": "desc"}, {"attributes": {}, "type": "types", "children": [{"attributes": {"type": "Array"}, "type": "entry"}]}]}]}, {"attributes": {"access": "private", "line": 58, "isStatic": true, "name": "__fixNonDirectlyClosableHelper"}, "type": "method", "children": [{"attributes": {}, "type": "params", "children": [{"attributes": {"name": "all"}, "type": "param", "children": [{"attributes": {"text": "<p>Complete string</p>"}, "type": "desc"}, {"attributes": {}, "type": "types", "children": [{"attributes": {"type": "String"}, "type": "entry"}]}]}, {"attributes": {"name": "front"}, "type": "param", "children": [{"attributes": {"text": "<p>Front of the match</p>"}, "type": "desc"}, {"attributes": {}, "type": "types", "children": [{"attributes": {"type": "String"}, "type": "entry"}]}]}, {"attributes": {"name": "tag"}, "type": "param", "children": [{"attributes": {"text": "<p>Tag name</p>"}, "type": "desc"}, {"attributes": {}, "type": "types", "children": [{"attributes": {"type": "String"}, "type": "entry"}]}]}]}, {"attributes": {"text": "<p>Helper method for <span class=\"caps\">XHTML</span> replacement.</p>"}, "type": "desc"}, {"attributes": {}, "type": "return", "children": [{"attributes": {"text": "<p><span class=\"caps\">XHTML</span> corrected tag</p>"}, "type": "desc"}, {"attributes": {}, "type": "types", "children": [{"attributes": {"type": "String"}, "type": "entry"}]}]}]}, {"attributes": {"line": 197, "isStatic": true, "name": "clean"}, "type": "method", "children": [{"attributes": {}, "type": "params", "children": [{"attributes": {"name": "objs"}, "type": "param", "children": [{"attributes": {"text": "<p>Array of <span class=\"caps\">DOM</span> elements or <span class=\"caps\">HTML</span> strings</p>"}, "type": "desc"}, {"attributes": {}, "type": "types", "children": [{"attributes": {"type": "Element", "dimensions": 1}, "type": "entry"}, {"attributes": {"type": "String", "dimensions": 1}, "type": "entry"}]}]}, {"attributes": {"defaultValue": "document", "optional": true, "name": "context"}, "type": "param", "children": [{"attributes": {"text": "<p>Context in which the elements should be created</p>"}, "type": "desc"}, {"attributes": {}, "type": "types", "children": [{"attributes": {"type": "Document"}, "type": "entry"}]}]}, {"attributes": {"defaultValue": "null", "optional": true, "name": "fragment"}, "type": "param", "children": [{"attributes": {"text": "<p>Document fragment to appends elements to</p>"}, "type": "desc"}, {"attributes": {}, "type": "types", "children": [{"attributes": {"type": "Element"}, "type": "entry"}]}]}]}, {"attributes": {"text": "<p>Cleans-up the given <span class=\"caps\">HTML</span> and append it to a fragment</p>\n\n<p>When no <code>context</code> is given the global document is used to\ncreate new <span class=\"caps\">DOM</span> elements.</p>\n\n<p>When a <code>fragment</code> is given the nodes are appended to this\nfragment except the script tags. These are returned in a separate Array.</p>\n\n<p>Please note: <span class=\"caps\">HTML</span> coming from user input must be validated prior\nto passing it to this method. <span class=\"caps\">HTML</span> is temporarily inserted to the <span class=\"caps\">DOM</span>\nusing <code>innerHTML</code>. As a consequence, scripts included in\nattribute event handlers may be executed.</p>"}, "type": "desc"}, {"attributes": {}, "type": "return", "children": [{"attributes": {"text": "<p>Array of elements (when a fragment is given it only contains script elements)</p>"}, "type": "desc"}, {"attributes": {}, "type": "types", "children": [{"attributes": {"type": "Element", "dimensions": 1}, "type": "entry"}]}]}]}, {"attributes": {"line": 260, "isStatic": true, "name": "extractScripts"}, "type": "method", "children": [{"attributes": {}, "type": "params", "children": [{"attributes": {"name": "elements"}, "type": "param", "children": [{"attributes": {"text": "<p>list of elements</p>"}, "type": "desc"}, {"attributes": {}, "type": "types", "children": [{"attributes": {"type": "Element", "dimensions": 1}, "type": "entry"}]}]}, {"attributes": {"optional": true, "name": "fragment"}, "type": "param", "children": [{"attributes": {"text": "<p>document fragment</p>"}, "type": "desc"}, {"attributes": {}, "type": "types", "children": [{"attributes": {"type": "Document"}, "type": "entry"}]}]}]}, {"attributes": {"text": "<p>Extracts script elements from an element list. Optionally\nattaches them to a given document fragment</p>"}, "type": "desc"}, {"attributes": {}, "type": "return", "children": [{"attributes": {"text": "<p>Array containing the script elements</p>"}, "type": "desc"}, {"attributes": {}, "type": "types", "children": [{"attributes": {"type": "Element", "dimensions": 1}, "type": "entry"}]}]}]}, {"attributes": {"line": 91, "isStatic": true, "name": "fixEmptyTags"}, "type": "method", "children": [{"attributes": {}, "type": "params", "children": [{"attributes": {"name": "html"}, "type": "param", "children": [{"attributes": {"text": "<p><span class=\"caps\">HTML</span> to fix</p>"}, "type": "desc"}, {"attributes": {}, "type": "types", "children": [{"attributes": {"type": "String"}, "type": "entry"}]}]}]}, {"attributes": {"text": "<p>Fixes &#8220;XHTML&#8221;-style tags in all browsers.\nReplaces tags which are not allowed to be closed directly such as\n<code>div</code> or <code>p</code>. They are patched to use opening and\nclosing tags instead, e.g. <code>&lt;p&gt;</code> => <code>&lt;p&gt;&lt;/p&gt;</code></p>"}, "type": "desc"}, {"attributes": {}, "type": "return", "children": [{"attributes": {"text": "<p>Fixed <span class=\"caps\">HTML</span></p>"}, "type": "desc"}, {"attributes": {}, "type": "types", "children": [{"attributes": {"type": "String"}, "type": "entry"}]}]}]}]}, {"attributes": {}, "type": "constants", "children": [{"attributes": {"access": "private", "name": "__convertMap"}, "type": "constant", "children": [{"attributes": {"text": "<p>Contains wrap fragments for specific <span class=\"caps\">HTML</span> matches</p>"}, "type": "desc"}, {"attributes": {}, "type": "types", "children": [{"attributes": {"type": "Map"}, "type": "entry"}]}]}]}]}