{"attributes": {"fullName": "qx.bom.element.Background", "packageName": "qx.bom.element", "isStatic": true, "type": "class", "name": "Background"}, "type": "class", "children": [{"attributes": {"text": "<p>The background class contains methods to compute and set the background image\nof a <span class=\"caps\">DOM</span> element.</p>\n\n<p>It fixes a background position issue in Firefox 2.</p>"}, "type": "desc"}, {"attributes": {}, "type": "methods-static", "children": [{"attributes": {"access": "private", "line": 58, "isStatic": true, "name": "__computePosition"}, "type": "method", "children": [{"attributes": {}, "type": "params", "children": [{"attributes": {"name": "left"}, "type": "param", "children": [{"attributes": {"text": "<p>either an integer pixel value or a <span class=\"caps\">CSS</span> string value</p>"}, "type": "desc"}, {"attributes": {}, "type": "types", "children": [{"attributes": {"type": "Integer"}, "type": "entry"}, {"attributes": {"type": "String"}, "type": "entry"}]}]}, {"attributes": {"name": "top"}, "type": "param", "children": [{"attributes": {"text": "<p>either an integer pixel value or a <span class=\"caps\">CSS</span> string value</p>"}, "type": "desc"}, {"attributes": {}, "type": "types", "children": [{"attributes": {"type": "Integer"}, "type": "entry"}, {"attributes": {"type": "String"}, "type": "entry"}]}]}]}, {"attributes": {"text": "<p>Computes the background position <span class=\"caps\">CSS</span> value</p>"}, "type": "desc"}, {"attributes": {}, "type": "return", "children": [{"attributes": {"text": "<p>The background position <span class=\"caps\">CSS</span> value</p>"}, "type": "desc"}, {"attributes": {}, "type": "types", "children": [{"attributes": {"type": "String"}, "type": "entry"}]}]}]}, {"attributes": {"access": "private", "line": 89, "isStatic": true, "name": "__isBase64EncodedImage"}, "type": "method", "children": [{"attributes": {}, "type": "params", "children": [{"attributes": {"name": "url"}, "type": "param", "children": [{"attributes": {"text": "<p>image url to check for</p>"}, "type": "desc"}, {"attributes": {}, "type": "types", "children": [{"attributes": {"type": "String"}, "type": "entry"}]}]}]}, {"attributes": {"text": "<p>Checks if the given image <span class=\"caps\">URL</span> is a base64-encoded one.</p>"}, "type": "desc"}, {"attributes": {}, "type": "return", "children": [{"attributes": {"text": "<p>whether it is a base64-encoded image url</p>"}, "type": "desc"}, {"attributes": {}, "type": "types", "children": [{"attributes": {"type": "Boolean"}, "type": "entry"}]}]}]}, {"attributes": {"line": 117, "isStatic": true, "name": "compile"}, "type": "method", "children": [{"attributes": {}, "type": "params", "children": [{"attributes": {"defaultValue": "null", "optional": true, "name": "source"}, "type": "param", "children": [{"attributes": {"text": "<p>The <span class=\"caps\">URL</span> of the background image</p>"}, "type": "desc"}, {"attributes": {}, "type": "types", "children": [{"attributes": {"type": "String"}, "type": "entry"}]}]}, {"attributes": {"defaultValue": "null", "optional": true, "name": "repeat"}, "type": "param", "children": [{"attributes": {"text": "<p>The background repeat property. valid values are <code>repeat</code>, <code>repeat-x</code>, <code>repeat-y</code>, <code>no-repeat</code></p>"}, "type": "desc"}, {"attributes": {}, "type": "types", "children": [{"attributes": {"type": "String"}, "type": "entry"}]}]}, {"attributes": {"defaultValue": "null", "optional": true, "name": "left"}, "type": "param", "children": [{"attributes": {"text": "<p>The horizontal offset of the image inside of the image element. If the value is an integer it is interpreted as pixel value otherwise the value is taken as <span class=\"caps\">CSS</span> value. <span class=\"caps\">CSS</span> the values are &#8220;center&#8221;, &#8220;left&#8221; and &#8220;right&#8221;</p>"}, "type": "desc"}, {"attributes": {}, "type": "types", "children": [{"attributes": {"type": "Integer"}, "type": "entry"}, {"attributes": {"type": "String"}, "type": "entry"}]}]}, {"attributes": {"defaultValue": "null", "optional": true, "name": "top"}, "type": "param", "children": [{"attributes": {"text": "<p>The vertical offset of the image inside of the image element. If the value is an integer it is interpreted as pixel value otherwise the value is taken as <span class=\"caps\">CSS</span> value. <span class=\"caps\">CSS</span> the values are &#8220;top&#8221;, &#8220;bottom&#8221; and &#8220;center&#8221;</p>"}, "type": "desc"}, {"attributes": {}, "type": "types", "children": [{"attributes": {"type": "Integer"}, "type": "entry"}, {"attributes": {"type": "String"}, "type": "entry"}]}]}]}, {"attributes": {"text": "<p>Compiles the background into a <span class=\"caps\">CSS</span> compatible string.</p>"}, "type": "desc"}, {"attributes": {}, "type": "return", "children": [{"attributes": {"text": "<p><span class=\"caps\">CSS</span> string</p>"}, "type": "desc"}, {"attributes": {}, "type": "types", "children": [{"attributes": {"type": "String"}, "type": "entry"}]}]}]}, {"attributes": {"line": 154, "isStatic": true, "name": "getStyles"}, "type": "method", "children": [{"attributes": {}, "type": "params", "children": [{"attributes": {"name": "source"}, "type": "param", "children": [{"attributes": {"text": "<p>The <span class=\"caps\">URL</span> of the background image</p>"}, "type": "desc"}, {"attributes": {}, "type": "types", "children": [{"attributes": {"type": "String"}, "type": "entry"}]}]}, {"attributes": {"defaultValue": "null", "optional": true, "name": "repeat"}, "type": "param", "children": [{"attributes": {"text": "<p>The background repeat property. valid values are <code>repeat</code>, <code>repeat-x</code>, <code>repeat-y</code>, <code>no-repeat</code></p>"}, "type": "desc"}, {"attributes": {}, "type": "types", "children": [{"attributes": {"type": "String"}, "type": "entry"}]}]}, {"attributes": {"defaultValue": "null", "optional": true, "name": "left"}, "type": "param", "children": [{"attributes": {"text": "<p>The horizontal offset of the image inside of the image element. If the value is an integer it is interpreted as pixel value otherwise the value is taken as <span class=\"caps\">CSS</span> value. <span class=\"caps\">CSS</span> the values are &#8220;center&#8221;, &#8220;left&#8221; and &#8220;right&#8221;</p>"}, "type": "desc"}, {"attributes": {}, "type": "types", "children": [{"attributes": {"type": "Integer"}, "type": "entry"}, {"attributes": {"type": "String"}, "type": "entry"}]}]}, {"attributes": {"defaultValue": "null", "optional": true, "name": "top"}, "type": "param", "children": [{"attributes": {"text": "<p>The vertical offset of the image inside of the image element. If the value is an integer it is interpreted as pixel value otherwise the value is taken as <span class=\"caps\">CSS</span> value. <span class=\"caps\">CSS</span> the values are &#8220;top&#8221;, &#8220;bottom&#8221; and &#8220;center&#8221;</p>"}, "type": "desc"}, {"attributes": {}, "type": "types", "children": [{"attributes": {"type": "Integer"}, "type": "entry"}, {"attributes": {"type": "String"}, "type": "entry"}]}]}]}, {"attributes": {"text": "<p>Get standard css background styles</p>"}, "type": "desc"}, {"attributes": {}, "type": "return", "children": [{"attributes": {"text": "<p>A map of <span class=\"caps\">CSS</span> styles</p>"}, "type": "desc"}, {"attributes": {}, "type": "types", "children": [{"attributes": {"type": "Map"}, "type": "entry"}]}]}]}, {"attributes": {"line": 195, "isStatic": true, "name": "set"}, "type": "method", "children": [{"attributes": {}, "type": "params", "children": [{"attributes": {"name": "element"}, "type": "param", "children": [{"attributes": {"text": "<p>The element to modify</p>"}, "type": "desc"}, {"attributes": {}, "type": "types", "children": [{"attributes": {"type": "Element"}, "type": "entry"}]}]}, {"attributes": {"defaultValue": "null", "optional": true, "name": "source"}, "type": "param", "children": [{"attributes": {"text": "<p>The <span class=\"caps\">URL</span> of the background image</p>"}, "type": "desc"}, {"attributes": {}, "type": "types", "children": [{"attributes": {"type": "String"}, "type": "entry"}]}]}, {"attributes": {"defaultValue": "null", "optional": true, "name": "repeat"}, "type": "param", "children": [{"attributes": {"text": "<p>The background repeat property. valid values are <code>repeat</code>, <code>repeat-x</code>, <code>repeat-y</code>, <code>no-repeat</code></p>"}, "type": "desc"}, {"attributes": {}, "type": "types", "children": [{"attributes": {"type": "String"}, "type": "entry"}]}]}, {"attributes": {"defaultValue": "null", "optional": true, "name": "left"}, "type": "param", "children": [{"attributes": {"text": "<p>The horizontal offset of the image inside of the image element.</p>"}, "type": "desc"}, {"attributes": {}, "type": "types", "children": [{"attributes": {"type": "Integer"}, "type": "entry"}]}]}, {"attributes": {"defaultValue": "null", "optional": true, "name": "top"}, "type": "param", "children": [{"attributes": {"text": "<p>The vertical offset of the image inside of the image element.</p>"}, "type": "desc"}, {"attributes": {}, "type": "types", "children": [{"attributes": {"type": "Integer"}, "type": "entry"}]}]}]}, {"attributes": {"text": "<p>Set the background on the given <span class=\"caps\">DOM</span> element</p>"}, "type": "desc"}]}]}, {"attributes": {}, "type": "constants", "children": [{"attributes": {"access": "private", "type": "Array", "name": "__tmpl", "value": "[\"background-image:url(\",null,\");\",\"background-position:\",null,\";\",\"background-repeat:\",null,\";\"]"}, "type": "constant", "children": [{"attributes": {"text": "<p>Internal helper to improve compile performance</p>"}, "type": "desc"}, {"attributes": {}, "type": "types", "children": [{"attributes": {"type": "Array"}, "type": "entry"}]}]}, {"attributes": {"access": "private", "name": "__emptyStyles"}, "type": "constant", "children": [{"attributes": {"text": "<p>Empty styles when no image is given</p>"}, "type": "desc"}, {"attributes": {}, "type": "types", "children": [{"attributes": {"type": "Map"}, "type": "entry"}]}]}]}]}