{"attributes": {"isStatic": true, "name": "CssTransform", "isInternal": true, "packageName": "qx.bom.client", "access": "internal", "fullName": "qx.bom.client.CssTransform", "type": "bootstrap"}, "type": "class", "children": [{"attributes": {"text": "<p>Responsible for checking all relevant <span class=\"caps\">CSS</span> transform properties.</p>\n\n<p>Specs:\n<a href=\"http://www.w3.org/TR/css3-2d-transforms/\">http://www.w3.org/TR/css3-2d-transforms/</a>\n<a href=\"http://www.w3.org/TR/css3-3d-transforms/\">http://www.w3.org/TR/css3-3d-transforms/</a></p>"}, "type": "desc"}, {"attributes": {}, "type": "methods-static", "children": [{"attributes": {"access": "internal", "isInternal": true, "line": 138, "isStatic": true, "name": "get3D"}, "type": "method", "children": [{"attributes": {"text": "<p>Checks if 3D transforms are supported.</p>"}, "type": "desc"}, {"attributes": {}, "type": "return", "children": [{"attributes": {"text": "<code>true</code>, if 3D transformations are supported"}, "type": "desc"}, {"attributes": {}, "type": "types", "children": [{"attributes": {"type": "Boolean"}, "type": "entry"}]}]}]}, {"attributes": {"access": "internal", "isInternal": true, "line": 106, "isStatic": true, "name": "getBackFaceVisibility"}, "type": "method", "children": [{"attributes": {"text": "<p>Checks for the style name used to set the backface visibility.</p>"}, "type": "desc"}, {"attributes": {}, "type": "return", "children": [{"attributes": {"text": "<p>The name of the style or null, if the style is not supported.</p>"}, "type": "desc"}, {"attributes": {}, "type": "types", "children": [{"attributes": {"type": "String"}, "type": "entry"}, {"attributes": {"type": "null"}, "type": "entry"}]}]}]}, {"attributes": {"access": "internal", "isInternal": true, "line": 128, "isStatic": true, "name": "getName"}, "type": "method", "children": [{"attributes": {"text": "<p>Checks for the style name used for transforms.</p>"}, "type": "desc"}, {"attributes": {}, "type": "return", "children": [{"attributes": {"text": "<p>The name of the style or null, if the style is not supported.</p>"}, "type": "desc"}, {"attributes": {}, "type": "types", "children": [{"attributes": {"type": "String"}, "type": "entry"}, {"attributes": {"type": "null"}, "type": "entry"}]}]}]}, {"attributes": {"access": "internal", "isInternal": true, "line": 117, "isStatic": true, "name": "getOrigin"}, "type": "method", "children": [{"attributes": {"text": "<p>Checks for the style name used to set the transform origin.</p>"}, "type": "desc"}, {"attributes": {}, "type": "return", "children": [{"attributes": {"text": "<p>The name of the style or null, if the style is not supported.</p>"}, "type": "desc"}, {"attributes": {}, "type": "types", "children": [{"attributes": {"type": "String"}, "type": "entry"}, {"attributes": {"type": "null"}, "type": "entry"}]}]}]}, {"attributes": {"access": "internal", "isInternal": true, "line": 84, "isStatic": true, "name": "getPerspective"}, "type": "method", "children": [{"attributes": {"text": "<p>Checks for the style name used to set the transform origin.</p>"}, "type": "desc"}, {"attributes": {}, "type": "return", "children": [{"attributes": {"text": "<p>The name of the style or null, if the style is not supported.</p>"}, "type": "desc"}, {"attributes": {}, "type": "types", "children": [{"attributes": {"type": "String"}, "type": "entry"}, {"attributes": {"type": "null"}, "type": "entry"}]}]}]}, {"attributes": {"access": "internal", "isInternal": true, "line": 95, "isStatic": true, "name": "getPerspectiveOrigin"}, "type": "method", "children": [{"attributes": {"text": "<p>Checks for the style name used to set the perspective origin.</p>"}, "type": "desc"}, {"attributes": {}, "type": "return", "children": [{"attributes": {"text": "<p>The name of the style or null, if the style is not supported.</p>"}, "type": "desc"}, {"attributes": {}, "type": "types", "children": [{"attributes": {"type": "String"}, "type": "entry"}, {"attributes": {"type": "null"}, "type": "entry"}]}]}]}, {"attributes": {"access": "internal", "isInternal": true, "line": 73, "isStatic": true, "name": "getStyle"}, "type": "method", "children": [{"attributes": {"text": "<p>Checks for the style name used to set the transform origin.</p>"}, "type": "desc"}, {"attributes": {}, "type": "return", "children": [{"attributes": {"text": "<p>The name of the style or null, if the style is not supported.</p>"}, "type": "desc"}, {"attributes": {}, "type": "types", "children": [{"attributes": {"type": "String"}, "type": "entry"}, {"attributes": {"type": "null"}, "type": "entry"}]}]}]}, {"attributes": {"access": "internal", "isInternal": true, "line": 51, "isStatic": true, "name": "getSupport"}, "type": "method", "children": [{"attributes": {"text": "<p>Main check method which returns an object if <span class=\"caps\">CSS</span> animations are\nsupported. This object contains all necessary keys to work with <span class=\"caps\">CSS</span>\nanimations.\n<ul>\n <li><code>name</code> The name of the css transform style</li>\n <li><code>style</code> The name of the css transform-style style</li>\n <li><code>origin</code> The name of the transform-origin style</li>\n <li><code>3d</code> Whether 3d transforms are supported</li>\n <li><code>perspective</code> The name of the perspective style</li>\n <li><code>perspective-origin</code> The name of the perspective-origin style</li>\n <li><code>backface-visibility</code> The name of the backface-visibility style</li>\n</ul></p>"}, "type": "desc"}, {"attributes": {}, "type": "return", "children": [{"attributes": {"text": "<p>The described object or null, if animations are not supported.</p>"}, "type": "desc"}, {"attributes": {}, "type": "types", "children": [{"attributes": {"type": "Object"}, "type": "entry"}, {"attributes": {"type": "null"}, "type": "entry"}]}]}]}]}]}