{"attributes": {"fullName": "qx.bom.Event", "packageName": "qx.bom", "isStatic": true, "type": "bootstrap", "name": "Event"}, "type": "class", "children": [{"attributes": {"text": "<p>Wrapper around native event management capabilities of the browser.\nThis class should not be used directly normally. It&#8217;s better\nto use {@link qx.event.Registration} instead.</p>"}, "type": "desc"}, {"attributes": {}, "type": "methods-static", "children": [{"attributes": {"line": 84, "isStatic": true, "name": "addNativeListener"}, "type": "method", "children": [{"attributes": {}, "type": "params", "children": [{"attributes": {"name": "target"}, "type": "param", "children": [{"attributes": {"text": "<p>Any valid native event target</p>"}, "type": "desc"}, {"attributes": {}, "type": "types", "children": [{"attributes": {"type": "Object"}, "type": "entry"}]}]}, {"attributes": {"name": "type"}, "type": "param", "children": [{"attributes": {"text": "<p>Name of the event</p>"}, "type": "desc"}, {"attributes": {}, "type": "types", "children": [{"attributes": {"type": "String"}, "type": "entry"}]}]}, {"attributes": {"name": "listener"}, "type": "param", "children": [{"attributes": {"text": "<p>The pointer to the function to assign</p>"}, "type": "desc"}, {"attributes": {}, "type": "types", "children": [{"attributes": {"type": "Function"}, "type": "entry"}]}]}, {"attributes": {"defaultValue": "false", "optional": true, "name": "useCapture"}, "type": "param", "children": [{"attributes": {"text": "<p>A Boolean value that specifies the event phase to add the event handler for the capturing phase or the bubbling phase.</p>"}, "type": "desc"}, {"attributes": {}, "type": "types", "children": [{"attributes": {"type": "Boolean"}, "type": "entry"}]}]}]}, {"attributes": {"text": "<p>Use the low level browser functionality to attach event listeners\nto <span class=\"caps\">DOM</span> nodes.</p>\n\n<p>Use this with caution. This is only thought for event handlers and\nqualified developers. These are not mem-leak protected!</p>"}, "type": "desc"}]}, {"attributes": {"line": 240, "isStatic": true, "name": "fire"}, "type": "method", "children": [{"attributes": {}, "type": "params", "children": [{"attributes": {"name": "target"}, "type": "param", "children": [{"attributes": {"text": "<p><span class=\"caps\">DOM</span> element to fire event on</p>"}, "type": "desc"}, {"attributes": {}, "type": "types", "children": [{"attributes": {"type": "Element"}, "type": "entry"}]}]}, {"attributes": {"name": "type"}, "type": "param", "children": [{"attributes": {"text": "<p>Name of the event to fire</p>"}, "type": "desc"}, {"attributes": {}, "type": "types", "children": [{"attributes": {"type": "String"}, "type": "entry"}]}]}]}, {"attributes": {"text": "<p>Fires a synthetic native event on the given element.</p>"}, "type": "desc"}, {"attributes": {}, "type": "return", "children": [{"attributes": {"text": "<p>A value that indicates whether any of the event handlers called {@link #preventDefault}. <code>true</code> The default action is permitted, <code>false</code> the caller should prevent the default action.</p>"}, "type": "desc"}, {"attributes": {}, "type": "types", "children": [{"attributes": {"type": "Boolean"}, "type": "entry"}]}]}]}, {"attributes": {"line": 325, "isStatic": true, "name": "getEventName"}, "type": "method", "children": [{"attributes": {}, "type": "params", "children": [{"attributes": {"name": "target"}, "type": "param", "children": [{"attributes": {"text": "<p>Any valid target e.g. window, dom node, etc.</p>"}, "type": "desc"}, {"attributes": {}, "type": "types", "children": [{"attributes": {"type": "var"}, "type": "entry"}]}]}, {"attributes": {"name": "type"}, "type": "param", "children": [{"attributes": {"text": "<p>Type of the event e.g. click, mousedown</p>"}, "type": "desc"}, {"attributes": {}, "type": "types", "children": [{"attributes": {"type": "String"}, "type": "entry"}]}]}]}, {"attributes": {"text": "<p>Returns the (possibly vendor-prefixed) name of the given event type.\n<strong><span class=\"caps\">NOTE</span>:</strong> Incorrect capitalization of type names will <strong>not</strong> be corrected. See\n{@link #supportsEvent} for details.</p>"}, "type": "desc"}, {"attributes": {}, "type": "return", "children": [{"attributes": {"text": "<p>Event name or <code>null</code> if the event is not supported.</p>"}, "type": "desc"}, {"attributes": {}, "type": "types", "children": [{"attributes": {"type": "String"}, "type": "entry"}, {"attributes": {"type": "null"}, "type": "entry"}]}]}]}, {"attributes": {"line": 160, "isStatic": true, "name": "getRelatedTarget"}, "type": "method", "children": [{"attributes": {}, "type": "params", "children": [{"attributes": {"name": "e"}, "type": "param", "children": [{"attributes": {"text": "<p>Native <span class=\"caps\">DOM</span> event object</p>"}, "type": "desc"}, {"attributes": {}, "type": "types", "children": [{"attributes": {"type": "Event"}, "type": "entry"}]}]}]}, {"attributes": {"text": "<p>Computes the related target from the native <span class=\"caps\">DOM</span> event</p>"}, "type": "desc"}, {"attributes": {}, "type": "return", "children": [{"attributes": {"text": "<p>The related target</p>"}, "type": "desc"}, {"attributes": {}, "type": "types", "children": [{"attributes": {"type": "Element"}, "type": "entry"}]}]}]}, {"attributes": {"line": 149, "isStatic": true, "name": "getTarget"}, "type": "method", "children": [{"attributes": {}, "type": "params", "children": [{"attributes": {"name": "e"}, "type": "param", "children": [{"attributes": {"text": "<p>Native event object</p>"}, "type": "desc"}, {"attributes": {}, "type": "types", "children": [{"attributes": {"type": "Event"}, "type": "entry"}]}]}]}, {"attributes": {"text": "<p>Returns the target of the event.</p>"}, "type": "desc"}, {"attributes": {}, "type": "return", "children": [{"attributes": {"text": "<p>Any valid native event target</p>"}, "type": "desc"}, {"attributes": {}, "type": "types", "children": [{"attributes": {"type": "Object"}, "type": "entry"}]}]}]}, {"attributes": {"line": 198, "isStatic": true, "name": "preventDefault"}, "type": "method", "children": [{"attributes": {}, "type": "params", "children": [{"attributes": {"name": "e"}, "type": "param", "children": [{"attributes": {"text": "<p>Native event object</p>"}, "type": "desc"}, {"attributes": {}, "type": "types", "children": [{"attributes": {"type": "Event"}, "type": "entry"}]}]}]}, {"attributes": {"text": "<p>Prevent the native default of the event to be processed.</p>\n\n<p>This is useful to stop native keybindings, native selection\nand other native functionality behind events.</p>"}, "type": "desc"}]}, {"attributes": {"line": 110, "isStatic": true, "name": "removeNativeListener"}, "type": "method", "children": [{"attributes": {}, "type": "params", "children": [{"attributes": {"name": "target"}, "type": "param", "children": [{"attributes": {"text": "<p>Any valid native event target</p>"}, "type": "desc"}, {"attributes": {}, "type": "types", "children": [{"attributes": {"type": "Object"}, "type": "entry"}]}]}, {"attributes": {"name": "type"}, "type": "param", "children": [{"attributes": {"text": "<p>Name of the event</p>"}, "type": "desc"}, {"attributes": {}, "type": "types", "children": [{"attributes": {"type": "String"}, "type": "entry"}]}]}, {"attributes": {"name": "listener"}, "type": "param", "children": [{"attributes": {"text": "<p>The pointer to the function to assign</p>"}, "type": "desc"}, {"attributes": {}, "type": "types", "children": [{"attributes": {"type": "Function"}, "type": "entry"}]}]}, {"attributes": {"defaultValue": "false", "optional": true, "name": "useCapture"}, "type": "param", "children": [{"attributes": {"text": "<p>A Boolean value that specifies the event phase to remove the event handler for the capturing phase or the bubbling phase.</p>"}, "type": "desc"}, {"attributes": {}, "type": "types", "children": [{"attributes": {"type": "Boolean"}, "type": "entry"}]}]}]}, {"attributes": {"text": "<p>Use the low level browser functionality to remove event listeners\nfrom <span class=\"caps\">DOM</span> nodes.</p>"}, "type": "desc"}]}, {"attributes": {"line": 222, "isStatic": true, "name": "stopPropagation"}, "type": "method", "children": [{"attributes": {}, "type": "params", "children": [{"attributes": {"name": "e"}, "type": "param", "children": [{"attributes": {"text": "<p>Native event object</p>"}, "type": "desc"}, {"attributes": {}, "type": "types", "children": [{"attributes": {"type": "Event"}, "type": "entry"}]}]}]}, {"attributes": {"text": "<p>Stops the propagation of the given event to the parent element.</p>\n\n<p>Only useful for events which bubble e.g. mousedown.</p>"}, "type": "desc"}]}, {"attributes": {"line": 275, "isStatic": true, "name": "supportsEvent"}, "type": "method", "children": [{"attributes": {}, "type": "params", "children": [{"attributes": {"name": "target"}, "type": "param", "children": [{"attributes": {"text": "<p>Any valid target e.g. window, dom node, etc.</p>"}, "type": "desc"}, {"attributes": {}, "type": "types", "children": [{"attributes": {"type": "var"}, "type": "entry"}]}]}, {"attributes": {"name": "type"}, "type": "param", "children": [{"attributes": {"text": "<p>Type of the event e.g. click, mousedown</p>"}, "type": "desc"}, {"attributes": {}, "type": "types", "children": [{"attributes": {"type": "String"}, "type": "entry"}]}]}]}, {"attributes": {"text": "<p>Whether the given target supports the given event type.</p>\n\n<p>Useful for testing for support of new features like\ntouch events, gesture events, orientation change, on/offline, etc.</p>\n\n<p><strong><span class=\"caps\">NOTE</span>:</strong> This check is <strong>case-insensitive</strong>.\n<code>supportsEvent(window, &#8220;cLicK&#8221;)</code> will return <code>true</code>\nbut <code>window.addEventListener(&#8220;cLicK&#8221;, callback)</code> will fail\nsilently!</p>"}, "type": "desc"}, {"attributes": {}, "type": "return", "children": [{"attributes": {"text": "<p>Whether the given event is supported</p>"}, "type": "desc"}, {"attributes": {}, "type": "types", "children": [{"attributes": {"type": "Boolean"}, "type": "entry"}]}]}]}]}]}