{"attributes": {"name": "Object", "packageName": "qx.core", "mixins": "qx.core.MEvent,qx.core.MAssert,qx.core.MProperty,qx.core.MLogging,qx.data.MBinding", "superClass": "Object", "childClasses": "qx.application.AbstractGui,qx.application.Basic,qx.application.Mobile,qx.application.Native,qx.bom.Blocker,qx.bom.FileReader,qx.bom.Font,qx.bom.GeoLocation,qx.bom.History,qx.bom.Shortcut,qx.bom.WebWorker,qx.bom.media.Abstract,qx.bom.webfonts.Manager,qx.bom.webfonts.Validator,qx.data.Array,qx.data.controller.Form,qx.data.controller.List,qx.data.controller.Object,qx.data.controller.Tree,qx.data.controller.website.List,qx.data.marshal.Json,qx.data.store.Json,qx.data.store.Offline,qx.data.store.Rest,qx.dev.Tokenizer,qx.dev.unit.AbstractTestSuite,qx.dev.unit.AsyncWrapper,qx.dev.unit.TestCase,qx.dev.unit.TestFunction,qx.dev.unit.TestLoaderBasic,qx.dev.unit.TestResult,qx.event.AcceleratingTimer,qx.event.Idle,qx.event.Timer,qx.event.dispatch.AbstractBubbling,qx.event.dispatch.Direct,qx.event.handler.Appear,qx.event.handler.Application,qx.event.handler.Capture,qx.event.handler.DragDrop,qx.event.handler.Element,qx.event.handler.ElementResize,qx.event.handler.Focus,qx.event.handler.Iframe,qx.event.handler.Input,qx.event.handler.Keyboard,qx.event.handler.Mouse,qx.event.handler.Object,qx.event.handler.Offline,qx.event.handler.Orientation,qx.event.handler.Transition,qx.event.handler.UserAction,qx.event.handler.Window,qx.event.message.Bus,qx.event.message.Message,qx.event.type.Event,qx.html.Element,qx.io.PartLoader,qx.io.remote.Exchange,qx.io.remote.Request,qx.io.remote.RequestQueue,qx.io.remote.Rpc,qx.io.remote.transport.Abstract,qx.io.request.AbstractRequest,qx.io.request.authentication.Basic,qx.io.rest.Resource,qx.locale.Manager,qx.log.appender.Element,qx.theme.manager.Appearance,qx.theme.manager.Decoration,qx.theme.manager.Icon,qx.theme.manager.Meta,qx.theme.simple.Image,qx.ui.core.Blocker,qx.ui.core.Command,qx.ui.core.EventHandler,qx.ui.core.FocusHandler,qx.ui.core.LayoutItem,qx.ui.core.SingleSelectionManager,qx.ui.core.selection.Abstract,qx.ui.decoration.Abstract,qx.ui.form.Form,qx.ui.form.RadioGroup,qx.ui.form.Resetter,qx.ui.form.validation.AsyncValidator,qx.ui.form.validation.Manager,qx.ui.layout.Abstract,qx.ui.list.provider.WidgetProvider,qx.ui.menu.Manager,qx.ui.mobile.core.DomUpdatedHandler,qx.ui.mobile.core.EventHandler,qx.ui.mobile.core.Widget,qx.ui.mobile.dialog.Manager,qx.ui.mobile.layout.Abstract,qx.ui.mobile.layout.CardAnimation,qx.ui.mobile.list.provider.Provider,qx.ui.mobile.page.Manager,qx.ui.popup.Manager,qx.ui.progressive.State,qx.ui.progressive.model.Abstract,qx.ui.progressive.renderer.Abstract,qx.ui.progressive.renderer.table.Widths,qx.ui.progressive.renderer.table.cell.Abstract,qx.ui.progressive.structure.Abstract,qx.ui.style.Stylesheet,qx.ui.table.celleditor.AbstractField,qx.ui.table.celleditor.CheckBox,qx.ui.table.celleditor.ComboBox,qx.ui.table.celleditor.Dynamic,qx.ui.table.celleditor.SelectBox,qx.ui.table.cellrenderer.Abstract,qx.ui.table.columnmodel.Basic,qx.ui.table.columnmodel.resizebehavior.Abstract,qx.ui.table.headerrenderer.Default,qx.ui.table.model.Abstract,qx.ui.table.pane.Model,qx.ui.table.rowrenderer.Default,qx.ui.table.selection.Manager,qx.ui.table.selection.Model,qx.ui.tooltip.Manager,qx.ui.tree.provider.WidgetProvider,qx.ui.virtual.behavior.Prefetch,qx.ui.virtual.cell.Abstract,qx.ui.virtual.cell.AbstractWidget,qx.ui.virtual.cell.CellStylesheet,qx.ui.virtual.core.Axis,qx.ui.virtual.layer.CellSpanManager,qx.ui.window.Manager,qx.util.DeferredCall,qx.util.DeferredCallManager,qx.util.LibraryManager,qx.util.ObjectPool,qx.util.ResourceManager,qx.util.TimerManager,qx.util.ValueManager,qx.util.format.DateFormat,qx.util.format.NumberFormat,qx.util.fsm.FiniteStateMachine,qx.util.fsm.State,qx.util.fsm.Transition,qx.util.placement.Placement", "fullName": "qx.core.Object", "type": "class"}, "type": "class", "children": [{"attributes": {"text": "<p>The qooxdoo root class. All other classes are direct or indirect subclasses of this one.</p>\n\n<p>This class contains methods for:</p>\n\n<ul>\n<li>object management (creation and destruction)</li>\n<li>interfaces for event system</li>\n<li>generic setter/getter support</li>\n<li>interfaces for logging console</li>\n<li>user friendly OO interfaces like {@link #self} or {@link #base}</li>\n</ul>"}, "type": "desc"}, {"attributes": {}, "type": "constructor", "children": [{"attributes": {"line": 56, "isCtor": true, "name": "ctor"}, "type": "method", "children": [{"attributes": {"text": "<p>Create a new instance</p>"}, "type": "desc"}]}]}, {"attributes": {}, "type": "methods", "children": [{"attributes": {"access": "protected", "line": 377, "name": "_disposeArray"}, "type": "method", "children": [{"attributes": {}, "type": "params", "children": [{"attributes": {"name": "field"}, "type": "param", "children": [{"attributes": {"text": "<p>Name of the field which refers to the array</p>"}, "type": "desc"}, {"attributes": {}, "type": "types", "children": [{"attributes": {"type": "String"}, "type": "entry"}]}]}]}, {"attributes": {"text": "<p>Disposes all members of the given array and deletes\nthe field which refers to the array afterwards.</p>"}, "type": "desc"}]}, {"attributes": {"access": "protected", "line": 388, "name": "_disposeMap"}, "type": "method", "children": [{"attributes": {}, "type": "params", "children": [{"attributes": {"name": "field"}, "type": "param", "children": [{"attributes": {"text": "<p>Name of the field which refers to the map</p>"}, "type": "desc"}, {"attributes": {}, "type": "types", "children": [{"attributes": {"type": "String"}, "type": "entry"}]}]}]}, {"attributes": {"text": "<p>Disposes all members of the given map and deletes\nthe field which refers to the map afterwards.</p>"}, "type": "desc"}]}, {"attributes": {"access": "protected", "line": 355, "name": "_disposeObjects"}, "type": "method", "children": [{"attributes": {}, "type": "params", "children": [{"attributes": {"name": "varargs"}, "type": "param", "children": [{"attributes": {"text": "<p>Names of fields (which store objects) to dispose</p>"}, "type": "desc"}, {"attributes": {}, "type": "types", "children": [{"attributes": {"type": "arguments"}, "type": "entry"}]}]}]}, {"attributes": {"text": "<p>Disconnects and disposes given objects from instance.\nOnly works with qx.core.Object based objects e.g. Widgets.</p>"}, "type": "desc"}]}, {"attributes": {"access": "protected", "line": 366, "name": "_disposeSingletonObjects"}, "type": "method", "children": [{"attributes": {}, "type": "params", "children": [{"attributes": {"name": "varargs"}, "type": "param", "children": [{"attributes": {"text": "<p>Names of fields (which store objects) to dispose</p>"}, "type": "desc"}, {"attributes": {}, "type": "types", "children": [{"attributes": {"type": "arguments"}, "type": "entry"}]}]}]}, {"attributes": {"text": "<p>Disconnects and disposes given singleton objects from instance.\nOnly works with qx.core.Object based objects e.g. Widgets.</p>"}, "type": "desc"}]}, {"attributes": {"line": 124, "name": "base"}, "type": "method", "children": [{"attributes": {}, "type": "params", "children": [{"attributes": {"name": "args"}, "type": "param", "children": [{"attributes": {"text": "<p>the arguments variable of the calling method</p>"}, "type": "desc"}, {"attributes": {}, "type": "types", "children": [{"attributes": {"type": "arguments"}, "type": "entry"}]}]}, {"attributes": {"name": "varargs"}, "type": "param", "children": [{"attributes": {"text": "<p>variable number of arguments passed to the overwritten function</p>"}, "type": "desc"}, {"attributes": {}, "type": "types", "children": [{"attributes": {"type": "var"}, "type": "entry"}]}]}]}, {"attributes": {"text": "<p>Call the same method of the super class.</p>"}, "type": "desc"}, {"attributes": {}, "type": "return", "children": [{"attributes": {"text": "<p>the return value of the method of the base class.</p>"}, "type": "desc"}, {"attributes": {}, "type": "types", "children": [{"attributes": {"type": "var"}, "type": "entry"}]}]}]}, {"attributes": {"line": 173, "name": "clone"}, "type": "method", "children": [{"attributes": {"text": "<p><span class=\"caps\">EXPERIMENTAL</span> &#8211; <span class=\"caps\">NOT</span> <span class=\"caps\">READY</span> <span class=\"caps\">FOR</span> <span class=\"caps\">PRODUCTION</span></p>\n\n<p>Returns a clone of this object. Copies over all user configured\nproperty values. Do not configure a parent nor apply the appearance\nstyles directly.</p>"}, "type": "desc"}, {"attributes": {}, "type": "return", "children": [{"attributes": {"text": "<p>The clone</p>"}, "type": "desc"}, {"attributes": {}, "type": "types", "children": [{"attributes": {"type": "qx.core.Object"}, "type": "entry"}]}]}]}, {"attributes": {"line": 263, "name": "dispose"}, "type": "method", "children": [{"attributes": {"text": "<p>Dispose this object</p>"}, "type": "desc"}]}, {"attributes": {"line": 232, "name": "getUserData"}, "type": "method", "children": [{"attributes": {}, "type": "params", "children": [{"attributes": {"name": "key"}, "type": "param", "children": [{"attributes": {"text": "<p>the key</p>"}, "type": "desc"}, {"attributes": {}, "type": "types", "children": [{"attributes": {"type": "String"}, "type": "entry"}]}]}]}, {"attributes": {"text": "<p>Load user defined data from the object</p>"}, "type": "desc"}, {"attributes": {}, "type": "return", "children": [{"attributes": {"text": "<p>the user data</p>"}, "type": "desc"}, {"attributes": {}, "type": "types", "children": [{"attributes": {"type": "Object"}, "type": "entry"}]}]}]}, {"attributes": {"line": 254, "name": "isDisposed"}, "type": "method", "children": [{"attributes": {"text": "<p>Returns true if the object is disposed.</p>"}, "type": "desc"}, {"attributes": {}, "type": "return", "children": [{"attributes": {"text": "<p>Whether the object has been disposed</p>"}, "type": "desc"}, {"attributes": {}, "type": "types", "children": [{"attributes": {"type": "Boolean"}, "type": "entry"}]}]}]}, {"attributes": {"line": 150, "name": "self"}, "type": "method", "children": [{"attributes": {}, "type": "params", "children": [{"attributes": {"name": "args"}, "type": "param", "children": [{"attributes": {"text": "<p>the arguments variable of the calling method</p>"}, "type": "desc"}, {"attributes": {}, "type": "types", "children": [{"attributes": {"type": "arguments"}, "type": "entry"}]}]}]}, {"attributes": {"text": "<p>Returns the static class (to access static members of this class)</p>"}, "type": "desc"}, {"attributes": {}, "type": "return", "children": [{"attributes": {"text": "<p>the return value of the method of the base class.</p>"}, "type": "desc"}, {"attributes": {}, "type": "types", "children": [{"attributes": {"type": "var"}, "type": "entry"}]}]}]}, {"attributes": {"line": 216, "name": "setUserData"}, "type": "method", "children": [{"attributes": {}, "type": "params", "children": [{"attributes": {"name": "key"}, "type": "param", "children": [{"attributes": {"text": "<p>the key</p>"}, "type": "desc"}, {"attributes": {}, "type": "types", "children": [{"attributes": {"type": "String"}, "type": "entry"}]}]}, {"attributes": {"name": "value"}, "type": "param", "children": [{"attributes": {"text": "<p>the value of the user data</p>"}, "type": "desc"}, {"attributes": {}, "type": "types", "children": [{"attributes": {"type": "Object"}, "type": "entry"}]}]}]}, {"attributes": {"text": "<p>Store user defined data inside the object.</p>"}, "type": "desc"}]}, {"attributes": {"line": 102, "name": "toHashCode"}, "type": "method", "children": [{"attributes": {"text": "<p>Return unique hash code of object</p>"}, "type": "desc"}, {"attributes": {}, "type": "return", "children": [{"attributes": {"text": "<p>unique hash code of the object</p>"}, "type": "desc"}, {"attributes": {}, "type": "types", "children": [{"attributes": {"type": "Integer"}, "type": "entry"}]}]}]}, {"attributes": {"line": 112, "name": "toString"}, "type": "method", "children": [{"attributes": {"text": "<p>Returns a string representation of the qooxdoo object.</p>"}, "type": "desc"}, {"attributes": {}, "type": "return", "children": [{"attributes": {"text": "<p>string representation of the object</p>"}, "type": "desc"}, {"attributes": {}, "type": "types", "children": [{"attributes": {"type": "String"}, "type": "entry"}]}]}]}]}]}