{"attributes": {"fullName": "qx.data.store.Yql", "packageName": "qx.data.store", "type": "class", "name": "Yql", "superClass": "qx.data.store.Jsonp"}, "type": "class", "children": [{"attributes": {"text": "<p>This store uses the {@link qx.data.store.Jsonp} store to query Yahoo&#8217;s\n<span class=\"caps\">YQL</span> service. (<a href=\"http://developer.yahoo.com/yql/\">http://developer.yahoo.com/yql/</a>)</p>\n\n<p>If you want to test your queries, take a look at the <span class=\"caps\">YQL</span> console:\n<a href=\"http://developer.yahoo.com/yql/console/\">http://developer.yahoo.com/yql/console/</a></p>"}, "type": "desc"}, {"attributes": {}, "type": "constructor", "children": [{"attributes": {"line": 37, "isCtor": true, "overriddenFrom": "qx.data.store.Jsonp", "name": "ctor"}, "type": "method", "children": [{"attributes": {}, "type": "params", "children": [{"attributes": {"name": "query"}, "type": "param", "children": [{"attributes": {"text": "<p>The query for <span class=\"caps\">YQL</span>.</p>"}, "type": "desc"}, {"attributes": {}, "type": "types", "children": [{"attributes": {"type": "String"}, "type": "entry"}]}]}, {"attributes": {"defaultValue": "null", "optional": true, "name": "delegate"}, "type": "param", "children": [{"attributes": {"text": "<p>The delegate containing one of the methods specified in {@link qx.data.store.IStoreDelegate}.</p>"}, "type": "desc"}, {"attributes": {}, "type": "types", "children": [{"attributes": {"type": "Object"}, "type": "entry"}]}]}, {"attributes": {"defaultValue": "null", "optional": true, "name": "https"}, "type": "param", "children": [{"attributes": {"text": "<p>If https should be used.</p>"}, "type": "desc"}, {"attributes": {}, "type": "types", "children": [{"attributes": {"type": "Boolean"}, "type": "entry"}]}]}]}, {"attributes": {"text": ""}, "type": "desc"}]}]}]}