{"attributes": {"fullName": "qx.data.marshal.IMarshaler", "packageName": "qx.data.marshal", "type": "interface", "name": "IMarshaler", "implementations": "qx.data.marshal.Json"}, "type": "class", "children": [{"attributes": {"text": "<p>Defines the methods needed by every marshaler which should work with the\nqooxdoo data stores.</p>"}, "type": "desc"}, {"attributes": {}, "type": "methods", "children": [{"attributes": {"line": 37, "name": "toClass"}, "type": "method", "children": [{"attributes": {}, "type": "params", "children": [{"attributes": {"name": "data"}, "type": "param", "children": [{"attributes": {"text": "<p>The object for which classes should be created.</p>"}, "type": "desc"}, {"attributes": {}, "type": "types", "children": [{"attributes": {"type": "Object"}, "type": "entry"}]}]}, {"attributes": {"name": "includeBubbleEvents"}, "type": "param", "children": [{"attributes": {"text": "<p>Whether the model should support the bubbling of change events or not.</p>"}, "type": "desc"}, {"attributes": {}, "type": "types", "children": [{"attributes": {"type": "Boolean"}, "type": "entry"}]}]}]}, {"attributes": {"text": "<p>Creates for the given data the needed classes. The classes contain for\nevery key in the data a property. The classname is always the prefix\n<code>qx.data.model</code>. Two objects containing the same keys will not\ncreate two different classes.</p>"}, "type": "desc"}]}, {"attributes": {"line": 48, "name": "toModel"}, "type": "method", "children": [{"attributes": {}, "type": "params", "children": [{"attributes": {"name": "data"}, "type": "param", "children": [{"attributes": {"text": "<p>The object for which models should be created.</p>"}, "type": "desc"}, {"attributes": {}, "type": "types", "children": [{"attributes": {"type": "Object"}, "type": "entry"}]}]}]}, {"attributes": {"text": "<p>Creates for the given data the needed models. Be sure to have the classes\ncreated with {@link #toClass} before calling this method.</p>"}, "type": "desc"}, {"attributes": {}, "type": "return", "children": [{"attributes": {"text": "<p>The created model object.</p>"}, "type": "desc"}, {"attributes": {}, "type": "types", "children": [{"attributes": {"type": "qx.core.Object"}, "type": "entry"}]}]}]}]}]}