{"attributes": {"fullName": "qx.data.store.Rest", "packageName": "qx.data.store", "type": "class", "name": "Rest", "superClass": "qx.core.Object"}, "type": "class", "children": [{"attributes": {"text": "<p>Handles response associated to a resource&#8217;s action. The model property is\npopulated with the marshaled response. Note the action is invoked on the\nresource, not the store.</p>"}, "type": "desc"}, {"attributes": {}, "type": "constructor", "children": [{"attributes": {"line": 36, "isCtor": true, "overriddenFrom": "qx.core.Object", "name": "ctor"}, "type": "method", "children": [{"attributes": {}, "type": "params", "children": [{"attributes": {"name": "resource"}, "type": "param", "children": [{"attributes": {"text": "<p>The resource.</p>"}, "type": "desc"}, {"attributes": {}, "type": "types", "children": [{"attributes": {"type": "qx.io.rest.Resource"}, "type": "entry"}]}]}, {"attributes": {"name": "actionName"}, "type": "param", "children": [{"attributes": {"text": "<p>The name of the resource&#8217;s action to retrieve the response from.</p>"}, "type": "desc"}, {"attributes": {}, "type": "types", "children": [{"attributes": {"type": "String"}, "type": "entry"}]}]}, {"attributes": {"defaultValue": "null", "optional": true, "name": "delegate"}, "type": "param", "children": [{"attributes": {"text": "<p>The delegate containing one of the methods specified in {@link qx.data.store.IStoreDelegate}.</p>"}, "type": "desc"}, {"attributes": {}, "type": "types", "children": [{"attributes": {"type": "Object"}, "type": "entry"}]}]}]}, {"attributes": {"text": ""}, "type": "desc"}]}]}, {"attributes": {}, "type": "methods", "children": [{"attributes": {"access": "private", "line": 105, "name": "__addListeners"}, "type": "method", "children": [{"attributes": {"text": "<p>Listen to events fired by the resource.</p>"}, "type": "desc"}]}, {"attributes": {"access": "private", "line": 94, "name": "__configureRequest"}, "type": "method", "children": [{"attributes": {"text": "<p>Configure the resource&#8217;s request by processing the delegate.</p>"}, "type": "desc"}]}, {"attributes": {"access": "private", "line": 121, "name": "__onActionSuccess"}, "type": "method", "children": [{"attributes": {}, "type": "params", "children": [{"attributes": {"name": "e"}, "type": "param", "children": [{"attributes": {"text": "<p>Rest event.</p>"}, "type": "desc"}, {"attributes": {}, "type": "types", "children": [{"attributes": {"type": "qx.event.type.Rest"}, "type": "entry"}]}]}]}, {"attributes": {"text": "<p>Handle actionSuccess event.</p>\n\n<p>Updates model with marshaled response.</p>"}, "type": "desc"}]}, {"attributes": {"name": "getActionName", "fromProperty": "actionName"}, "type": "method", "children": [{"attributes": {"text": "<p>Returns the (computed) value of the property <code>actionName</code>.</p>\n\n<p>For further details take a look at the property definition: {@link #actionName}.</p>"}, "type": "desc"}, {"attributes": {}, "type": "return", "children": [{"attributes": {"text": "<p>(Computed) value of <code>actionName</code>.</p>"}, "type": "desc"}, {"attributes": {}, "type": "types", "children": [{"attributes": {"type": "var"}, "type": "entry"}]}]}]}, {"attributes": {"name": "getModel", "fromProperty": "model"}, "type": "method", "children": [{"attributes": {"text": "<p>Returns the (computed) value of the property <code>model</code>.</p>\n\n<p>For further details take a look at the property definition: {@link #model}.</p>"}, "type": "desc"}, {"attributes": {}, "type": "return", "children": [{"attributes": {"text": "<p>(Computed) value of <code>model</code>.</p>"}, "type": "desc"}, {"attributes": {}, "type": "types", "children": [{"attributes": {"type": "var"}, "type": "entry"}]}]}]}, {"attributes": {"name": "getResource", "fromProperty": "resource"}, "type": "method", "children": [{"attributes": {"text": "<p>Returns the (computed) value of the property <code>resource</code>.</p>\n\n<p>For further details take a look at the property definition: {@link #resource}.</p>"}, "type": "desc"}, {"attributes": {}, "type": "return", "children": [{"attributes": {"text": "<p>(Computed) value of <code>resource</code>.</p>"}, "type": "desc"}, {"attributes": {}, "type": "types", "children": [{"attributes": {"type": "var"}, "type": "entry"}]}]}]}, {"attributes": {"access": "protected", "name": "initActionName", "fromProperty": "actionName"}, "type": "method", "children": [{"attributes": {}, "type": "params", "children": [{"attributes": {"name": "value"}, "type": "param", "children": [{"attributes": {"text": "<p>Initial value for property <code>actionName</code>.</p>"}, "type": "desc"}, {"attributes": {}, "type": "types", "children": [{"attributes": {"type": "var"}, "type": "entry"}]}]}]}, {"attributes": {"text": "<p>Calls the apply method and dispatches the change event of the property <code>actionName</code>\nwith the default value defined by the class developer. This function can\nonly be called from the constructor of a class.</p>\n\n<p>For further details take a look at the property definition: {@link #actionName}.</p>"}, "type": "desc"}, {"attributes": {}, "type": "return", "children": [{"attributes": {"text": "<p>the default value</p>"}, "type": "desc"}, {"attributes": {}, "type": "types", "children": [{"attributes": {"type": "var"}, "type": "entry"}]}]}]}, {"attributes": {"access": "protected", "name": "initModel", "fromProperty": "model"}, "type": "method", "children": [{"attributes": {}, "type": "params", "children": [{"attributes": {"name": "value"}, "type": "param", "children": [{"attributes": {"text": "<p>Initial value for property <code>model</code>.</p>"}, "type": "desc"}, {"attributes": {}, "type": "types", "children": [{"attributes": {"type": "var"}, "type": "entry"}]}]}]}, {"attributes": {"text": "<p>Calls the apply method and dispatches the change event of the property <code>model</code>\nwith the default value defined by the class developer. This function can\nonly be called from the constructor of a class.</p>\n\n<p>For further details take a look at the property definition: {@link #model}.</p>"}, "type": "desc"}, {"attributes": {}, "type": "return", "children": [{"attributes": {"text": "<p>the default value</p>"}, "type": "desc"}, {"attributes": {}, "type": "types", "children": [{"attributes": {"type": "var"}, "type": "entry"}]}]}]}, {"attributes": {"access": "protected", "name": "initResource", "fromProperty": "resource"}, "type": "method", "children": [{"attributes": {}, "type": "params", "children": [{"attributes": {"name": "value"}, "type": "param", "children": [{"attributes": {"text": "<p>Initial value for property <code>resource</code>.</p>"}, "type": "desc"}, {"attributes": {}, "type": "types", "children": [{"attributes": {"type": "var"}, "type": "entry"}]}]}]}, {"attributes": {"text": "<p>Calls the apply method and dispatches the change event of the property <code>resource</code>\nwith the default value defined by the class developer. This function can\nonly be called from the constructor of a class.</p>\n\n<p>For further details take a look at the property definition: {@link #resource}.</p>"}, "type": "desc"}, {"attributes": {}, "type": "return", "children": [{"attributes": {"text": "<p>the default value</p>"}, "type": "desc"}, {"attributes": {}, "type": "types", "children": [{"attributes": {"type": "var"}, "type": "entry"}]}]}]}, {"attributes": {"name": "resetActionName", "fromProperty": "actionName"}, "type": "method", "children": [{"attributes": {"text": "<p>Resets the user value of the property <code>actionName</code>.</p>\n\n<p>The computed value falls back to the next available value e.g. appearance, init or\ninheritance value depeneding on the property configuration and value availability.</p>\n\n<p>For further details take a look at the property definition: {@link #actionName}.</p>"}, "type": "desc"}]}, {"attributes": {"name": "resetModel", "fromProperty": "model"}, "type": "method", "children": [{"attributes": {"text": "<p>Resets the user value of the property <code>model</code>.</p>\n\n<p>The computed value falls back to the next available value e.g. appearance, init or\ninheritance value depeneding on the property configuration and value availability.</p>\n\n<p>For further details take a look at the property definition: {@link #model}.</p>"}, "type": "desc"}]}, {"attributes": {"name": "resetResource", "fromProperty": "resource"}, "type": "method", "children": [{"attributes": {"text": "<p>Resets the user value of the property <code>resource</code>.</p>\n\n<p>The computed value falls back to the next available value e.g. appearance, init or\ninheritance value depeneding on the property configuration and value availability.</p>\n\n<p>For further details take a look at the property definition: {@link #resource}.</p>"}, "type": "desc"}]}, {"attributes": {"name": "setActionName", "fromProperty": "actionName"}, "type": "method", "children": [{"attributes": {}, "type": "params", "children": [{"attributes": {"name": "value"}, "type": "param", "children": [{"attributes": {"text": "<p>New value for property <code>actionName</code>.</p>"}, "type": "desc"}, {"attributes": {}, "type": "types", "children": [{"attributes": {"type": "var"}, "type": "entry"}]}]}]}, {"attributes": {"text": "<p>Sets the user value of the property <code>actionName</code>.</p>\n\n<p>For further details take a look at the property definition: {@link #actionName}.</p>"}, "type": "desc"}, {"attributes": {}, "type": "return", "children": [{"attributes": {"text": "<p>The unmodified incoming value.</p>"}, "type": "desc"}, {"attributes": {}, "type": "types", "children": [{"attributes": {"type": "var"}, "type": "entry"}]}]}]}, {"attributes": {"name": "setModel", "fromProperty": "model"}, "type": "method", "children": [{"attributes": {}, "type": "params", "children": [{"attributes": {"name": "value"}, "type": "param", "children": [{"attributes": {"text": "<p>New value for property <code>model</code>.</p>"}, "type": "desc"}, {"attributes": {}, "type": "types", "children": [{"attributes": {"type": "var"}, "type": "entry"}]}]}]}, {"attributes": {"text": "<p>Sets the user value of the property <code>model</code>.</p>\n\n<p>For further details take a look at the property definition: {@link #model}.</p>"}, "type": "desc"}, {"attributes": {}, "type": "return", "children": [{"attributes": {"text": "<p>The unmodified incoming value.</p>"}, "type": "desc"}, {"attributes": {}, "type": "types", "children": [{"attributes": {"type": "var"}, "type": "entry"}]}]}]}, {"attributes": {"name": "setResource", "fromProperty": "resource"}, "type": "method", "children": [{"attributes": {}, "type": "params", "children": [{"attributes": {"name": "value"}, "type": "param", "children": [{"attributes": {"text": "<p>New value for property <code>resource</code>.</p>"}, "type": "desc"}, {"attributes": {}, "type": "types", "children": [{"attributes": {"type": "var"}, "type": "entry"}]}]}]}, {"attributes": {"text": "<p>Sets the user value of the property <code>resource</code>.</p>\n\n<p>For further details take a look at the property definition: {@link #resource}.</p>"}, "type": "desc"}, {"attributes": {}, "type": "return", "children": [{"attributes": {"text": "<p>The unmodified incoming value.</p>"}, "type": "desc"}, {"attributes": {}, "type": "types", "children": [{"attributes": {"type": "var"}, "type": "entry"}]}]}]}]}, {"attributes": {}, "type": "properties", "children": [{"attributes": {"propertyType": "new", "check": "String", "name": "actionName"}, "type": "property", "children": [{"attributes": {"text": "<p>The name of the resource&#8217;s action to retrieve the response from.</p>"}, "type": "desc"}]}, {"attributes": {"allowNull": "true", "propertyType": "new", "event": "changeModel", "name": "model"}, "type": "property", "children": [{"attributes": {"text": "<p>Populated with the marshaled response.</p>"}, "type": "desc"}]}, {"attributes": {"propertyType": "new", "check": "qx.io.rest.Resource", "name": "resource"}, "type": "property", "children": [{"attributes": {"text": "<p>The resource.</p>"}, "type": "desc"}]}]}, {"attributes": {}, "type": "events", "children": [{"attributes": {"name": "changeModel"}, "type": "event", "children": [{"attributes": {"text": "Fired on change of the property {@link #model}."}, "type": "desc"}, {"attributes": {}, "type": "types", "children": [{"attributes": {"type": "qx.event.type.Data"}, "type": "entry"}]}]}]}]}