{"attributes": {"name": "Json", "packageName": "qx.data.marshal", "superClass": "qx.core.Object", "fullName": "qx.data.marshal.Json", "type": "class", "interfaces": "qx.data.marshal.IMarshaler"}, "type": "class", "children": [{"attributes": {"text": "<p>This class is responsible for converting json data to class instances\nincluding the creation of the classes.</p>"}, "type": "desc"}, {"attributes": {}, "type": "constructor", "children": [{"attributes": {"line": 33, "isCtor": true, "overriddenFrom": "qx.core.Object", "name": "ctor"}, "type": "method", "children": [{"attributes": {}, "type": "params", "children": [{"attributes": {"name": "delegate"}, "type": "param", "children": [{"attributes": {"text": "<p>An object containing one of the methods described in {@link qx.data.marshal.IMarshalerDelegate}.</p>"}, "type": "desc"}, {"attributes": {}, "type": "types", "children": [{"attributes": {"type": "Object"}, "type": "entry"}]}]}]}, {"attributes": {"text": ""}, "type": "desc"}]}]}, {"attributes": {}, "type": "methods-static", "children": [{"attributes": {"line": 55, "isStatic": true, "name": "createModel"}, "type": "method", "children": [{"attributes": {}, "type": "params", "children": [{"attributes": {"name": "data"}, "type": "param", "children": [{"attributes": {"text": "<p>The object for which classes should be created.</p>"}, "type": "desc"}, {"attributes": {}, "type": "types", "children": [{"attributes": {"type": "Object"}, "type": "entry"}]}]}, {"attributes": {"name": "includeBubbleEvents"}, "type": "param", "children": [{"attributes": {"text": "<p>Whether the model should support the bubbling of change events or not.</p>"}, "type": "desc"}, {"attributes": {}, "type": "types", "children": [{"attributes": {"type": "Boolean"}, "type": "entry"}]}]}]}, {"attributes": {"text": "<p>Creates a qooxdoo object based on the given json data. This function\nis just a static wrapper. If you want to configure the creation\nprocess of the class, use {@link qx.data.marshal.Json} directly.</p>"}, "type": "desc"}, {"attributes": {}, "type": "return", "children": [{"attributes": {"text": "<p>An instance of the corresponding class.</p>"}, "type": "desc"}, {"attributes": {}, "type": "types", "children": [{"attributes": {"type": "qx.core.Object"}, "type": "entry"}]}]}]}]}, {"attributes": {}, "type": "methods", "children": [{"attributes": {"access": "private", "line": 279, "name": "__createInstance"}, "type": "method", "children": [{"attributes": {}, "type": "params", "children": [{"attributes": {"name": "hash"}, "type": "param", "children": [{"attributes": {"text": "<p>The hash of the data for which an instance should be created.</p>"}, "type": "desc"}, {"attributes": {}, "type": "types", "children": [{"attributes": {"type": "String"}, "type": "entry"}]}]}, {"attributes": {"name": "data"}, "type": "param", "children": [{"attributes": {"text": "<p>The data for which an instance should be created.</p>"}, "type": "desc"}, {"attributes": {}, "type": "types", "children": [{"attributes": {"type": "Map"}, "type": "entry"}]}]}, {"attributes": {"name": "parentProperty"}, "type": "param", "children": [{"attributes": {"text": "<p>The name of the property the data will be stored in.</p>"}, "type": "desc"}, {"attributes": {}, "type": "types", "children": [{"attributes": {"type": "String"}, "type": "entry"}, {"attributes": {"type": "null"}, "type": "entry"}]}]}, {"attributes": {"name": "depth"}, "type": "param", "children": [{"attributes": {"text": "<p>The depth of the object relative to the data root.</p>"}, "type": "desc"}, {"attributes": {}, "type": "types", "children": [{"attributes": {"type": "Number"}, "type": "entry"}]}]}]}, {"attributes": {"text": "<p>Creates an instance for the given data hash.</p>"}, "type": "desc"}, {"attributes": {}, "type": "return", "children": [{"attributes": {"text": "<p>An instance of the corresponding class.</p>"}, "type": "desc"}, {"attributes": {}, "type": "types", "children": [{"attributes": {"type": "qx.core.Object"}, "type": "entry"}]}]}]}, {"attributes": {"access": "private", "line": 255, "name": "__disposeItem"}, "type": "method", "children": [{"attributes": {}, "type": "params", "children": [{"attributes": {"name": "item"}, "type": "param", "children": [{"attributes": {"text": "<p>The item to dispose.</p>"}, "type": "desc"}, {"attributes": {}, "type": "types", "children": [{"attributes": {"type": "var"}, "type": "entry"}]}]}]}, {"attributes": {"text": "<p>Helper for disposing items of the created class.</p>"}, "type": "desc"}]}, {"attributes": {"access": "private", "line": 242, "name": "__disposeProperties"}, "type": "method", "children": [{"attributes": {"text": "<p>Destructor for all created classes which disposes all stuff stored in\nthe properties.</p>"}, "type": "desc"}]}, {"attributes": {"access": "private", "line": 306, "name": "__ignore"}, "type": "method", "children": [{"attributes": {}, "type": "params", "children": [{"attributes": {"name": "hash"}, "type": "param", "children": [{"attributes": {"text": "<p>The property names.</p>"}, "type": "desc"}, {"attributes": {}, "type": "types", "children": [{"attributes": {"type": "String"}, "type": "entry"}]}]}, {"attributes": {"name": "parentProperty"}, "type": "param", "children": [{"attributes": {"text": "<p>The name of the property the data will be stored in.</p>"}, "type": "desc"}, {"attributes": {}, "type": "types", "children": [{"attributes": {"type": "String"}, "type": "entry"}, {"attributes": {"type": "null"}, "type": "entry"}]}]}, {"attributes": {"name": "depth"}, "type": "param", "children": [{"attributes": {"text": "<p>The depth of the object relative to the data root.</p>"}, "type": "desc"}, {"attributes": {}, "type": "types", "children": [{"attributes": {"type": "Number"}, "type": "entry"}]}]}]}, {"attributes": {"text": "<p>Helper to decide if the delegate decides to ignore a data set.</p>"}, "type": "desc"}, {"attributes": {}, "type": "return", "children": [{"attributes": {"text": "<code>true</code> if the set should be ignored"}, "type": "desc"}, {"attributes": {}, "type": "types", "children": [{"attributes": {"type": "Boolean"}, "type": "entry"}]}]}]}, {"attributes": {"access": "private", "line": 81, "name": "__jsonToHash"}, "type": "method", "children": [{"attributes": {}, "type": "params", "children": [{"attributes": {"name": "data"}, "type": "param", "children": [{"attributes": {"text": "<p>The JavaScript object from which the hash is required.</p>"}, "type": "desc"}, {"attributes": {}, "type": "types", "children": [{"attributes": {"type": "Object"}, "type": "entry"}]}]}]}, {"attributes": {"text": "<p>Converts a given object into a hash which will be used to identify the\nclasses under the namespace <code>qx.data.model</code>.</p>"}, "type": "desc"}, {"attributes": {}, "type": "return", "children": [{"attributes": {"text": "<p>The hash representation of the given JavaScript object.</p>"}, "type": "desc"}, {"attributes": {}, "type": "types", "children": [{"attributes": {"type": "String"}, "type": "entry"}]}]}]}, {"attributes": {"access": "private", "line": 119, "name": "__toClass"}, "type": "method", "children": [{"attributes": {}, "type": "params", "children": [{"attributes": {"name": "data"}, "type": "param", "children": [{"attributes": {"text": "<p>The object for which classes should be created.</p>"}, "type": "desc"}, {"attributes": {}, "type": "types", "children": [{"attributes": {"type": "Object"}, "type": "entry"}]}]}, {"attributes": {"name": "includeBubbleEvents"}, "type": "param", "children": [{"attributes": {"text": "<p>Whether the model should support the bubbling of change events or not.</p>"}, "type": "desc"}, {"attributes": {}, "type": "types", "children": [{"attributes": {"type": "Boolean"}, "type": "entry"}]}]}, {"attributes": {"name": "parentProperty"}, "type": "param", "children": [{"attributes": {"text": "<p>The name of the property the data will be stored in.</p>"}, "type": "desc"}, {"attributes": {}, "type": "types", "children": [{"attributes": {"type": "String"}, "type": "entry"}, {"attributes": {"type": "null"}, "type": "entry"}]}]}, {"attributes": {"name": "depth"}, "type": "param", "children": [{"attributes": {"text": "<p>The depth of the data relative to the data&#8217;s root.</p>"}, "type": "desc"}, {"attributes": {}, "type": "types", "children": [{"attributes": {"type": "Number"}, "type": "entry"}]}]}]}, {"attributes": {"text": "<p>Implementation of {@link #toClass} used for recursion.</p>"}, "type": "desc"}]}, {"attributes": {"access": "private", "line": 337, "name": "__toModel"}, "type": "method", "children": [{"attributes": {}, "type": "params", "children": [{"attributes": {"name": "data"}, "type": "param", "children": [{"attributes": {"text": "<p>The object for which models should be created.</p>"}, "type": "desc"}, {"attributes": {}, "type": "types", "children": [{"attributes": {"type": "Object"}, "type": "entry"}]}]}, {"attributes": {"name": "parentProperty"}, "type": "param", "children": [{"attributes": {"text": "<p>The name of the property the data will be stored in.</p>"}, "type": "desc"}, {"attributes": {}, "type": "types", "children": [{"attributes": {"type": "String"}, "type": "entry"}, {"attributes": {"type": "null"}, "type": "entry"}]}]}, {"attributes": {"name": "depth"}, "type": "param", "children": [{"attributes": {"text": "<p>The depth of the data relative to the data&#8217;s root.</p>"}, "type": "desc"}, {"attributes": {}, "type": "types", "children": [{"attributes": {"type": "Number"}, "type": "entry"}]}]}]}, {"attributes": {"text": "<p>Implementation of {@link #toModel} used for recursion.</p>"}, "type": "desc"}, {"attributes": {}, "type": "return", "children": [{"attributes": {"text": "<p>The created model object.</p>"}, "type": "desc"}, {"attributes": {}, "type": "types", "children": [{"attributes": {"type": "qx.core.Object"}, "type": "entry"}]}]}]}, {"attributes": {"line": 104, "name": "toClass"}, "type": "method", "children": [{"attributes": {}, "type": "params", "children": [{"attributes": {"name": "data"}, "type": "param", "children": [{"attributes": {"text": "<p>The object for which classes should be created.</p>"}, "type": "desc"}, {"attributes": {}, "type": "types", "children": [{"attributes": {"type": "Object"}, "type": "entry"}]}]}, {"attributes": {"name": "includeBubbleEvents"}, "type": "param", "children": [{"attributes": {"text": "<p>Whether the model should support the bubbling of change events or not.</p>"}, "type": "desc"}, {"attributes": {}, "type": "types", "children": [{"attributes": {"type": "Boolean"}, "type": "entry"}]}]}]}, {"attributes": {"text": "<p>Creates for the given data the needed classes. The classes contain for\nevery key in the data a property. The classname is always the prefix\n<code>qx.data.model</code> and the hash of the data created by\n{@link #__jsonToHash}. Two objects containing the same keys will not\ncreate two different classes. The class creation process also supports\nthe functions provided by its delegate.</p>\n\n<p>Important, please keep in mind that only valid JavaScript identifiers\ncan be used as keys in the data map. For convenience &#8217;-&#8217; in keys will\nbe removed (a-b will be ab in the end).</p>"}, "type": "desc"}, {"attributes": {"name": "qx.data.store.IStoreDelegate"}, "type": "see", "children": [{"attributes": {"text": ""}, "type": "desc"}]}]}, {"attributes": {"line": 323, "name": "toModel"}, "type": "method", "children": [{"attributes": {}, "type": "params", "children": [{"attributes": {"name": "data"}, "type": "param", "children": [{"attributes": {"text": "<p>The object for which models should be created.</p>"}, "type": "desc"}, {"attributes": {}, "type": "types", "children": [{"attributes": {"type": "Object"}, "type": "entry"}]}]}]}, {"attributes": {"text": "<p>Creates for the given data the needed models. Be sure to have the classes\ncreated with {@link #toClass} before calling this method. The creation\nof the class itself is delegated to the {@link #__createInstance} method,\nwhich could use the {@link qx.data.store.IStoreDelegate} methods, if\ngiven.</p>"}, "type": "desc"}, {"attributes": {}, "type": "return", "children": [{"attributes": {"text": "<p>The created model object.</p>"}, "type": "desc"}, {"attributes": {}, "type": "types", "children": [{"attributes": {"type": "qx.core.Object"}, "type": "entry"}]}]}]}]}]}