{"attributes": {"fullName": "qx.data.controller.ISelection", "packageName": "qx.data.controller", "type": "interface", "name": "ISelection", "implementations": "qx.ui.list.List,qx.ui.form.VirtualSelectBox,qx.ui.tree.VirtualTree,qx.data.controller.List,qx.data.controller.Tree"}, "type": "class", "children": [{"attributes": {"text": "<p>Interface for data binding classes offering a selection.</p>"}, "type": "desc"}, {"attributes": {}, "type": "methods", "children": [{"attributes": {"line": 38, "name": "getSelection"}, "type": "method", "children": [{"attributes": {"text": "<p>Getter for the selection list.</p>"}, "type": "desc"}, {"attributes": {}, "type": "return", "children": [{"attributes": {"text": "<p>The current selection.</p>"}, "type": "desc"}, {"attributes": {}, "type": "types", "children": [{"attributes": {"type": "qx.data.IListData"}, "type": "entry"}]}]}]}, {"attributes": {"line": 44, "name": "resetSelection"}, "type": "method", "children": [{"attributes": {"text": "<p>Resets the selection to its default value.</p>"}, "type": "desc"}]}, {"attributes": {"line": 31, "name": "setSelection"}, "type": "method", "children": [{"attributes": {}, "type": "params", "children": [{"attributes": {"name": "value"}, "type": "param", "children": [{"attributes": {"text": "<p>The data of the selection.</p>"}, "type": "desc"}, {"attributes": {}, "type": "types", "children": [{"attributes": {"type": "qx.data.IListData"}, "type": "entry"}]}]}]}, {"attributes": {"text": "<p>Setter for the selection.</p>"}, "type": "desc"}]}]}]}