{"attributes": {"fullName": "qx.data.Conversion", "packageName": "qx.data", "isStatic": true, "type": "class", "name": "Conversion"}, "type": "class", "children": [{"attributes": {"text": "<p>This class offers a set of default conversion methods and whole options\npacks for {@link qx.data.SingleValueBinding}. The binding offers a conversion\nitself if it can determinate which types should be used. In all other cases,\nyou can you this methods / options for the default conversion.</p>"}, "type": "desc"}, {"attributes": {}, "type": "constants", "children": [{"attributes": {"name": "TONUMBEROPTIONS"}, "type": "constant", "children": [{"attributes": {"text": "<p>Options for the {@link qx.data.SingleValueBinding}\ncontaining the {@link #toNumber} converter.</p>"}, "type": "desc"}]}, {"attributes": {"name": "TOSTRINGOPTIONS"}, "type": "constant", "children": [{"attributes": {"text": "<p>Options for the {@link qx.data.SingleValueBinding}\ncontaining the {@link #toString} converter.</p>"}, "type": "desc"}]}, {"attributes": {"name": "TOBOOLEANOPTIONS"}, "type": "constant", "children": [{"attributes": {"text": "<p>Options for the {@link qx.data.SingleValueBinding}\ncontaining the {@link #toBoolean} converter.</p>"}, "type": "desc"}]}]}, {"attributes": {}, "type": "methods-static", "children": [{"attributes": {"line": 72, "isStatic": true, "name": "toBoolean"}, "type": "method", "children": [{"attributes": {}, "type": "params", "children": [{"attributes": {"name": "value"}, "type": "param", "children": [{"attributes": {"text": "<p>The value to convert.</p>"}, "type": "desc"}, {"attributes": {}, "type": "types", "children": [{"attributes": {"type": "var"}, "type": "entry"}]}]}]}, {"attributes": {"text": "<p>Converts the given value to a boolean via <code>!!value</code>.</p>"}, "type": "desc"}, {"attributes": {}, "type": "return", "children": [{"attributes": {"text": "<p>The converted value.</p>"}, "type": "desc"}, {"attributes": {}, "type": "types", "children": [{"attributes": {"type": "Boolean"}, "type": "entry"}]}]}]}, {"attributes": {"line": 54, "isStatic": true, "name": "toNumber"}, "type": "method", "children": [{"attributes": {}, "type": "params", "children": [{"attributes": {"name": "value"}, "type": "param", "children": [{"attributes": {"text": "<p>The value to convert.</p>"}, "type": "desc"}, {"attributes": {}, "type": "types", "children": [{"attributes": {"type": "var"}, "type": "entry"}]}]}]}, {"attributes": {"text": "<p>Converts the given value to a number via <code>parseFloat</code>.</p>"}, "type": "desc"}, {"attributes": {}, "type": "return", "children": [{"attributes": {"text": "<p>The converted value.</p>"}, "type": "desc"}, {"attributes": {}, "type": "types", "children": [{"attributes": {"type": "Number"}, "type": "entry"}]}]}]}, {"attributes": {"line": 36, "isStatic": true, "name": "toString"}, "type": "method", "children": [{"attributes": {}, "type": "params", "children": [{"attributes": {"name": "value"}, "type": "param", "children": [{"attributes": {"text": "<p>The value to convert.</p>"}, "type": "desc"}, {"attributes": {}, "type": "types", "children": [{"attributes": {"type": "var"}, "type": "entry"}]}]}]}, {"attributes": {"text": "<p>Converts the given value to a string via <code> + &#8221;&#8221;</code>.</p>"}, "type": "desc"}, {"attributes": {}, "type": "return", "children": [{"attributes": {"text": "<p>The converted value.</p>"}, "type": "desc"}, {"attributes": {}, "type": "types", "children": [{"attributes": {"type": "String"}, "type": "entry"}]}]}]}]}]}