{"attributes": {"packageName": "qx.data.controller", "type": "interface", "fullName": "qx.data.controller.IControllerDelegate", "name": "IControllerDelegate"}, "type": "class", "children": [{"attributes": {"text": "<p>Objects, which are used as delegates for a data binding controller may\nimplement any of the methods described in this interface. The delegate does\nnot need implement all of the methods of this interface. If a method is not\nimplemented the controller provides a default implementation.</p>\n\n<p>Note: This interface is meant to document the delegate but should not be\nlisted in the <code>implement</code> key of a class unless all methods are\nreally implemented.</p>"}, "type": "desc"}, {"attributes": {}, "type": "methods", "children": [{"attributes": {"line": 80, "name": "bindItem"}, "type": "method", "children": [{"attributes": {}, "type": "params", "children": [{"attributes": {"name": "controller"}, "type": "param", "children": [{"attributes": {"text": "<p>The currently used controller.</p>"}, "type": "desc"}, {"attributes": {}, "type": "types", "children": [{"attributes": {"type": "var"}, "type": "entry"}]}]}, {"attributes": {"name": "item"}, "type": "param", "children": [{"attributes": {"text": "<p>The created and used item.</p>"}, "type": "desc"}, {"attributes": {}, "type": "types", "children": [{"attributes": {"type": "qx.ui.core.Widget"}, "type": "entry"}]}]}, {"attributes": {"name": "id"}, "type": "param", "children": [{"attributes": {"text": "<p>The id for the binding.</p>"}, "type": "desc"}, {"attributes": {}, "type": "types", "children": [{"attributes": {"type": "var"}, "type": "entry"}]}]}]}, {"attributes": {"text": "<p>Sets up the binding for the given item and index.</p>\n\n<p>For every property you want to bind, use\n{@link qx.data.controller.List#bindProperty} like this:\n<code>\ncontroller.bindProperty(&#8220;path.in.the.model&#8221;, &#8220;label&#8221;, options, item, id);\n</code></p>"}, "type": "desc"}]}, {"attributes": {"line": 41, "name": "configureItem"}, "type": "method", "children": [{"attributes": {}, "type": "params", "children": [{"attributes": {"name": "item"}, "type": "param", "children": [{"attributes": {"text": "<p>Item to modify.</p>"}, "type": "desc"}, {"attributes": {}, "type": "types", "children": [{"attributes": {"type": "var"}, "type": "entry"}]}]}]}, {"attributes": {"text": "<p>Gives the user the opportunity to set individual styles and properties\non the by the controller created widgets.</p>"}, "type": "desc"}]}, {"attributes": {"line": 64, "name": "createItem"}, "type": "method", "children": [{"attributes": {"text": "<p>Creates an item which will be added to the target as child. Be sure to\nimplement the {@link #bindItem} function as well to get the needed\nproperties bound.</p>"}, "type": "desc"}, {"attributes": {}, "type": "return", "children": [{"attributes": {"text": "<p>A new created widget.</p>"}, "type": "desc"}, {"attributes": {}, "type": "types", "children": [{"attributes": {"type": "qx.ui.core.Widget"}, "type": "entry"}]}]}]}, {"attributes": {"line": 54, "name": "filter"}, "type": "method", "children": [{"attributes": {}, "type": "params", "children": [{"attributes": {"name": "data"}, "type": "param", "children": [{"attributes": {"text": "<p>The data which will be checked.</p>"}, "type": "desc"}, {"attributes": {}, "type": "types", "children": [{"attributes": {"type": "var"}, "type": "entry"}]}]}]}, {"attributes": {"text": "<p>Filter checks the current data and returns a boolean if the data should\nappear in the filtered data set or not.</p>\n\n<p>The filter currently works only with the {@link qx.data.controller.List}\ncontroller!</p>"}, "type": "desc"}, {"attributes": {}, "type": "return", "children": [{"attributes": {"text": "<p>True, if the data passes the filter, false otherwise.</p>"}, "type": "desc"}, {"attributes": {}, "type": "types", "children": [{"attributes": {"type": "Boolean"}, "type": "entry"}]}]}]}]}]}