{"attributes": {"fullName": "qx.event.type.Pinch", "packageName": "qx.event.type", "type": "class", "name": "Pinch", "superClass": "qx.event.type.Pointer"}, "type": "class", "children": [{"attributes": {"text": "<p>Pinch is a multi pointer gesture fired when two finger moved towards\nor away from each other. It contains the scaling factor of the pinch.</p>"}, "type": "desc"}, {"attributes": {}, "type": "methods", "children": [{"attributes": {"access": "protected", "docFrom": "qx.event.type.Native", "line": 33, "overriddenFrom": "qx.event.type.Pointer", "name": "_cloneNativeEvent"}, "type": "method", "children": [{"attributes": {}, "type": "params", "children": [{"attributes": {"name": "nativeEvent"}, "type": "param"}, {"attributes": {"name": "clone"}, "type": "param"}]}]}, {"attributes": {"line": 48, "name": "getScale"}, "type": "method", "children": [{"attributes": {"text": "<p>Returns the calculated scale of this event.</p>"}, "type": "desc"}, {"attributes": {}, "type": "return", "children": [{"attributes": {"text": "<p>the scale value of this event.</p>"}, "type": "desc"}, {"attributes": {}, "type": "types", "children": [{"attributes": {"type": "Float"}, "type": "entry"}]}]}]}]}]}