{"attributes": {"fullName": "qx.event.Timer", "packageName": "qx.event", "type": "class", "name": "Timer", "superClass": "qx.core.Object"}, "type": "class", "children": [{"attributes": {"text": "<p>Global timer support.</p>\n\n<p>This class can be used to periodically fire an event. This event can be\nused to simulate e.g. a background task. The static method\n{@link #once} is a special case. It will call a function deferred after a\ngiven timeout.</p>"}, "type": "desc"}, {"attributes": {}, "type": "constructor", "children": [{"attributes": {"line": 45, "isCtor": true, "overriddenFrom": "qx.core.Object", "name": "ctor"}, "type": "method", "children": [{"attributes": {}, "type": "params", "children": [{"attributes": {"name": "interval"}, "type": "param", "children": [{"attributes": {"text": "<p>initial interval in milliseconds of the timer.</p>"}, "type": "desc"}, {"attributes": {}, "type": "types", "children": [{"attributes": {"type": "Number"}, "type": "entry"}]}]}]}, {"attributes": {"text": ""}, "type": "desc"}]}]}, {"attributes": {}, "type": "events", "children": [{"attributes": {"name": "interval"}, "type": "event", "children": [{"attributes": {"text": "<p>This event if fired each time the interval time has elapsed</p>"}, "type": "desc"}, {"attributes": {}, "type": "types", "children": [{"attributes": {"type": "qx.event.type.Event"}, "type": "entry"}]}]}]}, {"attributes": {}, "type": "methods-static", "children": [{"attributes": {"line": 103, "isStatic": true, "name": "once"}, "type": "method", "children": [{"attributes": {}, "type": "params", "children": [{"attributes": {"name": "func"}, "type": "param", "children": [{"attributes": {"text": "<p>Function to call</p>"}, "type": "desc"}, {"attributes": {}, "type": "types", "children": [{"attributes": {"type": "Function"}, "type": "entry"}]}]}, {"attributes": {"name": "obj"}, "type": "param", "children": [{"attributes": {"text": "<p>context (this), the function is called with</p>"}, "type": "desc"}, {"attributes": {}, "type": "types", "children": [{"attributes": {"type": "Object"}, "type": "entry"}]}]}, {"attributes": {"name": "timeout"}, "type": "param", "children": [{"attributes": {"text": "<p>Number of milliseconds to wait before the function is called.</p>"}, "type": "desc"}, {"attributes": {}, "type": "types", "children": [{"attributes": {"type": "Number"}, "type": "entry"}]}]}]}, {"attributes": {"text": "<p>Start a function after a given timeout.</p>"}, "type": "desc"}, {"attributes": {}, "type": "return", "children": [{"attributes": {"text": "<p>The timer object used for the timeout. This object can be used to cancel the timeout. Note that the timer is only valid until the timer has been executed.</p>"}, "type": "desc"}, {"attributes": {}, "type": "types", "children": [{"attributes": {"type": "qx.event.Timer"}, "type": "entry"}]}]}]}]}, {"attributes": {}, "type": "methods", "children": [{"attributes": {"access": "protected", "line": 213, "name": "_applyEnabled"}, "type": "method", "children": [{"attributes": {}, "type": "params", "children": [{"attributes": {"name": "value"}, "type": "param", "children": [{"attributes": {"text": "<p>Current value</p>"}, "type": "desc"}, {"attributes": {}, "type": "types", "children": [{"attributes": {"type": "var"}, "type": "entry"}]}]}, {"attributes": {"name": "old"}, "type": "param", "children": [{"attributes": {"text": "<p>Previous value</p>"}, "type": "desc"}, {"attributes": {}, "type": "types", "children": [{"attributes": {"type": "var"}, "type": "entry"}]}]}]}, {"attributes": {"text": "<p>Apply the enabled state of the timer.</p>"}, "type": "desc"}, {"attributes": {}, "type": "apply", "children": [{"attributes": {"applies": "qx.event.Timer#enabled"}, "type": "entry"}]}]}, {"attributes": {"access": "protected", "line": 199, "name": "_applyInterval"}, "type": "method", "children": [{"attributes": {}, "type": "params", "children": [{"attributes": {"name": "value"}, "type": "param", "children": [{"attributes": {"text": "<p>Current value</p>"}, "type": "desc"}, {"attributes": {}, "type": "types", "children": [{"attributes": {"type": "var"}, "type": "entry"}]}]}, {"attributes": {"name": "old"}, "type": "param", "children": [{"attributes": {"text": "<p>Previous value</p>"}, "type": "desc"}, {"attributes": {}, "type": "types", "children": [{"attributes": {"type": "var"}, "type": "entry"}]}]}]}, {"attributes": {"text": "<p>Apply the interval of the timer.</p>"}, "type": "desc"}, {"attributes": {}, "type": "apply", "children": [{"attributes": {"applies": "qx.event.Timer#interval"}, "type": "entry"}]}]}, {"attributes": {"access": "protected", "line": 1, "name": "_oninterval"}, "type": "method", "children": [{"attributes": {"text": "<p>timer callback</p>"}, "type": "desc"}]}, {"attributes": {"name": "getEnabled", "fromProperty": "enabled"}, "type": "method", "children": [{"attributes": {"text": "<p>Returns the (computed) value of the property <code>enabled</code>.</p>\n\n<p>For further details take a look at the property definition: {@link #enabled}.</p>"}, "type": "desc"}, {"attributes": {}, "type": "return", "children": [{"attributes": {"text": "<p>(Computed) value of <code>enabled</code>.</p>"}, "type": "desc"}, {"attributes": {}, "type": "types", "children": [{"attributes": {"type": "var"}, "type": "entry"}]}]}]}, {"attributes": {"name": "getInterval", "fromProperty": "interval"}, "type": "method", "children": [{"attributes": {"text": "<p>Returns the (computed) value of the property <code>interval</code>.</p>\n\n<p>For further details take a look at the property definition: {@link #interval}.</p>"}, "type": "desc"}, {"attributes": {}, "type": "return", "children": [{"attributes": {"text": "<p>(Computed) value of <code>interval</code>.</p>"}, "type": "desc"}, {"attributes": {}, "type": "types", "children": [{"attributes": {"type": "var"}, "type": "entry"}]}]}]}, {"attributes": {"access": "protected", "name": "initEnabled", "fromProperty": "enabled"}, "type": "method", "children": [{"attributes": {}, "type": "params", "children": [{"attributes": {"name": "value"}, "type": "param", "children": [{"attributes": {"text": "<p>Initial value for property <code>enabled</code>.</p>"}, "type": "desc"}, {"attributes": {}, "type": "types", "children": [{"attributes": {"type": "var"}, "type": "entry"}]}]}]}, {"attributes": {"text": "<p>Calls the apply method and dispatches the change event of the property <code>enabled</code>\nwith the default value defined by the class developer. This function can\nonly be called from the constructor of a class.</p>\n\n<p>For further details take a look at the property definition: {@link #enabled}.</p>"}, "type": "desc"}, {"attributes": {}, "type": "return", "children": [{"attributes": {"text": "<p>the default value</p>"}, "type": "desc"}, {"attributes": {}, "type": "types", "children": [{"attributes": {"type": "var"}, "type": "entry"}]}]}]}, {"attributes": {"access": "protected", "name": "initInterval", "fromProperty": "interval"}, "type": "method", "children": [{"attributes": {}, "type": "params", "children": [{"attributes": {"name": "value"}, "type": "param", "children": [{"attributes": {"text": "<p>Initial value for property <code>interval</code>.</p>"}, "type": "desc"}, {"attributes": {}, "type": "types", "children": [{"attributes": {"type": "var"}, "type": "entry"}]}]}]}, {"attributes": {"text": "<p>Calls the apply method and dispatches the change event of the property <code>interval</code>\nwith the default value defined by the class developer. This function can\nonly be called from the constructor of a class.</p>\n\n<p>For further details take a look at the property definition: {@link #interval}.</p>"}, "type": "desc"}, {"attributes": {}, "type": "return", "children": [{"attributes": {"text": "<p>the default value</p>"}, "type": "desc"}, {"attributes": {}, "type": "types", "children": [{"attributes": {"type": "var"}, "type": "entry"}]}]}]}, {"attributes": {"name": "isEnabled", "fromProperty": "enabled"}, "type": "method", "children": [{"attributes": {"text": "<p>Check whether the (computed) value of the boolean property <code>enabled</code> equals <code>true</code>.</p>\n\n<p>For further details take a look at the property definition: {@link #enabled}.</p>"}, "type": "desc"}, {"attributes": {}, "type": "return", "children": [{"attributes": {"text": "<p>Whether the property equals <code>true</code>.</p>"}, "type": "desc"}, {"attributes": {}, "type": "types", "children": [{"attributes": {"type": "Boolean"}, "type": "entry"}]}]}]}, {"attributes": {"name": "resetEnabled", "fromProperty": "enabled"}, "type": "method", "children": [{"attributes": {"text": "<p>Resets the user value of the property <code>enabled</code>.</p>\n\n<p>The computed value falls back to the next available value e.g. appearance, init or\ninheritance value depeneding on the property configuration and value availability.</p>\n\n<p>For further details take a look at the property definition: {@link #enabled}.</p>"}, "type": "desc"}]}, {"attributes": {"name": "resetInterval", "fromProperty": "interval"}, "type": "method", "children": [{"attributes": {"text": "<p>Resets the user value of the property <code>interval</code>.</p>\n\n<p>The computed value falls back to the next available value e.g. appearance, init or\ninheritance value depeneding on the property configuration and value availability.</p>\n\n<p>For further details take a look at the property definition: {@link #interval}.</p>"}, "type": "desc"}]}, {"attributes": {"line": 270, "name": "restart"}, "type": "method", "children": [{"attributes": {"text": "<p>Restart the timer.\nThis makes it possible to change the interval of a running timer.</p>"}, "type": "desc"}]}, {"attributes": {"line": 282, "name": "restartWith"}, "type": "method", "children": [{"attributes": {}, "type": "params", "children": [{"attributes": {"name": "interval"}, "type": "param", "children": [{"attributes": {"text": "<p>Time in milliseconds between two callback calls.</p>"}, "type": "desc"}, {"attributes": {}, "type": "types", "children": [{"attributes": {"type": "Integer"}, "type": "entry"}]}]}]}, {"attributes": {"text": "<p>Restart the timer. with a given interval.</p>"}, "type": "desc"}]}, {"attributes": {"name": "setEnabled", "fromProperty": "enabled"}, "type": "method", "children": [{"attributes": {}, "type": "params", "children": [{"attributes": {"name": "value"}, "type": "param", "children": [{"attributes": {"text": "<p>New value for property <code>enabled</code>.</p>"}, "type": "desc"}, {"attributes": {}, "type": "types", "children": [{"attributes": {"type": "var"}, "type": "entry"}]}]}]}, {"attributes": {"text": "<p>Sets the user value of the property <code>enabled</code>.</p>\n\n<p>For further details take a look at the property definition: {@link #enabled}.</p>"}, "type": "desc"}, {"attributes": {}, "type": "return", "children": [{"attributes": {"text": "<p>The unmodified incoming value.</p>"}, "type": "desc"}, {"attributes": {}, "type": "types", "children": [{"attributes": {"type": "var"}, "type": "entry"}]}]}]}, {"attributes": {"name": "setInterval", "fromProperty": "interval"}, "type": "method", "children": [{"attributes": {}, "type": "params", "children": [{"attributes": {"name": "value"}, "type": "param", "children": [{"attributes": {"text": "<p>New value for property <code>interval</code>.</p>"}, "type": "desc"}, {"attributes": {}, "type": "types", "children": [{"attributes": {"type": "var"}, "type": "entry"}]}]}]}, {"attributes": {"text": "<p>Sets the user value of the property <code>interval</code>.</p>\n\n<p>For further details take a look at the property definition: {@link #interval}.</p>"}, "type": "desc"}, {"attributes": {}, "type": "return", "children": [{"attributes": {"text": "<p>The unmodified incoming value.</p>"}, "type": "desc"}, {"attributes": {}, "type": "types", "children": [{"attributes": {"type": "var"}, "type": "entry"}]}]}]}, {"attributes": {"line": 239, "name": "start"}, "type": "method", "children": [{"attributes": {"text": "<p>Start the timer</p>"}, "type": "desc"}]}, {"attributes": {"line": 249, "name": "startWith"}, "type": "method", "children": [{"attributes": {}, "type": "params", "children": [{"attributes": {"name": "interval"}, "type": "param", "children": [{"attributes": {"text": "<p>Time in milliseconds between two callback calls.</p>"}, "type": "desc"}, {"attributes": {}, "type": "types", "children": [{"attributes": {"type": "Integer"}, "type": "entry"}]}]}]}, {"attributes": {"text": "<p>Start the timer with a given interval</p>"}, "type": "desc"}]}, {"attributes": {"line": 260, "name": "stop"}, "type": "method", "children": [{"attributes": {"text": "<p>Stop the timer.</p>"}, "type": "desc"}]}, {"attributes": {"name": "toggleEnabled", "fromProperty": "enabled"}, "type": "method", "children": [{"attributes": {"text": "<p>Toggles the (computed) value of the boolean property <code>enabled</code>.</p>\n\n<p>For further details take a look at the property definition: {@link #enabled}.</p>"}, "type": "desc"}, {"attributes": {}, "type": "return", "children": [{"attributes": {"text": "<p>the new value</p>"}, "type": "desc"}, {"attributes": {}, "type": "types", "children": [{"attributes": {"type": "Boolean"}, "type": "entry"}]}]}]}]}, {"attributes": {}, "type": "properties", "children": [{"attributes": {"apply": "_applyEnabled", "defaultValue": "true", "propertyType": "new", "check": "Boolean", "name": "enabled"}, "type": "property", "children": [{"attributes": {"text": "<p>With the enabled property the Timer can be started and suspended.\nSetting it to &#8220;true&#8221; is equivalent to {@link #start}, setting it\nto &#8220;false&#8221; is equivalent to {@link #stop}.</p>"}, "type": "desc"}]}, {"attributes": {"apply": "_applyInterval", "defaultValue": "1000", "propertyType": "new", "check": "Integer", "name": "interval"}, "type": "property", "children": [{"attributes": {"text": "<p>Time in milliseconds between two callback calls.\nThis property can be set to modify the interval of\na running timer.</p>"}, "type": "desc"}]}]}]}