{"attributes": {"name": "Custom", "packageName": "qx.event.type.dom", "superClass": "Object", "childClasses": "qx.event.type.dom.Pointer", "fullName": "qx.event.type.dom.Custom", "type": "bootstrap"}, "type": "class", "children": [{"attributes": {"text": "<p>Cross-browser custom UI event</p>"}, "type": "desc"}, {"attributes": {}, "type": "constants", "children": [{"attributes": {"name": "PROPERTIES"}, "type": "constant"}]}, {"attributes": {}, "type": "constructor", "children": [{"attributes": {"line": 41, "isCtor": true, "name": "ctor"}, "type": "method", "children": [{"attributes": {}, "type": "params", "children": [{"attributes": {"name": "type"}, "type": "param", "children": [{"attributes": {"text": "<p>event type</p>"}, "type": "desc"}, {"attributes": {}, "type": "types", "children": [{"attributes": {"type": "String"}, "type": "entry"}]}]}, {"attributes": {"name": "domEvent"}, "type": "param", "children": [{"attributes": {"text": "<p>Native event that will be used as a template for the new event</p>"}, "type": "desc"}, {"attributes": {}, "type": "types", "children": [{"attributes": {"type": "Event"}, "type": "entry"}]}]}, {"attributes": {"name": "customProps"}, "type": "param", "children": [{"attributes": {"text": "<p>Map of event properties (will override the domEvent&#8217;s values)</p>"}, "type": "desc"}, {"attributes": {}, "type": "types", "children": [{"attributes": {"type": "Map"}, "type": "entry"}]}]}]}, {"attributes": {"text": ""}, "type": "desc"}, {"attributes": {}, "type": "return", "children": [{"attributes": {"text": "<p>event object</p>"}, "type": "desc"}, {"attributes": {}, "type": "types", "children": [{"attributes": {"type": "Event"}, "type": "entry"}]}]}]}]}, {"attributes": {}, "type": "methods", "children": [{"attributes": {"access": "protected", "line": 85, "name": "_createEvent"}, "type": "method", "children": [{"attributes": {"text": "<p>Creates a custom event object</p>"}, "type": "desc"}, {"attributes": {}, "type": "return", "children": [{"attributes": {"text": "<p>event object</p>"}, "type": "desc"}, {"attributes": {}, "type": "types", "children": [{"attributes": {"type": "Event"}, "type": "entry"}]}]}]}, {"attributes": {"access": "protected", "line": 106, "name": "_initEvent"}, "type": "method", "children": [{"attributes": {}, "type": "params", "children": [{"attributes": {"name": "domEvent"}, "type": "param", "children": [{"attributes": {"text": "<p>Native event that will be used as a template for the new event</p>"}, "type": "desc"}, {"attributes": {}, "type": "types", "children": [{"attributes": {"type": "Event"}, "type": "entry"}]}]}, {"attributes": {"name": "customProps"}, "type": "param", "children": [{"attributes": {"text": "<p>Map of event properties (will override the domEvent&#8217;s values)</p>"}, "type": "desc"}, {"attributes": {}, "type": "types", "children": [{"attributes": {"type": "Map"}, "type": "entry"}]}]}]}, {"attributes": {"text": "<p>Initializes a custom event</p>"}, "type": "desc"}]}]}]}