{"attributes": {"fullName": "qx.event.dispatch.MouseCapture", "packageName": "qx.event.dispatch", "type": "class", "name": "MouseCapture", "superClass": "qx.event.dispatch.AbstractBubbling"}, "type": "class", "children": [{"attributes": {"text": "<p>Implementation of the Internet Explorer specific event capturing mode for\nmouse events <a href=\"http://msdn2.microsoft.com/en-us/library/ms536742.aspx\">http://msdn2.microsoft.com/en-us/library/ms536742.aspx</a>.</p>\n\n<p>This class is used internally by {@link qx.event.Manager} to do mouse event\ncapturing.</p>"}, "type": "desc"}, {"attributes": {}, "type": "constructor", "children": [{"attributes": {"line": 40, "isCtor": true, "overriddenFrom": "qx.event.dispatch.AbstractBubbling", "name": "ctor"}, "type": "method", "children": [{"attributes": {}, "type": "params", "children": [{"attributes": {"name": "manager"}, "type": "param", "children": [{"attributes": {"text": "<p>Event manager for the window to use</p>"}, "type": "desc"}, {"attributes": {}, "type": "types", "children": [{"attributes": {"type": "qx.event.Manager"}, "type": "entry"}]}]}, {"attributes": {"name": "registration"}, "type": "param", "children": [{"attributes": {"text": "<p>The event registration to use</p>"}, "type": "desc"}, {"attributes": {}, "type": "types", "children": [{"attributes": {"type": "qx.event.Registration"}, "type": "entry"}]}]}]}, {"attributes": {"text": ""}, "type": "desc"}]}]}, {"attributes": {}, "type": "constants", "children": [{"attributes": {"name": "PRIORITY"}, "type": "constant", "children": [{"attributes": {"text": "<p>Priority of this dispatcher</p>"}, "type": "desc"}, {"attributes": {}, "type": "types", "children": [{"attributes": {"type": "Integer"}, "type": "entry"}]}]}]}, {"attributes": {}, "type": "methods", "children": [{"attributes": {"access": "protected", "docFrom": "qx.event.dispatch.AbstractBubbling", "line": 68, "overriddenFrom": "qx.event.dispatch.AbstractBubbling", "name": "_getParent"}, "type": "method", "children": [{"attributes": {}, "type": "params", "children": [{"attributes": {"name": "target"}, "type": "param"}]}]}, {"attributes": {"line": 153, "name": "activateCapture"}, "type": "method", "children": [{"attributes": {}, "type": "params", "children": [{"attributes": {"name": "element"}, "type": "param", "children": [{"attributes": {"text": "<p>The element which should capture the mouse events.</p>"}, "type": "desc"}, {"attributes": {}, "type": "types", "children": [{"attributes": {"type": "Element"}, "type": "entry"}]}]}, {"attributes": {"defaultValue": "true", "optional": true, "name": "containerCapture"}, "type": "param", "children": [{"attributes": {"text": "<p>If true all events originating in the container are captured. IF false events originating in the container are not captured.</p>"}, "type": "desc"}, {"attributes": {}, "type": "types", "children": [{"attributes": {"type": "Boolean"}, "type": "entry"}]}]}]}, {"attributes": {"text": "<p>Set the given element as target for event</p>"}, "type": "desc"}]}, {"attributes": {"docFrom": "qx.event.IEventDispatcher", "line": 80, "overriddenFrom": "qx.event.dispatch.AbstractBubbling", "name": "canDispatchEvent"}, "type": "method", "children": [{"attributes": {}, "type": "params", "children": [{"attributes": {"name": "target"}, "type": "param"}, {"attributes": {"name": "event"}, "type": "param"}, {"attributes": {"name": "type"}, "type": "param"}]}]}, {"attributes": {"docFrom": "qx.core.MEvent", "line": 90, "overriddenFrom": "qx.core.MEvent", "name": "dispatchEvent"}, "type": "method", "children": [{"attributes": {}, "type": "params", "children": [{"attributes": {"name": "target"}, "type": "param"}, {"attributes": {"name": "event"}, "type": "param"}, {"attributes": {"name": "type"}, "type": "param"}]}]}, {"attributes": {"line": 192, "name": "getCaptureElement"}, "type": "method", "children": [{"attributes": {"text": "<p>Get the element currently capturing events.</p>"}, "type": "desc"}, {"attributes": {}, "type": "return", "children": [{"attributes": {"text": "<p>The current capture element. This value may be null.</p>"}, "type": "desc"}, {"attributes": {}, "type": "types", "children": [{"attributes": {"type": "Element"}, "type": "entry"}, {"attributes": {"type": "null"}, "type": "entry"}]}]}]}, {"attributes": {"line": 1, "name": "nativeReleaseCapture"}, "type": "method", "children": [{"attributes": {}, "type": "params", "children": [{"attributes": {"name": "element"}, "type": "param", "children": [{"attributes": {"text": "<p>The <span class=\"caps\">DOM</span> element to release the capture for</p>"}, "type": "desc"}, {"attributes": {}, "type": "types", "children": [{"attributes": {"type": "Element"}, "type": "entry"}]}]}]}, {"attributes": {"text": "<p>If the browser supports native mouse capturing, removes mouse capture\nfrom the object in the current document.</p>"}, "type": "desc"}]}, {"attributes": {"line": 1, "name": "nativeSetCapture"}, "type": "method", "children": [{"attributes": {}, "type": "params", "children": [{"attributes": {"name": "element"}, "type": "param", "children": [{"attributes": {"text": "<p>The capture <span class=\"caps\">DOM</span> element</p>"}, "type": "desc"}, {"attributes": {}, "type": "types", "children": [{"attributes": {"type": "Element"}, "type": "entry"}]}]}, {"attributes": {"defaultValue": "true", "optional": true, "name": "containerCapture"}, "type": "param", "children": [{"attributes": {"text": "<p>If true all events originating in the container are captured. If false events originating in the container are not captured.</p>"}, "type": "desc"}, {"attributes": {}, "type": "types", "children": [{"attributes": {"type": "Boolean"}, "type": "entry"}]}]}]}, {"attributes": {"text": "<p>If the browser supports native mouse capturing, sets the mouse capture to\nthe object that belongs to the current document.</p>\n\n<p>Please note that under Windows 7 (but not Windows 8), capturing is\nnot only applied to mouse events as expected, but also to native pointer events.</p>"}, "type": "desc"}]}, {"attributes": {"line": 200, "name": "releaseCapture"}, "type": "method", "children": [{"attributes": {"text": "<p>Stop capturing of mouse events.</p>"}, "type": "desc"}]}]}]}