{"attributes": {"name": "Object", "packageName": "qx.event.handler", "superClass": "qx.core.Object", "fullName": "qx.event.handler.Object", "type": "class", "interfaces": "qx.event.IEventHandler"}, "type": "class", "children": [{"attributes": {"text": "<p>This class provides qooxdoo object event support.</p>"}, "type": "desc"}, {"attributes": {}, "type": "constants", "children": [{"attributes": {"name": "PRIORITY"}, "type": "constant", "children": [{"attributes": {"text": "<p>Priority of this handler</p>"}, "type": "desc"}, {"attributes": {}, "type": "types", "children": [{"attributes": {"type": "Integer"}, "type": "entry"}]}]}, {"attributes": {"name": "TARGET_CHECK"}, "type": "constant", "children": [{"attributes": {"text": "<p>Which target check to use</p>"}, "type": "desc"}, {"attributes": {}, "type": "types", "children": [{"attributes": {"type": "Integer"}, "type": "entry"}]}]}, {"attributes": {"type": "Boolean", "name": "IGNORE_CAN_HANDLE", "value": "false"}, "type": "constant", "children": [{"attributes": {"text": "<p>Whether the method &#8220;canHandleEvent&#8221; must be called</p>"}, "type": "desc"}, {"attributes": {}, "type": "types", "children": [{"attributes": {"type": "Integer"}, "type": "entry"}]}]}, {"attributes": {"type": "Null", "name": "SUPPORTED_TYPES", "value": "null"}, "type": "constant", "children": [{"attributes": {"text": "<p>Supported event types</p>"}, "type": "desc"}, {"attributes": {}, "type": "types", "children": [{"attributes": {"type": "Map"}, "type": "entry"}]}]}]}, {"attributes": {}, "type": "methods", "children": [{"attributes": {"docFrom": "qx.event.IEventHandler", "line": 73, "name": "canHandleEvent"}, "type": "method", "children": [{"attributes": {}, "type": "params", "children": [{"attributes": {"name": "target"}, "type": "param"}, {"attributes": {"name": "type"}, "type": "param"}]}]}, {"attributes": {"docFrom": "qx.event.IEventHandler", "line": 79, "name": "registerEvent"}, "type": "method", "children": [{"attributes": {}, "type": "params", "children": [{"attributes": {"name": "target"}, "type": "param"}, {"attributes": {"name": "type"}, "type": "param"}, {"attributes": {"name": "capture"}, "type": "param"}]}]}, {"attributes": {"docFrom": "qx.event.IEventHandler", "line": 85, "name": "unregisterEvent"}, "type": "method", "children": [{"attributes": {}, "type": "params", "children": [{"attributes": {"name": "target"}, "type": "param"}, {"attributes": {"name": "type"}, "type": "param"}, {"attributes": {"name": "capture"}, "type": "param"}]}]}]}]}