{"attributes": {"name": "Dom", "packageName": "qx.event.type", "superClass": "qx.event.type.Native", "childClasses": "qx.event.type.KeyInput,qx.event.type.KeySequence,qx.event.type.Mouse,qx.event.type.Touch", "fullName": "qx.event.type.Dom", "type": "class"}, "type": "class", "children": [{"attributes": {"text": "<p>Common base class for all <span class=\"caps\">DOM</span> events.</p>"}, "type": "desc"}, {"attributes": {}, "type": "constants", "children": [{"attributes": {"type": "Number", "name": "META_MASK", "value": "8"}, "type": "constant", "children": [{"attributes": {"text": "<p>The modifier mask for the meta key (e.g. apple key on Macs).</p>"}, "type": "desc"}, {"attributes": {}, "type": "types", "children": [{"attributes": {"type": "Integer"}, "type": "entry"}]}]}, {"attributes": {"type": "Number", "name": "ALT_MASK", "value": "4"}, "type": "constant", "children": [{"attributes": {"text": "<p>The modifier mask for the alt key.</p>"}, "type": "desc"}, {"attributes": {}, "type": "types", "children": [{"attributes": {"type": "Integer"}, "type": "entry"}]}]}, {"attributes": {"type": "Number", "name": "SHIFT_MASK", "value": "1"}, "type": "constant", "children": [{"attributes": {"text": "<p>The modifier mask for the shift key.</p>"}, "type": "desc"}, {"attributes": {}, "type": "types", "children": [{"attributes": {"type": "Integer"}, "type": "entry"}]}]}, {"attributes": {"type": "Number", "name": "CTRL_MASK", "value": "2"}, "type": "constant", "children": [{"attributes": {"text": "<p>The modifier mask for the control key.</p>"}, "type": "desc"}, {"attributes": {}, "type": "types", "children": [{"attributes": {"type": "Integer"}, "type": "entry"}]}]}]}, {"attributes": {}, "type": "methods", "children": [{"attributes": {"access": "protected", "docFrom": "qx.event.type.Native", "line": 50, "overriddenFrom": "qx.event.type.Native", "name": "_cloneNativeEvent"}, "type": "method", "children": [{"attributes": {}, "type": "params", "children": [{"attributes": {"name": "nativeEvent"}, "type": "param"}, {"attributes": {"name": "clone"}, "type": "param"}]}]}, {"attributes": {"line": 70, "name": "getModifiers"}, "type": "method", "children": [{"attributes": {"text": "<p>Return in a bit map, which modifier keys are pressed. The constants\n{@link #SHIFT_MASK}, {@link #CTRL_MASK}, {@link #ALT_MASK} and\n{@link #META_MASK} define the bit positions of the corresponding keys.</p>"}, "type": "desc"}, {"attributes": {}, "type": "return", "children": [{"attributes": {"text": "<p>A bit map with the pressed modifier keys.</p>"}, "type": "desc"}, {"attributes": {}, "type": "types", "children": [{"attributes": {"type": "Integer"}, "type": "entry"}]}]}]}, {"attributes": {"line": 115, "name": "isAltPressed"}, "type": "method", "children": [{"attributes": {"text": "<p>Returns whether the alt key is pressed.</p>"}, "type": "desc"}, {"attributes": {}, "type": "return", "children": [{"attributes": {"text": "<p>whether the alt key is pressed.</p>"}, "type": "desc"}, {"attributes": {}, "type": "types", "children": [{"attributes": {"type": "Boolean"}, "type": "entry"}]}]}]}, {"attributes": {"line": 136, "name": "isCtrlOrCommandPressed"}, "type": "method", "children": [{"attributes": {"text": "<p>Returns whether the ctrl key or (on the Mac) the command key is pressed.</p>"}, "type": "desc"}, {"attributes": {}, "type": "return", "children": [{"attributes": {"text": "<code>true</code> if the command key is pressed on the Mac or the ctrl key is pressed on another system."}, "type": "desc"}, {"attributes": {}, "type": "types", "children": [{"attributes": {"type": "Boolean"}, "type": "entry"}]}]}]}, {"attributes": {"line": 95, "name": "isCtrlPressed"}, "type": "method", "children": [{"attributes": {"text": "<p>Returns whether the ctrl key is pressed.</p>"}, "type": "desc"}, {"attributes": {}, "type": "return", "children": [{"attributes": {"text": "<p>whether the ctrl key is pressed.</p>"}, "type": "desc"}, {"attributes": {}, "type": "types", "children": [{"attributes": {"type": "Boolean"}, "type": "entry"}]}]}]}, {"attributes": {"line": 125, "name": "isMetaPressed"}, "type": "method", "children": [{"attributes": {"text": "<p>Returns whether the meta key is pressed.</p>"}, "type": "desc"}, {"attributes": {}, "type": "return", "children": [{"attributes": {"text": "<p>whether the meta key is pressed.</p>"}, "type": "desc"}, {"attributes": {}, "type": "types", "children": [{"attributes": {"type": "Boolean"}, "type": "entry"}]}]}]}, {"attributes": {"line": 105, "name": "isShiftPressed"}, "type": "method", "children": [{"attributes": {"text": "<p>Returns whether the shift key is pressed.</p>"}, "type": "desc"}, {"attributes": {}, "type": "return", "children": [{"attributes": {"text": "<p>whether the shift key is pressed.</p>"}, "type": "desc"}, {"attributes": {}, "type": "types", "children": [{"attributes": {"type": "Boolean"}, "type": "entry"}]}]}]}]}]}