{"attributes": {"name": "DragDrop", "packageName": "qx.event.handler", "superClass": "qx.core.Object", "fullName": "qx.event.handler.DragDrop", "type": "class", "interfaces": "qx.event.IEventHandler"}, "type": "class", "children": [{"attributes": {"text": "<p>Event handler, which supports drag events on <span class=\"caps\">DOM</span> elements.</p>"}, "type": "desc"}, {"attributes": {}, "type": "constructor", "children": [{"attributes": {"line": 44, "isCtor": true, "overriddenFrom": "qx.core.Object", "name": "ctor"}, "type": "method", "children": [{"attributes": {}, "type": "params", "children": [{"attributes": {"name": "manager"}, "type": "param", "children": [{"attributes": {"text": "<p>Event manager for the window to use</p>"}, "type": "desc"}, {"attributes": {}, "type": "types", "children": [{"attributes": {"type": "qx.event.Manager"}, "type": "entry"}]}]}]}, {"attributes": {"text": ""}, "type": "desc"}]}]}, {"attributes": {}, "type": "constants", "children": [{"attributes": {"name": "PRIORITY"}, "type": "constant", "children": [{"attributes": {"text": "<p>Priority of this handler</p>"}, "type": "desc"}, {"attributes": {}, "type": "types", "children": [{"attributes": {"type": "Integer"}, "type": "entry"}]}]}, {"attributes": {"type": "Number", "name": "MIN_DRAG_DISTANCE", "value": "5"}, "type": "constant", "children": [{"attributes": {"text": "<p>The distance needed to change the mouse position before a drag session start.</p>"}, "type": "desc"}]}, {"attributes": {"type": "Boolean", "name": "IGNORE_CAN_HANDLE", "value": "true"}, "type": "constant", "children": [{"attributes": {"text": "<p>Whether the method &#8220;canHandleEvent&#8221; must be called</p>"}, "type": "desc"}, {"attributes": {}, "type": "types", "children": [{"attributes": {"type": "Integer"}, "type": "entry"}]}]}, {"attributes": {"type": "Array", "name": "ALLOWED_BUTTONS", "value": "[\"left\"]"}, "type": "constant", "children": [{"attributes": {"text": "<p>Array of strings holding the names of the allowed mouse buttons\nfor Drag &amp; Drop. The default is &#8220;left&#8221; but could be extended with\n&#8220;middle&#8221; or &#8220;right&#8221;</p>"}, "type": "desc"}]}, {"attributes": {"name": "SUPPORTED_TYPES"}, "type": "constant", "children": [{"attributes": {"text": "<p>Supported event types</p>"}, "type": "desc"}, {"attributes": {}, "type": "types", "children": [{"attributes": {"type": "Map"}, "type": "entry"}]}]}]}, {"attributes": {}, "type": "methods", "children": [{"attributes": {"access": "private", "line": 329, "name": "__detectAction"}, "type": "method", "children": [{"attributes": {"text": "<p>Detects the current action and stores it under the private\nfield <code>__currentAction</code>. Also fires the event\n<code>dragchange</code> on every modification.</p>"}, "type": "desc"}]}, {"attributes": {"access": "private", "line": 413, "name": "__findDraggable"}, "type": "method", "children": [{"attributes": {}, "type": "params", "children": [{"attributes": {"name": "elem"}, "type": "param", "children": [{"attributes": {"text": "<p>The element to query</p>"}, "type": "desc"}, {"attributes": {}, "type": "types", "children": [{"attributes": {"type": "Element"}, "type": "entry"}]}]}]}, {"attributes": {"text": "<p>Finds next draggable parent of the given element. Maybe the element itself as well.</p>\n\n<p>Looks for the attribute <code>qxDraggable</code> with the value <code>on</code>.</p>"}, "type": "desc"}, {"attributes": {}, "type": "return", "children": [{"attributes": {"text": "<p>The next parent element which is draggable. May also be <code>null</code></p>"}, "type": "desc"}, {"attributes": {}, "type": "types", "children": [{"attributes": {"type": "Element"}, "type": "entry"}]}]}]}, {"attributes": {"access": "private", "line": 436, "name": "__findDroppable"}, "type": "method", "children": [{"attributes": {}, "type": "params", "children": [{"attributes": {"name": "elem"}, "type": "param", "children": [{"attributes": {"text": "<p>The element to query</p>"}, "type": "desc"}, {"attributes": {}, "type": "types", "children": [{"attributes": {"type": "Element"}, "type": "entry"}]}]}]}, {"attributes": {"text": "<p>Finds next droppable parent of the given element. Maybe the element itself as well.</p>\n\n<p>Looks for the attribute <code>qxDroppable</code> with the value <code>on</code>.</p>"}, "type": "desc"}, {"attributes": {}, "type": "return", "children": [{"attributes": {"text": "<p>The next parent element which is droppable. May also be <code>null</code></p>"}, "type": "desc"}, {"attributes": {}, "type": "types", "children": [{"attributes": {"type": "Element"}, "type": "entry"}]}]}]}, {"attributes": {"access": "private", "line": 392, "name": "__fireEvent"}, "type": "method", "children": [{"attributes": {}, "type": "params", "children": [{"attributes": {"name": "type"}, "type": "param", "children": [{"attributes": {"text": "<p>Event type</p>"}, "type": "desc"}, {"attributes": {}, "type": "types", "children": [{"attributes": {"type": "String"}, "type": "entry"}]}]}, {"attributes": {"name": "target"}, "type": "param", "children": [{"attributes": {"text": "<p>Target to fire on</p>"}, "type": "desc"}, {"attributes": {}, "type": "types", "children": [{"attributes": {"type": "Object"}, "type": "entry"}]}]}, {"attributes": {"name": "relatedTarget"}, "type": "param", "children": [{"attributes": {"text": "<p>Related target, i.e. drag or drop target depending on the drag event</p>"}, "type": "desc"}, {"attributes": {}, "type": "types", "children": [{"attributes": {"type": "Object"}, "type": "entry"}]}]}, {"attributes": {"name": "cancelable"}, "type": "param", "children": [{"attributes": {"text": "<p>Whether the event is cancelable</p>"}, "type": "desc"}, {"attributes": {}, "type": "types", "children": [{"attributes": {"type": "Boolean"}, "type": "entry"}]}]}, {"attributes": {"name": "original"}, "type": "param", "children": [{"attributes": {"text": "<p>Original pointer event</p>"}, "type": "desc"}, {"attributes": {}, "type": "types", "children": [{"attributes": {"type": "qx.event.type.Pointer"}, "type": "entry"}]}]}]}, {"attributes": {"text": "<p>Wrapper for {@link qx.event.Registration#fireEvent} for drag&amp;drop events\nneeded in this class.</p>"}, "type": "desc"}, {"attributes": {}, "type": "return", "children": [{"attributes": {"text": "<code>true</code> if the event's default behavior was not prevented"}, "type": "desc"}, {"attributes": {}, "type": "types", "children": [{"attributes": {"type": "Boolean"}, "type": "entry"}]}]}]}, {"attributes": {"access": "private", "line": 315, "name": "__rebuildStructures"}, "type": "method", "children": [{"attributes": {"text": "<p>Rebuilds the internal data storage used during a drag&amp;drop session</p>"}, "type": "desc"}]}, {"attributes": {"access": "protected", "line": 689, "name": "_onKeyDown"}, "type": "method", "children": [{"attributes": {}, "type": "params", "children": [{"attributes": {"name": "e"}, "type": "param", "children": [{"attributes": {"text": "<p>Event object</p>"}, "type": "desc"}, {"attributes": {}, "type": "types", "children": [{"attributes": {"type": "qx.event.type.KeySequence"}, "type": "entry"}]}]}]}, {"attributes": {"text": "<p>Event listener for root&#8217;s <code>keydown</code> event</p>"}, "type": "desc"}]}, {"attributes": {"access": "protected", "line": 731, "name": "_onKeyPress"}, "type": "method", "children": [{"attributes": {}, "type": "params", "children": [{"attributes": {"name": "e"}, "type": "param", "children": [{"attributes": {"text": "<p>Event object</p>"}, "type": "desc"}, {"attributes": {}, "type": "types", "children": [{"attributes": {"type": "qx.event.type.KeySequence"}, "type": "entry"}]}]}]}, {"attributes": {"text": "<p>Event listener for root&#8217;s <code>keypress</code> event</p>"}, "type": "desc"}]}, {"attributes": {"access": "protected", "line": 710, "name": "_onKeyUp"}, "type": "method", "children": [{"attributes": {}, "type": "params", "children": [{"attributes": {"name": "e"}, "type": "param", "children": [{"attributes": {"text": "<p>Event object</p>"}, "type": "desc"}, {"attributes": {}, "type": "types", "children": [{"attributes": {"type": "qx.event.type.KeySequence"}, "type": "entry"}]}]}]}, {"attributes": {"text": "<p>Event listener for root&#8217;s <code>keyup</code> event</p>"}, "type": "desc"}]}, {"attributes": {"access": "protected", "line": 496, "name": "_onLongtap"}, "type": "method", "children": [{"attributes": {}, "type": "params", "children": [{"attributes": {"name": "e"}, "type": "param", "children": [{"attributes": {"text": "<p>The longtap event.</p>"}, "type": "desc"}, {"attributes": {}, "type": "types", "children": [{"attributes": {"type": "qx.event.type.Tap"}, "type": "entry"}]}]}]}, {"attributes": {"text": "<p>Handler for long tap which takes care of starting the drag &amp; drop session for\ntouch interactions.</p>"}, "type": "desc"}]}, {"attributes": {"access": "protected", "line": 669, "name": "_onRoll"}, "type": "method", "children": [{"attributes": {}, "type": "params", "children": [{"attributes": {"name": "e"}, "type": "param", "children": [{"attributes": {"text": "<p>The roll event.</p>"}, "type": "desc"}, {"attributes": {}, "type": "types", "children": [{"attributes": {"type": "qx.event.type.Roll"}, "type": "entry"}]}]}]}, {"attributes": {"text": "<p>Roll listener to stop scrolling on touch devices.</p>"}, "type": "desc"}]}, {"attributes": {"access": "protected", "line": 566, "name": "_onTrack"}, "type": "method", "children": [{"attributes": {}, "type": "params", "children": [{"attributes": {"name": "e"}, "type": "param", "children": [{"attributes": {"text": "<p>The track event.</p>"}, "type": "desc"}, {"attributes": {}, "type": "types", "children": [{"attributes": {"type": "qx.event.type.Track"}, "type": "entry"}]}]}]}, {"attributes": {"text": "<p>Event handler for the track event which starts the session for mouse interactions and\nis responsible for firing the drag, dragover and dragleave event.</p>"}, "type": "desc"}]}, {"attributes": {"access": "protected", "line": 644, "name": "_onTrackEnd"}, "type": "method", "children": [{"attributes": {}, "type": "params", "children": [{"attributes": {"name": "e"}, "type": "param", "children": [{"attributes": {"text": "<p>The trackend event</p>"}, "type": "desc"}, {"attributes": {}, "type": "types", "children": [{"attributes": {"type": "qx.event.type.Track"}, "type": "entry"}]}]}]}, {"attributes": {"text": "<p>Handler for the trackend event which is responsible fore firing the drop event.</p>"}, "type": "desc"}]}, {"attributes": {"access": "protected", "line": 554, "name": "_onTrackStart"}, "type": "method", "children": [{"attributes": {}, "type": "params", "children": [{"attributes": {"name": "e"}, "type": "param", "children": [{"attributes": {"text": "<p>The track event.</p>"}, "type": "desc"}, {"attributes": {}, "type": "types", "children": [{"attributes": {"type": "qx.event.type.Track"}, "type": "entry"}]}]}]}, {"attributes": {"text": "<p>Event handler for the trackstart event which stores the initial targets.</p>"}, "type": "desc"}]}, {"attributes": {"access": "protected", "line": 679, "name": "_onWindowBlur"}, "type": "method", "children": [{"attributes": {}, "type": "params", "children": [{"attributes": {"name": "e"}, "type": "param", "children": [{"attributes": {"text": "<p>Event object</p>"}, "type": "desc"}, {"attributes": {}, "type": "types", "children": [{"attributes": {"type": "qx.event.type.Event"}, "type": "entry"}]}]}]}, {"attributes": {"text": "<p>Event listener for window&#8217;s <code>blur</code> event</p>"}, "type": "desc"}]}, {"attributes": {"access": "protected", "line": 512, "name": "_start"}, "type": "method", "children": [{"attributes": {}, "type": "params", "children": [{"attributes": {"name": "e"}, "type": "param", "children": [{"attributes": {"text": "<p>Either a longtap or pointermove event.</p>"}, "type": "desc"}, {"attributes": {}, "type": "types", "children": [{"attributes": {"type": "qx.event.type.Pointer"}, "type": "entry"}]}]}]}, {"attributes": {"text": "<p>Helper to start the drag &amp; drop session. It is responsible for firing the\ndragstart event and attaching the key listener.</p>"}, "type": "desc"}]}, {"attributes": {"line": 194, "name": "addAction"}, "type": "method", "children": [{"attributes": {}, "type": "params", "children": [{"attributes": {"name": "action"}, "type": "param", "children": [{"attributes": {"text": "<p>The action to add</p>"}, "type": "desc"}, {"attributes": {}, "type": "types", "children": [{"attributes": {"type": "String"}, "type": "entry"}]}]}]}, {"attributes": {"text": "<p>Registers a supported action. One of <code>move</code>,\n<code>copy</code> or <code>alias</code>.</p>"}, "type": "desc"}]}, {"attributes": {"line": 281, "name": "addData"}, "type": "method", "children": [{"attributes": {}, "type": "params", "children": [{"attributes": {"name": "type"}, "type": "param", "children": [{"attributes": {"text": "<p>Any valid type</p>"}, "type": "desc"}, {"attributes": {}, "type": "types", "children": [{"attributes": {"type": "String"}, "type": "entry"}]}]}, {"attributes": {"name": "data"}, "type": "param", "children": [{"attributes": {"text": "<p>Any data to store</p>"}, "type": "desc"}, {"attributes": {}, "type": "types", "children": [{"attributes": {"type": "var"}, "type": "entry"}]}]}]}, {"attributes": {"text": "<p>Adds data of the given type to the internal storage. The data\nis available until the <code>dragend</code> event is fired.</p>"}, "type": "desc"}]}, {"attributes": {"line": 184, "name": "addType"}, "type": "method", "children": [{"attributes": {}, "type": "params", "children": [{"attributes": {"name": "type"}, "type": "param", "children": [{"attributes": {"text": "<p>The type to add</p>"}, "type": "desc"}, {"attributes": {}, "type": "types", "children": [{"attributes": {"type": "String"}, "type": "entry"}]}]}]}, {"attributes": {"text": "<p>Registers a supported type</p>"}, "type": "desc"}]}, {"attributes": {"docFrom": "qx.event.IEventHandler", "line": 155, "name": "canHandleEvent"}, "type": "method", "children": [{"attributes": {}, "type": "params", "children": [{"attributes": {"name": "target"}, "type": "param"}, {"attributes": {"name": "type"}, "type": "param"}]}]}, {"attributes": {"line": 454, "name": "clearSession"}, "type": "method", "children": [{"attributes": {"text": "<p>Cleans up a drag&amp;drop session when <code>dragstart</code> was fired before.</p>"}, "type": "desc"}]}, {"attributes": {"line": 259, "name": "getCurrentAction"}, "type": "method", "children": [{"attributes": {"text": "<p>Returns the currently selected action (by user keyboard modifiers)</p>"}, "type": "desc"}, {"attributes": {}, "type": "return", "children": [{"attributes": {"text": "<p>One of <code>move</code>, <code>copy</code> or <code>alias</code></p>"}, "type": "desc"}, {"attributes": {}, "type": "types", "children": [{"attributes": {"type": "String"}, "type": "entry"}]}]}]}, {"attributes": {"line": 291, "name": "getCurrentType"}, "type": "method", "children": [{"attributes": {"text": "<p>Returns the type which was requested last.</p>"}, "type": "desc"}, {"attributes": {}, "type": "return", "children": [{"attributes": {"text": "<p>The last requested data type</p>"}, "type": "desc"}, {"attributes": {}, "type": "types", "children": [{"attributes": {"type": "String"}, "type": "entry"}]}]}]}, {"attributes": {"name": "getCursor", "fromProperty": "cursor"}, "type": "method", "children": [{"attributes": {"text": "<p>Returns the (computed) value of the property <code>cursor</code>.</p>\n\n<p>For further details take a look at the property definition: {@link #cursor}.</p>"}, "type": "desc"}, {"attributes": {}, "type": "return", "children": [{"attributes": {"text": "<p>(Computed) value of <code>cursor</code>.</p>"}, "type": "desc"}, {"attributes": {}, "type": "types", "children": [{"attributes": {"type": "var"}, "type": "entry"}]}]}]}, {"attributes": {"line": 229, "name": "getData"}, "type": "method", "children": [{"attributes": {}, "type": "params", "children": [{"attributes": {"name": "type"}, "type": "param", "children": [{"attributes": {"text": "<p>Any supported type</p>"}, "type": "desc"}, {"attributes": {}, "type": "types", "children": [{"attributes": {"type": "String"}, "type": "entry"}]}]}]}, {"attributes": {"text": "<p>Returns the data of the given type during the <code>drop</code> event\non the drop target. This method fires a <code>droprequest</code> at\nthe drag target which should be answered by calls to {@link #addData}.</p>"}, "type": "desc"}, {"attributes": {}, "type": "return", "children": [{"attributes": {"text": "<p>The result data</p>"}, "type": "desc"}, {"attributes": {}, "type": "types", "children": [{"attributes": {"type": "var"}, "type": "entry"}]}]}]}, {"attributes": {"line": 269, "name": "getDragTarget"}, "type": "method", "children": [{"attributes": {"text": "<p>Returns the widget which has been the target of the drag start.</p>"}, "type": "desc"}, {"attributes": {}, "type": "return", "children": [{"attributes": {"text": "<p>The widget on which the drag started.</p>"}, "type": "desc"}, {"attributes": {}, "type": "types", "children": [{"attributes": {"type": "qx.ui.core.Widget"}, "type": "entry"}]}]}]}, {"attributes": {"access": "protected", "name": "initCursor", "fromProperty": "cursor"}, "type": "method", "children": [{"attributes": {}, "type": "params", "children": [{"attributes": {"name": "value"}, "type": "param", "children": [{"attributes": {"text": "<p>Initial value for property <code>cursor</code>.</p>"}, "type": "desc"}, {"attributes": {}, "type": "types", "children": [{"attributes": {"type": "var"}, "type": "entry"}]}]}]}, {"attributes": {"text": "<p>Calls the apply method and dispatches the change event of the property <code>cursor</code>\nwith the default value defined by the class developer. This function can\nonly be called from the constructor of a class.</p>\n\n<p>For further details take a look at the property definition: {@link #cursor}.</p>"}, "type": "desc"}, {"attributes": {}, "type": "return", "children": [{"attributes": {"text": "<p>the default value</p>"}, "type": "desc"}, {"attributes": {}, "type": "types", "children": [{"attributes": {"type": "var"}, "type": "entry"}]}]}]}, {"attributes": {"line": 301, "name": "isSessionActive"}, "type": "method", "children": [{"attributes": {"text": "<p>Returns if a drag session is currently active</p>"}, "type": "desc"}, {"attributes": {}, "type": "return", "children": [{"attributes": {"text": "<p>active drag session</p>"}, "type": "desc"}, {"attributes": {}, "type": "types", "children": [{"attributes": {"type": "Boolean"}, "type": "entry"}]}]}]}, {"attributes": {"docFrom": "qx.event.IEventHandler", "line": 159, "name": "registerEvent"}, "type": "method", "children": [{"attributes": {}, "type": "params", "children": [{"attributes": {"name": "target"}, "type": "param"}, {"attributes": {"name": "type"}, "type": "param"}, {"attributes": {"name": "capture"}, "type": "param"}]}]}, {"attributes": {"name": "resetCursor", "fromProperty": "cursor"}, "type": "method", "children": [{"attributes": {"text": "<p>Resets the user value of the property <code>cursor</code>.</p>\n\n<p>The computed value falls back to the next available value e.g. appearance, init or\ninheritance value depeneding on the property configuration and value availability.</p>\n\n<p>For further details take a look at the property definition: {@link #cursor}.</p>"}, "type": "desc"}]}, {"attributes": {"name": "setCursor", "fromProperty": "cursor"}, "type": "method", "children": [{"attributes": {}, "type": "params", "children": [{"attributes": {"name": "value"}, "type": "param", "children": [{"attributes": {"text": "<p>New value for property <code>cursor</code>.</p>"}, "type": "desc"}, {"attributes": {}, "type": "types", "children": [{"attributes": {"type": "var"}, "type": "entry"}]}]}]}, {"attributes": {"text": "<p>Sets the user value of the property <code>cursor</code>.</p>\n\n<p>For further details take a look at the property definition: {@link #cursor}.</p>"}, "type": "desc"}, {"attributes": {}, "type": "return", "children": [{"attributes": {"text": "<p>The unmodified incoming value.</p>"}, "type": "desc"}, {"attributes": {}, "type": "types", "children": [{"attributes": {"type": "var"}, "type": "entry"}]}]}]}, {"attributes": {"line": 216, "name": "supportsAction"}, "type": "method", "children": [{"attributes": {}, "type": "params", "children": [{"attributes": {"name": "type"}, "type": "param", "children": [{"attributes": {"text": "<p>Any type</p>"}, "type": "desc"}, {"attributes": {}, "type": "types", "children": [{"attributes": {"type": "String"}, "type": "entry"}]}]}]}, {"attributes": {"text": "<p>Whether the current drag target supports the given action</p>"}, "type": "desc"}, {"attributes": {}, "type": "return", "children": [{"attributes": {"text": "<p>Whether the action is supported</p>"}, "type": "desc"}, {"attributes": {}, "type": "types", "children": [{"attributes": {"type": "Boolean"}, "type": "entry"}]}]}]}, {"attributes": {"line": 205, "name": "supportsType"}, "type": "method", "children": [{"attributes": {}, "type": "params", "children": [{"attributes": {"name": "type"}, "type": "param", "children": [{"attributes": {"text": "<p>Any type</p>"}, "type": "desc"}, {"attributes": {}, "type": "types", "children": [{"attributes": {"type": "String"}, "type": "entry"}]}]}]}, {"attributes": {"text": "<p>Whether the current drag target supports the given type</p>"}, "type": "desc"}, {"attributes": {}, "type": "return", "children": [{"attributes": {"text": "<p>Whether the type is supported</p>"}, "type": "desc"}, {"attributes": {}, "type": "types", "children": [{"attributes": {"type": "Boolean"}, "type": "entry"}]}]}]}, {"attributes": {"docFrom": "qx.event.IEventHandler", "line": 165, "name": "unregisterEvent"}, "type": "method", "children": [{"attributes": {}, "type": "params", "children": [{"attributes": {"name": "target"}, "type": "param"}, {"attributes": {"name": "type"}, "type": "param"}, {"attributes": {"name": "capture"}, "type": "param"}]}]}]}, {"attributes": {}, "type": "properties", "children": [{"attributes": {"allowNull": "true", "defaultValue": "null", "propertyType": "new", "check": "qx.ui.core.Widget", "name": "cursor"}, "type": "property", "children": [{"attributes": {"text": "<p>Widget instance of the drag &amp; drop cursor. If non is given, the default\n{@link qx.ui.core.DragDropCursor} will be used.</p>"}, "type": "desc"}]}]}]}