{"attributes": {"fullName": "qx.event.type.Roll", "packageName": "qx.event.type", "type": "class", "name": "Roll", "superClass": "qx.event.type.Pointer"}, "type": "class", "children": [{"attributes": {"text": "<p>Roll event object.</p>"}, "type": "desc"}, {"attributes": {}, "type": "methods", "children": [{"attributes": {"access": "protected", "docFrom": "qx.event.type.Native", "line": 39, "overriddenFrom": "qx.event.type.Pointer", "name": "_cloneNativeEvent"}, "type": "method", "children": [{"attributes": {}, "type": "params", "children": [{"attributes": {"name": "nativeEvent"}, "type": "param"}, {"attributes": {"name": "clone"}, "type": "param"}]}]}, {"attributes": {"line": 79, "name": "getDelta"}, "type": "method", "children": [{"attributes": {"text": "<p>Returns a map with the calculated delta coordinates and axis,\nrelative to the last <code>roll</code> event.</p>"}, "type": "desc"}, {"attributes": {}, "type": "return", "children": [{"attributes": {"text": "<p>a map with contains the delta as <code>x</code> and <code>y</code></p>"}, "type": "desc"}, {"attributes": {}, "type": "types", "children": [{"attributes": {"type": "Map"}, "type": "entry"}]}]}]}, {"attributes": {"line": 55, "name": "getMomentum"}, "type": "method", "children": [{"attributes": {"text": "<p>Boolean flag to indicate if this event was triggered by a momentum.</p>"}, "type": "desc"}, {"attributes": {}, "type": "return", "children": [{"attributes": {"text": "<code>true</code>, if the event is momentum based"}, "type": "desc"}, {"attributes": {}, "type": "types", "children": [{"attributes": {"type": "Boolean"}, "type": "entry"}]}]}]}, {"attributes": {"docFrom": "qx.event.type.Event", "line": 31, "overriddenFrom": "qx.event.type.Mouse", "name": "stop"}, "type": "method"}, {"attributes": {"line": 63, "name": "stopMomentum"}, "type": "method", "children": [{"attributes": {"text": "<p>Stops the momentum events.</p>"}, "type": "desc"}]}]}]}