{"attributes": {"fullName": "qx.event.util.Keyboard", "packageName": "qx.event.util", "isStatic": true, "type": "bootstrap", "name": "Keyboard"}, "type": "class", "children": [{"attributes": {"text": "<p>Utilities for working with character codes and key identifiers</p>"}, "type": "desc"}, {"attributes": {}, "type": "constants", "children": [{"attributes": {"name": "charCode0"}, "type": "constant", "children": [{"attributes": {"text": "<p>char code for 0</p>"}, "type": "desc"}]}, {"attributes": {"name": "numpadToCharCode"}, "type": "constant", "children": [{"attributes": {"text": "<p>maps the keycodes of the numpad keys to the right charcodes</p>"}, "type": "desc"}, {"attributes": {}, "type": "types", "children": [{"attributes": {"type": "Map"}, "type": "entry"}]}]}, {"attributes": {"name": "charCode9"}, "type": "constant", "children": [{"attributes": {"text": "<p>char code for 9</p>"}, "type": "desc"}]}, {"attributes": {"name": "charCodeZ"}, "type": "constant", "children": [{"attributes": {"text": "<p>char code for capital Z</p>"}, "type": "desc"}]}, {"attributes": {"name": "specialCharCodeMap"}, "type": "constant", "children": [{"attributes": {"text": "<p>maps the charcodes of special printable keys to key identifiers</p>"}, "type": "desc"}, {"attributes": {}, "type": "types", "children": [{"attributes": {"type": "Map"}, "type": "entry"}]}]}, {"attributes": {"name": "charCodeA"}, "type": "constant", "children": [{"attributes": {"text": "<p>char code for capital A</p>"}, "type": "desc"}]}, {"attributes": {"name": "keyCodeToIdentifierMap"}, "type": "constant", "children": [{"attributes": {"text": "<p>maps the keycodes of non printable keys to key identifiers</p>"}, "type": "desc"}, {"attributes": {}, "type": "types", "children": [{"attributes": {"type": "Map"}, "type": "entry"}]}]}]}, {"attributes": {}, "type": "methods-static", "children": [{"attributes": {"line": 168, "isStatic": true, "name": "charCodeToIdentifier"}, "type": "method", "children": [{"attributes": {}, "type": "params", "children": [{"attributes": {"name": "charCode"}, "type": "param", "children": [{"attributes": {"text": "<p>character code</p>"}, "type": "desc"}, {"attributes": {}, "type": "types", "children": [{"attributes": {"type": "String"}, "type": "entry"}]}]}]}, {"attributes": {"text": "<p>converts a character code to the corresponding identifier</p>"}, "type": "desc"}, {"attributes": {}, "type": "return", "children": [{"attributes": {"text": "<p>key identifier</p>"}, "type": "desc"}, {"attributes": {}, "type": "types", "children": [{"attributes": {"type": "String"}, "type": "entry"}]}]}]}, {"attributes": {"line": 179, "isStatic": true, "name": "isIdentifiableKeyCode"}, "type": "method", "children": [{"attributes": {}, "type": "params", "children": [{"attributes": {"name": "keyCode"}, "type": "param", "children": [{"attributes": {"text": "<p>key code to check.</p>"}, "type": "desc"}, {"attributes": {}, "type": "types", "children": [{"attributes": {"type": "String"}, "type": "entry"}]}]}]}, {"attributes": {"text": "<p>Check whether the keycode can be reliably detected in keyup/keydown events</p>"}, "type": "desc"}, {"attributes": {}, "type": "return", "children": [{"attributes": {"text": "<p>Whether the keycode can be reliably detected in keyup/keydown events.</p>"}, "type": "desc"}, {"attributes": {}, "type": "types", "children": [{"attributes": {"type": "Boolean"}, "type": "entry"}]}]}]}, {"attributes": {"line": 215, "isStatic": true, "name": "isNonPrintableKeyCode"}, "type": "method", "children": [{"attributes": {}, "type": "params", "children": [{"attributes": {"name": "keyCode"}, "type": "param", "children": [{"attributes": {"text": "<p>key code to check.</p>"}, "type": "desc"}, {"attributes": {}, "type": "types", "children": [{"attributes": {"type": "String"}, "type": "entry"}]}]}]}, {"attributes": {"text": "<p>Checks whether the keyCode represents a non printable key</p>"}, "type": "desc"}, {"attributes": {}, "type": "return", "children": [{"attributes": {"text": "<p>Whether the keyCode represents a non printable key.</p>"}, "type": "desc"}, {"attributes": {}, "type": "types", "children": [{"attributes": {"type": "Boolean"}, "type": "entry"}]}]}]}, {"attributes": {"line": 264, "isStatic": true, "name": "isPrintableKeyIdentifier"}, "type": "method", "children": [{"attributes": {}, "type": "params", "children": [{"attributes": {"name": "keyIdentifier"}, "type": "param", "children": [{"attributes": {"text": "<p>The key identifier.</p>"}, "type": "desc"}, {"attributes": {}, "type": "types", "children": [{"attributes": {"type": "String"}, "type": "entry"}]}]}]}, {"attributes": {"text": "<p>Checks whether a given string is a printable keyIdentifier.</p>"}, "type": "desc"}, {"attributes": {}, "type": "return", "children": [{"attributes": {"text": "<p>whether the given string is a printable keyIdentifier.</p>"}, "type": "desc"}, {"attributes": {}, "type": "types", "children": [{"attributes": {"type": "Boolean"}, "type": "entry"}]}]}]}, {"attributes": {"line": 226, "isStatic": true, "name": "isValidKeyIdentifier"}, "type": "method", "children": [{"attributes": {}, "type": "params", "children": [{"attributes": {"name": "keyIdentifier"}, "type": "param", "children": [{"attributes": {"text": "<p>The key identifier.</p>"}, "type": "desc"}, {"attributes": {}, "type": "types", "children": [{"attributes": {"type": "String"}, "type": "entry"}]}]}]}, {"attributes": {"text": "<p>Checks whether a given string is a valid keyIdentifier</p>"}, "type": "desc"}, {"attributes": {}, "type": "return", "children": [{"attributes": {"text": "<p>whether the given string is a valid keyIdentifier</p>"}, "type": "desc"}, {"attributes": {}, "type": "types", "children": [{"attributes": {"type": "Boolean"}, "type": "entry"}]}]}]}, {"attributes": {"line": 143, "isStatic": true, "name": "keyCodeToIdentifier"}, "type": "method", "children": [{"attributes": {}, "type": "params", "children": [{"attributes": {"name": "keyCode"}, "type": "param", "children": [{"attributes": {"text": "<p>key code</p>"}, "type": "desc"}, {"attributes": {}, "type": "types", "children": [{"attributes": {"type": "Integer"}, "type": "entry"}]}]}]}, {"attributes": {"text": "<p>converts a keyboard code to the corresponding identifier</p>"}, "type": "desc"}, {"attributes": {}, "type": "return", "children": [{"attributes": {"text": "<p>key identifier</p>"}, "type": "desc"}, {"attributes": {}, "type": "types", "children": [{"attributes": {"type": "String"}, "type": "entry"}]}]}]}]}]}