{"attributes": {"fullName": "qx.event.type.KeyInput", "packageName": "qx.event.type", "type": "class", "name": "KeyInput", "superClass": "qx.event.type.Dom"}, "type": "class", "children": [{"attributes": {"text": "<p>Keyboard input event object.</p>\n\n<p>the interface of this class is based on the <span class=\"caps\">DOM</span> Level 3 keyboard event\ninterface: <a href=\"http://www.w3.org/TR/DOM-Level-3-Events/#events-keyboardevents\">http://www.w3.org/TR/DOM-Level-3-Events/#events-keyboardevents</a></p>"}, "type": "desc"}, {"attributes": {}, "type": "methods", "children": [{"attributes": {"docFrom": "qx.event.type.Event", "line": 62, "overriddenFrom": "qx.event.type.Native", "name": "clone"}, "type": "method", "children": [{"attributes": {}, "type": "params", "children": [{"attributes": {"name": "embryo"}, "type": "param"}]}]}, {"attributes": {"line": 87, "name": "getChar"}, "type": "method", "children": [{"attributes": {"text": "<p>Returns the pressed character</p>"}, "type": "desc"}, {"attributes": {}, "type": "return", "children": [{"attributes": {"text": "<p>The character</p>"}, "type": "desc"}, {"attributes": {}, "type": "types", "children": [{"attributes": {"type": "String"}, "type": "entry"}]}]}]}, {"attributes": {"line": 77, "name": "getCharCode"}, "type": "method", "children": [{"attributes": {"text": "<p>Unicode number of the pressed character.</p>"}, "type": "desc"}, {"attributes": {}, "type": "return", "children": [{"attributes": {"text": "<p>Unicode number of the pressed character</p>"}, "type": "desc"}, {"attributes": {}, "type": "types", "children": [{"attributes": {"type": "Integer"}, "type": "entry"}]}]}]}, {"attributes": {"line": 51, "overriddenFrom": "qx.event.type.Native", "name": "init"}, "type": "method", "children": [{"attributes": {}, "type": "params", "children": [{"attributes": {"name": "domEvent"}, "type": "param", "children": [{"attributes": {"text": "<p><span class=\"caps\">DOM</span> event</p>"}, "type": "desc"}, {"attributes": {}, "type": "types", "children": [{"attributes": {"type": "Event"}, "type": "entry"}]}]}, {"attributes": {"name": "target"}, "type": "param", "children": [{"attributes": {"text": "<p>The event target</p>"}, "type": "desc"}, {"attributes": {}, "type": "types", "children": [{"attributes": {"type": "Object"}, "type": "entry"}]}]}, {"attributes": {"name": "charCode"}, "type": "param", "children": [{"attributes": {"text": "<p>the character code</p>"}, "type": "desc"}, {"attributes": {}, "type": "types", "children": [{"attributes": {"type": "Integer"}, "type": "entry"}]}]}]}, {"attributes": {"text": "<p>Initialize the fields of the event.</p>"}, "type": "desc"}, {"attributes": {}, "type": "return", "children": [{"attributes": {"text": "<p>The initialized key event instance</p>"}, "type": "desc"}, {"attributes": {}, "type": "types", "children": [{"attributes": {"type": "qx.event.type.KeyInput"}, "type": "entry"}]}]}]}]}]}