{"attributes": {"name": "Direct", "packageName": "qx.event.dispatch", "superClass": "qx.core.Object", "fullName": "qx.event.dispatch.Direct", "type": "class", "interfaces": "qx.event.IEventDispatcher"}, "type": "class", "children": [{"attributes": {"text": "<p>Dispatches events directly on the event target (no bubbling nor capturing).</p>"}, "type": "desc"}, {"attributes": {}, "type": "constructor", "children": [{"attributes": {"line": 42, "isCtor": true, "overriddenFrom": "qx.core.Object", "name": "ctor"}, "type": "method", "children": [{"attributes": {}, "type": "params", "children": [{"attributes": {"name": "manager"}, "type": "param", "children": [{"attributes": {"text": "<p>Event manager for the window to use</p>"}, "type": "desc"}, {"attributes": {}, "type": "types", "children": [{"attributes": {"type": "qx.event.Manager"}, "type": "entry"}]}]}]}, {"attributes": {"text": "<p>Create a new instance</p>"}, "type": "desc"}]}]}, {"attributes": {}, "type": "constants", "children": [{"attributes": {"name": "PRIORITY"}, "type": "constant", "children": [{"attributes": {"text": "<p>Priority of this dispatcher</p>"}, "type": "desc"}, {"attributes": {}, "type": "types", "children": [{"attributes": {"type": "Integer"}, "type": "entry"}]}]}]}, {"attributes": {}, "type": "methods", "children": [{"attributes": {"docFrom": "qx.event.IEventDispatcher", "line": 83, "name": "canDispatchEvent"}, "type": "method", "children": [{"attributes": {}, "type": "params", "children": [{"attributes": {"name": "target"}, "type": "param"}, {"attributes": {"name": "event"}, "type": "param"}, {"attributes": {"name": "type"}, "type": "param"}]}]}, {"attributes": {"docFrom": "qx.core.MEvent", "line": 89, "overriddenFrom": "qx.core.MEvent", "name": "dispatchEvent"}, "type": "method", "children": [{"attributes": {}, "type": "params", "children": [{"attributes": {"name": "target"}, "type": "param"}, {"attributes": {"name": "event"}, "type": "param"}, {"attributes": {"name": "type"}, "type": "param"}]}]}]}]}