{"attributes": {"fullName": "qx.event.type.KeySequence", "packageName": "qx.event.type", "type": "class", "name": "KeySequence", "superClass": "qx.event.type.Dom"}, "type": "class", "children": [{"attributes": {"text": "<p>Keyboard event object.</p>\n\n<p>the interface of this class is based on the <span class=\"caps\">DOM</span> Level 3 keyboard event\ninterface: <a href=\"http://www.w3.org/TR/DOM-Level-3-Events/#events-keyboardevents\">http://www.w3.org/TR/DOM-Level-3-Events/#events-keyboardevents</a></p>"}, "type": "desc"}, {"attributes": {}, "type": "methods", "children": [{"attributes": {"docFrom": "qx.event.type.Event", "line": 63, "overriddenFrom": "qx.event.type.Native", "name": "clone"}, "type": "method", "children": [{"attributes": {}, "type": "params", "children": [{"attributes": {"name": "embryo"}, "type": "param"}]}]}, {"attributes": {"line": 144, "name": "getKeyCode"}, "type": "method", "children": [{"attributes": {"text": "<p>Returns the native keyCode and is best used on keydown/keyup events to\ncheck which physical key was pressed.\nDon&#8217;t use this on keypress events because it&#8217;s erroneous and\ninconsistent across browsers. But it can be used to detect which key is\nexactly pressed (e.g. for num pad keys).\nIn any regular case, you should use {@link #getKeyIdentifier} which\ntakes care of all cross browser stuff.</p>\n\n<p>The key codes are not character codes, they are just <span class=\"caps\">ASCII</span> codes to\nidentify the keyboard (or other input devices) keys.</p>"}, "type": "desc"}, {"attributes": {}, "type": "return", "children": [{"attributes": {"text": "<p>The key code.</p>"}, "type": "desc"}, {"attributes": {}, "type": "types", "children": [{"attributes": {"type": "Number"}, "type": "entry"}]}]}]}, {"attributes": {"line": 125, "name": "getKeyIdentifier"}, "type": "method", "children": [{"attributes": {"text": "<p>Identifier of the pressed key. This property is modeled after the <em>KeyboardEvent.keyIdentifier</em> property\nof the W3C <span class=\"caps\">DOM</span> 3 event specification\n(<a href=\"http://www.w3.org/TR/2003/NOTE-DOM-Level-3-Events-20031107/events.html#Events-KeyboardEvent-keyIdentifier\">http://www.w3.org/TR/2003/NOTE-DOM-Level-3-Events-20031107/events.html#Events-KeyboardEvent-keyIdentifier</a>).</p>\n\n<p>Printable keys are represented by an unicode string, non-printable keys\nhave one of the following values:</p>\n\n<table>\n<tr><th>Backspace</th><td>The Backspace (Back) key.</td></tr>\n<tr><th>Tab</th><td>The Horizontal Tabulation (Tab) key.</td></tr>\n<tr><th>Space</th><td>The Space (Spacebar) key.</td></tr>\n<tr><th>Enter</th><td>The Enter key. Note: This key identifier is also used for the Return (Macintosh numpad) key.</td></tr>\n<tr><th>Shift</th><td>The Shift key.</td></tr>\n<tr><th>Control</th><td>The Control (Ctrl) key.</td></tr>\n<tr><th>Alt</th><td>The Alt (Menu) key.</td></tr>\n<tr><th>CapsLock</th><td>The CapsLock key</td></tr>\n<tr><th>Meta</th><td>The Meta key. (Apple Meta and Windows key)</td></tr>\n<tr><th>Escape</th><td>The Escape (Esc) key.</td></tr>\n<tr><th>Left</th><td>The Left Arrow key.</td></tr>\n<tr><th>Up</th><td>The Up Arrow key.</td></tr>\n<tr><th>Right</th><td>The Right Arrow key.</td></tr>\n<tr><th>Down</th><td>The Down Arrow key.</td></tr>\n<tr><th>PageUp</th><td>The Page Up key.</td></tr>\n<tr><th>PageDown</th><td>The Page Down (Next) key.</td></tr>\n<tr><th>End</th><td>The End key.</td></tr>\n<tr><th>Home</th><td>The Home key.</td></tr>\n<tr><th>Insert</th><td>The Insert (Ins) key. (Does not fire in Opera/Win)</td></tr>\n<tr><th>Delete</th><td>The Delete (Del) Key.</td></tr>\n<tr><th>F1</th><td>The F1 key.</td></tr>\n<tr><th>F2</th><td>The F2 key.</td></tr>\n<tr><th>F3</th><td>The F3 key.</td></tr>\n<tr><th>F4</th><td>The F4 key.</td></tr>\n<tr><th>F5</th><td>The F5 key.</td></tr>\n<tr><th>F6</th><td>The F6 key.</td></tr>\n<tr><th>F7</th><td>The F7 key.</td></tr>\n<tr><th>F8</th><td>The F8 key.</td></tr>\n<tr><th>F9</th><td>The F9 key.</td></tr>\n<tr><th>F10</th><td>The F10 key.</td></tr>\n<tr><th>F11</th><td>The F11 key.</td></tr>\n<tr><th>F12</th><td>The F12 key.</td></tr>\n<tr><th>NumLock</th><td>The Num Lock key.</td></tr>\n<tr><th>PrintScreen</th><td>The Print Screen (PrintScrn, SnapShot) key.</td></tr>\n<tr><th>Scroll</th><td>The scroll lock key</td></tr>\n<tr><th>Pause</th><td>The pause/break key</td></tr>\n<tr><th>Win</th><td>The Windows Logo key</td></tr>\n<tr><th>Apps</th><td>The Application key (Windows Context Menu)</td></tr>\n</table>"}, "type": "desc"}, {"attributes": {}, "type": "return", "children": [{"attributes": {"text": "<p>The key identifier</p>"}, "type": "desc"}, {"attributes": {}, "type": "types", "children": [{"attributes": {"type": "String"}, "type": "entry"}]}]}]}, {"attributes": {"line": 51, "overriddenFrom": "qx.event.type.Native", "name": "init"}, "type": "method", "children": [{"attributes": {}, "type": "params", "children": [{"attributes": {"name": "domEvent"}, "type": "param", "children": [{"attributes": {"text": "<p><span class=\"caps\">DOM</span> event</p>"}, "type": "desc"}, {"attributes": {}, "type": "types", "children": [{"attributes": {"type": "Event"}, "type": "entry"}]}]}, {"attributes": {"name": "target"}, "type": "param", "children": [{"attributes": {"text": "<p>The event target</p>"}, "type": "desc"}, {"attributes": {}, "type": "types", "children": [{"attributes": {"type": "Object"}, "type": "entry"}]}]}, {"attributes": {"name": "identifier"}, "type": "param", "children": [{"attributes": {"text": "<p>Key identifier</p>"}, "type": "desc"}, {"attributes": {}, "type": "types", "children": [{"attributes": {"type": "String"}, "type": "entry"}]}]}]}, {"attributes": {"text": "<p>Initialize the fields of the event.</p>"}, "type": "desc"}, {"attributes": {}, "type": "return", "children": [{"attributes": {"text": "<p>The initialized key event instance</p>"}, "type": "desc"}, {"attributes": {}, "type": "types", "children": [{"attributes": {"type": "qx.event.type.KeySequence"}, "type": "entry"}]}]}]}, {"attributes": {"line": 154, "name": "isPrintable"}, "type": "method", "children": [{"attributes": {"text": "<p>Checks whether the pressed key is printable.</p>"}, "type": "desc"}, {"attributes": {}, "type": "return", "children": [{"attributes": {"text": "<p>Whether the pressed key is printable.</p>"}, "type": "desc"}, {"attributes": {}, "type": "types", "children": [{"attributes": {"type": "Boolean"}, "type": "entry"}]}]}]}]}]}