{"attributes": {"name": "Mouse", "packageName": "qx.event.type", "superClass": "qx.event.type.Dom", "childClasses": "qx.event.type.MouseWheel,qx.event.type.Pointer", "fullName": "qx.event.type.Mouse", "type": "class"}, "type": "class", "children": [{"attributes": {"text": "<p>Mouse event object.</p>\n\n<p>the interface of this class is based on the <span class=\"caps\">DOM</span> Level 2 mouse event\ninterface: <a href=\"http://www.w3.org/TR/DOM-Level-2-Events/events.html#Events-eventgroupings-mouseevents\">http://www.w3.org/TR/DOM-Level-2-Events/events.html#Events-eventgroupings-mouseevents</a></p>"}, "type": "desc"}, {"attributes": {}, "type": "methods", "children": [{"attributes": {"access": "protected", "docFrom": "qx.event.type.Native", "line": 45, "overriddenFrom": "qx.event.type.Dom", "name": "_cloneNativeEvent"}, "type": "method", "children": [{"attributes": {}, "type": "params", "children": [{"attributes": {"name": "nativeEvent"}, "type": "param"}, {"attributes": {"name": "clone"}, "type": "param"}]}]}, {"attributes": {"line": 146, "name": "getButton"}, "type": "method", "children": [{"attributes": {"text": "<p>During mouse events caused by the depression or release of a mouse button,\nthis method can be used to check which mouse button changed state.</p>\n\n<p>Only internet explorer can compute the button during mouse move events. For\nall other browsers the button only contains sensible data during\n&#8220;click&#8221; events like &#8220;click&#8221;, &#8220;dblclick&#8221;, &#8220;mousedown&#8221;, &#8220;mouseup&#8221; or &#8220;contextmenu&#8221;.</p>\n\n<p>But still, browsers act different on click:</p>\n\n<pre>\n<- = left mouse button\n-> = right mouse button\n^  = middle mouse button\n\nBrowser | click, dblclick | contextmenu\n---------------------------------------\nFirefox | <- ^ ->         | ->\nChrome  | <- ^            | ->\nSafari  | <- ^            | ->\nIE      | <- (^ is <-)    | ->\nOpera   | <-              | -> (twice)\n</pre>"}, "type": "desc"}, {"attributes": {}, "type": "return", "children": [{"attributes": {"text": "<p>One of &#8220;left&#8221;, &#8220;right&#8221;, &#8220;middle&#8221; or &#8220;none&#8221;</p>"}, "type": "desc"}, {"attributes": {}, "type": "types", "children": [{"attributes": {"type": "String"}, "type": "entry"}]}]}]}, {"attributes": {"line": 250, "name": "getDocumentLeft"}, "type": "method", "children": [{"attributes": {"text": "<p>Get the horizontal position at which the event occurred relative to the\nleft of the document. This property takes into account any scrolling of\nthe page.</p>"}, "type": "desc"}, {"attributes": {}, "type": "return", "children": [{"attributes": {"text": "<p>The horizontal mouse position in the document.</p>"}, "type": "desc"}, {"attributes": {}, "type": "types", "children": [{"attributes": {"type": "Integer"}, "type": "entry"}]}]}]}, {"attributes": {"line": 270, "name": "getDocumentTop"}, "type": "method", "children": [{"attributes": {"text": "<p>Get the vertical position at which the event occurred relative to the\ntop of the document. This property takes into account any scrolling of\nthe page.</p>"}, "type": "desc"}, {"attributes": {}, "type": "return", "children": [{"attributes": {"text": "<p>The vertical mouse position in the document.</p>"}, "type": "desc"}, {"attributes": {}, "type": "types", "children": [{"attributes": {"type": "Integer"}, "type": "entry"}]}]}]}, {"attributes": {"line": 215, "overriddenFrom": "qx.event.type.Event", "name": "getRelatedTarget"}, "type": "method", "children": [{"attributes": {"text": "<p>Get a secondary event target related to an UI event. This attribute is\nused with the mouseover event to indicate the event target which the\npointing device exited and with the mouseout event to indicate the\nevent target which the pointing device entered.</p>"}, "type": "desc"}, {"attributes": {}, "type": "return", "children": [{"attributes": {"text": "<p>The secondary event target.</p>"}, "type": "desc"}, {"attributes": {}, "type": "types", "children": [{"attributes": {"type": "Element"}, "type": "entry"}]}]}]}, {"attributes": {"line": 292, "name": "getScreenLeft"}, "type": "method", "children": [{"attributes": {"text": "<p>Get the horizontal coordinate at which the event occurred relative to\nthe origin of the screen coordinate system.</p>\n\n<p>Note: This value is usually not very useful unless you want to\nposition a native popup window at this coordinate.</p>"}, "type": "desc"}, {"attributes": {}, "type": "return", "children": [{"attributes": {"text": "<p>The horizontal mouse position on the screen.</p>"}, "type": "desc"}, {"attributes": {}, "type": "types", "children": [{"attributes": {"type": "Integer"}, "type": "entry"}]}]}]}, {"attributes": {"line": 306, "name": "getScreenTop"}, "type": "method", "children": [{"attributes": {"text": "<p>Get the vertical coordinate at which the event occurred relative to\nthe origin of the screen coordinate system.</p>\n\n<p>Note: This value is usually not very useful unless you want to\nposition a native popup window at this coordinate.</p>"}, "type": "desc"}, {"attributes": {}, "type": "return", "children": [{"attributes": {"text": "<p>The vertical mouse position on the screen.</p>"}, "type": "desc"}, {"attributes": {}, "type": "types", "children": [{"attributes": {"type": "Integer"}, "type": "entry"}]}]}]}, {"attributes": {"line": 226, "name": "getViewportLeft"}, "type": "method", "children": [{"attributes": {"text": "<p>Get the he horizontal coordinate at which the event occurred relative\nto the viewport.</p>"}, "type": "desc"}, {"attributes": {}, "type": "return", "children": [{"attributes": {"text": "<p>The horizontal mouse position</p>"}, "type": "desc"}, {"attributes": {}, "type": "types", "children": [{"attributes": {"type": "Integer"}, "type": "entry"}]}]}]}, {"attributes": {"line": 238, "name": "getViewportTop"}, "type": "method", "children": [{"attributes": {"text": "<p>Get the vertical coordinate at which the event occurred relative\nto the viewport.</p>"}, "type": "desc"}, {"attributes": {}, "type": "return", "children": [{"attributes": {"text": "<p>The vertical mouse position</p>"}, "type": "desc"}, {"attributes": {}, "type": "types", "children": [{"attributes": {"type": "Integer"}, "type": "entry"}]}]}]}, {"attributes": {"line": 181, "name": "isLeftPressed"}, "type": "method", "children": [{"attributes": {"text": "<p>Whether the left button is pressed</p>"}, "type": "desc"}, {"attributes": {}, "type": "return", "children": [{"attributes": {"text": "<p>true when the left button is pressed</p>"}, "type": "desc"}, {"attributes": {}, "type": "types", "children": [{"attributes": {"type": "Boolean"}, "type": "entry"}]}]}]}, {"attributes": {"line": 191, "name": "isMiddlePressed"}, "type": "method", "children": [{"attributes": {"text": "<p>Whether the middle button is pressed</p>"}, "type": "desc"}, {"attributes": {}, "type": "return", "children": [{"attributes": {"text": "<p>true when the middle button is pressed</p>"}, "type": "desc"}, {"attributes": {}, "type": "types", "children": [{"attributes": {"type": "Boolean"}, "type": "entry"}]}]}]}, {"attributes": {"line": 201, "name": "isRightPressed"}, "type": "method", "children": [{"attributes": {"text": "<p>Whether the right button is pressed</p>"}, "type": "desc"}, {"attributes": {}, "type": "return", "children": [{"attributes": {"text": "<p>true when the right button is pressed</p>"}, "type": "desc"}, {"attributes": {}, "type": "types", "children": [{"attributes": {"type": "Boolean"}, "type": "entry"}]}]}]}, {"attributes": {"docFrom": "qx.event.type.Event", "line": 116, "overriddenFrom": "qx.event.type.Event", "name": "stop"}, "type": "method"}]}]}