{"attributes": {"fullName": "qx.event.type.GeoPosition", "packageName": "qx.event.type", "type": "class", "name": "GeoPosition", "superClass": "qx.event.type.Event"}, "type": "class", "children": [{"attributes": {"text": "<p><span class=\"caps\">EXPERIMENTAL</span> &#8211; <span class=\"caps\">NOT</span> <span class=\"caps\">READY</span> <span class=\"caps\">FOR</span> <span class=\"caps\">PRODUCTION</span></p>\n\n<p>GeoPosition event used by GeoLocation class.</p>"}, "type": "desc"}, {"attributes": {}, "type": "constructor", "children": [{"attributes": {"line": 37, "isCtor": true, "overriddenFrom": "qx.core.Object", "name": "ctor"}, "type": "method", "children": [{"attributes": {"text": "<p>Create a new instance.</p>"}, "type": "desc"}]}]}, {"attributes": {}, "type": "methods", "children": [{"attributes": {"name": "getAccuracy", "fromProperty": "accuracy"}, "type": "method", "children": [{"attributes": {"text": "<p>Returns the (computed) value of the property <code>accuracy</code>.</p>\n\n<p>For further details take a look at the property definition: {@link #accuracy}.</p>"}, "type": "desc"}, {"attributes": {}, "type": "return", "children": [{"attributes": {"text": "<p>(Computed) value of <code>accuracy</code>.</p>"}, "type": "desc"}, {"attributes": {}, "type": "types", "children": [{"attributes": {"type": "var"}, "type": "entry"}]}]}]}, {"attributes": {"name": "getAltitude", "fromProperty": "altitude"}, "type": "method", "children": [{"attributes": {"text": "<p>Returns the (computed) value of the property <code>altitude</code>.</p>\n\n<p>For further details take a look at the property definition: {@link #altitude}.</p>"}, "type": "desc"}, {"attributes": {}, "type": "return", "children": [{"attributes": {"text": "<p>(Computed) value of <code>altitude</code>.</p>"}, "type": "desc"}, {"attributes": {}, "type": "types", "children": [{"attributes": {"type": "var"}, "type": "entry"}]}]}]}, {"attributes": {"name": "getAltitudeAccuracy", "fromProperty": "altitudeAccuracy"}, "type": "method", "children": [{"attributes": {"text": "<p>Returns the (computed) value of the property <code>altitudeAccuracy</code>.</p>\n\n<p>For further details take a look at the property definition: {@link #altitudeAccuracy}.</p>"}, "type": "desc"}, {"attributes": {}, "type": "return", "children": [{"attributes": {"text": "<p>(Computed) value of <code>altitudeAccuracy</code>.</p>"}, "type": "desc"}, {"attributes": {}, "type": "types", "children": [{"attributes": {"type": "var"}, "type": "entry"}]}]}]}, {"attributes": {"name": "getHeading", "fromProperty": "heading"}, "type": "method", "children": [{"attributes": {"text": "<p>Returns the (computed) value of the property <code>heading</code>.</p>\n\n<p>For further details take a look at the property definition: {@link #heading}.</p>"}, "type": "desc"}, {"attributes": {}, "type": "return", "children": [{"attributes": {"text": "<p>(Computed) value of <code>heading</code>.</p>"}, "type": "desc"}, {"attributes": {}, "type": "types", "children": [{"attributes": {"type": "var"}, "type": "entry"}]}]}]}, {"attributes": {"name": "getLatitude", "fromProperty": "latitude"}, "type": "method", "children": [{"attributes": {"text": "<p>Returns the (computed) value of the property <code>latitude</code>.</p>\n\n<p>For further details take a look at the property definition: {@link #latitude}.</p>"}, "type": "desc"}, {"attributes": {}, "type": "return", "children": [{"attributes": {"text": "<p>(Computed) value of <code>latitude</code>.</p>"}, "type": "desc"}, {"attributes": {}, "type": "types", "children": [{"attributes": {"type": "var"}, "type": "entry"}]}]}]}, {"attributes": {"name": "getLongitude", "fromProperty": "longitude"}, "type": "method", "children": [{"attributes": {"text": "<p>Returns the (computed) value of the property <code>longitude</code>.</p>\n\n<p>For further details take a look at the property definition: {@link #longitude}.</p>"}, "type": "desc"}, {"attributes": {}, "type": "return", "children": [{"attributes": {"text": "<p>(Computed) value of <code>longitude</code>.</p>"}, "type": "desc"}, {"attributes": {}, "type": "types", "children": [{"attributes": {"type": "var"}, "type": "entry"}]}]}]}, {"attributes": {"name": "getSpeed", "fromProperty": "speed"}, "type": "method", "children": [{"attributes": {"text": "<p>Returns the (computed) value of the property <code>speed</code>.</p>\n\n<p>For further details take a look at the property definition: {@link #speed}.</p>"}, "type": "desc"}, {"attributes": {}, "type": "return", "children": [{"attributes": {"text": "<p>(Computed) value of <code>speed</code>.</p>"}, "type": "desc"}, {"attributes": {}, "type": "types", "children": [{"attributes": {"type": "var"}, "type": "entry"}]}]}]}, {"attributes": {"name": "getTimestamp", "fromProperty": "timestamp"}, "type": "method", "children": [{"attributes": {"text": "<p>Returns the (computed) value of the property <code>timestamp</code>.</p>\n\n<p>For further details take a look at the property definition: {@link #timestamp}.</p>"}, "type": "desc"}, {"attributes": {}, "type": "return", "children": [{"attributes": {"text": "<p>(Computed) value of <code>timestamp</code>.</p>"}, "type": "desc"}, {"attributes": {}, "type": "types", "children": [{"attributes": {"type": "var"}, "type": "entry"}]}]}]}, {"attributes": {"line": 131, "overriddenFrom": "qx.event.type.Event", "name": "init"}, "type": "method", "children": [{"attributes": {}, "type": "params", "children": [{"attributes": {"name": "position"}, "type": "param", "children": [{"attributes": {"text": "<p>a position map.</p>"}, "type": "desc"}, {"attributes": {}, "type": "types", "children": [{"attributes": {"type": "Map"}, "type": "entry"}]}]}]}, {"attributes": {"text": "<p>Initialize the fields of the event.</p>"}, "type": "desc"}]}, {"attributes": {"access": "protected", "name": "initAccuracy", "fromProperty": "accuracy"}, "type": "method", "children": [{"attributes": {}, "type": "params", "children": [{"attributes": {"name": "value"}, "type": "param", "children": [{"attributes": {"text": "<p>Initial value for property <code>accuracy</code>.</p>"}, "type": "desc"}, {"attributes": {}, "type": "types", "children": [{"attributes": {"type": "var"}, "type": "entry"}]}]}]}, {"attributes": {"text": "<p>Calls the apply method and dispatches the change event of the property <code>accuracy</code>\nwith the default value defined by the class developer. This function can\nonly be called from the constructor of a class.</p>\n\n<p>For further details take a look at the property definition: {@link #accuracy}.</p>"}, "type": "desc"}, {"attributes": {}, "type": "return", "children": [{"attributes": {"text": "<p>the default value</p>"}, "type": "desc"}, {"attributes": {}, "type": "types", "children": [{"attributes": {"type": "var"}, "type": "entry"}]}]}]}, {"attributes": {"access": "protected", "name": "initAltitude", "fromProperty": "altitude"}, "type": "method", "children": [{"attributes": {}, "type": "params", "children": [{"attributes": {"name": "value"}, "type": "param", "children": [{"attributes": {"text": "<p>Initial value for property <code>altitude</code>.</p>"}, "type": "desc"}, {"attributes": {}, "type": "types", "children": [{"attributes": {"type": "var"}, "type": "entry"}]}]}]}, {"attributes": {"text": "<p>Calls the apply method and dispatches the change event of the property <code>altitude</code>\nwith the default value defined by the class developer. This function can\nonly be called from the constructor of a class.</p>\n\n<p>For further details take a look at the property definition: {@link #altitude}.</p>"}, "type": "desc"}, {"attributes": {}, "type": "return", "children": [{"attributes": {"text": "<p>the default value</p>"}, "type": "desc"}, {"attributes": {}, "type": "types", "children": [{"attributes": {"type": "var"}, "type": "entry"}]}]}]}, {"attributes": {"access": "protected", "name": "initAltitudeAccuracy", "fromProperty": "altitudeAccuracy"}, "type": "method", "children": [{"attributes": {}, "type": "params", "children": [{"attributes": {"name": "value"}, "type": "param", "children": [{"attributes": {"text": "<p>Initial value for property <code>altitudeAccuracy</code>.</p>"}, "type": "desc"}, {"attributes": {}, "type": "types", "children": [{"attributes": {"type": "var"}, "type": "entry"}]}]}]}, {"attributes": {"text": "<p>Calls the apply method and dispatches the change event of the property <code>altitudeAccuracy</code>\nwith the default value defined by the class developer. This function can\nonly be called from the constructor of a class.</p>\n\n<p>For further details take a look at the property definition: {@link #altitudeAccuracy}.</p>"}, "type": "desc"}, {"attributes": {}, "type": "return", "children": [{"attributes": {"text": "<p>the default value</p>"}, "type": "desc"}, {"attributes": {}, "type": "types", "children": [{"attributes": {"type": "var"}, "type": "entry"}]}]}]}, {"attributes": {"access": "protected", "name": "initHeading", "fromProperty": "heading"}, "type": "method", "children": [{"attributes": {}, "type": "params", "children": [{"attributes": {"name": "value"}, "type": "param", "children": [{"attributes": {"text": "<p>Initial value for property <code>heading</code>.</p>"}, "type": "desc"}, {"attributes": {}, "type": "types", "children": [{"attributes": {"type": "var"}, "type": "entry"}]}]}]}, {"attributes": {"text": "<p>Calls the apply method and dispatches the change event of the property <code>heading</code>\nwith the default value defined by the class developer. This function can\nonly be called from the constructor of a class.</p>\n\n<p>For further details take a look at the property definition: {@link #heading}.</p>"}, "type": "desc"}, {"attributes": {}, "type": "return", "children": [{"attributes": {"text": "<p>the default value</p>"}, "type": "desc"}, {"attributes": {}, "type": "types", "children": [{"attributes": {"type": "var"}, "type": "entry"}]}]}]}, {"attributes": {"access": "protected", "name": "initLatitude", "fromProperty": "latitude"}, "type": "method", "children": [{"attributes": {}, "type": "params", "children": [{"attributes": {"name": "value"}, "type": "param", "children": [{"attributes": {"text": "<p>Initial value for property <code>latitude</code>.</p>"}, "type": "desc"}, {"attributes": {}, "type": "types", "children": [{"attributes": {"type": "var"}, "type": "entry"}]}]}]}, {"attributes": {"text": "<p>Calls the apply method and dispatches the change event of the property <code>latitude</code>\nwith the default value defined by the class developer. This function can\nonly be called from the constructor of a class.</p>\n\n<p>For further details take a look at the property definition: {@link #latitude}.</p>"}, "type": "desc"}, {"attributes": {}, "type": "return", "children": [{"attributes": {"text": "<p>the default value</p>"}, "type": "desc"}, {"attributes": {}, "type": "types", "children": [{"attributes": {"type": "var"}, "type": "entry"}]}]}]}, {"attributes": {"access": "protected", "name": "initLongitude", "fromProperty": "longitude"}, "type": "method", "children": [{"attributes": {}, "type": "params", "children": [{"attributes": {"name": "value"}, "type": "param", "children": [{"attributes": {"text": "<p>Initial value for property <code>longitude</code>.</p>"}, "type": "desc"}, {"attributes": {}, "type": "types", "children": [{"attributes": {"type": "var"}, "type": "entry"}]}]}]}, {"attributes": {"text": "<p>Calls the apply method and dispatches the change event of the property <code>longitude</code>\nwith the default value defined by the class developer. This function can\nonly be called from the constructor of a class.</p>\n\n<p>For further details take a look at the property definition: {@link #longitude}.</p>"}, "type": "desc"}, {"attributes": {}, "type": "return", "children": [{"attributes": {"text": "<p>the default value</p>"}, "type": "desc"}, {"attributes": {}, "type": "types", "children": [{"attributes": {"type": "var"}, "type": "entry"}]}]}]}, {"attributes": {"access": "protected", "name": "initSpeed", "fromProperty": "speed"}, "type": "method", "children": [{"attributes": {}, "type": "params", "children": [{"attributes": {"name": "value"}, "type": "param", "children": [{"attributes": {"text": "<p>Initial value for property <code>speed</code>.</p>"}, "type": "desc"}, {"attributes": {}, "type": "types", "children": [{"attributes": {"type": "var"}, "type": "entry"}]}]}]}, {"attributes": {"text": "<p>Calls the apply method and dispatches the change event of the property <code>speed</code>\nwith the default value defined by the class developer. This function can\nonly be called from the constructor of a class.</p>\n\n<p>For further details take a look at the property definition: {@link #speed}.</p>"}, "type": "desc"}, {"attributes": {}, "type": "return", "children": [{"attributes": {"text": "<p>the default value</p>"}, "type": "desc"}, {"attributes": {}, "type": "types", "children": [{"attributes": {"type": "var"}, "type": "entry"}]}]}]}, {"attributes": {"access": "protected", "name": "initTimestamp", "fromProperty": "timestamp"}, "type": "method", "children": [{"attributes": {}, "type": "params", "children": [{"attributes": {"name": "value"}, "type": "param", "children": [{"attributes": {"text": "<p>Initial value for property <code>timestamp</code>.</p>"}, "type": "desc"}, {"attributes": {}, "type": "types", "children": [{"attributes": {"type": "var"}, "type": "entry"}]}]}]}, {"attributes": {"text": "<p>Calls the apply method and dispatches the change event of the property <code>timestamp</code>\nwith the default value defined by the class developer. This function can\nonly be called from the constructor of a class.</p>\n\n<p>For further details take a look at the property definition: {@link #timestamp}.</p>"}, "type": "desc"}, {"attributes": {}, "type": "return", "children": [{"attributes": {"text": "<p>the default value</p>"}, "type": "desc"}, {"attributes": {}, "type": "types", "children": [{"attributes": {"type": "var"}, "type": "entry"}]}]}]}, {"attributes": {"name": "resetAccuracy", "fromProperty": "accuracy"}, "type": "method", "children": [{"attributes": {"text": "<p>Resets the user value of the property <code>accuracy</code>.</p>\n\n<p>The computed value falls back to the next available value e.g. appearance, init or\ninheritance value depeneding on the property configuration and value availability.</p>\n\n<p>For further details take a look at the property definition: {@link #accuracy}.</p>"}, "type": "desc"}]}, {"attributes": {"name": "resetAltitude", "fromProperty": "altitude"}, "type": "method", "children": [{"attributes": {"text": "<p>Resets the user value of the property <code>altitude</code>.</p>\n\n<p>The computed value falls back to the next available value e.g. appearance, init or\ninheritance value depeneding on the property configuration and value availability.</p>\n\n<p>For further details take a look at the property definition: {@link #altitude}.</p>"}, "type": "desc"}]}, {"attributes": {"name": "resetAltitudeAccuracy", "fromProperty": "altitudeAccuracy"}, "type": "method", "children": [{"attributes": {"text": "<p>Resets the user value of the property <code>altitudeAccuracy</code>.</p>\n\n<p>The computed value falls back to the next available value e.g. appearance, init or\ninheritance value depeneding on the property configuration and value availability.</p>\n\n<p>For further details take a look at the property definition: {@link #altitudeAccuracy}.</p>"}, "type": "desc"}]}, {"attributes": {"name": "resetHeading", "fromProperty": "heading"}, "type": "method", "children": [{"attributes": {"text": "<p>Resets the user value of the property <code>heading</code>.</p>\n\n<p>The computed value falls back to the next available value e.g. appearance, init or\ninheritance value depeneding on the property configuration and value availability.</p>\n\n<p>For further details take a look at the property definition: {@link #heading}.</p>"}, "type": "desc"}]}, {"attributes": {"name": "resetLatitude", "fromProperty": "latitude"}, "type": "method", "children": [{"attributes": {"text": "<p>Resets the user value of the property <code>latitude</code>.</p>\n\n<p>The computed value falls back to the next available value e.g. appearance, init or\ninheritance value depeneding on the property configuration and value availability.</p>\n\n<p>For further details take a look at the property definition: {@link #latitude}.</p>"}, "type": "desc"}]}, {"attributes": {"name": "resetLongitude", "fromProperty": "longitude"}, "type": "method", "children": [{"attributes": {"text": "<p>Resets the user value of the property <code>longitude</code>.</p>\n\n<p>The computed value falls back to the next available value e.g. appearance, init or\ninheritance value depeneding on the property configuration and value availability.</p>\n\n<p>For further details take a look at the property definition: {@link #longitude}.</p>"}, "type": "desc"}]}, {"attributes": {"name": "resetSpeed", "fromProperty": "speed"}, "type": "method", "children": [{"attributes": {"text": "<p>Resets the user value of the property <code>speed</code>.</p>\n\n<p>The computed value falls back to the next available value e.g. appearance, init or\ninheritance value depeneding on the property configuration and value availability.</p>\n\n<p>For further details take a look at the property definition: {@link #speed}.</p>"}, "type": "desc"}]}, {"attributes": {"name": "resetTimestamp", "fromProperty": "timestamp"}, "type": "method", "children": [{"attributes": {"text": "<p>Resets the user value of the property <code>timestamp</code>.</p>\n\n<p>The computed value falls back to the next available value e.g. appearance, init or\ninheritance value depeneding on the property configuration and value availability.</p>\n\n<p>For further details take a look at the property definition: {@link #timestamp}.</p>"}, "type": "desc"}]}, {"attributes": {"name": "setAccuracy", "fromProperty": "accuracy"}, "type": "method", "children": [{"attributes": {}, "type": "params", "children": [{"attributes": {"name": "value"}, "type": "param", "children": [{"attributes": {"text": "<p>New value for property <code>accuracy</code>.</p>"}, "type": "desc"}, {"attributes": {}, "type": "types", "children": [{"attributes": {"type": "var"}, "type": "entry"}]}]}]}, {"attributes": {"text": "<p>Sets the user value of the property <code>accuracy</code>.</p>\n\n<p>For further details take a look at the property definition: {@link #accuracy}.</p>"}, "type": "desc"}, {"attributes": {}, "type": "return", "children": [{"attributes": {"text": "<p>The unmodified incoming value.</p>"}, "type": "desc"}, {"attributes": {}, "type": "types", "children": [{"attributes": {"type": "var"}, "type": "entry"}]}]}]}, {"attributes": {"name": "setAltitude", "fromProperty": "altitude"}, "type": "method", "children": [{"attributes": {}, "type": "params", "children": [{"attributes": {"name": "value"}, "type": "param", "children": [{"attributes": {"text": "<p>New value for property <code>altitude</code>.</p>"}, "type": "desc"}, {"attributes": {}, "type": "types", "children": [{"attributes": {"type": "var"}, "type": "entry"}]}]}]}, {"attributes": {"text": "<p>Sets the user value of the property <code>altitude</code>.</p>\n\n<p>For further details take a look at the property definition: {@link #altitude}.</p>"}, "type": "desc"}, {"attributes": {}, "type": "return", "children": [{"attributes": {"text": "<p>The unmodified incoming value.</p>"}, "type": "desc"}, {"attributes": {}, "type": "types", "children": [{"attributes": {"type": "var"}, "type": "entry"}]}]}]}, {"attributes": {"name": "setAltitudeAccuracy", "fromProperty": "altitudeAccuracy"}, "type": "method", "children": [{"attributes": {}, "type": "params", "children": [{"attributes": {"name": "value"}, "type": "param", "children": [{"attributes": {"text": "<p>New value for property <code>altitudeAccuracy</code>.</p>"}, "type": "desc"}, {"attributes": {}, "type": "types", "children": [{"attributes": {"type": "var"}, "type": "entry"}]}]}]}, {"attributes": {"text": "<p>Sets the user value of the property <code>altitudeAccuracy</code>.</p>\n\n<p>For further details take a look at the property definition: {@link #altitudeAccuracy}.</p>"}, "type": "desc"}, {"attributes": {}, "type": "return", "children": [{"attributes": {"text": "<p>The unmodified incoming value.</p>"}, "type": "desc"}, {"attributes": {}, "type": "types", "children": [{"attributes": {"type": "var"}, "type": "entry"}]}]}]}, {"attributes": {"name": "setHeading", "fromProperty": "heading"}, "type": "method", "children": [{"attributes": {}, "type": "params", "children": [{"attributes": {"name": "value"}, "type": "param", "children": [{"attributes": {"text": "<p>New value for property <code>heading</code>.</p>"}, "type": "desc"}, {"attributes": {}, "type": "types", "children": [{"attributes": {"type": "var"}, "type": "entry"}]}]}]}, {"attributes": {"text": "<p>Sets the user value of the property <code>heading</code>.</p>\n\n<p>For further details take a look at the property definition: {@link #heading}.</p>"}, "type": "desc"}, {"attributes": {}, "type": "return", "children": [{"attributes": {"text": "<p>The unmodified incoming value.</p>"}, "type": "desc"}, {"attributes": {}, "type": "types", "children": [{"attributes": {"type": "var"}, "type": "entry"}]}]}]}, {"attributes": {"name": "setLatitude", "fromProperty": "latitude"}, "type": "method", "children": [{"attributes": {}, "type": "params", "children": [{"attributes": {"name": "value"}, "type": "param", "children": [{"attributes": {"text": "<p>New value for property <code>latitude</code>.</p>"}, "type": "desc"}, {"attributes": {}, "type": "types", "children": [{"attributes": {"type": "var"}, "type": "entry"}]}]}]}, {"attributes": {"text": "<p>Sets the user value of the property <code>latitude</code>.</p>\n\n<p>For further details take a look at the property definition: {@link #latitude}.</p>"}, "type": "desc"}, {"attributes": {}, "type": "return", "children": [{"attributes": {"text": "<p>The unmodified incoming value.</p>"}, "type": "desc"}, {"attributes": {}, "type": "types", "children": [{"attributes": {"type": "var"}, "type": "entry"}]}]}]}, {"attributes": {"name": "setLongitude", "fromProperty": "longitude"}, "type": "method", "children": [{"attributes": {}, "type": "params", "children": [{"attributes": {"name": "value"}, "type": "param", "children": [{"attributes": {"text": "<p>New value for property <code>longitude</code>.</p>"}, "type": "desc"}, {"attributes": {}, "type": "types", "children": [{"attributes": {"type": "var"}, "type": "entry"}]}]}]}, {"attributes": {"text": "<p>Sets the user value of the property <code>longitude</code>.</p>\n\n<p>For further details take a look at the property definition: {@link #longitude}.</p>"}, "type": "desc"}, {"attributes": {}, "type": "return", "children": [{"attributes": {"text": "<p>The unmodified incoming value.</p>"}, "type": "desc"}, {"attributes": {}, "type": "types", "children": [{"attributes": {"type": "var"}, "type": "entry"}]}]}]}, {"attributes": {"name": "setSpeed", "fromProperty": "speed"}, "type": "method", "children": [{"attributes": {}, "type": "params", "children": [{"attributes": {"name": "value"}, "type": "param", "children": [{"attributes": {"text": "<p>New value for property <code>speed</code>.</p>"}, "type": "desc"}, {"attributes": {}, "type": "types", "children": [{"attributes": {"type": "var"}, "type": "entry"}]}]}]}, {"attributes": {"text": "<p>Sets the user value of the property <code>speed</code>.</p>\n\n<p>For further details take a look at the property definition: {@link #speed}.</p>"}, "type": "desc"}, {"attributes": {}, "type": "return", "children": [{"attributes": {"text": "<p>The unmodified incoming value.</p>"}, "type": "desc"}, {"attributes": {}, "type": "types", "children": [{"attributes": {"type": "var"}, "type": "entry"}]}]}]}, {"attributes": {"name": "setTimestamp", "fromProperty": "timestamp"}, "type": "method", "children": [{"attributes": {}, "type": "params", "children": [{"attributes": {"name": "value"}, "type": "param", "children": [{"attributes": {"text": "<p>New value for property <code>timestamp</code>.</p>"}, "type": "desc"}, {"attributes": {}, "type": "types", "children": [{"attributes": {"type": "var"}, "type": "entry"}]}]}]}, {"attributes": {"text": "<p>Sets the user value of the property <code>timestamp</code>.</p>\n\n<p>For further details take a look at the property definition: {@link #timestamp}.</p>"}, "type": "desc"}, {"attributes": {}, "type": "return", "children": [{"attributes": {"text": "<p>The unmodified incoming value.</p>"}, "type": "desc"}, {"attributes": {}, "type": "types", "children": [{"attributes": {"type": "var"}, "type": "entry"}]}]}]}]}, {"attributes": {}, "type": "properties", "children": [{"attributes": {"propertyType": "new", "check": "Number", "name": "accuracy"}, "type": "property", "children": [{"attributes": {"text": "<p>The accuracy level of the latitude and longitude coordinates specified\nin meters.</p>"}, "type": "desc"}]}, {"attributes": {"allowNull": "true", "propertyType": "new", "check": "Number", "name": "altitude"}, "type": "property", "children": [{"attributes": {"text": "<p>The height of the position, specified in meters above the earth&#8217;s\nsurface.</p>"}, "type": "desc"}]}, {"attributes": {"allowNull": "true", "propertyType": "new", "check": "Number", "name": "altitudeAccuracy"}, "type": "property", "children": [{"attributes": {"text": "<p>The accuracy level of the altitude specified in meters.</p>"}, "type": "desc"}]}, {"attributes": {"allowNull": "true", "name": "heading", "propertyType": "new"}, "type": "property", "children": [{"attributes": {"text": "<p>The direction of travel of the hosting device specified in degrees in a\nrange from 0 to 360, counting clockwise relative to the true north.</p>\n\n<p>If the implementation cannot provide heading information, the value of\nthis attribute must be null. If the hosting device is stationary (i.e.\nthe value of the speed attribute is 0), then the value of the heading\nproperty must be NaN.</p>"}, "type": "desc"}]}, {"attributes": {"propertyType": "new", "check": "Number", "name": "latitude"}, "type": "property", "children": [{"attributes": {"text": "<p>The angular distance north or south of the earth&#8217;s equator, measured in\ndecimal degrees along a meridian</p>"}, "type": "desc"}]}, {"attributes": {"propertyType": "new", "check": "Number", "name": "longitude"}, "type": "property", "children": [{"attributes": {"text": "<p>The angular distance on the earth&#8217;s surface, measured east or west from\nthe prime meridian at Greenwich, England, in decimal degrees</p>"}, "type": "desc"}]}, {"attributes": {"allowNull": "true", "propertyType": "new", "check": "Custom check function.", "name": "speed"}, "type": "property", "children": [{"attributes": {"text": "<p>The current ground speed of the hosting device specified in meters per\nsecond.</p>\n\n<p>If the implementation cannot provide speed information, the value of\nthis property must be null.</p>"}, "type": "desc"}]}, {"attributes": {"propertyType": "new", "check": "Number", "name": "timestamp"}, "type": "property", "children": [{"attributes": {"text": "<p>The time when the position was acquired.</p>"}, "type": "desc"}]}]}]}