{"attributes": {"name": "Appear", "packageName": "qx.event.handler", "superClass": "qx.core.Object", "fullName": "qx.event.handler.Appear", "type": "class", "interfaces": "qx.event.IEventHandler"}, "type": "class", "children": [{"attributes": {"text": "<p>This class supports <code>appear</code> and <code>disappear</code> events\non <span class=\"caps\">DOM</span> level.</p>"}, "type": "desc"}, {"attributes": {}, "type": "constructor", "children": [{"attributes": {"line": 43, "isCtor": true, "overriddenFrom": "qx.core.Object", "name": "ctor"}, "type": "method", "children": [{"attributes": {}, "type": "params", "children": [{"attributes": {"name": "manager"}, "type": "param", "children": [{"attributes": {"text": "<p>Event manager for the window to use</p>"}, "type": "desc"}, {"attributes": {}, "type": "types", "children": [{"attributes": {"type": "qx.event.Manager"}, "type": "entry"}]}]}]}, {"attributes": {"text": "<p>Create a new instance</p>"}, "type": "desc"}]}]}, {"attributes": {}, "type": "constants", "children": [{"attributes": {"access": "private", "name": "__instances"}, "type": "constant", "children": [{"attributes": {"text": "<p>Stores all appear manager instances</p>"}, "type": "desc"}, {"attributes": {}, "type": "types", "children": [{"attributes": {"type": "Map"}, "type": "entry"}]}]}, {"attributes": {"name": "TARGET_CHECK"}, "type": "constant", "children": [{"attributes": {"text": "<p>Which target check to use</p>"}, "type": "desc"}, {"attributes": {}, "type": "types", "children": [{"attributes": {"type": "Integer"}, "type": "entry"}]}]}, {"attributes": {"name": "SUPPORTED_TYPES"}, "type": "constant", "children": [{"attributes": {"text": "<p>Supported event types</p>"}, "type": "desc"}, {"attributes": {}, "type": "types", "children": [{"attributes": {"type": "Map"}, "type": "entry"}]}]}, {"attributes": {"name": "PRIORITY"}, "type": "constant", "children": [{"attributes": {"text": "<p>Priority of this handler</p>"}, "type": "desc"}, {"attributes": {}, "type": "types", "children": [{"attributes": {"type": "Integer"}, "type": "entry"}]}]}, {"attributes": {"type": "Boolean", "name": "IGNORE_CAN_HANDLE", "value": "true"}, "type": "constant", "children": [{"attributes": {"text": "<p>Whether the method &#8220;canHandleEvent&#8221; must be called</p>"}, "type": "desc"}, {"attributes": {}, "type": "types", "children": [{"attributes": {"type": "Integer"}, "type": "entry"}]}]}]}, {"attributes": {}, "type": "methods-static", "children": [{"attributes": {"line": 94, "isStatic": true, "name": "refresh"}, "type": "method", "children": [{"attributes": {"text": "<p>Refreshes all appear handlers. Useful after massive <span class=\"caps\">DOM</span> manipulations e.g.\nthrough qx.html.Element.</p>"}, "type": "desc"}]}]}, {"attributes": {}, "type": "methods", "children": [{"attributes": {"docFrom": "qx.event.IEventHandler", "line": 125, "name": "canHandleEvent"}, "type": "method", "children": [{"attributes": {}, "type": "params", "children": [{"attributes": {"name": "target"}, "type": "param"}, {"attributes": {"name": "type"}, "type": "param"}]}]}, {"attributes": {"line": 170, "name": "refresh"}, "type": "method", "children": [{"attributes": {"text": "<p>This method should be called by all <span class=\"caps\">DOM</span> tree modifying routines\nto check the registered nodes for changes.</p>"}, "type": "desc"}]}, {"attributes": {"docFrom": "qx.event.IEventHandler", "line": 129, "name": "registerEvent"}, "type": "method", "children": [{"attributes": {}, "type": "params", "children": [{"attributes": {"name": "target"}, "type": "param"}, {"attributes": {"name": "type"}, "type": "param"}, {"attributes": {"name": "capture"}, "type": "param"}]}]}, {"attributes": {"docFrom": "qx.event.IEventHandler", "line": 143, "name": "unregisterEvent"}, "type": "method", "children": [{"attributes": {}, "type": "params", "children": [{"attributes": {"name": "target"}, "type": "param"}, {"attributes": {"name": "type"}, "type": "param"}, {"attributes": {"name": "capture"}, "type": "param"}]}]}]}]}