{"attributes": {"name": "Pointer", "packageName": "qx.event.type", "superClass": "qx.event.type.Mouse", "childClasses": "qx.event.type.Pinch,qx.event.type.Roll,qx.event.type.Rotate,qx.event.type.Swipe,qx.event.type.Tap,qx.event.type.Track,qx.ui.table.pane.CellEvent,qx.ui.virtual.core.CellEvent", "fullName": "qx.event.type.Pointer", "type": "class"}, "type": "class", "children": [{"attributes": {"text": "<p>Pointer event object.</p>\n\n<p>the interface of this class is based on the pointer event interface:\n<a href=\"http://www.w3.org/TR/pointerevents/\">http://www.w3.org/TR/pointerevents/</a></p>"}, "type": "desc"}, {"attributes": {}, "type": "methods", "children": [{"attributes": {"access": "protected", "docFrom": "qx.event.type.Native", "line": 40, "overriddenFrom": "qx.event.type.Mouse", "name": "_cloneNativeEvent"}, "type": "method", "children": [{"attributes": {}, "type": "params", "children": [{"attributes": {"name": "nativeEvent"}, "type": "param"}, {"attributes": {"name": "clone"}, "type": "param"}]}]}, {"attributes": {"docFrom": "qx.event.type.Mouse", "line": 62, "overriddenFrom": "qx.event.type.Mouse", "name": "getDocumentLeft"}, "type": "method"}, {"attributes": {"docFrom": "qx.event.type.Mouse", "line": 73, "overriddenFrom": "qx.event.type.Mouse", "name": "getDocumentTop"}, "type": "method"}, {"attributes": {"line": 110, "name": "getHeight"}, "type": "method", "children": [{"attributes": {"text": "<p>Returns the contact geometry in it&#8217;s height.</p>"}, "type": "desc"}, {"attributes": {}, "type": "return", "children": [{"attributes": {"text": "<p>The number of pixels (height) of the contact geometry.</p>"}, "type": "desc"}, {"attributes": {}, "type": "types", "children": [{"attributes": {"type": "Number"}, "type": "entry"}]}]}]}, {"attributes": {"docFrom": "qx.event.type.Event", "line": 148, "overriddenFrom": "qx.event.type.Event", "name": "getOriginalTarget"}, "type": "method"}, {"attributes": {"line": 89, "name": "getPointerId"}, "type": "method", "children": [{"attributes": {"text": "<p>Returns a unique identified for the pointer. This id is\nunique for all active pointers.</p>"}, "type": "desc"}, {"attributes": {}, "type": "return", "children": [{"attributes": {"text": "<p>The unique id.</p>"}, "type": "desc"}, {"attributes": {}, "type": "types", "children": [{"attributes": {"type": "Number"}, "type": "entry"}]}]}]}, {"attributes": {"line": 178, "name": "getPointerType"}, "type": "method", "children": [{"attributes": {"text": "<p>Returns the device type which the event triggered. This can be one\nof the following strings: <code>mouse</code>, <code>wheel</code>,\n<code>pen</code> or <code>touch</code>.</p>"}, "type": "desc"}, {"attributes": {}, "type": "return", "children": [{"attributes": {"text": "<p>The type of the pointer.</p>"}, "type": "desc"}, {"attributes": {}, "type": "types", "children": [{"attributes": {"type": "String"}, "type": "entry"}]}]}]}, {"attributes": {"line": 120, "name": "getPressure"}, "type": "method", "children": [{"attributes": {"text": "<p>Returns the pressure of the pointer in a rage from 0 to 1.</p>"}, "type": "desc"}, {"attributes": {}, "type": "return", "children": [{"attributes": {"text": "<code>1</code> for full pressure. The default is 0."}, "type": "desc"}, {"attributes": {}, "type": "types", "children": [{"attributes": {"type": "Number"}, "type": "entry"}]}]}]}, {"attributes": {"line": 131, "name": "getTiltX"}, "type": "method", "children": [{"attributes": {"text": "<p>Returns the plane angle in degrees between the Y-Z plane and the\nplane containing e.g. the stylus and the Y axis.</p>"}, "type": "desc"}, {"attributes": {}, "type": "return", "children": [{"attributes": {"text": "<p>A value between -90 and 90. The default is 0.</p>"}, "type": "desc"}, {"attributes": {}, "type": "types", "children": [{"attributes": {"type": "Number"}, "type": "entry"}]}]}]}, {"attributes": {"line": 142, "name": "getTiltY"}, "type": "method", "children": [{"attributes": {"text": "<p>Returns the plane angle in degrees between the X-Z plane and the\nplane containing e.g. the stylus and the X axis.</p>"}, "type": "desc"}, {"attributes": {}, "type": "return", "children": [{"attributes": {"text": "<p>A value between -90 and 90. The default is 0.</p>"}, "type": "desc"}, {"attributes": {}, "type": "types", "children": [{"attributes": {"type": "Number"}, "type": "entry"}]}]}]}, {"attributes": {"line": 100, "name": "getWidth"}, "type": "method", "children": [{"attributes": {"text": "<p>Returns the contact geometry in it&#8217;s width.</p>"}, "type": "desc"}, {"attributes": {}, "type": "return", "children": [{"attributes": {"text": "<p>The number of pixels (width) of the contact geometry.</p>"}, "type": "desc"}, {"attributes": {}, "type": "types", "children": [{"attributes": {"type": "Number"}, "type": "entry"}]}]}]}, {"attributes": {"line": 204, "name": "isPrimary"}, "type": "method", "children": [{"attributes": {"text": "<p>Returns whether the pointer is the primary pointer.</p>"}, "type": "desc"}, {"attributes": {}, "type": "return", "children": [{"attributes": {"text": "<code>true</code>, if it's the primary pointer."}, "type": "desc"}, {"attributes": {}, "type": "types", "children": [{"attributes": {"type": "Boolean"}, "type": "entry"}]}]}]}]}]}