{"attributes": {"fullName": "qx.event.IEventDispatcher", "packageName": "qx.event", "type": "interface", "name": "IEventDispatcher", "implementations": "qx.event.dispatch.Direct,qx.event.dispatch.AbstractBubbling"}, "type": "class", "children": [{"attributes": {"text": "<p>All event dispatchers must implement this interface. Event dispatchers must\nregister themselves at the event Manager using\n{@link qx.event.Registration#addDispatcher}.</p>"}, "type": "desc"}, {"attributes": {}, "type": "methods", "children": [{"attributes": {"line": 37, "name": "canDispatchEvent"}, "type": "method", "children": [{"attributes": {}, "type": "params", "children": [{"attributes": {"name": "target"}, "type": "param", "children": [{"attributes": {"text": "<p>The event dispatch target</p>"}, "type": "desc"}, {"attributes": {}, "type": "types", "children": [{"attributes": {"type": "Element"}, "type": "entry"}, {"attributes": {"type": "Event"}, "type": "entry"}]}]}, {"attributes": {"name": "event"}, "type": "param", "children": [{"attributes": {"text": "<p>The event object</p>"}, "type": "desc"}, {"attributes": {}, "type": "types", "children": [{"attributes": {"type": "qx.event.type.Event"}, "type": "entry"}]}]}, {"attributes": {"name": "type"}, "type": "param", "children": [{"attributes": {"text": "<p>the event type</p>"}, "type": "desc"}, {"attributes": {}, "type": "types", "children": [{"attributes": {"type": "String"}, "type": "entry"}]}]}]}, {"attributes": {"text": "<p>Whether the dispatcher is responsible for the this event.</p>"}, "type": "desc"}, {"attributes": {}, "type": "return", "children": [{"attributes": {"text": "<p>Whether the event dispatcher is responsible for the this event</p>"}, "type": "desc"}, {"attributes": {}, "type": "types", "children": [{"attributes": {"type": "Boolean"}, "type": "entry"}]}]}]}, {"attributes": {"line": 51, "name": "dispatchEvent"}, "type": "method", "children": [{"attributes": {}, "type": "params", "children": [{"attributes": {"name": "target"}, "type": "param", "children": [{"attributes": {"text": "<p>The event dispatch target</p>"}, "type": "desc"}, {"attributes": {}, "type": "types", "children": [{"attributes": {"type": "Element"}, "type": "entry"}, {"attributes": {"type": "Event"}, "type": "entry"}]}]}, {"attributes": {"name": "event"}, "type": "param", "children": [{"attributes": {"text": "<p>event object to dispatch</p>"}, "type": "desc"}, {"attributes": {}, "type": "types", "children": [{"attributes": {"type": "qx.event.type.Event"}, "type": "entry"}]}]}, {"attributes": {"name": "type"}, "type": "param", "children": [{"attributes": {"text": "<p>the event type</p>"}, "type": "desc"}, {"attributes": {}, "type": "types", "children": [{"attributes": {"type": "String"}, "type": "entry"}]}]}]}, {"attributes": {"text": "<p>This function dispatches the event to the event listeners.</p>"}, "type": "desc"}]}]}]}