{"attributes": {"name": "Data", "packageName": "qx.event.type", "superClass": "qx.event.type.Event", "childClasses": "qx.event.type.Rest", "fullName": "qx.event.type.Data", "type": "class"}, "type": "class", "children": [{"attributes": {"text": "<p>Event object for data holding event or data changes.</p>"}, "type": "desc"}, {"attributes": {}, "type": "methods", "children": [{"attributes": {"line": 76, "overriddenFrom": "qx.event.type.Event", "name": "clone"}, "type": "method", "children": [{"attributes": {}, "type": "params", "children": [{"attributes": {"defaultValue": "null", "optional": true, "name": "embryo"}, "type": "param", "children": [{"attributes": {"text": "<p>Optional event class, which will be configured using the data of this event instance. The event must be an instance of this event class. If the data is <code>null</code>, a new pooled instance is created.</p>"}, "type": "desc"}, {"attributes": {}, "type": "types", "children": [{"attributes": {"type": "qx.event.type.Data"}, "type": "entry"}]}]}]}, {"attributes": {"text": "<p>Get a copy of this object</p>"}, "type": "desc"}, {"attributes": {}, "type": "return", "children": [{"attributes": {"text": "<p>a copy of this object</p>"}, "type": "desc"}, {"attributes": {}, "type": "types", "children": [{"attributes": {"type": "qx.event.type.Data"}, "type": "entry"}]}]}]}, {"attributes": {"line": 93, "name": "getData"}, "type": "method", "children": [{"attributes": {"text": "<p>The new data of the event sending this data event.\nThe return data type is the same as the event data type.</p>"}, "type": "desc"}, {"attributes": {}, "type": "return", "children": [{"attributes": {"text": "<p>The new data of the event</p>"}, "type": "desc"}, {"attributes": {}, "type": "types", "children": [{"attributes": {"type": "var"}, "type": "entry"}]}]}]}, {"attributes": {"line": 104, "name": "getOldData"}, "type": "method", "children": [{"attributes": {"text": "<p>The old data of the event sending this data event.\nThe return data type is the same as the event data type.</p>"}, "type": "desc"}, {"attributes": {}, "type": "return", "children": [{"attributes": {"text": "<p>The old data of the event</p>"}, "type": "desc"}, {"attributes": {}, "type": "types", "children": [{"attributes": {"type": "var"}, "type": "entry"}]}]}]}, {"attributes": {"line": 56, "overriddenFrom": "qx.event.type.Event", "name": "init"}, "type": "method", "children": [{"attributes": {}, "type": "params", "children": [{"attributes": {"name": "data"}, "type": "param", "children": [{"attributes": {"text": "<p>The event&#8217;s new data</p>"}, "type": "desc"}, {"attributes": {}, "type": "types", "children": [{"attributes": {"type": "var"}, "type": "entry"}]}]}, {"attributes": {"defaultValue": "null", "optional": true, "name": "old"}, "type": "param", "children": [{"attributes": {"text": "<p>The event&#8217;s old data (optional)</p>"}, "type": "desc"}, {"attributes": {}, "type": "types", "children": [{"attributes": {"type": "var"}, "type": "entry"}]}]}, {"attributes": {"defaultValue": "false", "optional": true, "name": "cancelable"}, "type": "param", "children": [{"attributes": {"text": "<p>Whether or not an event can have its default action prevented. The default action can either be the browser&#8217;s default action of a native event (e.g. open the context menu on a right click) or the default action of a qooxdoo class (e.g. close the window widget). The default action can be prevented by calling {@link qx.event.type.Event#preventDefault}</p>"}, "type": "desc"}, {"attributes": {}, "type": "types", "children": [{"attributes": {"type": "Boolean"}, "type": "entry"}]}]}]}, {"attributes": {"text": "<p>Initializes an event object.</p>"}, "type": "desc"}, {"attributes": {}, "type": "return", "children": [{"attributes": {"text": "<p>the initialized instance.</p>"}, "type": "desc"}, {"attributes": {}, "type": "types", "children": [{"attributes": {"type": "qx.event.type.Data"}, "type": "entry"}]}]}]}]}]}