{"attributes": {"fullName": "qx.event.type.Swipe", "packageName": "qx.event.type", "type": "class", "name": "Swipe", "superClass": "qx.event.type.Pointer"}, "type": "class", "children": [{"attributes": {"text": "<p>Swipe is a single pointer gesture fired when a pointer is moved in one direction.\nIt contains some additional data like the primary axis, the velocity and the distance.</p>"}, "type": "desc"}, {"attributes": {}, "type": "methods", "children": [{"attributes": {"access": "protected", "docFrom": "qx.event.type.Native", "line": 39, "overriddenFrom": "qx.event.type.Pointer", "name": "_cloneNativeEvent"}, "type": "method", "children": [{"attributes": {}, "type": "params", "children": [{"attributes": {"name": "nativeEvent"}, "type": "param"}, {"attributes": {"name": "clone"}, "type": "param"}]}]}, {"attributes": {"line": 74, "name": "getAxis"}, "type": "method", "children": [{"attributes": {"text": "<p>Returns whether the performed swipe was on the x or y axis.</p>"}, "type": "desc"}, {"attributes": {}, "type": "return", "children": [{"attributes": {"text": "<p>&#8220;x&#8221;/&#8220;y&#8221; axis</p>"}, "type": "desc"}, {"attributes": {}, "type": "types", "children": [{"attributes": {"type": "String"}, "type": "entry"}]}]}]}, {"attributes": {"line": 86, "name": "getDirection"}, "type": "method", "children": [{"attributes": {"text": "<p>Returns the direction of the performed swipe in reference to the axis.\ny = up / down\nx = left / right</p>"}, "type": "desc"}, {"attributes": {}, "type": "return", "children": [{"attributes": {"text": "<p>the direction</p>"}, "type": "desc"}, {"attributes": {}, "type": "types", "children": [{"attributes": {"type": "String"}, "type": "entry"}]}]}]}, {"attributes": {"line": 106, "name": "getDistance"}, "type": "method", "children": [{"attributes": {"text": "<p>Returns the distance of the performed swipe.</p>"}, "type": "desc"}, {"attributes": {}, "type": "return", "children": [{"attributes": {"text": "<p>the distance</p>"}, "type": "desc"}, {"attributes": {}, "type": "types", "children": [{"attributes": {"type": "Integer"}, "type": "entry"}]}]}]}, {"attributes": {"line": 64, "name": "getDuration"}, "type": "method", "children": [{"attributes": {"text": "<p>Returns the duration the performed swipe took.</p>"}, "type": "desc"}, {"attributes": {}, "type": "return", "children": [{"attributes": {"text": "<p>the duration</p>"}, "type": "desc"}, {"attributes": {}, "type": "types", "children": [{"attributes": {"type": "Integer"}, "type": "entry"}]}]}]}, {"attributes": {"line": 54, "name": "getStartTime"}, "type": "method", "children": [{"attributes": {"text": "<p>Returns the start time of the performed swipe.</p>"}, "type": "desc"}, {"attributes": {}, "type": "return", "children": [{"attributes": {"text": "<p>the start time</p>"}, "type": "desc"}, {"attributes": {}, "type": "types", "children": [{"attributes": {"type": "Integer"}, "type": "entry"}]}]}]}, {"attributes": {"line": 96, "name": "getVelocity"}, "type": "method", "children": [{"attributes": {"text": "<p>Returns the velocity of the performed swipe.</p>"}, "type": "desc"}, {"attributes": {}, "type": "return", "children": [{"attributes": {"text": "<p>the velocity</p>"}, "type": "desc"}, {"attributes": {}, "type": "types", "children": [{"attributes": {"type": "Number"}, "type": "entry"}]}]}]}]}]}