{"attributes": {"fullName": "qx.event.AcceleratingTimer", "packageName": "qx.event", "type": "class", "name": "AcceleratingTimer", "superClass": "qx.core.Object"}, "type": "class", "children": [{"attributes": {"text": "<p>Timer, which accelerates after each interval. The initial delay and the\ninterval time can be set using the properties {@link #firstInterval}\nand {@link #interval}. The {@link #interval} events will be fired with\ndecreasing interval times while the timer is running, until the {@link #minimum}\nis reached. The {@link #decrease} property sets the amount of milliseconds\nwhich will decreased after every firing.</p>\n\n<p>This class is e.g. used in the {@link qx.ui.form.RepeatButton} and\n{@link qx.ui.form.HoverButton} widgets.</p>"}, "type": "desc"}, {"attributes": {}, "type": "constructor", "children": [{"attributes": {"docFrom": "qx.core.Object", "line": 35, "isCtor": true, "overriddenFrom": "qx.core.Object", "name": "ctor"}, "type": "method"}]}, {"attributes": {}, "type": "events", "children": [{"attributes": {"name": "interval"}, "type": "event", "children": [{"attributes": {"text": "<p>This event if fired each time the interval time has elapsed</p>"}, "type": "desc"}, {"attributes": {}, "type": "types", "children": [{"attributes": {"type": "qx.event.type.Event"}, "type": "entry"}]}]}]}, {"attributes": {}, "type": "methods", "children": [{"attributes": {"access": "protected", "line": 118, "name": "_onInterval"}, "type": "method", "children": [{"attributes": {"text": "<p>Interval event handler</p>"}, "type": "desc"}]}, {"attributes": {"name": "getDecrease", "fromProperty": "decrease"}, "type": "method", "children": [{"attributes": {"text": "<p>Returns the (computed) value of the property <code>decrease</code>.</p>\n\n<p>For further details take a look at the property definition: {@link #decrease}.</p>"}, "type": "desc"}, {"attributes": {}, "type": "return", "children": [{"attributes": {"text": "<p>(Computed) value of <code>decrease</code>.</p>"}, "type": "desc"}, {"attributes": {}, "type": "types", "children": [{"attributes": {"type": "var"}, "type": "entry"}]}]}]}, {"attributes": {"name": "getFirstInterval", "fromProperty": "firstInterval"}, "type": "method", "children": [{"attributes": {"text": "<p>Returns the (computed) value of the property <code>firstInterval</code>.</p>\n\n<p>For further details take a look at the property definition: {@link #firstInterval}.</p>"}, "type": "desc"}, {"attributes": {}, "type": "return", "children": [{"attributes": {"text": "<p>(Computed) value of <code>firstInterval</code>.</p>"}, "type": "desc"}, {"attributes": {}, "type": "types", "children": [{"attributes": {"type": "var"}, "type": "entry"}]}]}]}, {"attributes": {"name": "getInterval", "fromProperty": "interval"}, "type": "method", "children": [{"attributes": {"text": "<p>Returns the (computed) value of the property <code>interval</code>.</p>\n\n<p>For further details take a look at the property definition: {@link #interval}.</p>"}, "type": "desc"}, {"attributes": {}, "type": "return", "children": [{"attributes": {"text": "<p>(Computed) value of <code>interval</code>.</p>"}, "type": "desc"}, {"attributes": {}, "type": "types", "children": [{"attributes": {"type": "var"}, "type": "entry"}]}]}]}, {"attributes": {"name": "getMinimum", "fromProperty": "minimum"}, "type": "method", "children": [{"attributes": {"text": "<p>Returns the (computed) value of the property <code>minimum</code>.</p>\n\n<p>For further details take a look at the property definition: {@link #minimum}.</p>"}, "type": "desc"}, {"attributes": {}, "type": "return", "children": [{"attributes": {"text": "<p>(Computed) value of <code>minimum</code>.</p>"}, "type": "desc"}, {"attributes": {}, "type": "types", "children": [{"attributes": {"type": "var"}, "type": "entry"}]}]}]}, {"attributes": {"access": "protected", "name": "initDecrease", "fromProperty": "decrease"}, "type": "method", "children": [{"attributes": {}, "type": "params", "children": [{"attributes": {"name": "value"}, "type": "param", "children": [{"attributes": {"text": "<p>Initial value for property <code>decrease</code>.</p>"}, "type": "desc"}, {"attributes": {}, "type": "types", "children": [{"attributes": {"type": "var"}, "type": "entry"}]}]}]}, {"attributes": {"text": "<p>Calls the apply method and dispatches the change event of the property <code>decrease</code>\nwith the default value defined by the class developer. This function can\nonly be called from the constructor of a class.</p>\n\n<p>For further details take a look at the property definition: {@link #decrease}.</p>"}, "type": "desc"}, {"attributes": {}, "type": "return", "children": [{"attributes": {"text": "<p>the default value</p>"}, "type": "desc"}, {"attributes": {}, "type": "types", "children": [{"attributes": {"type": "var"}, "type": "entry"}]}]}]}, {"attributes": {"access": "protected", "name": "initFirstInterval", "fromProperty": "firstInterval"}, "type": "method", "children": [{"attributes": {}, "type": "params", "children": [{"attributes": {"name": "value"}, "type": "param", "children": [{"attributes": {"text": "<p>Initial value for property <code>firstInterval</code>.</p>"}, "type": "desc"}, {"attributes": {}, "type": "types", "children": [{"attributes": {"type": "var"}, "type": "entry"}]}]}]}, {"attributes": {"text": "<p>Calls the apply method and dispatches the change event of the property <code>firstInterval</code>\nwith the default value defined by the class developer. This function can\nonly be called from the constructor of a class.</p>\n\n<p>For further details take a look at the property definition: {@link #firstInterval}.</p>"}, "type": "desc"}, {"attributes": {}, "type": "return", "children": [{"attributes": {"text": "<p>the default value</p>"}, "type": "desc"}, {"attributes": {}, "type": "types", "children": [{"attributes": {"type": "var"}, "type": "entry"}]}]}]}, {"attributes": {"access": "protected", "name": "initInterval", "fromProperty": "interval"}, "type": "method", "children": [{"attributes": {}, "type": "params", "children": [{"attributes": {"name": "value"}, "type": "param", "children": [{"attributes": {"text": "<p>Initial value for property <code>interval</code>.</p>"}, "type": "desc"}, {"attributes": {}, "type": "types", "children": [{"attributes": {"type": "var"}, "type": "entry"}]}]}]}, {"attributes": {"text": "<p>Calls the apply method and dispatches the change event of the property <code>interval</code>\nwith the default value defined by the class developer. This function can\nonly be called from the constructor of a class.</p>\n\n<p>For further details take a look at the property definition: {@link #interval}.</p>"}, "type": "desc"}, {"attributes": {}, "type": "return", "children": [{"attributes": {"text": "<p>the default value</p>"}, "type": "desc"}, {"attributes": {}, "type": "types", "children": [{"attributes": {"type": "var"}, "type": "entry"}]}]}]}, {"attributes": {"access": "protected", "name": "initMinimum", "fromProperty": "minimum"}, "type": "method", "children": [{"attributes": {}, "type": "params", "children": [{"attributes": {"name": "value"}, "type": "param", "children": [{"attributes": {"text": "<p>Initial value for property <code>minimum</code>.</p>"}, "type": "desc"}, {"attributes": {}, "type": "types", "children": [{"attributes": {"type": "var"}, "type": "entry"}]}]}]}, {"attributes": {"text": "<p>Calls the apply method and dispatches the change event of the property <code>minimum</code>\nwith the default value defined by the class developer. This function can\nonly be called from the constructor of a class.</p>\n\n<p>For further details take a look at the property definition: {@link #minimum}.</p>"}, "type": "desc"}, {"attributes": {}, "type": "return", "children": [{"attributes": {"text": "<p>the default value</p>"}, "type": "desc"}, {"attributes": {}, "type": "types", "children": [{"attributes": {"type": "var"}, "type": "entry"}]}]}]}, {"attributes": {"name": "resetDecrease", "fromProperty": "decrease"}, "type": "method", "children": [{"attributes": {"text": "<p>Resets the user value of the property <code>decrease</code>.</p>\n\n<p>The computed value falls back to the next available value e.g. appearance, init or\ninheritance value depeneding on the property configuration and value availability.</p>\n\n<p>For further details take a look at the property definition: {@link #decrease}.</p>"}, "type": "desc"}]}, {"attributes": {"name": "resetFirstInterval", "fromProperty": "firstInterval"}, "type": "method", "children": [{"attributes": {"text": "<p>Resets the user value of the property <code>firstInterval</code>.</p>\n\n<p>The computed value falls back to the next available value e.g. appearance, init or\ninheritance value depeneding on the property configuration and value availability.</p>\n\n<p>For further details take a look at the property definition: {@link #firstInterval}.</p>"}, "type": "desc"}]}, {"attributes": {"name": "resetInterval", "fromProperty": "interval"}, "type": "method", "children": [{"attributes": {"text": "<p>Resets the user value of the property <code>interval</code>.</p>\n\n<p>The computed value falls back to the next available value e.g. appearance, init or\ninheritance value depeneding on the property configuration and value availability.</p>\n\n<p>For further details take a look at the property definition: {@link #interval}.</p>"}, "type": "desc"}]}, {"attributes": {"name": "resetMinimum", "fromProperty": "minimum"}, "type": "method", "children": [{"attributes": {"text": "<p>Resets the user value of the property <code>minimum</code>.</p>\n\n<p>The computed value falls back to the next available value e.g. appearance, init or\ninheritance value depeneding on the property configuration and value availability.</p>\n\n<p>For further details take a look at the property definition: {@link #minimum}.</p>"}, "type": "desc"}]}, {"attributes": {"name": "setDecrease", "fromProperty": "decrease"}, "type": "method", "children": [{"attributes": {}, "type": "params", "children": [{"attributes": {"name": "value"}, "type": "param", "children": [{"attributes": {"text": "<p>New value for property <code>decrease</code>.</p>"}, "type": "desc"}, {"attributes": {}, "type": "types", "children": [{"attributes": {"type": "var"}, "type": "entry"}]}]}]}, {"attributes": {"text": "<p>Sets the user value of the property <code>decrease</code>.</p>\n\n<p>For further details take a look at the property definition: {@link #decrease}.</p>"}, "type": "desc"}, {"attributes": {}, "type": "return", "children": [{"attributes": {"text": "<p>The unmodified incoming value.</p>"}, "type": "desc"}, {"attributes": {}, "type": "types", "children": [{"attributes": {"type": "var"}, "type": "entry"}]}]}]}, {"attributes": {"name": "setFirstInterval", "fromProperty": "firstInterval"}, "type": "method", "children": [{"attributes": {}, "type": "params", "children": [{"attributes": {"name": "value"}, "type": "param", "children": [{"attributes": {"text": "<p>New value for property <code>firstInterval</code>.</p>"}, "type": "desc"}, {"attributes": {}, "type": "types", "children": [{"attributes": {"type": "var"}, "type": "entry"}]}]}]}, {"attributes": {"text": "<p>Sets the user value of the property <code>firstInterval</code>.</p>\n\n<p>For further details take a look at the property definition: {@link #firstInterval}.</p>"}, "type": "desc"}, {"attributes": {}, "type": "return", "children": [{"attributes": {"text": "<p>The unmodified incoming value.</p>"}, "type": "desc"}, {"attributes": {}, "type": "types", "children": [{"attributes": {"type": "var"}, "type": "entry"}]}]}]}, {"attributes": {"name": "setInterval", "fromProperty": "interval"}, "type": "method", "children": [{"attributes": {}, "type": "params", "children": [{"attributes": {"name": "value"}, "type": "param", "children": [{"attributes": {"text": "<p>New value for property <code>interval</code>.</p>"}, "type": "desc"}, {"attributes": {}, "type": "types", "children": [{"attributes": {"type": "var"}, "type": "entry"}]}]}]}, {"attributes": {"text": "<p>Sets the user value of the property <code>interval</code>.</p>\n\n<p>For further details take a look at the property definition: {@link #interval}.</p>"}, "type": "desc"}, {"attributes": {}, "type": "return", "children": [{"attributes": {"text": "<p>The unmodified incoming value.</p>"}, "type": "desc"}, {"attributes": {}, "type": "types", "children": [{"attributes": {"type": "var"}, "type": "entry"}]}]}]}, {"attributes": {"name": "setMinimum", "fromProperty": "minimum"}, "type": "method", "children": [{"attributes": {}, "type": "params", "children": [{"attributes": {"name": "value"}, "type": "param", "children": [{"attributes": {"text": "<p>New value for property <code>minimum</code>.</p>"}, "type": "desc"}, {"attributes": {}, "type": "types", "children": [{"attributes": {"type": "var"}, "type": "entry"}]}]}]}, {"attributes": {"text": "<p>Sets the user value of the property <code>minimum</code>.</p>\n\n<p>For further details take a look at the property definition: {@link #minimum}.</p>"}, "type": "desc"}, {"attributes": {}, "type": "return", "children": [{"attributes": {"text": "<p>The unmodified incoming value.</p>"}, "type": "desc"}, {"attributes": {}, "type": "types", "children": [{"attributes": {"type": "var"}, "type": "entry"}]}]}]}, {"attributes": {"line": 98, "name": "start"}, "type": "method", "children": [{"attributes": {"text": "<p>Reset and start the timer.</p>"}, "type": "desc"}]}, {"attributes": {"line": 108, "name": "stop"}, "type": "method", "children": [{"attributes": {"text": "<p>Stop the timer</p>"}, "type": "desc"}]}]}, {"attributes": {}, "type": "properties", "children": [{"attributes": {"defaultValue": "2", "propertyType": "new", "check": "Integer", "name": "decrease"}, "type": "property", "children": [{"attributes": {"text": "<p>Decrease of the timer on each interval (for the next interval) until minTimer reached.</p>"}, "type": "desc"}]}, {"attributes": {"defaultValue": "500", "propertyType": "new", "check": "Integer", "name": "firstInterval"}, "type": "property", "children": [{"attributes": {"text": "<p>Interval used for the first run of the timer. Usually a greater value\nthan the &#8220;interval&#8221; property value to a little delayed reaction at the first\ntime.</p>"}, "type": "desc"}]}, {"attributes": {"defaultValue": "100", "propertyType": "new", "check": "Integer", "name": "interval"}, "type": "property", "children": [{"attributes": {"text": "<p>Interval used after the first run of the timer. Usually a smaller value\nthan the &#8220;firstInterval&#8221; property value to get a faster reaction.</p>"}, "type": "desc"}]}, {"attributes": {"defaultValue": "20", "propertyType": "new", "check": "Integer", "name": "minimum"}, "type": "property", "children": [{"attributes": {"text": "<p>This configures the minimum value for the timer interval.</p>"}, "type": "desc"}]}]}]}