{"attributes": {"fullName": "qx.event.type.MouseWheel", "packageName": "qx.event.type", "type": "class", "name": "MouseWheel", "superClass": "qx.event.type.Mouse"}, "type": "class", "children": [{"attributes": {"text": "<p>Mouse wheel event object.</p>"}, "type": "desc"}, {"attributes": {}, "type": "methods", "children": [{"attributes": {"line": 46, "name": "getWheelDelta"}, "type": "method", "children": [{"attributes": {}, "type": "params", "children": [{"attributes": {"optional": true, "name": "axis"}, "type": "param", "children": [{"attributes": {"text": "<p>Optional parameter which definex the scroll axis. The value can either be <code>&#8220;x&#8221;</code> or <code>&#8220;y&#8221;</code>.</p>"}, "type": "desc"}, {"attributes": {}, "type": "types", "children": [{"attributes": {"type": "String"}, "type": "entry"}]}]}]}, {"attributes": {"text": "<p>Get the amount the wheel has been scrolled</p>"}, "type": "desc"}, {"attributes": {}, "type": "return", "children": [{"attributes": {"text": "<p>Scroll wheel movement for the given axis. If no axis is given, the y axis is used.</p>"}, "type": "desc"}, {"attributes": {}, "type": "types", "children": [{"attributes": {"type": "Integer"}, "type": "entry"}]}]}]}, {"attributes": {"docFrom": "qx.event.type.Event", "line": 31, "overriddenFrom": "qx.event.type.Mouse", "name": "stop"}, "type": "method"}]}]}