{"attributes": {"fullName": "qx.event.type.Focus", "packageName": "qx.event.type", "type": "class", "name": "Focus", "superClass": "qx.event.type.Event"}, "type": "class", "children": [{"attributes": {"text": "<p>Common base class for all focus events.</p>"}, "type": "desc"}, {"attributes": {}, "type": "methods", "children": [{"attributes": {"line": 40, "overriddenFrom": "qx.event.type.Event", "name": "init"}, "type": "method", "children": [{"attributes": {}, "type": "params", "children": [{"attributes": {"name": "target"}, "type": "param", "children": [{"attributes": {"text": "<p>Any possible event target</p>"}, "type": "desc"}, {"attributes": {}, "type": "types", "children": [{"attributes": {"type": "Object"}, "type": "entry"}]}]}, {"attributes": {"name": "relatedTarget"}, "type": "param", "children": [{"attributes": {"text": "<p>Any possible event target</p>"}, "type": "desc"}, {"attributes": {}, "type": "types", "children": [{"attributes": {"type": "Object"}, "type": "entry"}]}]}, {"attributes": {"defaultValue": "false", "optional": true, "name": "canBubble"}, "type": "param", "children": [{"attributes": {"text": "<p>Whether or not the event is a bubbling event. If the event is bubbling, the bubbling can be stopped using {@link qx.event.type.Event#stopPropagation}</p>"}, "type": "desc"}, {"attributes": {}, "type": "types", "children": [{"attributes": {"type": "Boolean"}, "type": "entry"}]}]}]}, {"attributes": {"text": "<p>Initialize the fields of the event. The event must be initialized before\nit can be dispatched.</p>"}, "type": "desc"}, {"attributes": {}, "type": "return", "children": [{"attributes": {"text": "<p>The initialized event instance</p>"}, "type": "desc"}, {"attributes": {}, "type": "types", "children": [{"attributes": {"type": "qx.event.type.Event"}, "type": "entry"}]}]}]}]}]}