{"attributes": {"name": "Touch", "packageName": "qx.event.handler", "superClass": "qx.event.handler.TouchCore", "fullName": "qx.event.handler.Touch", "type": "class", "interfaces": "qx.event.IEventHandler"}, "type": "class", "children": [{"attributes": {"text": "<p>This class provides a unified touch event handler.</p>"}, "type": "desc"}, {"attributes": {}, "type": "constructor", "children": [{"attributes": {"line": 49, "isCtor": true, "overriddenFrom": "qx.event.handler.TouchCore", "name": "ctor"}, "type": "method", "children": [{"attributes": {}, "type": "params", "children": [{"attributes": {"name": "manager"}, "type": "param", "children": [{"attributes": {"text": "<p>Event manager for the window to use</p>"}, "type": "desc"}, {"attributes": {}, "type": "types", "children": [{"attributes": {"type": "qx.event.Manager"}, "type": "entry"}]}]}]}, {"attributes": {"text": "<p>Create a new instance</p>"}, "type": "desc"}]}]}, {"attributes": {}, "type": "constants", "children": [{"attributes": {"name": "PRIORITY"}, "type": "constant", "children": [{"attributes": {"text": "<p>Priority of this handler</p>"}, "type": "desc"}, {"attributes": {}, "type": "types", "children": [{"attributes": {"type": "Integer"}, "type": "entry"}]}]}, {"attributes": {"name": "TARGET_CHECK"}, "type": "constant", "children": [{"attributes": {"text": "<p>Which target check to use</p>"}, "type": "desc"}, {"attributes": {}, "type": "types", "children": [{"attributes": {"type": "Integer"}, "type": "entry"}]}]}, {"attributes": {"type": "Boolean", "name": "IGNORE_CAN_HANDLE", "value": "true"}, "type": "constant", "children": [{"attributes": {"text": "<p>Whether the method &#8220;canHandleEvent&#8221; must be called</p>"}, "type": "desc"}, {"attributes": {}, "type": "types", "children": [{"attributes": {"type": "Integer"}, "type": "entry"}]}]}, {"attributes": {"name": "MOUSE_TO_TOUCH_MAPPING"}, "type": "constant", "children": [{"attributes": {"text": "<p>Mapping of mouse events to touch events</p>"}, "type": "desc"}, {"attributes": {}, "type": "types", "children": [{"attributes": {"type": "Map"}, "type": "entry"}]}]}, {"attributes": {"name": "SUPPORTED_TYPES"}, "type": "constant", "children": [{"attributes": {"text": "<p>Supported event types</p>"}, "type": "desc"}, {"attributes": {}, "type": "types", "children": [{"attributes": {"type": "Map"}, "type": "entry"}]}]}]}, {"attributes": {}, "type": "methods", "children": [{"attributes": {"access": "private", "line": 212, "name": "__callBase"}, "type": "method", "children": [{"attributes": {}, "type": "params", "children": [{"attributes": {"name": "method"}, "type": "param", "children": [{"attributes": {"text": "<p>Name of the overriden method.</p>"}, "type": "desc"}, {"attributes": {}, "type": "types", "children": [{"attributes": {"type": "String"}, "type": "entry"}]}]}, {"attributes": {"name": "args"}, "type": "param", "children": [{"attributes": {"text": "<p>Arguments.</p>"}, "type": "desc"}, {"attributes": {}, "type": "types", "children": [{"attributes": {"type": "Array"}, "type": "entry"}]}]}]}, {"attributes": {"text": "<p>Call overriden method.</p>"}, "type": "desc"}]}, {"attributes": {"access": "protected", "line": 154, "overriddenFrom": "qx.event.handler.TouchCore", "name": "_fireEvent"}, "type": "method", "children": [{"attributes": {}, "type": "params", "children": [{"attributes": {"name": "domEvent"}, "type": "param", "children": [{"attributes": {"text": "<p><span class=\"caps\">DOM</span> event</p>"}, "type": "desc"}, {"attributes": {}, "type": "types", "children": [{"attributes": {"type": "Event"}, "type": "entry"}]}]}, {"attributes": {"defaultValue": "null", "optional": true, "name": "type"}, "type": "param", "children": [{"attributes": {"text": "<p>type of the event</p>"}, "type": "desc"}, {"attributes": {}, "type": "types", "children": [{"attributes": {"type": "String"}, "type": "entry"}]}]}, {"attributes": {"defaultValue": "null", "optional": true, "name": "target"}, "type": "param", "children": [{"attributes": {"text": "<p>event target</p>"}, "type": "desc"}, {"attributes": {}, "type": "types", "children": [{"attributes": {"type": "Element"}, "type": "entry"}]}]}, {"attributes": {"defaultValue": "qx.event.type.Touch", "optional": true, "name": "eventTypeClass"}, "type": "param", "children": [{"attributes": {"text": "<p>the event type class</p>"}, "type": "desc"}, {"attributes": {}, "type": "types", "children": [{"attributes": {"type": "Class"}, "type": "entry"}]}]}]}, {"attributes": {"text": "<p>Fire a touch event with the given parameters</p>"}, "type": "desc"}]}, {"attributes": {"access": "protected", "line": 1, "overriddenFrom": "qx.event.handler.TouchCore", "name": "_onTouchEvent"}, "type": "method", "children": [{"attributes": {}, "type": "params", "children": [{"attributes": {"name": "domEvent"}, "type": "param", "children": [{"attributes": {"text": "<p>The touch event from the browser.</p>"}, "type": "desc"}, {"attributes": {}, "type": "types", "children": [{"attributes": {"type": "Event"}, "type": "entry"}]}]}]}, {"attributes": {"text": "<p>Handler for the native touch events.</p>"}, "type": "desc"}]}, {"attributes": {"docFrom": "qx.event.IEventHandler", "line": 125, "name": "canHandleEvent"}, "type": "method", "children": [{"attributes": {}, "type": "params", "children": [{"attributes": {"name": "target"}, "type": "param"}, {"attributes": {"name": "type"}, "type": "param"}]}]}, {"attributes": {"line": 198, "overriddenFrom": "qx.event.handler.TouchCore", "name": "dispose"}, "type": "method", "children": [{"attributes": {"text": "<p>Dispose this object</p>"}, "type": "desc"}]}, {"attributes": {"docFrom": "qx.event.IEventHandler", "line": 128, "name": "registerEvent"}, "type": "method", "children": [{"attributes": {}, "type": "params", "children": [{"attributes": {"name": "target"}, "type": "param"}, {"attributes": {"name": "type"}, "type": "param"}, {"attributes": {"name": "capture"}, "type": "param"}]}]}, {"attributes": {"docFrom": "qx.event.IEventHandler", "line": 134, "name": "unregisterEvent"}, "type": "method", "children": [{"attributes": {}, "type": "params", "children": [{"attributes": {"name": "target"}, "type": "param"}, {"attributes": {"name": "type"}, "type": "param"}, {"attributes": {"name": "capture"}, "type": "param"}]}]}]}]}