{"attributes": {"fullName": "qx.html.Image", "packageName": "qx.html", "type": "class", "name": "Image", "superClass": "qx.html.Element"}, "type": "class", "children": [{"attributes": {"text": "<p>This is a simple image class using the low level image features of\nqooxdoo and wraps it for the qx.html layer.</p>"}, "type": "desc"}, {"attributes": {}, "type": "methods", "children": [{"attributes": {"access": "protected", "docFrom": "qx.html.Element", "line": 75, "overriddenFrom": "qx.html.Element", "name": "_applyProperty"}, "type": "method", "children": [{"attributes": {}, "type": "params", "children": [{"attributes": {"name": "name"}, "type": "param"}, {"attributes": {"name": "value"}, "type": "param"}]}]}, {"attributes": {"access": "protected", "docFrom": "qx.html.Element", "line": 151, "overriddenFrom": "qx.html.Element", "name": "_copyData"}, "type": "method", "children": [{"attributes": {}, "type": "params", "children": [{"attributes": {"name": "fromMarkup"}, "type": "param"}]}]}, {"attributes": {"access": "protected", "docFrom": "qx.html.Element", "line": 125, "overriddenFrom": "qx.html.Element", "name": "_createDomElement"}, "type": "method"}, {"attributes": {"access": "protected", "docFrom": "qx.html.Element", "line": 113, "overriddenFrom": "qx.html.Element", "name": "_removeProperty"}, "type": "method", "children": [{"attributes": {}, "type": "params", "children": [{"attributes": {"name": "key"}, "type": "param"}, {"attributes": {"name": "direct"}, "type": "param"}]}]}, {"attributes": {"line": 224, "name": "getScale"}, "type": "method", "children": [{"attributes": {"text": "<p>Returns whether the image is scaled or not.</p>"}, "type": "desc"}, {"attributes": {}, "type": "return", "children": [{"attributes": {"text": "<p>Whether the image is scaled</p>"}, "type": "desc"}, {"attributes": {}, "type": "types", "children": [{"attributes": {"type": "Boolean"}, "type": "entry"}]}]}]}, {"attributes": {"line": 183, "name": "getSource"}, "type": "method", "children": [{"attributes": {"text": "<p>Returns the image source.</p>"}, "type": "desc"}, {"attributes": {}, "type": "return", "children": [{"attributes": {"text": "<p>Current image source.</p>"}, "type": "desc"}, {"attributes": {}, "type": "types", "children": [{"attributes": {"type": "String"}, "type": "entry"}]}]}]}, {"attributes": {"line": 193, "name": "resetSource"}, "type": "method", "children": [{"attributes": {"text": "<p>Resets the current source to null which means that no image\nis shown anymore.</p>"}, "type": "desc"}, {"attributes": {}, "type": "return", "children": [{"attributes": {"text": "<p>The current instance for chaining</p>"}, "type": "desc"}, {"attributes": {}, "type": "types", "children": [{"attributes": {"type": "qx.html.Image"}, "type": "entry"}]}]}]}, {"attributes": {"line": 57, "name": "setPadding"}, "type": "method", "children": [{"attributes": {}, "type": "params", "children": [{"attributes": {"name": "paddingLeft"}, "type": "param", "children": [{"attributes": {"text": "<p>left padding value</p>"}, "type": "desc"}, {"attributes": {}, "type": "types", "children": [{"attributes": {"type": "Integer"}, "type": "entry"}]}]}, {"attributes": {"name": "paddingTop"}, "type": "param", "children": [{"attributes": {"text": "<p>top padding value</p>"}, "type": "desc"}, {"attributes": {}, "type": "types", "children": [{"attributes": {"type": "Integer"}, "type": "entry"}]}]}]}, {"attributes": {"text": "<p>Maps padding to background-position if the widget is rendered as a\nbackground image</p>"}, "type": "desc"}]}, {"attributes": {"line": 212, "name": "setScale"}, "type": "method", "children": [{"attributes": {}, "type": "params", "children": [{"attributes": {"name": "value"}, "type": "param", "children": [{"attributes": {"text": "<p>Scale the image</p>"}, "type": "desc"}, {"attributes": {}, "type": "types", "children": [{"attributes": {"type": "Boolean"}, "type": "entry"}]}]}]}, {"attributes": {"text": "<p>Whether the image should be scaled or not.</p>"}, "type": "desc"}, {"attributes": {}, "type": "return", "children": [{"attributes": {"text": "<p>This instance for for chaining support.</p>"}, "type": "desc"}, {"attributes": {}, "type": "types", "children": [{"attributes": {"type": "qx.html.Label"}, "type": "entry"}]}]}]}, {"attributes": {"line": 171, "name": "setSource"}, "type": "method", "children": [{"attributes": {}, "type": "params", "children": [{"attributes": {"name": "value"}, "type": "param", "children": [{"attributes": {"text": "<p>Whether the <span class=\"caps\">HTML</span> mode should be used.</p>"}, "type": "desc"}, {"attributes": {}, "type": "types", "children": [{"attributes": {"type": "Boolean"}, "type": "entry"}]}]}]}, {"attributes": {"text": "<p>Configures the image source</p>"}, "type": "desc"}, {"attributes": {}, "type": "return", "children": [{"attributes": {"text": "<p>This instance for for chaining support.</p>"}, "type": "desc"}, {"attributes": {}, "type": "types", "children": [{"attributes": {"type": "qx.html.Label"}, "type": "entry"}]}]}]}]}]}