{"attributes": {"fullName": "qx.html.Root", "packageName": "qx.html", "type": "class", "name": "Root", "superClass": "qx.html.Element"}, "type": "class", "children": [{"attributes": {"text": "<p>This is the root element for a set of {@link qx.html.Element}s.</p>\n\n<p>To make other elements visible these elements must be inserted\ninto an root element at any level.</p>\n\n<p>A root element uses an existing <span class=\"caps\">DOM</span> element where is assumed that\nthis element is always visible. In the easiest case, the root element\nis identical to the document&#8217;s body.</p>"}, "type": "desc"}, {"attributes": {}, "type": "constructor", "children": [{"attributes": {"line": 47, "isCtor": true, "overriddenFrom": "qx.html.Element", "name": "ctor"}, "type": "method", "children": [{"attributes": {}, "type": "params", "children": [{"attributes": {"defaultValue": "null", "optional": true, "name": "elem"}, "type": "param", "children": [{"attributes": {"text": "<p><span class=\"caps\">DOM</span> element to use</p>"}, "type": "desc"}, {"attributes": {}, "type": "types", "children": [{"attributes": {"type": "Element"}, "type": "entry"}]}]}]}, {"attributes": {"text": "<p>Creates a root element</p>"}, "type": "desc"}]}]}, {"attributes": {}, "type": "methods", "children": [{"attributes": {"line": 75, "overriddenFrom": "qx.html.Element", "name": "useElement"}, "type": "method", "children": [{"attributes": {}, "type": "params", "children": [{"attributes": {"name": "elem"}, "type": "param", "children": [{"attributes": {"text": "<p>the dom element to set</p>"}, "type": "desc"}, {"attributes": {}, "type": "types", "children": [{"attributes": {"type": "Element"}, "type": "entry"}]}]}]}, {"attributes": {"text": "<p>Sets the element to an already existing node. It will be\nassumed that this <span class=\"caps\">DOM</span> element is already visible e.g.\nlike a normal displayed element in the document&#8217;s body.</p>"}, "type": "desc"}, {"attributes": {}, "type": "throws", "children": [{"attributes": {"text": "<p>if the element is assigned again</p>", "type": "Error"}, "type": "desc"}]}]}]}]}