{"attributes": {"fullName": "qx.html.Iframe", "packageName": "qx.html", "type": "class", "name": "Iframe", "superClass": "qx.html.Element"}, "type": "class", "children": [{"attributes": {"text": "<p>A cross browser iframe instance.</p>"}, "type": "desc"}, {"attributes": {}, "type": "constructor", "children": [{"attributes": {"line": 44, "isCtor": true, "overriddenFrom": "qx.html.Element", "name": "ctor"}, "type": "method", "children": [{"attributes": {}, "type": "params", "children": [{"attributes": {"name": "url"}, "type": "param", "children": [{"attributes": {"text": "<p>Location which should be loaded inside the Iframe.</p>"}, "type": "desc"}, {"attributes": {}, "type": "types", "children": [{"attributes": {"type": "String"}, "type": "entry"}]}]}, {"attributes": {"defaultValue": "null", "optional": true, "name": "styles"}, "type": "param", "children": [{"attributes": {"text": "<p>optional map of <span class=\"caps\">CSS</span> styles, where the key is the name of the style and the value is the value to use.</p>"}, "type": "desc"}, {"attributes": {}, "type": "types", "children": [{"attributes": {"type": "Map"}, "type": "entry"}]}]}, {"attributes": {"defaultValue": "null", "optional": true, "name": "attributes"}, "type": "param", "children": [{"attributes": {"text": "<p>optional map of element attributes, where the key is the name of the attribute and the value is the value to use.</p>"}, "type": "desc"}, {"attributes": {}, "type": "types", "children": [{"attributes": {"type": "Map"}, "type": "entry"}]}]}]}, {"attributes": {"text": "<p>Wrapper for the <span class=\"caps\">HTML</span> Iframe element.</p>"}, "type": "desc"}]}]}, {"attributes": {}, "type": "events", "children": [{"attributes": {"name": "load"}, "type": "event", "children": [{"attributes": {"text": "<p>The &#8220;load&#8221; event is fired after the iframe content has successfully been loaded.</p>"}, "type": "desc"}, {"attributes": {}, "type": "types", "children": [{"attributes": {"type": "qx.event.type.Event"}, "type": "entry"}]}]}, {"attributes": {"name": "navigate"}, "type": "event", "children": [{"attributes": {"text": "<p>The &#8220;navigate&#8221; event is fired whenever the location of the iframe\nchanges.</p>\n\n<p>Useful to track user navigation and internally used to keep the source\nproperty in sync. Only works when the destination source is of same\norigin than the page embedding the iframe.</p>"}, "type": "desc"}, {"attributes": {}, "type": "types", "children": [{"attributes": {"type": "qx.event.type.Data"}, "type": "entry"}]}]}]}, {"attributes": {}, "type": "methods", "children": [{"attributes": {"access": "private", "line": 265, "name": "__onNavigate"}, "type": "method", "children": [{"attributes": {}, "type": "params", "children": [{"attributes": {"name": "e"}, "type": "param", "children": [{"attributes": {"text": "<p>navigate event</p>"}, "type": "desc"}, {"attributes": {}, "type": "types", "children": [{"attributes": {"type": "qx.event.type.Data"}, "type": "entry"}]}]}]}, {"attributes": {"text": "<p>Handle user navigation. Sync actual <span class=\"caps\">URL</span> of iframe with source property.</p>"}, "type": "desc"}]}, {"attributes": {"access": "protected", "docFrom": "qx.html.Element", "line": 102, "overriddenFrom": "qx.html.Element", "name": "_applyProperty"}, "type": "method", "children": [{"attributes": {}, "type": "params", "children": [{"attributes": {"name": "name"}, "type": "param"}, {"attributes": {"name": "value"}, "type": "param"}]}]}, {"attributes": {"access": "protected", "docFrom": "qx.html.Element", "line": 124, "overriddenFrom": "qx.html.Element", "name": "_createDomElement"}, "type": "method"}, {"attributes": {"line": 177, "name": "getBody"}, "type": "method", "children": [{"attributes": {"text": "<p>Get the <span class=\"caps\">HTML</span> body element of the iframe.</p>"}, "type": "desc"}, {"attributes": {}, "type": "return", "children": [{"attributes": {"text": "<p>The <span class=\"caps\">DOM</span> node of the <code>body</code> element of the iframe.</p>"}, "type": "desc"}, {"attributes": {}, "type": "types", "children": [{"attributes": {"type": "Element"}, "type": "entry"}]}]}]}, {"attributes": {"line": 160, "name": "getDocument"}, "type": "method", "children": [{"attributes": {"text": "<p>Get the <span class=\"caps\">DOM</span> document object of an iframe.</p>"}, "type": "desc"}, {"attributes": {}, "type": "return", "children": [{"attributes": {"text": "<p>The <span class=\"caps\">DOM</span> document object of the iframe.</p>"}, "type": "desc"}, {"attributes": {}, "type": "types", "children": [{"attributes": {"type": "Document"}, "type": "entry"}]}]}]}, {"attributes": {"line": 231, "name": "getName"}, "type": "method", "children": [{"attributes": {"text": "<p>Get the current name.</p>"}, "type": "desc"}, {"attributes": {}, "type": "return", "children": [{"attributes": {"text": "<p>The iframe&#8217;s name.</p>"}, "type": "desc"}, {"attributes": {}, "type": "types", "children": [{"attributes": {"type": "String"}, "type": "entry"}]}]}]}, {"attributes": {"line": 208, "name": "getSource"}, "type": "method", "children": [{"attributes": {"text": "<p>Get the current source.</p>"}, "type": "desc"}, {"attributes": {}, "type": "return", "children": [{"attributes": {"text": "<p>The iframe&#8217;s source</p>"}, "type": "desc"}, {"attributes": {}, "type": "types", "children": [{"attributes": {"type": "String"}, "type": "entry"}]}]}]}, {"attributes": {"line": 142, "name": "getWindow"}, "type": "method", "children": [{"attributes": {"text": "<p>Get the <span class=\"caps\">DOM</span> window object of an iframe.</p>"}, "type": "desc"}, {"attributes": {}, "type": "return", "children": [{"attributes": {"text": "<p>The <span class=\"caps\">DOM</span> window object of the iframe.</p>"}, "type": "desc"}, {"attributes": {}, "type": "types", "children": [{"attributes": {"type": "Window"}, "type": "entry"}]}]}]}, {"attributes": {"line": 239, "name": "reload"}, "type": "method", "children": [{"attributes": {"text": "<p>Reloads iframe</p>"}, "type": "desc"}]}, {"attributes": {"line": 219, "name": "setName"}, "type": "method", "children": [{"attributes": {}, "type": "params", "children": [{"attributes": {"name": "name"}, "type": "param", "children": [{"attributes": {"text": "<p>Name to be set.</p>"}, "type": "desc"}, {"attributes": {}, "type": "types", "children": [{"attributes": {"type": "String"}, "type": "entry"}]}]}]}, {"attributes": {"text": "<p>Sets iframe&#8217;s name attribute to given value</p>"}, "type": "desc"}, {"attributes": {}, "type": "return", "children": [{"attributes": {"text": "<p>The current instance for chaining</p>"}, "type": "desc"}, {"attributes": {}, "type": "types", "children": [{"attributes": {"type": "qx.html.Iframe"}, "type": "entry"}]}]}]}, {"attributes": {"line": 195, "name": "setSource"}, "type": "method", "children": [{"attributes": {}, "type": "params", "children": [{"attributes": {"name": "source"}, "type": "param", "children": [{"attributes": {"text": "<p><span class=\"caps\">URL</span> to be set.</p>"}, "type": "desc"}, {"attributes": {}, "type": "types", "children": [{"attributes": {"type": "String"}, "type": "entry"}]}]}]}, {"attributes": {"text": "<p>Sets iframe&#8217;s source attribute to given value</p>"}, "type": "desc"}, {"attributes": {}, "type": "return", "children": [{"attributes": {"text": "<p>The current instance for chaining</p>"}, "type": "desc"}, {"attributes": {}, "type": "types", "children": [{"attributes": {"type": "qx.html.Iframe"}, "type": "entry"}]}]}]}]}]}