{"attributes": {"fullName": "qx.html.Label", "packageName": "qx.html", "type": "class", "name": "Label", "superClass": "qx.html.Element"}, "type": "class", "children": [{"attributes": {"text": "<p>A cross browser label instance with support for rich <span class=\"caps\">HTML</span> and text labels.</p>\n\n<p>Text labels supports ellipsis to reduce the text width.</p>\n\n<p>The mode can be changed through the method {@link #setRich}\nwhich accepts a boolean value. The default mode is &#8220;text&#8221; which is\na good choice because it has a better performance.</p>"}, "type": "desc"}, {"attributes": {}, "type": "methods", "children": [{"attributes": {"access": "protected", "docFrom": "qx.html.Element", "line": 53, "overriddenFrom": "qx.html.Element", "name": "_applyProperty"}, "type": "method", "children": [{"attributes": {}, "type": "params", "children": [{"attributes": {"name": "name"}, "type": "param"}, {"attributes": {"name": "value"}, "type": "param"}]}]}, {"attributes": {"access": "protected", "docFrom": "qx.html.Element", "line": 77, "overriddenFrom": "qx.html.Element", "name": "_copyData"}, "type": "method", "children": [{"attributes": {}, "type": "params", "children": [{"attributes": {"name": "fromMarkup"}, "type": "param"}]}]}, {"attributes": {"access": "protected", "docFrom": "qx.html.Element", "line": 66, "overriddenFrom": "qx.html.Element", "name": "_createDomElement"}, "type": "method"}, {"attributes": {"line": 133, "name": "getValue"}, "type": "method", "children": [{"attributes": {"text": "<p>Get the current content.</p>"}, "type": "desc"}, {"attributes": {}, "type": "return", "children": [{"attributes": {"text": "<p>The labels&#8217;s content</p>"}, "type": "desc"}, {"attributes": {}, "type": "types", "children": [{"attributes": {"type": "String"}, "type": "entry"}]}]}]}, {"attributes": {"line": 96, "name": "setRich"}, "type": "method", "children": [{"attributes": {}, "type": "params", "children": [{"attributes": {"name": "value"}, "type": "param", "children": [{"attributes": {"text": "<p>Whether the <span class=\"caps\">HTML</span> mode should be used.</p>"}, "type": "desc"}, {"attributes": {}, "type": "types", "children": [{"attributes": {"type": "Boolean"}, "type": "entry"}]}]}]}, {"attributes": {"text": "<p>Toggles between rich <span class=\"caps\">HTML</span> mode and pure text mode.</p>"}, "type": "desc"}, {"attributes": {}, "type": "return", "children": [{"attributes": {"text": "<p>This instance for chaining support.</p>"}, "type": "desc"}, {"attributes": {}, "type": "types", "children": [{"attributes": {"type": "qx.html.Label"}, "type": "entry"}]}]}]}, {"attributes": {"line": 121, "name": "setValue"}, "type": "method", "children": [{"attributes": {}, "type": "params", "children": [{"attributes": {"name": "value"}, "type": "param", "children": [{"attributes": {"text": "<p>The content to be used.</p>"}, "type": "desc"}, {"attributes": {}, "type": "types", "children": [{"attributes": {"type": "String"}, "type": "entry"}]}]}]}, {"attributes": {"text": "<p>Sets the <span class=\"caps\">HTML</span>/text content depending on the content mode.</p>"}, "type": "desc"}, {"attributes": {}, "type": "return", "children": [{"attributes": {"text": "<p>This instance for for chaining support.</p>"}, "type": "desc"}, {"attributes": {}, "type": "types", "children": [{"attributes": {"type": "qx.html.Label"}, "type": "entry"}]}]}]}]}]}