{"attributes": {"fullName": "qx.html.Canvas", "packageName": "qx.html", "type": "class", "name": "Canvas", "superClass": "qx.html.Element"}, "type": "class", "children": [{"attributes": {"text": "<p>Managed wrapper for the <span class=\"caps\">HTML</span> canvas tag.</p>"}, "type": "desc"}, {"attributes": {}, "type": "constructor", "children": [{"attributes": {"line": 41, "isCtor": true, "overriddenFrom": "qx.html.Element", "name": "ctor"}, "type": "method", "children": [{"attributes": {}, "type": "params", "children": [{"attributes": {"defaultValue": "null", "optional": true, "name": "styles"}, "type": "param", "children": [{"attributes": {"text": "<p>optional map of <span class=\"caps\">CSS</span> styles, where the key is the name of the style and the value is the value to use.</p>"}, "type": "desc"}, {"attributes": {}, "type": "types", "children": [{"attributes": {"type": "Map"}, "type": "entry"}]}]}, {"attributes": {"defaultValue": "null", "optional": true, "name": "attributes"}, "type": "param", "children": [{"attributes": {"text": "<p>optional map of element attributes, where the key is the name of the attribute and the value is the value to use.</p>"}, "type": "desc"}, {"attributes": {}, "type": "types", "children": [{"attributes": {"type": "Map"}, "type": "entry"}]}]}]}, {"attributes": {"text": ""}, "type": "desc"}]}]}, {"attributes": {}, "type": "methods", "children": [{"attributes": {"access": "protected", "docFrom": "qx.html.Element", "line": 63, "overriddenFrom": "qx.html.Element", "name": "_createDomElement"}, "type": "method"}, {"attributes": {"line": 73, "name": "getCanvas"}, "type": "method", "children": [{"attributes": {"text": "<p>Get the canvas element [<a href=\"http://www.whatwg.org/specs/web-apps/current-work/multipage/the-canvas-element.html#canvas\">W3C-HMTL5</a>]</p>"}, "type": "desc"}, {"attributes": {}, "type": "return", "children": [{"attributes": {"text": "<p>The canvas <span class=\"caps\">DOM</span> element.</p>"}, "type": "desc"}, {"attributes": {}, "type": "types", "children": [{"attributes": {"type": "Element"}, "type": "entry"}]}]}]}, {"attributes": {"line": 127, "name": "getContext2d"}, "type": "method", "children": [{"attributes": {"text": "<p>Get the canvas&#8217; 2D rendering context\n[<a href=\"http://www.whatwg.org/specs/web-apps/current-work/multipage/the-canvas-element.html#canvasrenderingcontext2d\">W3C-HTML5</a>].\nAll drawing operations are performed on this context.</p>"}, "type": "desc"}, {"attributes": {}, "type": "return", "children": [{"attributes": {"text": "<p>The 2D rendering context.</p>"}, "type": "desc"}, {"attributes": {}, "type": "types", "children": [{"attributes": {"type": "CanvasRenderingContext2D"}, "type": "entry"}]}]}]}, {"attributes": {"line": 115, "name": "getHeight"}, "type": "method", "children": [{"attributes": {"text": "<p>Get the height attribute of the canvas element</p>"}, "type": "desc"}, {"attributes": {}, "type": "return", "children": [{"attributes": {"text": "<p>canvas height</p>"}, "type": "desc"}, {"attributes": {}, "type": "types", "children": [{"attributes": {"type": "Integer"}, "type": "entry"}]}]}]}, {"attributes": {"line": 94, "name": "getWidth"}, "type": "method", "children": [{"attributes": {"text": "<p>Get the width attribute of the canvas element</p>"}, "type": "desc"}, {"attributes": {}, "type": "return", "children": [{"attributes": {"text": "<p>canvas width</p>"}, "type": "desc"}, {"attributes": {}, "type": "types", "children": [{"attributes": {"type": "Integer"}, "type": "entry"}]}]}]}, {"attributes": {"line": 105, "name": "setHeight"}, "type": "method", "children": [{"attributes": {}, "type": "params", "children": [{"attributes": {"name": "height"}, "type": "param", "children": [{"attributes": {"text": "<p>canvas height</p>"}, "type": "desc"}, {"attributes": {}, "type": "types", "children": [{"attributes": {"type": "Integer"}, "type": "entry"}]}]}]}, {"attributes": {"text": "<p>Set the height attribute of the canvas element. This property controls the\nsize of the canvas coordinate space.</p>"}, "type": "desc"}]}, {"attributes": {"line": 84, "name": "setWidth"}, "type": "method", "children": [{"attributes": {}, "type": "params", "children": [{"attributes": {"name": "width"}, "type": "param", "children": [{"attributes": {"text": "<p>canvas width</p>"}, "type": "desc"}, {"attributes": {}, "type": "types", "children": [{"attributes": {"type": "Integer"}, "type": "entry"}]}]}]}, {"attributes": {"text": "<p>Set the width attribute of the canvas element. This property controls the\nsize of the canvas coordinate space.</p>"}, "type": "desc"}]}]}]}