{"attributes": {"fullName": "qx.html.Flash", "packageName": "qx.html", "type": "class", "name": "Flash", "superClass": "qx.html.Element"}, "type": "class", "children": [{"attributes": {"text": "<p>Managed wrapper for the <span class=\"caps\">HTML</span> Flash tag.</p>"}, "type": "desc"}, {"attributes": {}, "type": "constructor", "children": [{"attributes": {"line": 42, "isCtor": true, "overriddenFrom": "qx.html.Element", "name": "ctor"}, "type": "method", "children": [{"attributes": {}, "type": "params", "children": [{"attributes": {"defaultValue": "null", "optional": true, "name": "styles"}, "type": "param", "children": [{"attributes": {"text": "<p>optional map of <span class=\"caps\">CSS</span> styles, where the key is the name of the style and the value is the value to use.</p>"}, "type": "desc"}, {"attributes": {}, "type": "types", "children": [{"attributes": {"type": "Map"}, "type": "entry"}]}]}, {"attributes": {"defaultValue": "null", "optional": true, "name": "attributes"}, "type": "param", "children": [{"attributes": {"text": "<p>optional map of element attributes, where the key is the name of the attribute and the value is the value to use.</p>"}, "type": "desc"}, {"attributes": {}, "type": "types", "children": [{"attributes": {"type": "Map"}, "type": "entry"}]}]}]}, {"attributes": {"text": ""}, "type": "desc"}]}]}, {"attributes": {}, "type": "methods", "children": [{"attributes": {"access": "protected", "docFrom": "qx.html.Element", "line": 74, "overriddenFrom": "qx.html.Element", "name": "_createDomElement"}, "type": "method"}, {"attributes": {"line": 82, "name": "createFlash"}, "type": "method", "children": [{"attributes": {"text": "<p>Creates the <span class=\"caps\">DOM</span> Flash movie with all needed attributes and\n<code>FlashVars</code>.</p>"}, "type": "desc"}]}, {"attributes": {"line": 158, "name": "getAttributes"}, "type": "method", "children": [{"attributes": {"text": "<p>Returns the attributes for the Flash <span class=\"caps\">DOM</span> element.</p>"}, "type": "desc"}, {"attributes": {}, "type": "return", "children": [{"attributes": {"text": "<p>Attributes for the <span class=\"caps\">DOM</span> element.</p>"}, "type": "desc"}, {"attributes": {}, "type": "types", "children": [{"attributes": {"type": "Map"}, "type": "entry"}]}]}]}, {"attributes": {"line": 237, "name": "getFlashElement"}, "type": "method", "children": [{"attributes": {"text": "<p>Return the created <span class=\"caps\">DOM</span> Flash movie.</p>"}, "type": "desc"}, {"attributes": {}, "type": "return", "children": [{"attributes": {"text": "<p>The <span class=\"caps\">DOM</span> Flash element, otherwise <code>null</code>.</p>"}, "type": "desc"}, {"attributes": {}, "type": "types", "children": [{"attributes": {"type": "Element"}, "type": "entry"}, {"attributes": {"type": "null"}, "type": "entry"}]}]}]}, {"attributes": {"line": 199, "name": "getParams"}, "type": "method", "children": [{"attributes": {"text": "<p>Returns the params for the Flash <span class=\"caps\">DOM</span> element.</p>"}, "type": "desc"}, {"attributes": {}, "type": "return", "children": [{"attributes": {"text": "<p>Map with key/value pairs for the Flash <span class=\"caps\">DOM</span> element.</p>"}, "type": "desc"}, {"attributes": {}, "type": "types", "children": [{"attributes": {"type": "Map"}, "type": "entry"}]}]}]}, {"attributes": {"line": 130, "name": "getVariables"}, "type": "method", "children": [{"attributes": {"text": "<p>Returns the <code>FlashVars</code> for the Flash movie.</p>"}, "type": "desc"}, {"attributes": {}, "type": "return", "children": [{"attributes": {"text": "<p>Map with key/value pairs for passing <code>FlashVars</code>}</p>"}, "type": "desc"}, {"attributes": {}, "type": "types", "children": [{"attributes": {"type": "Map"}, "type": "entry"}]}]}]}, {"attributes": {"line": 168, "overriddenFrom": "qx.html.Element", "name": "setAttribute"}, "type": "method", "children": [{"attributes": {}, "type": "params", "children": [{"attributes": {"name": "key"}, "type": "param", "children": [{"attributes": {"text": "<p>Key name.</p>"}, "type": "desc"}, {"attributes": {}, "type": "types", "children": [{"attributes": {"type": "String"}, "type": "entry"}]}]}, {"attributes": {"name": "value"}, "type": "param", "children": [{"attributes": {"text": "<p>Value or <code>null</code> to remove attribute.</p>"}, "type": "desc"}, {"attributes": {}, "type": "types", "children": [{"attributes": {"type": "String"}, "type": "entry"}, {"attributes": {"type": "Boolean"}, "type": "entry"}, {"attributes": {"type": "null"}, "type": "entry"}]}]}]}, {"attributes": {"text": "<p>Set an attribute for the Flash <span class=\"caps\">DOM</span> element.</p>"}, "type": "desc"}]}, {"attributes": {"line": 111, "name": "setId"}, "type": "method", "children": [{"attributes": {}, "type": "params", "children": [{"attributes": {"name": "value"}, "type": "param", "children": [{"attributes": {"text": "<p><span class=\"caps\">URL</span> from the Flash movie.</p>"}, "type": "desc"}, {"attributes": {}, "type": "types", "children": [{"attributes": {"type": "String"}, "type": "entry"}]}]}]}, {"attributes": {"text": "<p>Set the <span class=\"caps\">URL</span> from the Flash movie to display.</p>"}, "type": "desc"}]}, {"attributes": {"line": 209, "name": "setParam"}, "type": "method", "children": [{"attributes": {}, "type": "params", "children": [{"attributes": {"name": "key"}, "type": "param", "children": [{"attributes": {"text": "<p>Key name.</p>"}, "type": "desc"}, {"attributes": {}, "type": "types", "children": [{"attributes": {"type": "String"}, "type": "entry"}]}]}, {"attributes": {"name": "value"}, "type": "param", "children": [{"attributes": {"text": "<p>Value or <code>null</code> to remove param</p>"}, "type": "desc"}, {"attributes": {}, "type": "types", "children": [{"attributes": {"type": "String"}, "type": "entry"}, {"attributes": {"type": "Boolean"}, "type": "entry"}, {"attributes": {"type": "null"}, "type": "entry"}]}]}]}, {"attributes": {"text": "<p>Set the param for the Flash <span class=\"caps\">DOM</span> element, also called attribute.</p>"}, "type": "desc"}]}, {"attributes": {"line": 93, "name": "setSource"}, "type": "method", "children": [{"attributes": {}, "type": "params", "children": [{"attributes": {"name": "value"}, "type": "param", "children": [{"attributes": {"text": "<p><span class=\"caps\">URL</span> from the Flash movie.</p>"}, "type": "desc"}, {"attributes": {}, "type": "types", "children": [{"attributes": {"type": "String"}, "type": "entry"}]}]}]}, {"attributes": {"text": "<p>Set the <span class=\"caps\">URL</span> from the Flash movie to display.</p>"}, "type": "desc"}]}, {"attributes": {"line": 140, "name": "setVariables"}, "type": "method", "children": [{"attributes": {}, "type": "params", "children": [{"attributes": {"name": "value"}, "type": "param", "children": [{"attributes": {"text": "<p>Map with key/value pairs for passing <code>FlashVars</code></p>"}, "type": "desc"}, {"attributes": {}, "type": "types", "children": [{"attributes": {"type": "Map"}, "type": "entry"}]}]}]}, {"attributes": {"text": "<p>Set the <code>FlashVars</code> to pass variables to the Flash movie.</p>"}, "type": "desc"}]}]}]}