{"attributes": {"fullName": "qx.html.Input", "packageName": "qx.html", "type": "class", "name": "Input", "superClass": "qx.html.Element"}, "type": "class", "children": [{"attributes": {"text": "<p>A Input wrap any valid <span class=\"caps\">HTML</span> input element and make it accessible\nthrough the normalized qooxdoo element interface.</p>"}, "type": "desc"}, {"attributes": {}, "type": "constructor", "children": [{"attributes": {"line": 48, "isCtor": true, "overriddenFrom": "qx.html.Element", "name": "ctor"}, "type": "method", "children": [{"attributes": {}, "type": "params", "children": [{"attributes": {"name": "type"}, "type": "param", "children": [{"attributes": {"text": "<p>The type of the input field. Valid values are <code>text</code>, <code>textarea</code>, <code>select</code>, <code>checkbox</code>, <code>radio</code>, <code>password</code>, <code>hidden</code>, <code>submit</code>, <code>image</code>, <code>file</code>, <code>search</code>, <code>reset</code>, <code>select</code> and <code>textarea</code>.</p>"}, "type": "desc"}, {"attributes": {}, "type": "types", "children": [{"attributes": {"type": "String"}, "type": "entry"}]}]}, {"attributes": {"defaultValue": "null", "optional": true, "name": "styles"}, "type": "param", "children": [{"attributes": {"text": "<p>optional map of <span class=\"caps\">CSS</span> styles, where the key is the name of the style and the value is the value to use.</p>"}, "type": "desc"}, {"attributes": {}, "type": "types", "children": [{"attributes": {"type": "Map"}, "type": "entry"}]}]}, {"attributes": {"defaultValue": "null", "optional": true, "name": "attributes"}, "type": "param", "children": [{"attributes": {"text": "<p>optional map of element attributes, where the key is the name of the attribute and the value is the value to use.</p>"}, "type": "desc"}, {"attributes": {}, "type": "types", "children": [{"attributes": {"type": "Map"}, "type": "entry"}]}]}]}, {"attributes": {"text": ""}, "type": "desc"}]}]}, {"attributes": {}, "type": "methods", "children": [{"attributes": {"access": "protected", "docFrom": "qx.html.Element", "line": 92, "overriddenFrom": "qx.html.Element", "name": "_applyProperty"}, "type": "method", "children": [{"attributes": {}, "type": "params", "children": [{"attributes": {"name": "name"}, "type": "param"}, {"attributes": {"name": "value"}, "type": "param"}]}]}, {"attributes": {"access": "protected", "docFrom": "qx.html.Element", "line": 86, "overriddenFrom": "qx.html.Element", "name": "_createDomElement"}, "type": "method"}, {"attributes": {"line": 208, "name": "getValue"}, "type": "method", "children": [{"attributes": {"text": "<p>Get the current value.</p>"}, "type": "desc"}, {"attributes": {}, "type": "return", "children": [{"attributes": {"text": "<p>The element&#8217;s current value.</p>"}, "type": "desc"}, {"attributes": {}, "type": "types", "children": [{"attributes": {"type": "String"}, "type": "entry"}]}]}]}, {"attributes": {"line": 249, "name": "getWrap"}, "type": "method", "children": [{"attributes": {"text": "<p>Gets the text wrap behavior of a text area element.</p>\n\n<p>This property uses the style property &#8220;wrap&#8221; (IE) respectively &#8220;whiteSpace&#8221;</p>"}, "type": "desc"}, {"attributes": {}, "type": "return", "children": [{"attributes": {"text": "<p>Whether wrapping is enabled or disabled.</p>"}, "type": "desc"}, {"attributes": {}, "type": "types", "children": [{"attributes": {"type": "Boolean"}, "type": "entry"}]}]}]}, {"attributes": {"line": 124, "name": "setEnabled"}, "type": "method", "children": [{"attributes": {}, "type": "params", "children": [{"attributes": {"name": "value"}, "type": "param", "children": [{"attributes": {"text": "<p>true, if the inpout element should be enabled.</p>"}, "type": "desc"}, {"attributes": {}, "type": "types", "children": [{"attributes": {"type": "Boolean"}, "type": "entry"}]}]}]}, {"attributes": {"text": "<p>Set the input element enabled / disabled.\nWebkit needs a special treatment because the set color of the input\nfield changes automatically. Therefore, we use\n<code>-webkit-user-modify: read-only</code> and\n<code>-webkit-user-select: none</code>\nfor disabling the fields in webkit. All other browsers use the disabled\nattribute.</p>"}, "type": "desc"}]}, {"attributes": {"line": 184, "name": "setValue"}, "type": "method", "children": [{"attributes": {}, "type": "params", "children": [{"attributes": {"name": "value"}, "type": "param", "children": [{"attributes": {"text": "<p>the new value</p>"}, "type": "desc"}, {"attributes": {}, "type": "types", "children": [{"attributes": {"type": "var"}, "type": "entry"}]}]}]}, {"attributes": {"text": "<p>Sets the value of the input element.</p>"}, "type": "desc"}, {"attributes": {}, "type": "return", "children": [{"attributes": {"text": "<p>This instance for for chaining support.</p>"}, "type": "desc"}, {"attributes": {}, "type": "types", "children": [{"attributes": {"type": "qx.html.Input"}, "type": "entry"}]}]}]}, {"attributes": {"line": 230, "name": "setWrap"}, "type": "method", "children": [{"attributes": {}, "type": "params", "children": [{"attributes": {"name": "wrap"}, "type": "param", "children": [{"attributes": {"text": "<p>Whether to turn text wrap on or off.</p>"}, "type": "desc"}, {"attributes": {}, "type": "types", "children": [{"attributes": {"type": "Boolean"}, "type": "entry"}]}]}, {"attributes": {"defaultValue": "false", "optional": true, "name": "direct"}, "type": "param", "children": [{"attributes": {"text": "<p>Whether the execution should be made directly when possible</p>"}, "type": "desc"}, {"attributes": {}, "type": "types", "children": [{"attributes": {"type": "Boolean"}, "type": "entry"}]}]}]}, {"attributes": {"text": "<p>Sets the text wrap behavior of a text area element.</p>\n\n<p>This property uses the style property &#8220;wrap&#8221; (IE) respectively &#8220;whiteSpace&#8221;</p>"}, "type": "desc"}, {"attributes": {}, "type": "return", "children": [{"attributes": {"text": "<p>This instance for for chaining support.</p>"}, "type": "desc"}, {"attributes": {}, "type": "types", "children": [{"attributes": {"type": "qx.html.Input"}, "type": "entry"}]}]}]}]}]}