{"attributes": {"name": "Basic", "packageName": "qx.io.request.authentication", "superClass": "qx.core.Object", "fullName": "qx.io.request.authentication.Basic", "type": "class", "interfaces": "qx.io.request.authentication.IAuthentication"}, "type": "class", "children": [{"attributes": {"text": "<p>Basic authentication.</p>"}, "type": "desc"}, {"attributes": {}, "type": "constructor", "children": [{"attributes": {"line": 34, "isCtor": true, "overriddenFrom": "qx.core.Object", "name": "ctor"}, "type": "method", "children": [{"attributes": {}, "type": "params", "children": [{"attributes": {"name": "username"}, "type": "param", "children": [{"attributes": {"text": "<p>The username to use.</p>"}, "type": "desc"}, {"attributes": {}, "type": "types", "children": [{"attributes": {"type": "var"}, "type": "entry"}]}]}, {"attributes": {"name": "password"}, "type": "param", "children": [{"attributes": {"text": "<p>The password to use.</p>"}, "type": "desc"}, {"attributes": {}, "type": "types", "children": [{"attributes": {"type": "var"}, "type": "entry"}]}]}]}, {"attributes": {"text": ""}, "type": "desc"}]}]}, {"attributes": {}, "type": "methods", "children": [{"attributes": {"line": 47, "name": "getAuthHeaders"}, "type": "method", "children": [{"attributes": {"text": "<p>Headers to include for basic authentication.</p>"}, "type": "desc"}, {"attributes": {}, "type": "return", "children": [{"attributes": {"text": "<p>Map containing the authentication credentials</p>"}, "type": "desc"}, {"attributes": {}, "type": "types", "children": [{"attributes": {"type": "Map"}, "type": "entry"}]}]}]}]}]}