{"attributes": {"fullName": "qx.io.ImageLoader", "packageName": "qx.io", "isStatic": true, "type": "bootstrap", "name": "ImageLoader"}, "type": "class", "children": [{"attributes": {"text": "<p>The ImageLoader can preload and manage loaded image resources. It easily\nhandles multiple requests and supports callbacks for successful and failed\nrequests.</p>\n\n<p>After loading of an image the dimension of the image is stored as long\nas the application is running. This is quite useful for in-memory layouting.</p>\n\n<p>Use {@link #load} to preload your own images.</p>"}, "type": "desc"}, {"attributes": {}, "type": "methods-static", "children": [{"attributes": {"access": "private", "line": 351, "isStatic": true, "name": "__getHeight"}, "type": "method", "children": [{"attributes": {}, "type": "params", "children": [{"attributes": {"name": "element"}, "type": "param", "children": [{"attributes": {"text": "<p><span class=\"caps\">DOM</span> element which represents the image</p>"}, "type": "desc"}, {"attributes": {}, "type": "types", "children": [{"attributes": {"type": "Element"}, "type": "entry"}]}]}]}, {"attributes": {"text": "<p>Returns the natural height of the given image element.</p>"}, "type": "desc"}, {"attributes": {}, "type": "return", "children": [{"attributes": {"text": "<p>Image height</p>"}, "type": "desc"}, {"attributes": {}, "type": "types", "children": [{"attributes": {"type": "Integer"}, "type": "entry"}]}]}]}, {"attributes": {"access": "private", "line": 338, "isStatic": true, "name": "__getWidth"}, "type": "method", "children": [{"attributes": {}, "type": "params", "children": [{"attributes": {"name": "element"}, "type": "param", "children": [{"attributes": {"text": "<p><span class=\"caps\">DOM</span> element which represents the image</p>"}, "type": "desc"}, {"attributes": {}, "type": "types", "children": [{"attributes": {"type": "Element"}, "type": "entry"}]}]}]}, {"attributes": {"text": "<p>Returns the natural width of the given image element.</p>"}, "type": "desc"}, {"attributes": {}, "type": "return", "children": [{"attributes": {"text": "<p>Image width</p>"}, "type": "desc"}, {"attributes": {}, "type": "types", "children": [{"attributes": {"type": "Integer"}, "type": "entry"}]}]}]}, {"attributes": {"access": "private", "line": 1, "isStatic": true, "name": "__onload"}, "type": "method", "children": [{"attributes": {}, "type": "params", "children": [{"attributes": {"name": "event"}, "type": "param", "children": [{"attributes": {"text": "<p>Native event object</p>"}, "type": "desc"}, {"attributes": {}, "type": "types", "children": [{"attributes": {"type": "Event"}, "type": "entry"}]}]}, {"attributes": {"name": "element"}, "type": "param", "children": [{"attributes": {"text": "<p><span class=\"caps\">DOM</span> element which represents the image</p>"}, "type": "desc"}, {"attributes": {}, "type": "types", "children": [{"attributes": {"type": "Element"}, "type": "entry"}]}]}, {"attributes": {"name": "source"}, "type": "param", "children": [{"attributes": {"text": "<p>The image source loaded</p>"}, "type": "desc"}, {"attributes": {}, "type": "types", "children": [{"attributes": {"type": "String"}, "type": "entry"}]}]}]}, {"attributes": {"text": "<p>Internal event listener for all load/error events.</p>"}, "type": "desc"}]}, {"attributes": {"line": 244, "isStatic": true, "name": "abort"}, "type": "method", "children": [{"attributes": {}, "type": "params", "children": [{"attributes": {"name": "source"}, "type": "param", "children": [{"attributes": {"text": "<p><span class=\"caps\">URL</span> of the image to abort its loading.</p>"}, "type": "desc"}, {"attributes": {}, "type": "types", "children": [{"attributes": {"type": "String"}, "type": "entry"}]}]}]}, {"attributes": {"text": "<p>Abort the loading for the given url.</p>"}, "type": "desc"}]}, {"attributes": {"line": 360, "isStatic": true, "name": "dispose"}, "type": "method", "children": [{"attributes": {"text": "<p>Dispose stored images.</p>"}, "type": "desc"}]}, {"attributes": {"line": 98, "isStatic": true, "name": "getFormat"}, "type": "method", "children": [{"attributes": {}, "type": "params", "children": [{"attributes": {"name": "source"}, "type": "param", "children": [{"attributes": {"text": "<p>Image source to query</p>"}, "type": "desc"}, {"attributes": {}, "type": "types", "children": [{"attributes": {"type": "String"}, "type": "entry"}]}]}]}, {"attributes": {"text": "<p>Returns the format of a previously loaded image</p>"}, "type": "desc"}, {"attributes": {}, "type": "return", "children": [{"attributes": {"text": "<p>The format of the image or <code>null</code></p>"}, "type": "desc"}, {"attributes": {}, "type": "types", "children": [{"attributes": {"type": "String"}, "type": "entry"}]}]}]}, {"attributes": {"line": 164, "isStatic": true, "name": "getHeight"}, "type": "method", "children": [{"attributes": {}, "type": "params", "children": [{"attributes": {"name": "source"}, "type": "param", "children": [{"attributes": {"text": "<p>Image source to query</p>"}, "type": "desc"}, {"attributes": {}, "type": "types", "children": [{"attributes": {"type": "String"}, "type": "entry"}]}]}]}, {"attributes": {"text": "<p>Returns the image height</p>"}, "type": "desc"}, {"attributes": {}, "type": "return", "children": [{"attributes": {"text": "<p>The height or <code>null</code> when the image is not loaded</p>"}, "type": "desc"}, {"attributes": {}, "type": "types", "children": [{"attributes": {"type": "Integer"}, "type": "entry"}]}]}]}, {"attributes": {"line": 139, "isStatic": true, "name": "getSize"}, "type": "method", "children": [{"attributes": {}, "type": "params", "children": [{"attributes": {"name": "source"}, "type": "param", "children": [{"attributes": {"text": "<p>Image source to query</p>"}, "type": "desc"}, {"attributes": {}, "type": "types", "children": [{"attributes": {"type": "String"}, "type": "entry"}]}]}]}, {"attributes": {"text": "<p>Returns the size of a previously loaded image</p>"}, "type": "desc"}, {"attributes": {}, "type": "return", "children": [{"attributes": {"text": "<p>The dimension of the image (<code>width</code> and <code>height</code> as key). If the image is not yet loaded, the dimensions are given as <code>null</code> for width and height.</p>"}, "type": "desc"}, {"attributes": {}, "type": "types", "children": [{"attributes": {"type": "Map"}, "type": "entry"}]}]}]}, {"attributes": {"line": 151, "isStatic": true, "name": "getWidth"}, "type": "method", "children": [{"attributes": {}, "type": "params", "children": [{"attributes": {"name": "source"}, "type": "param", "children": [{"attributes": {"text": "<p>Image source to query</p>"}, "type": "desc"}, {"attributes": {}, "type": "types", "children": [{"attributes": {"type": "String"}, "type": "entry"}]}]}]}, {"attributes": {"text": "<p>Returns the image width</p>"}, "type": "desc"}, {"attributes": {}, "type": "return", "children": [{"attributes": {"text": "<p>The width or <code>null</code> when the image is not loaded</p>"}, "type": "desc"}, {"attributes": {}, "type": "types", "children": [{"attributes": {"type": "Integer"}, "type": "entry"}]}]}]}, {"attributes": {"line": 72, "isStatic": true, "name": "isFailed"}, "type": "method", "children": [{"attributes": {}, "type": "params", "children": [{"attributes": {"name": "source"}, "type": "param", "children": [{"attributes": {"text": "<p>Image source to query</p>"}, "type": "desc"}, {"attributes": {}, "type": "types", "children": [{"attributes": {"type": "String"}, "type": "entry"}]}]}]}, {"attributes": {"text": "<p>Whether the given image has previously been requested using the\n{@link #load} method but failed.</p>"}, "type": "desc"}, {"attributes": {}, "type": "return", "children": [{"attributes": {"text": "<code>true</code> when the image loading failed"}, "type": "desc"}, {"attributes": {}, "type": "types", "children": [{"attributes": {"type": "Boolean"}, "type": "entry"}]}]}]}, {"attributes": {"line": 58, "isStatic": true, "name": "isLoaded"}, "type": "method", "children": [{"attributes": {}, "type": "params", "children": [{"attributes": {"name": "source"}, "type": "param", "children": [{"attributes": {"text": "<p>Image source to query</p>"}, "type": "desc"}, {"attributes": {}, "type": "types", "children": [{"attributes": {"type": "String"}, "type": "entry"}]}]}]}, {"attributes": {"text": "<p>Whether the given image has previously been loaded using the\n{@link #load} method.</p>"}, "type": "desc"}, {"attributes": {}, "type": "return", "children": [{"attributes": {"text": "<code>true</code> when the image is loaded"}, "type": "desc"}, {"attributes": {}, "type": "types", "children": [{"attributes": {"type": "Boolean"}, "type": "entry"}]}]}]}, {"attributes": {"line": 85, "isStatic": true, "name": "isLoading"}, "type": "method", "children": [{"attributes": {}, "type": "params", "children": [{"attributes": {"name": "source"}, "type": "param", "children": [{"attributes": {"text": "<p>Image source to query</p>"}, "type": "desc"}, {"attributes": {}, "type": "types", "children": [{"attributes": {"type": "String"}, "type": "entry"}]}]}]}, {"attributes": {"text": "<p>Whether the given image is currently loading.</p>"}, "type": "desc"}, {"attributes": {}, "type": "return", "children": [{"attributes": {"text": "<code>true</code> when the image is loading in the moment."}, "type": "desc"}, {"attributes": {}, "type": "types", "children": [{"attributes": {"type": "Boolean"}, "type": "entry"}]}]}]}, {"attributes": {"line": 184, "isStatic": true, "name": "load"}, "type": "method", "children": [{"attributes": {}, "type": "params", "children": [{"attributes": {"name": "source"}, "type": "param", "children": [{"attributes": {"text": "<p>Image source to load</p>"}, "type": "desc"}, {"attributes": {}, "type": "types", "children": [{"attributes": {"type": "String"}, "type": "entry"}]}]}, {"attributes": {"name": "callback"}, "type": "param", "children": [{"attributes": {"text": "<p>Callback function to execute The first parameter of the callback is the given source url, the second parameter is the data entry which contains additional information about the image.</p>"}, "type": "desc"}, {"attributes": {}, "type": "types", "children": [{"attributes": {"type": "Function"}, "type": "entry"}]}]}, {"attributes": {"name": "context"}, "type": "param", "children": [{"attributes": {"text": "<p>Context in which the given callback should be executed</p>"}, "type": "desc"}, {"attributes": {}, "type": "types", "children": [{"attributes": {"type": "Object"}, "type": "entry"}]}]}]}, {"attributes": {"text": "<p>Loads the given image. Supports a callback which is\nexecuted when the image is loaded.</p>\n\n<p>This method works asychronous.</p>"}, "type": "desc"}]}]}, {"attributes": {}, "type": "constants", "children": [{"attributes": {"access": "private", "name": "__data"}, "type": "constant", "children": [{"attributes": {"text": "<p>Internal data structure to cache image sizes</p>"}, "type": "desc"}, {"attributes": {}, "type": "types", "children": [{"attributes": {"type": "Map"}, "type": "entry"}]}]}, {"attributes": {"access": "private", "type": "Regexp", "name": "__knownImageTypesRegExp", "value": "/\\.(png|gif|jpg|jpeg|bmp)\\b/i"}, "type": "constant", "children": [{"attributes": {"text": "<p>Known image types</p>"}, "type": "desc"}, {"attributes": {}, "type": "types", "children": [{"attributes": {"type": "RegExp"}, "type": "entry"}]}]}, {"attributes": {"access": "private", "name": "__defaultSize"}, "type": "constant", "children": [{"attributes": {"text": "<p>Default image size</p>"}, "type": "desc"}, {"attributes": {}, "type": "types", "children": [{"attributes": {"type": "Map"}, "type": "entry"}]}]}, {"attributes": {"access": "private", "type": "Regexp", "name": "__dataUrlRegExp", "value": "/^data:image\\/(png|gif|jpg|jpeg|bmp)\\b/i"}, "type": "constant", "children": [{"attributes": {"text": "<p>Image types of a data <span class=\"caps\">URL</span></p>"}, "type": "desc"}, {"attributes": {}, "type": "types", "children": [{"attributes": {"type": "RegExp"}, "type": "entry"}]}]}]}]}