{"attributes": {"name": "Exchange", "isInternal": true, "packageName": "qx.io.remote", "access": "internal", "superClass": "qx.core.Object", "fullName": "qx.io.remote.Exchange", "type": "class"}, "type": "class", "children": [{"attributes": {"text": "<p>Transport layer to control which transport class (XmlHttp, Iframe or Script)\ncan be used.</p>"}, "type": "desc"}, {"attributes": {}, "type": "constructor", "children": [{"attributes": {"line": 51, "isCtor": true, "overriddenFrom": "qx.core.Object", "name": "ctor"}, "type": "method", "children": [{"attributes": {}, "type": "params", "children": [{"attributes": {"name": "vRequest"}, "type": "param", "children": [{"attributes": {"text": "<p>request object</p>"}, "type": "desc"}, {"attributes": {}, "type": "types", "children": [{"attributes": {"type": "qx.io.remote.Request"}, "type": "entry"}]}]}]}, {"attributes": {"text": "<p>Constructor method.</p>"}, "type": "desc"}]}]}, {"attributes": {}, "type": "events", "children": [{"attributes": {"name": "aborted"}, "type": "event", "children": [{"attributes": {"text": "<p>Fired whenever a request is aborted</p>"}, "type": "desc"}, {"attributes": {}, "type": "types", "children": [{"attributes": {"type": "qx.event.type.Event"}, "type": "entry"}]}]}, {"attributes": {"name": "changeState"}, "type": "event", "children": [{"attributes": {"text": "Fired on change of the property {@link #state}."}, "type": "desc"}, {"attributes": {}, "type": "types", "children": [{"attributes": {"type": "qx.event.type.Data"}, "type": "entry"}]}]}, {"attributes": {"name": "completed"}, "type": "event", "children": [{"attributes": {"text": "<p>Fired whenever a request is completed</p>"}, "type": "desc"}, {"attributes": {}, "type": "types", "children": [{"attributes": {"type": "qx.io.remote.Response"}, "type": "entry"}]}]}, {"attributes": {"name": "failed"}, "type": "event", "children": [{"attributes": {"text": "<p>Fired whenever a request has failed</p>"}, "type": "desc"}, {"attributes": {}, "type": "types", "children": [{"attributes": {"type": "qx.io.remote.Response"}, "type": "entry"}]}]}, {"attributes": {"name": "receiving"}, "type": "event", "children": [{"attributes": {"text": "<p>Fired whenever a request is received</p>"}, "type": "desc"}, {"attributes": {}, "type": "types", "children": [{"attributes": {"type": "qx.event.type.Event"}, "type": "entry"}]}]}, {"attributes": {"name": "sending"}, "type": "event", "children": [{"attributes": {"text": "<p>Fired whenever a request is send</p>"}, "type": "desc"}, {"attributes": {}, "type": "types", "children": [{"attributes": {"type": "qx.event.type.Event"}, "type": "entry"}]}]}, {"attributes": {"name": "timeout"}, "type": "event", "children": [{"attributes": {"text": "<p>Fired whenever a request has timed out</p>"}, "type": "desc"}, {"attributes": {}, "type": "types", "children": [{"attributes": {"type": "qx.io.remote.Response"}, "type": "entry"}]}]}]}, {"attributes": {}, "type": "methods-static", "children": [{"attributes": {"line": 188, "isStatic": true, "name": "canHandle"}, "type": "method", "children": [{"attributes": {}, "type": "params", "children": [{"attributes": {"name": "vImpl"}, "type": "param", "children": [{"attributes": {"text": "<p>transport implementation</p>"}, "type": "desc"}, {"attributes": {}, "type": "types", "children": [{"attributes": {"type": "Object"}, "type": "entry"}]}]}, {"attributes": {"name": "vNeeds"}, "type": "param", "children": [{"attributes": {"text": "<p>requirements for the request like e.g. &#8220;cross-domain&#8221;</p>"}, "type": "desc"}, {"attributes": {}, "type": "types", "children": [{"attributes": {"type": "Map"}, "type": "entry"}]}]}, {"attributes": {"name": "vResponseType"}, "type": "param", "children": [{"attributes": {"text": "<p>content type</p>"}, "type": "desc"}, {"attributes": {}, "type": "types", "children": [{"attributes": {"type": "String"}, "type": "entry"}]}]}]}, {"attributes": {"text": "<p>Checks which supported transport class can handle the request with the\ngiven content type.</p>"}, "type": "desc"}, {"attributes": {}, "type": "return", "children": [{"attributes": {"text": "<code>true</code> if the transport implementation supports the request's requirements"}, "type": "desc"}, {"attributes": {}, "type": "types", "children": [{"attributes": {"type": "Boolean"}, "type": "entry"}]}]}]}, {"attributes": {"line": 155, "isStatic": true, "name": "initTypes"}, "type": "method", "children": [{"attributes": {"text": "<p>Initializes the available type of transport classes and\nchecks for the supported ones.</p>"}, "type": "desc"}, {"attributes": {}, "type": "throws", "children": [{"attributes": {"text": "<p>an error if no supported transport type is available</p>", "type": "Error"}, "type": "desc"}]}]}, {"attributes": {"line": 144, "isStatic": true, "name": "registerType"}, "type": "method", "children": [{"attributes": {}, "type": "params", "children": [{"attributes": {"name": "vClass"}, "type": "param", "children": [{"attributes": {"text": "<p>transport class</p>"}, "type": "desc"}, {"attributes": {}, "type": "types", "children": [{"attributes": {"type": "Object"}, "type": "entry"}]}]}, {"attributes": {"name": "vId"}, "type": "param", "children": [{"attributes": {"text": "<p>unique id</p>"}, "type": "desc"}, {"attributes": {}, "type": "types", "children": [{"attributes": {"type": "String"}, "type": "entry"}]}]}]}, {"attributes": {"text": "<p>Registers a transport type.\nAt the moment one out of XmlHttp, Iframe or Script.</p>"}, "type": "desc"}]}, {"attributes": {"line": 394, "isStatic": true, "name": "statusCodeToString"}, "type": "method", "children": [{"attributes": {}, "type": "params", "children": [{"attributes": {"name": "vStatusCode"}, "type": "param", "children": [{"attributes": {"text": "<p>request status code</p>"}, "type": "desc"}, {"attributes": {}, "type": "types", "children": [{"attributes": {"type": "Integer"}, "type": "entry"}]}]}]}, {"attributes": {"text": "<p>Status code to string conversion</p>"}, "type": "desc"}, {"attributes": {}, "type": "return", "children": [{"attributes": {"text": "<p>String presentation of status code</p>"}, "type": "desc"}, {"attributes": {}, "type": "types", "children": [{"attributes": {"type": "String"}, "type": "entry"}]}]}]}, {"attributes": {"line": 259, "isStatic": true, "name": "wasSuccessful"}, "type": "method", "children": [{"attributes": {}, "type": "params", "children": [{"attributes": {"name": "vStatusCode"}, "type": "param", "children": [{"attributes": {"text": "<p>status code of the request</p>"}, "type": "desc"}, {"attributes": {}, "type": "types", "children": [{"attributes": {"type": "Integer"}, "type": "entry"}]}]}, {"attributes": {"name": "vReadyState"}, "type": "param", "children": [{"attributes": {"text": "<p>readystate of the request</p>"}, "type": "desc"}, {"attributes": {}, "type": "types", "children": [{"attributes": {"type": "String"}, "type": "entry"}]}]}, {"attributes": {"name": "vIsLocal"}, "type": "param", "children": [{"attributes": {"text": "<p>whether the request is a local one</p>"}, "type": "desc"}, {"attributes": {}, "type": "types", "children": [{"attributes": {"type": "Boolean"}, "type": "entry"}]}]}]}, {"attributes": {"text": "<p>Called from the transport class when a request was completed.</p>"}, "type": "desc"}, {"attributes": {}, "type": "return", "children": [{"attributes": {"text": "<p>Returns boolean value depending on the status code</p>"}, "type": "desc"}, {"attributes": {}, "type": "types", "children": [{"attributes": {"type": "Boolean"}, "type": "entry"}, {"attributes": {"type": "var"}, "type": "entry"}]}]}]}]}, {"attributes": {}, "type": "constants", "children": [{"attributes": {"access": "internal", "isInternal": true, "type": "Array", "name": "typesOrder", "value": "[\"qx.io.remote.transport.XmlHttp\",\"qx.io.remote.transport.Iframe\",\"qx.io.remote.transport.Script\"]"}, "type": "constant", "children": [{"attributes": {"text": "<p>Predefined order of types.</p>"}, "type": "desc"}]}, {"attributes": {"access": "internal", "isInternal": true, "name": "_nativeMap"}, "type": "constant", "children": [{"attributes": {"text": "<p><a href=\"http://msdn.microsoft.com/en-us/library/ie/ms534359%28v=vs.85%29.aspx\">http://msdn.microsoft.com/en-us/library/ie/ms534359%28v=vs.85%29.aspx</a></p>\n\n<p>0: <span class=\"caps\">UNINITIALIZED</span>\nThe object has been created, but not initialized (the open method has not been called).</p>\n\n<p>1: <span class=\"caps\">LOADING</span>\nThe object has been created, but the send method has not been called.</p>\n\n<p>2: <span class=\"caps\">LOADED</span>\nThe send method has been called, but the status and headers are not yet available.</p>\n\n<p>3: <span class=\"caps\">INTERACTIVE</span>\nSome data has been received. Calling the responseBody and responseText properties at this state to obtain partial results will return an error, because status and response headers are not fully available.</p>\n\n<p>4: <span class=\"caps\">COMPLETED</span>\nAll the data has been received, and the complete data is available in the</p>"}, "type": "desc"}]}, {"attributes": {"access": "internal", "isInternal": true, "type": "Boolean", "name": "typesReady", "value": "false"}, "type": "constant", "children": [{"attributes": {"text": "<p>Marker for initialized types.</p>"}, "type": "desc"}]}, {"attributes": {"access": "internal", "isInternal": true, "name": "typesSupported"}, "type": "constant", "children": [{"attributes": {"text": "<p>Map of all supported types.</p>"}, "type": "desc"}]}, {"attributes": {"access": "internal", "isInternal": true, "name": "typesAvailable"}, "type": "constant", "children": [{"attributes": {"text": "<p>Map of all available types.</p>"}, "type": "desc"}]}]}, {"attributes": {}, "type": "methods", "children": [{"attributes": {"access": "private", "line": 762, "name": "__disableRequestTimeout"}, "type": "method", "children": [{"attributes": {"text": "<p>Disables the timer of the request to prevent that the timer is expiring\neven if the user handler (e.g. &#8220;completed&#8221;) was already called.</p>"}, "type": "desc"}]}, {"attributes": {"access": "protected", "line": 852, "name": "_applyImplementation"}, "type": "method", "children": [{"attributes": {}, "type": "params", "children": [{"attributes": {"name": "value"}, "type": "param", "children": [{"attributes": {"text": "<p>Current value</p>"}, "type": "desc"}, {"attributes": {}, "type": "types", "children": [{"attributes": {"type": "var"}, "type": "entry"}]}]}, {"attributes": {"name": "old"}, "type": "param", "children": [{"attributes": {"text": "<p>Previous value</p>"}, "type": "desc"}, {"attributes": {}, "type": "types", "children": [{"attributes": {"type": "var"}, "type": "entry"}]}]}]}, {"attributes": {"text": "<p>Apply method for the implementation property.</p>"}, "type": "desc"}, {"attributes": {}, "type": "apply", "children": [{"attributes": {"applies": "qx.io.remote.Exchange#implementation"}, "type": "entry"}]}]}, {"attributes": {"access": "protected", "line": 940, "name": "_applyState"}, "type": "method", "children": [{"attributes": {}, "type": "params", "children": [{"attributes": {"name": "value"}, "type": "param", "children": [{"attributes": {"text": "<p>Current value</p>"}, "type": "desc"}, {"attributes": {}, "type": "types", "children": [{"attributes": {"type": "var"}, "type": "entry"}]}]}, {"attributes": {"name": "old"}, "type": "param", "children": [{"attributes": {"text": "<p>Previous value</p>"}, "type": "desc"}, {"attributes": {}, "type": "types", "children": [{"attributes": {"type": "var"}, "type": "entry"}]}]}]}, {"attributes": {"text": "<p>Apply method for the state property.</p>"}, "type": "desc"}, {"attributes": {}, "type": "apply", "children": [{"attributes": {"applies": "qx.io.remote.Exchange#state"}, "type": "entry"}]}]}, {"attributes": {"access": "protected", "line": 813, "name": "_onabort"}, "type": "method", "children": [{"attributes": {}, "type": "params", "children": [{"attributes": {"name": "e"}, "type": "param", "children": [{"attributes": {"text": "<p>event object</p>"}, "type": "desc"}, {"attributes": {}, "type": "types", "children": [{"attributes": {"type": "qx.event.type.Event"}, "type": "entry"}]}]}]}, {"attributes": {"text": "<p>Event listener for &#8220;abort&#8221; event.</p>"}, "type": "desc"}]}, {"attributes": {"access": "protected", "line": 803, "name": "_oncompleted"}, "type": "method", "children": [{"attributes": {}, "type": "params", "children": [{"attributes": {"name": "e"}, "type": "param", "children": [{"attributes": {"text": "<p>event object</p>"}, "type": "desc"}, {"attributes": {}, "type": "types", "children": [{"attributes": {"type": "qx.event.type.Event"}, "type": "entry"}]}]}]}, {"attributes": {"text": "<p>Event listener for &#8220;completed&#8221; event.</p>"}, "type": "desc"}]}, {"attributes": {"access": "protected", "line": 823, "name": "_onfailed"}, "type": "method", "children": [{"attributes": {}, "type": "params", "children": [{"attributes": {"name": "e"}, "type": "param", "children": [{"attributes": {"text": "<p>event object</p>"}, "type": "desc"}, {"attributes": {}, "type": "types", "children": [{"attributes": {"type": "qx.event.type.Event"}, "type": "entry"}]}]}]}, {"attributes": {"text": "<p>Event listener for &#8220;failed&#8221; event.</p>"}, "type": "desc"}]}, {"attributes": {"access": "protected", "line": 793, "name": "_onreceiving"}, "type": "method", "children": [{"attributes": {}, "type": "params", "children": [{"attributes": {"name": "e"}, "type": "param", "children": [{"attributes": {"text": "<p>event object</p>"}, "type": "desc"}, {"attributes": {}, "type": "types", "children": [{"attributes": {"type": "qx.event.type.Event"}, "type": "entry"}]}]}]}, {"attributes": {"text": "<p>Event listener for &#8220;receiving&#8221; event.</p>"}, "type": "desc"}]}, {"attributes": {"access": "protected", "line": 783, "name": "_onsending"}, "type": "method", "children": [{"attributes": {}, "type": "params", "children": [{"attributes": {"name": "e"}, "type": "param", "children": [{"attributes": {"text": "<p>event object</p>"}, "type": "desc"}, {"attributes": {}, "type": "types", "children": [{"attributes": {"type": "qx.event.type.Event"}, "type": "entry"}]}]}]}, {"attributes": {"text": "<p>Event listener for &#8220;sending&#8221; event.</p>"}, "type": "desc"}]}, {"attributes": {"access": "protected", "line": 833, "name": "_ontimeout"}, "type": "method", "children": [{"attributes": {}, "type": "params", "children": [{"attributes": {"name": "e"}, "type": "param", "children": [{"attributes": {"text": "<p>event object</p>"}, "type": "desc"}, {"attributes": {}, "type": "types", "children": [{"attributes": {"type": "qx.event.type.Event"}, "type": "entry"}]}]}]}, {"attributes": {"text": "<p>Event listener for &#8220;timeout&#8221; event.</p>"}, "type": "desc"}]}, {"attributes": {"line": 692, "name": "abort"}, "type": "method", "children": [{"attributes": {"text": "<p>Force the transport into the aborted (&#8220;aborted&#8221;)\n state.</p>"}, "type": "desc"}]}, {"attributes": {"name": "getImplementation", "fromProperty": "implementation"}, "type": "method", "children": [{"attributes": {"text": "<p>Returns the (computed) value of the property <code>implementation</code>.</p>\n\n<p>For further details take a look at the property definition: {@link #implementation}.</p>"}, "type": "desc"}, {"attributes": {}, "type": "return", "children": [{"attributes": {"text": "<p>(Computed) value of <code>implementation</code>.</p>"}, "type": "desc"}, {"attributes": {}, "type": "types", "children": [{"attributes": {"type": "var"}, "type": "entry"}]}]}]}, {"attributes": {"name": "getRequest", "fromProperty": "request"}, "type": "method", "children": [{"attributes": {"text": "<p>Returns the (computed) value of the property <code>request</code>.</p>\n\n<p>For further details take a look at the property definition: {@link #request}.</p>"}, "type": "desc"}, {"attributes": {}, "type": "return", "children": [{"attributes": {"text": "<p>(Computed) value of <code>request</code>.</p>"}, "type": "desc"}, {"attributes": {}, "type": "types", "children": [{"attributes": {"type": "var"}, "type": "entry"}]}]}]}, {"attributes": {"name": "getState", "fromProperty": "state"}, "type": "method", "children": [{"attributes": {"text": "<p>Returns the (computed) value of the property <code>state</code>.</p>\n\n<p>For further details take a look at the property definition: {@link #state}.</p>"}, "type": "desc"}, {"attributes": {}, "type": "return", "children": [{"attributes": {"text": "<p>(Computed) value of <code>state</code>.</p>"}, "type": "desc"}, {"attributes": {}, "type": "types", "children": [{"attributes": {"type": "var"}, "type": "entry"}]}]}]}, {"attributes": {"access": "protected", "name": "initImplementation", "fromProperty": "implementation"}, "type": "method", "children": [{"attributes": {}, "type": "params", "children": [{"attributes": {"name": "value"}, "type": "param", "children": [{"attributes": {"text": "<p>Initial value for property <code>implementation</code>.</p>"}, "type": "desc"}, {"attributes": {}, "type": "types", "children": [{"attributes": {"type": "var"}, "type": "entry"}]}]}]}, {"attributes": {"text": "<p>Calls the apply method and dispatches the change event of the property <code>implementation</code>\nwith the default value defined by the class developer. This function can\nonly be called from the constructor of a class.</p>\n\n<p>For further details take a look at the property definition: {@link #implementation}.</p>"}, "type": "desc"}, {"attributes": {}, "type": "return", "children": [{"attributes": {"text": "<p>the default value</p>"}, "type": "desc"}, {"attributes": {}, "type": "types", "children": [{"attributes": {"type": "var"}, "type": "entry"}]}]}]}, {"attributes": {"access": "protected", "name": "initRequest", "fromProperty": "request"}, "type": "method", "children": [{"attributes": {}, "type": "params", "children": [{"attributes": {"name": "value"}, "type": "param", "children": [{"attributes": {"text": "<p>Initial value for property <code>request</code>.</p>"}, "type": "desc"}, {"attributes": {}, "type": "types", "children": [{"attributes": {"type": "var"}, "type": "entry"}]}]}]}, {"attributes": {"text": "<p>Calls the apply method and dispatches the change event of the property <code>request</code>\nwith the default value defined by the class developer. This function can\nonly be called from the constructor of a class.</p>\n\n<p>For further details take a look at the property definition: {@link #request}.</p>"}, "type": "desc"}, {"attributes": {}, "type": "return", "children": [{"attributes": {"text": "<p>the default value</p>"}, "type": "desc"}, {"attributes": {}, "type": "types", "children": [{"attributes": {"type": "var"}, "type": "entry"}]}]}]}, {"attributes": {"access": "protected", "name": "initState", "fromProperty": "state"}, "type": "method", "children": [{"attributes": {}, "type": "params", "children": [{"attributes": {"name": "value"}, "type": "param", "children": [{"attributes": {"text": "<p>Initial value for property <code>state</code>.</p>"}, "type": "desc"}, {"attributes": {}, "type": "types", "children": [{"attributes": {"type": "var"}, "type": "entry"}]}]}]}, {"attributes": {"text": "<p>Calls the apply method and dispatches the change event of the property <code>state</code>\nwith the default value defined by the class developer. This function can\nonly be called from the constructor of a class.</p>\n\n<p>For further details take a look at the property definition: {@link #state}.</p>"}, "type": "desc"}, {"attributes": {}, "type": "return", "children": [{"attributes": {"text": "<p>the default value</p>"}, "type": "desc"}, {"attributes": {}, "type": "types", "children": [{"attributes": {"type": "var"}, "type": "entry"}]}]}]}, {"attributes": {"name": "resetImplementation", "fromProperty": "implementation"}, "type": "method", "children": [{"attributes": {"text": "<p>Resets the user value of the property <code>implementation</code>.</p>\n\n<p>The computed value falls back to the next available value e.g. appearance, init or\ninheritance value depeneding on the property configuration and value availability.</p>\n\n<p>For further details take a look at the property definition: {@link #implementation}.</p>"}, "type": "desc"}]}, {"attributes": {"name": "resetRequest", "fromProperty": "request"}, "type": "method", "children": [{"attributes": {"text": "<p>Resets the user value of the property <code>request</code>.</p>\n\n<p>The computed value falls back to the next available value e.g. appearance, init or\ninheritance value depeneding on the property configuration and value availability.</p>\n\n<p>For further details take a look at the property definition: {@link #request}.</p>"}, "type": "desc"}]}, {"attributes": {"name": "resetState", "fromProperty": "state"}, "type": "method", "children": [{"attributes": {"text": "<p>Resets the user value of the property <code>state</code>.</p>\n\n<p>The computed value falls back to the next available value e.g. appearance, init or\ninheritance value depeneding on the property configuration and value availability.</p>\n\n<p>For further details take a look at the property definition: {@link #state}.</p>"}, "type": "desc"}]}, {"attributes": {"line": 602, "name": "send"}, "type": "method", "children": [{"attributes": {"text": "<p>Sends the request.</p>"}, "type": "desc"}, {"attributes": {}, "type": "return", "children": [{"attributes": {"text": "<p>Returns true if the request was sent.</p>"}, "type": "desc"}, {"attributes": {}, "type": "types", "children": [{"attributes": {"type": "var"}, "type": "entry"}, {"attributes": {"type": "Boolean"}, "type": "entry"}]}]}]}, {"attributes": {"name": "setImplementation", "fromProperty": "implementation"}, "type": "method", "children": [{"attributes": {}, "type": "params", "children": [{"attributes": {"name": "value"}, "type": "param", "children": [{"attributes": {"text": "<p>New value for property <code>implementation</code>.</p>"}, "type": "desc"}, {"attributes": {}, "type": "types", "children": [{"attributes": {"type": "var"}, "type": "entry"}]}]}]}, {"attributes": {"text": "<p>Sets the user value of the property <code>implementation</code>.</p>\n\n<p>For further details take a look at the property definition: {@link #implementation}.</p>"}, "type": "desc"}, {"attributes": {}, "type": "return", "children": [{"attributes": {"text": "<p>The unmodified incoming value.</p>"}, "type": "desc"}, {"attributes": {}, "type": "types", "children": [{"attributes": {"type": "var"}, "type": "entry"}]}]}]}, {"attributes": {"name": "setRequest", "fromProperty": "request"}, "type": "method", "children": [{"attributes": {}, "type": "params", "children": [{"attributes": {"name": "value"}, "type": "param", "children": [{"attributes": {"text": "<p>New value for property <code>request</code>.</p>"}, "type": "desc"}, {"attributes": {}, "type": "types", "children": [{"attributes": {"type": "var"}, "type": "entry"}]}]}]}, {"attributes": {"text": "<p>Sets the user value of the property <code>request</code>.</p>\n\n<p>For further details take a look at the property definition: {@link #request}.</p>"}, "type": "desc"}, {"attributes": {}, "type": "return", "children": [{"attributes": {"text": "<p>The unmodified incoming value.</p>"}, "type": "desc"}, {"attributes": {}, "type": "types", "children": [{"attributes": {"type": "var"}, "type": "entry"}]}]}]}, {"attributes": {"name": "setState", "fromProperty": "state"}, "type": "method", "children": [{"attributes": {}, "type": "params", "children": [{"attributes": {"name": "value"}, "type": "param", "children": [{"attributes": {"text": "<p>New value for property <code>state</code>.</p>"}, "type": "desc"}, {"attributes": {}, "type": "types", "children": [{"attributes": {"type": "var"}, "type": "entry"}]}]}]}, {"attributes": {"text": "<p>Sets the user value of the property <code>state</code>.</p>\n\n<p>For further details take a look at the property definition: {@link #state}.</p>"}, "type": "desc"}, {"attributes": {}, "type": "return", "children": [{"attributes": {"text": "<p>The unmodified incoming value.</p>"}, "type": "desc"}, {"attributes": {}, "type": "types", "children": [{"attributes": {"type": "var"}, "type": "entry"}]}]}]}, {"attributes": {"line": 725, "name": "timeout"}, "type": "method", "children": [{"attributes": {"text": "<p>Force the transport into the timeout state.</p>"}, "type": "desc"}]}]}, {"attributes": {}, "type": "properties", "children": [{"attributes": {"allowNull": "true", "propertyType": "new", "check": "qx.io.remote.transport.Abstract", "name": "implementation", "apply": "_applyImplementation"}, "type": "property", "children": [{"attributes": {"text": "<p>Set the implementation to use to send the request with.</p>\n\n<p>The implementation should be a subclass of qx.io.remote.transport.Abstract and\n must implement all methods in the transport <span class=\"caps\">API</span>.</p>"}, "type": "desc"}]}, {"attributes": {"allowNull": "true", "propertyType": "new", "check": "qx.io.remote.Request", "name": "request"}, "type": "property", "children": [{"attributes": {"text": "<p>Set the request to send with this transport.</p>"}, "type": "desc"}]}, {"attributes": {"name": "state", "defaultValue": "\"configured\"", "propertyType": "new", "possibleValues": "\"configured\",\"sending\",\"receiving\",\"completed\",\"aborted\",\"timeout\",\"failed\"", "apply": "_applyState", "event": "changeState"}, "type": "property", "children": [{"attributes": {"text": "<p>Current state of the transport layer.</p>"}, "type": "desc"}]}]}]}