{"attributes": {"fullName": "qx.io.remote.RpcError", "packageName": "qx.io.remote", "isStatic": true, "type": "class", "name": "RpcError"}, "type": "class", "children": [{"attributes": {"text": "<p>The well-defined error codes for <span class=\"caps\">JSON</span>-RPC.</p>"}, "type": "desc"}, {"attributes": {}, "type": "constants", "children": [{"attributes": {"name": "v2"}, "type": "constant", "children": [{"attributes": {"text": "<p>Information pertaining to a conformant <span class=\"caps\">JSON</span>-RPC Version 2</p>"}, "type": "desc"}]}, {"attributes": {"name": "qx1"}, "type": "constant", "children": [{"attributes": {"text": "<p>Information pertaining to qooxdoo&#8217;s modified <span class=\"caps\">JSON</span>-RPC Version 1</p>"}, "type": "desc"}]}]}]}