{"attributes": {"name": "PartLoader", "packageName": "qx.io", "superClass": "qx.core.Object", "isSingleton": true, "fullName": "qx.io.PartLoader", "type": "class"}, "type": "class", "children": [{"attributes": {"text": "<p>The part loader knows about all generated packages and parts.</p>\n\n<p>It contains functionality to load parts and to retrieve part instances.</p>"}, "type": "desc"}, {"attributes": {}, "type": "constructor", "children": [{"attributes": {"docFrom": "qx.core.Object", "line": 31, "isCtor": true, "overriddenFrom": "qx.core.Object", "name": "ctor"}, "type": "method"}]}, {"attributes": {}, "type": "events", "children": [{"attributes": {"name": "partLoaded"}, "type": "event", "children": [{"attributes": {"text": "<p>Fired if a parts was loaded. The data of the event instance point to the\nloaded part instance.</p>"}, "type": "desc"}, {"attributes": {}, "type": "types", "children": [{"attributes": {"type": "qx.event.type.Data"}, "type": "entry"}]}]}, {"attributes": {"name": "partLoadingError"}, "type": "event", "children": [{"attributes": {"text": "<p>Fired if a part could not be loaded. The event&#8217;s\n{@link qx.event.type.Data#getData} method returns the name of the failed\npart.</p>"}, "type": "desc"}, {"attributes": {}, "type": "types", "children": [{"attributes": {"type": "qx.event.type.Data"}, "type": "entry"}]}]}]}, {"attributes": {}, "type": "methods-static", "children": [{"attributes": {"line": 11, "isStatic": true, "name": "getInstance"}, "type": "method", "children": [{"attributes": {"text": "<p>Returns a singleton instance of this class. On the first call the class\nis instantiated by calling the constructor with no arguments. All following\ncalls will return this instance.</p>\n\n<p>This method has been added by setting the &#8220;type&#8221; key in the class definition\n({@link qx.Class#define}) to &#8220;singleton&#8221;.</p>"}, "type": "desc"}, {"attributes": {}, "type": "return", "children": [{"attributes": {"text": "<p>The singleton instance of this class.</p>"}, "type": "desc"}, {"attributes": {}, "type": "types", "children": [{"attributes": {"type": "qx.io.PartLoader"}, "type": "entry"}]}]}]}, {"attributes": {"line": 80, "isStatic": true, "name": "require"}, "type": "method", "children": [{"attributes": {}, "type": "params", "children": [{"attributes": {"name": "partNames"}, "type": "param", "children": [{"attributes": {"text": "<p>List of parts names to load as defined in the config file at compile time.</p>"}, "type": "desc"}, {"attributes": {}, "type": "types", "children": [{"attributes": {"type": "String", "dimensions": 1}, "type": "entry"}]}]}, {"attributes": {"name": "callback"}, "type": "param", "children": [{"attributes": {"text": "<p>Function to execute on completion. The function has one parameter which is an array of ready states of the parts specified in the partNames argument.</p>"}, "type": "desc"}, {"attributes": {}, "type": "types", "children": [{"attributes": {"type": "Function"}, "type": "entry"}]}]}, {"attributes": {"defaultValue": "window", "optional": true, "name": "self"}, "type": "param", "children": [{"attributes": {"text": "<p>Context to execute the given function in</p>"}, "type": "desc"}, {"attributes": {}, "type": "types", "children": [{"attributes": {"type": "Object"}, "type": "entry"}]}]}]}, {"attributes": {"text": "<p>Loads one or more parts asynchronously. The callback is called after all\nparts and their dependencies are fully loaded. If the parts are already\nloaded the callback is called immediately.</p>"}, "type": "desc"}]}]}, {"attributes": {}, "type": "methods", "children": [{"attributes": {"line": 111, "name": "getPart"}, "type": "method", "children": [{"attributes": {}, "type": "params", "children": [{"attributes": {"name": "name"}, "type": "param", "children": [{"attributes": {"text": "<p>Name of the part as defined in the config file at compile time.</p>"}, "type": "desc"}, {"attributes": {}, "type": "types", "children": [{"attributes": {"type": "String"}, "type": "entry"}]}]}]}, {"attributes": {"text": "<p>Get the part instance of the part with the given name.</p>"}, "type": "desc"}, {"attributes": {}, "type": "return", "children": [{"attributes": {"text": "<p>The corresponding part instance</p>"}, "type": "desc"}, {"attributes": {}, "type": "types", "children": [{"attributes": {"type": "qx.io.part.Part"}, "type": "entry"}]}]}]}, {"attributes": {"line": 131, "name": "getParts"}, "type": "method", "children": [{"attributes": {"text": "<p>Returns a map of all known parts.</p>"}, "type": "desc"}, {"attributes": {}, "type": "return", "children": [{"attributes": {"text": "<p>Map containing all parts.</p>"}, "type": "desc"}, {"attributes": {}, "type": "types", "children": [{"attributes": {"type": "Map"}, "type": "entry"}]}]}]}, {"attributes": {"line": 122, "name": "hasPart"}, "type": "method", "children": [{"attributes": {}, "type": "params", "children": [{"attributes": {"name": "name"}, "type": "param", "children": [{"attributes": {"text": "<p>Name of the part as defined in the config file at compile time.</p>"}, "type": "desc"}, {"attributes": {}, "type": "types", "children": [{"attributes": {"type": "String"}, "type": "entry"}]}]}]}, {"attributes": {"text": "<p>Checks if a part with the given name is available.</p>"}, "type": "desc"}, {"attributes": {}, "type": "return", "children": [{"attributes": {"text": "<code>true</code>, if the part is available"}, "type": "desc"}, {"attributes": {}, "type": "types", "children": [{"attributes": {"type": "Boolean"}, "type": "entry"}]}]}]}, {"attributes": {"line": 99, "name": "require"}, "type": "method", "children": [{"attributes": {}, "type": "params", "children": [{"attributes": {"name": "partNames"}, "type": "param", "children": [{"attributes": {"text": "<p>List of parts names to load as defined in the config file at compile time. The method also accepts a single string as parameter to only load one part.</p>"}, "type": "desc"}, {"attributes": {}, "type": "types", "children": [{"attributes": {"type": "String"}, "type": "entry"}, {"attributes": {"type": "String", "dimensions": 1}, "type": "entry"}]}]}, {"attributes": {"name": "callback"}, "type": "param", "children": [{"attributes": {"text": "<p>Function to execute on completion</p>"}, "type": "desc"}, {"attributes": {}, "type": "types", "children": [{"attributes": {"type": "Function"}, "type": "entry"}]}]}, {"attributes": {"defaultValue": "window", "optional": true, "name": "self"}, "type": "param", "children": [{"attributes": {"text": "<p>Context to execute the given function in</p>"}, "type": "desc"}, {"attributes": {}, "type": "types", "children": [{"attributes": {"type": "Object"}, "type": "entry"}]}]}]}, {"attributes": {"text": "<p>Loads one or more parts asynchronously. The callback is called after all\nparts and their dependencies are fully loaded. If the parts are already\nloaded the callback is called immediately.</p>"}, "type": "desc"}]}]}]}