{"attributes": {"name": "Package", "isInternal": true, "packageName": "qx.io.part", "access": "internal", "fullName": "qx.io.part.Package", "type": "bootstrap"}, "type": "class", "children": [{"attributes": {"text": "<p>The Package wraps a list of related script URLs, which are required by one\nor more parts.</p>"}, "type": "desc"}, {"attributes": {}, "type": "constructor", "children": [{"attributes": {"line": 35, "isCtor": true, "name": "ctor"}, "type": "method", "children": [{"attributes": {}, "type": "params", "children": [{"attributes": {"name": "urls"}, "type": "param", "children": [{"attributes": {"text": "<p>A list of script URLs</p>"}, "type": "desc"}, {"attributes": {}, "type": "types", "children": [{"attributes": {"type": "String", "dimensions": 1}, "type": "entry"}]}]}, {"attributes": {"name": "id"}, "type": "param", "children": [{"attributes": {"text": "<p>Unique package hash key</p>"}, "type": "desc"}, {"attributes": {}, "type": "types", "children": [{"attributes": {"type": "var"}, "type": "entry"}]}]}, {"attributes": {"defaultValue": "false", "optional": true, "name": "loaded"}, "type": "param", "children": [{"attributes": {"text": "<p>Whether the package is already loaded</p>"}, "type": "desc"}, {"attributes": {}, "type": "types", "children": [{"attributes": {"type": "Boolean"}, "type": "entry"}]}]}]}, {"attributes": {"text": ""}, "type": "desc"}]}]}, {"attributes": {}, "type": "methods", "children": [{"attributes": {"access": "private", "line": 1, "name": "__importPackageData"}, "type": "method", "children": [{"attributes": {}, "type": "params", "children": [{"attributes": {"name": "packageData"}, "type": "param", "children": [{"attributes": {"text": "<p>Map of package data categories (&#8220;resources&#8221;,...)</p>"}, "type": "desc"}, {"attributes": {}, "type": "types", "children": [{"attributes": {"type": "Map"}, "type": "entry"}]}]}]}, {"attributes": {"text": "<p>Import the data of a package. The function is defined in the loader\nscript.</p>"}, "type": "desc"}]}, {"attributes": {"access": "private", "line": 219, "name": "__loadScriptList"}, "type": "method", "children": [{"attributes": {}, "type": "params", "children": [{"attributes": {"name": "urlList"}, "type": "param", "children": [{"attributes": {"text": "<p>List of script urls</p>"}, "type": "desc"}, {"attributes": {}, "type": "types", "children": [{"attributes": {"type": "String", "dimensions": 1}, "type": "entry"}]}]}, {"attributes": {"name": "callback"}, "type": "param", "children": [{"attributes": {"text": "<p>Function to execute on completion</p>"}, "type": "desc"}, {"attributes": {}, "type": "types", "children": [{"attributes": {"type": "Function"}, "type": "entry"}]}]}, {"attributes": {"name": "errBack"}, "type": "param", "children": [{"attributes": {"text": "<p>Function to execute on error</p>"}, "type": "desc"}, {"attributes": {}, "type": "types", "children": [{"attributes": {"type": "Function"}, "type": "entry"}]}]}, {"attributes": {"defaultValue": "window", "optional": true, "name": "self"}, "type": "param", "children": [{"attributes": {"text": "<p>Context to execute the given function in</p>"}, "type": "desc"}, {"attributes": {}, "type": "types", "children": [{"attributes": {"type": "Object"}, "type": "entry"}]}]}]}, {"attributes": {"text": "<p>Loads a list of scripts in the correct order.</p>"}, "type": "desc"}]}, {"attributes": {"line": 123, "name": "execute"}, "type": "method", "children": [{"attributes": {"text": "<p>Executes the stored closure. This is only relevant if a\n{@link qx.io.part.ClosurePart} is used.</p>"}, "type": "desc"}]}, {"attributes": {"line": 59, "name": "getId"}, "type": "method", "children": [{"attributes": {"text": "<p>Get the package ID.</p>"}, "type": "desc"}, {"attributes": {}, "type": "return", "children": [{"attributes": {"text": "<p>The package id</p>"}, "type": "desc"}, {"attributes": {}, "type": "types", "children": [{"attributes": {"type": "String"}, "type": "entry"}]}]}]}, {"attributes": {"line": 79, "name": "getReadyState"}, "type": "method", "children": [{"attributes": {"text": "<p>Get the ready state of the package. The value is one of\n<ul>\n<li>\n  <b>initialized</b>: The package is initialized. The {@link #load}\n  method has not yet been called\n</li>\n<li><b>loading</b>: The package is still loading.</li>\n<li><b>complete</b>: The package has been loaded successfully</li>\n<li><b>cached</b>: The package is loaded but is not executed\n  (for closure parts)</li>\n</li></p>"}, "type": "desc"}, {"attributes": {}, "type": "return", "children": [{"attributes": {"text": "<p>The ready state.</p>"}, "type": "desc"}, {"attributes": {}, "type": "types", "children": [{"attributes": {"type": "String"}, "type": "entry"}]}]}]}, {"attributes": {"access": "internal", "isInternal": true, "line": 90, "name": "getUrls"}, "type": "method", "children": [{"attributes": {"text": "<p>Returns the urlsstored stored in the package.</p>"}, "type": "desc"}, {"attributes": {}, "type": "return", "children": [{"attributes": {"text": "<p>An array of urls of this package.</p>"}, "type": "desc"}, {"attributes": {}, "type": "types", "children": [{"attributes": {"type": "String", "dimensions": 1}, "type": "entry"}]}]}]}, {"attributes": {"line": 185, "name": "load"}, "type": "method", "children": [{"attributes": {}, "type": "params", "children": [{"attributes": {"name": "notifyPackageResult"}, "type": "param", "children": [{"attributes": {"text": "<p>The callback if all scripts are done loading in this package.</p>"}, "type": "desc"}, {"attributes": {}, "type": "types", "children": [{"attributes": {"type": "Function"}, "type": "entry"}]}]}, {"attributes": {"optional": true, "name": "self"}, "type": "param", "children": [{"attributes": {"text": "<p>The context of the callback.</p>"}, "type": "desc"}, {"attributes": {}, "type": "types", "children": [{"attributes": {"type": "Object"}, "type": "entry"}]}]}]}, {"attributes": {"text": "<p>Load the part&#8217;s script URLs in the correct order.</p>"}, "type": "desc"}]}, {"attributes": {"line": 148, "name": "loadClosure"}, "type": "method", "children": [{"attributes": {}, "type": "params", "children": [{"attributes": {"name": "notifyPackageResult"}, "type": "param", "children": [{"attributes": {"text": "<p>The callback if all scripts are done loading in this package.</p>"}, "type": "desc"}, {"attributes": {}, "type": "types", "children": [{"attributes": {"type": "Function"}, "type": "entry"}]}]}, {"attributes": {"optional": true, "name": "self"}, "type": "param", "children": [{"attributes": {"text": "<p>The context of the callback.</p>"}, "type": "desc"}, {"attributes": {}, "type": "types", "children": [{"attributes": {"type": "Object"}, "type": "entry"}]}]}]}, {"attributes": {"text": "<p>Load method if the package loads a closure. This is only relevant if a\n{@link qx.io.part.ClosurePart} is used.</p>"}, "type": "desc"}]}, {"attributes": {"line": 101, "name": "saveClosure"}, "type": "method", "children": [{"attributes": {}, "type": "params", "children": [{"attributes": {"name": "closure"}, "type": "param", "children": [{"attributes": {"text": "<p>The code of this package wrapped in a closure.</p>"}, "type": "desc"}, {"attributes": {}, "type": "types", "children": [{"attributes": {"type": "Function"}, "type": "entry"}]}]}]}, {"attributes": {"text": "<p>Method for storing the closure for this package. This is only relevant\nif a {@link qx.io.part.ClosurePart} is used.</p>"}, "type": "desc"}]}]}]}