{"attributes": {"fullName": "qx.log.appender.RhinoFile", "packageName": "qx.log.appender", "isStatic": true, "type": "class", "name": "RhinoFile"}, "type": "class", "children": [{"attributes": {"text": "<p>Log appender for qooxdoo applications running in Mozilla Rhino. Writes log\nmessages to a text file.</p>"}, "type": "desc"}, {"attributes": {}, "type": "methods-static", "children": [{"attributes": {"line": 118, "isStatic": true, "name": "create"}, "type": "method", "children": [{"attributes": {"text": "<p>Creates a new log file using the value of {@link #FILENAME} as the\nfile path/name.</p>"}, "type": "desc"}]}, {"attributes": {"line": 59, "isStatic": true, "name": "debug"}, "type": "method", "children": [{"attributes": {}, "type": "params", "children": [{"attributes": {"name": "logMessage"}, "type": "param", "children": [{"attributes": {"text": "<p>Message to be logged</p>"}, "type": "desc"}, {"attributes": {}, "type": "types", "children": [{"attributes": {"type": "String"}, "type": "entry"}]}]}]}, {"attributes": {"text": "<p>Logs a debug message</p>"}, "type": "desc"}]}, {"attributes": {"line": 89, "isStatic": true, "name": "error"}, "type": "method", "children": [{"attributes": {}, "type": "params", "children": [{"attributes": {"name": "logMessage"}, "type": "param", "children": [{"attributes": {"text": "<p>Message to be logged</p>"}, "type": "desc"}, {"attributes": {}, "type": "types", "children": [{"attributes": {"type": "String"}, "type": "entry"}]}]}]}, {"attributes": {"text": "<p>Logs an error message</p>"}, "type": "desc"}]}, {"attributes": {"line": 69, "isStatic": true, "name": "info"}, "type": "method", "children": [{"attributes": {}, "type": "params", "children": [{"attributes": {"name": "logMessage"}, "type": "param", "children": [{"attributes": {"text": "<p>Message to be logged</p>"}, "type": "desc"}, {"attributes": {}, "type": "types", "children": [{"attributes": {"type": "String"}, "type": "entry"}]}]}]}, {"attributes": {"text": "<p>Logs an info message</p>"}, "type": "desc"}]}, {"attributes": {"line": 41, "isStatic": true, "name": "log"}, "type": "method", "children": [{"attributes": {}, "type": "params", "children": [{"attributes": {"name": "logMessage"}, "type": "param", "children": [{"attributes": {"text": "<p>Message to be logged</p>"}, "type": "desc"}, {"attributes": {}, "type": "types", "children": [{"attributes": {"type": "String"}, "type": "entry"}]}]}, {"attributes": {"name": "level"}, "type": "param", "children": [{"attributes": {"text": "<p>Log level. One of &#8220;debug&#8221;, &#8220;info&#8221;, &#8220;warn&#8221;, &#8220;error&#8221;</p>"}, "type": "desc"}, {"attributes": {}, "type": "types", "children": [{"attributes": {"type": "String"}, "type": "entry"}]}]}]}, {"attributes": {"text": "<p>Writes a message to the file.</p>"}, "type": "desc"}]}, {"attributes": {"line": 99, "isStatic": true, "name": "process"}, "type": "method", "children": [{"attributes": {}, "type": "params", "children": [{"attributes": {"name": "entry"}, "type": "param", "children": [{"attributes": {"text": "<p>Log entry object</p>"}, "type": "desc"}, {"attributes": {}, "type": "types", "children": [{"attributes": {"type": "Map"}, "type": "entry"}]}]}]}, {"attributes": {"text": "<p>Process a log entry object from qooxdoo&#8217;s logging system.</p>"}, "type": "desc"}]}, {"attributes": {"line": 79, "isStatic": true, "name": "warn"}, "type": "method", "children": [{"attributes": {}, "type": "params", "children": [{"attributes": {"name": "logMessage"}, "type": "param", "children": [{"attributes": {"text": "<p>Message to be logged</p>"}, "type": "desc"}, {"attributes": {}, "type": "types", "children": [{"attributes": {"type": "String"}, "type": "entry"}]}]}]}, {"attributes": {"text": "<p>Logs a warning message</p>"}, "type": "desc"}]}]}, {"attributes": {}, "type": "constants", "children": [{"attributes": {"access": "private", "type": "Null", "name": "__FILEHANDLE", "value": "null"}, "type": "constant"}, {"attributes": {"type": "Null", "name": "FILENAME", "value": "null"}, "type": "constant", "children": [{"attributes": {"text": "<p>Path/name of the log file to use, relative to the directory Rhino was\ncalled from.</p>"}, "type": "desc"}]}]}]}