{"attributes": {"fullName": "qx.log.appender.Element", "packageName": "qx.log.appender", "type": "class", "name": "Element", "superClass": "qx.core.Object"}, "type": "class", "children": [{"attributes": {"text": "<p>This appender is used to log to an existing <span class=\"caps\">DOM</span> element</p>"}, "type": "desc"}, {"attributes": {}, "type": "constructor", "children": [{"attributes": {"line": 38, "isCtor": true, "overriddenFrom": "qx.core.Object", "name": "ctor"}, "type": "method", "children": [{"attributes": {}, "type": "params", "children": [{"attributes": {"name": "element"}, "type": "param", "children": [{"attributes": {"text": "<p><span class=\"caps\">DOM</span> element to use for log output.</p>"}, "type": "desc"}, {"attributes": {}, "type": "types", "children": [{"attributes": {"type": "Element"}, "type": "entry"}]}]}]}, {"attributes": {"text": ""}, "type": "desc"}]}]}, {"attributes": {}, "type": "methods", "children": [{"attributes": {"line": 104, "name": "clear"}, "type": "method", "children": [{"attributes": {"text": "<p>Clears the current output.</p>"}, "type": "desc"}]}, {"attributes": {"line": 121, "name": "process"}, "type": "method", "children": [{"attributes": {}, "type": "params", "children": [{"attributes": {"name": "entry"}, "type": "param", "children": [{"attributes": {"text": "<p>The entry to process</p>"}, "type": "desc"}, {"attributes": {}, "type": "types", "children": [{"attributes": {"type": "Map"}, "type": "entry"}]}]}]}, {"attributes": {"text": "<p>Processes a single log entry</p>"}, "type": "desc"}]}, {"attributes": {"line": 85, "name": "setElement"}, "type": "method", "children": [{"attributes": {}, "type": "params", "children": [{"attributes": {"name": "element"}, "type": "param", "children": [{"attributes": {"text": "<p><span class=\"caps\">DOM</span> element to log to</p>"}, "type": "desc"}, {"attributes": {}, "type": "types", "children": [{"attributes": {"type": "Element"}, "type": "entry"}]}]}]}, {"attributes": {"text": "<p>Configures the <span class=\"caps\">DOM</span> element to use.</p>"}, "type": "desc"}]}]}]}