{"attributes": {"isStatic": true, "group": "Polyfill", "name": "Date", "packageName": "qx.lang.normalize", "fullName": "qx.lang.normalize.Date", "type": "bootstrap"}, "type": "class", "children": [{"attributes": {"text": "<p>This class is responsible for the normalization of the native &#8216;Date&#8217; object.\nIt checks if these methods are available and, if not, appends them to\nensure compatibility in all browsers.\nFor usage samples, check out the attached links.</p>"}, "type": "desc"}, {"attributes": {}, "type": "methods-static", "children": [{"attributes": {"line": 39, "isStatic": true, "name": "now"}, "type": "method", "children": [{"attributes": {"text": "<p>Returns the time elapsed since January 1, 1970 in milliseconds.</p>\n\n<a href=\"https://developer.mozilla.org/en-US/docs/JavaScript/Reference/Global_Objects/Date/now\">MDN documentation</a> |\n<a href=\"http://es5.github.com/#x15.9.4.4\">Annotated ES5 Spec</a>"}, "type": "desc"}, {"attributes": {}, "type": "return", "children": [{"attributes": {"text": "<p>Milliseconds since the Unix Epoch</p>"}, "type": "desc"}, {"attributes": {}, "type": "types", "children": [{"attributes": {"type": "Integer"}, "type": "entry"}]}]}]}]}]}