{"attributes": {"fullName": "qx.log.appender.Util", "packageName": "qx.log.appender", "isStatic": true, "type": "bootstrap", "name": "Util"}, "type": "class", "children": [{"attributes": {"text": "<p>Contains some common methods available to all log appenders.</p>"}, "type": "desc"}, {"attributes": {}, "type": "methods-static", "children": [{"attributes": {"access": "private", "line": 136, "isStatic": true, "name": "__escapeHTMLReplace"}, "type": "method", "children": [{"attributes": {}, "type": "params", "children": [{"attributes": {"name": "ch"}, "type": "param", "children": [{"attributes": {"text": "<p>Single item to replace.</p>"}, "type": "desc"}, {"attributes": {}, "type": "types", "children": [{"attributes": {"type": "String"}, "type": "entry"}]}]}]}, {"attributes": {"text": "<p>Internal replacement helper for <span class=\"caps\">HTML</span> escape.</p>"}, "type": "desc"}, {"attributes": {}, "type": "return", "children": [{"attributes": {"text": "<p>Replaced item</p>"}, "type": "desc"}, {"attributes": {}, "type": "types", "children": [{"attributes": {"type": "String"}, "type": "entry"}]}]}]}, {"attributes": {"line": 125, "isStatic": true, "name": "escapeHTML"}, "type": "method", "children": [{"attributes": {}, "type": "params", "children": [{"attributes": {"name": "value"}, "type": "param", "children": [{"attributes": {"text": "<p>value to escape</p>"}, "type": "desc"}, {"attributes": {}, "type": "types", "children": [{"attributes": {"type": "String"}, "type": "entry"}]}]}]}, {"attributes": {"text": "<p>Escapes the <span class=\"caps\">HTML</span> in the given value</p>"}, "type": "desc"}, {"attributes": {}, "type": "return", "children": [{"attributes": {"text": "<p>escaped value</p>"}, "type": "desc"}, {"attributes": {}, "type": "types", "children": [{"attributes": {"type": "String"}, "type": "entry"}]}]}]}, {"attributes": {"line": 105, "isStatic": true, "name": "formatOffset"}, "type": "method", "children": [{"attributes": {}, "type": "params", "children": [{"attributes": {"name": "offset"}, "type": "param", "children": [{"attributes": {"text": "<p>Current offset value</p>"}, "type": "desc"}, {"attributes": {}, "type": "types", "children": [{"attributes": {"type": "Integer"}, "type": "entry"}]}]}, {"attributes": {"defaultValue": "6", "optional": true, "name": "length"}, "type": "param", "children": [{"attributes": {"text": "<p>Refine the length</p>"}, "type": "desc"}, {"attributes": {}, "type": "types", "children": [{"attributes": {"type": "Integer"}, "type": "entry"}]}]}]}, {"attributes": {"text": "<p>Formats a numeric time offset to 6 characters.</p>"}, "type": "desc"}, {"attributes": {}, "type": "return", "children": [{"attributes": {"text": "<p>Padded string</p>"}, "type": "desc"}, {"attributes": {}, "type": "types", "children": [{"attributes": {"type": "String"}, "type": "entry"}]}]}]}, {"attributes": {"line": 33, "isStatic": true, "name": "toHtml"}, "type": "method", "children": [{"attributes": {}, "type": "params", "children": [{"attributes": {"name": "entry"}, "type": "param", "children": [{"attributes": {"text": "<p>The entry to process</p>"}, "type": "desc"}, {"attributes": {}, "type": "types", "children": [{"attributes": {"type": "Map"}, "type": "entry"}]}]}]}, {"attributes": {"text": "<p>Converts a single log entry to <span class=\"caps\">HTML</span></p>"}, "type": "desc"}]}, {"attributes": {"line": 157, "isStatic": true, "name": "toText"}, "type": "method", "children": [{"attributes": {}, "type": "params", "children": [{"attributes": {"name": "entry"}, "type": "param", "children": [{"attributes": {"text": "<p>The entry to process</p>"}, "type": "desc"}, {"attributes": {}, "type": "types", "children": [{"attributes": {"type": "Map"}, "type": "entry"}]}]}]}, {"attributes": {"text": "<p>Converts a single log entry to plain text</p>"}, "type": "desc"}, {"attributes": {}, "type": "return", "children": [{"attributes": {"text": "<p>the formatted log entry</p>"}, "type": "desc"}, {"attributes": {}, "type": "types", "children": [{"attributes": {"type": "String"}, "type": "entry"}]}]}]}, {"attributes": {"line": 168, "isStatic": true, "name": "toTextArray"}, "type": "method", "children": [{"attributes": {}, "type": "params", "children": [{"attributes": {"name": "entry"}, "type": "param", "children": [{"attributes": {"text": "<p>The entry to process</p>"}, "type": "desc"}, {"attributes": {}, "type": "types", "children": [{"attributes": {"type": "Map"}, "type": "entry"}]}]}]}, {"attributes": {"text": "<p>Converts a single log entry to an array of plain text</p>"}, "type": "desc"}, {"attributes": {}, "type": "return", "children": [{"attributes": {"text": "<p>Argument list ready message array.</p>"}, "type": "desc"}, {"attributes": {}, "type": "types", "children": [{"attributes": {"type": "Array"}, "type": "entry"}]}]}]}]}]}