{"attributes": {"fullName": "qx.lang.Number", "packageName": "qx.lang", "isStatic": true, "type": "class", "name": "Number"}, "type": "class", "children": [{"attributes": {"text": "<p>Helper functions for numbers.</p>\n\n<p>The native JavaScript Number is not modified by this class.</p>"}, "type": "desc"}, {"attributes": {}, "type": "methods-static", "children": [{"attributes": {"line": 52, "isStatic": true, "name": "isBetweenRange"}, "type": "method", "children": [{"attributes": {}, "type": "params", "children": [{"attributes": {"name": "nr"}, "type": "param", "children": [{"attributes": {"text": "<p>the number to check</p>"}, "type": "desc"}, {"attributes": {}, "type": "types", "children": [{"attributes": {"type": "Number"}, "type": "entry"}]}]}, {"attributes": {"name": "vmin"}, "type": "param", "children": [{"attributes": {"text": "<p>lower bound of the range</p>"}, "type": "desc"}, {"attributes": {}, "type": "types", "children": [{"attributes": {"type": "Integer"}, "type": "entry"}]}]}, {"attributes": {"name": "vmax"}, "type": "param", "children": [{"attributes": {"text": "<p>upper bound of the range</p>"}, "type": "desc"}, {"attributes": {}, "type": "types", "children": [{"attributes": {"type": "Integer"}, "type": "entry"}]}]}]}, {"attributes": {"text": "<p>Check whether the number is between a given range</p>"}, "type": "desc"}, {"attributes": {}, "type": "return", "children": [{"attributes": {"text": "<p>whether the number is > vmin and < vmax</p>"}, "type": "desc"}, {"attributes": {}, "type": "types", "children": [{"attributes": {"type": "Boolean"}, "type": "entry"}]}]}]}, {"attributes": {"line": 39, "isStatic": true, "name": "isInRange"}, "type": "method", "children": [{"attributes": {}, "type": "params", "children": [{"attributes": {"name": "nr"}, "type": "param", "children": [{"attributes": {"text": "<p>the number to check</p>"}, "type": "desc"}, {"attributes": {}, "type": "types", "children": [{"attributes": {"type": "Number"}, "type": "entry"}]}]}, {"attributes": {"name": "vmin"}, "type": "param", "children": [{"attributes": {"text": "<p>lower bound of the range</p>"}, "type": "desc"}, {"attributes": {}, "type": "types", "children": [{"attributes": {"type": "Integer"}, "type": "entry"}]}]}, {"attributes": {"name": "vmax"}, "type": "param", "children": [{"attributes": {"text": "<p>upper bound of the range</p>"}, "type": "desc"}, {"attributes": {}, "type": "types", "children": [{"attributes": {"type": "Integer"}, "type": "entry"}]}]}]}, {"attributes": {"text": "<p>Check whether the number is in a given range</p>"}, "type": "desc"}, {"attributes": {}, "type": "return", "children": [{"attributes": {"text": "<p>whether the number is >= vmin and <= vmax</p>"}, "type": "desc"}, {"attributes": {}, "type": "types", "children": [{"attributes": {"type": "Boolean"}, "type": "entry"}]}]}]}, {"attributes": {"line": 69, "isStatic": true, "name": "limit"}, "type": "method", "children": [{"attributes": {}, "type": "params", "children": [{"attributes": {"name": "nr"}, "type": "param", "children": [{"attributes": {"text": "<p>the number to limit</p>"}, "type": "desc"}, {"attributes": {}, "type": "types", "children": [{"attributes": {"type": "Number"}, "type": "entry"}]}]}, {"attributes": {"name": "vmin"}, "type": "param", "children": [{"attributes": {"text": "<p>lower bound of the range</p>"}, "type": "desc"}, {"attributes": {}, "type": "types", "children": [{"attributes": {"type": "Integer"}, "type": "entry"}]}]}, {"attributes": {"name": "vmax"}, "type": "param", "children": [{"attributes": {"text": "<p>upper bound of the range</p>"}, "type": "desc"}, {"attributes": {}, "type": "types", "children": [{"attributes": {"type": "Integer"}, "type": "entry"}]}]}]}, {"attributes": {"text": "<p>Limit the number to a given range</p>\n\n<ul>\n<li>If the number is greater than the upper bound, the upper bound is returned</li>\n<li>If the number is smaller than the lower bound, the lower bound is returned</li>\n<li>If the number is in the range, the number is returned</li>\n</ul>"}, "type": "desc"}, {"attributes": {}, "type": "return", "children": [{"attributes": {"text": "<p>the limited number</p>"}, "type": "desc"}, {"attributes": {}, "type": "types", "children": [{"attributes": {"type": "Integer"}, "type": "entry"}]}]}]}]}]}