{"attributes": {"isStatic": true, "group": "Polyfill", "name": "Error", "packageName": "qx.lang.normalize", "fullName": "qx.lang.normalize.Error", "type": "bootstrap"}, "type": "class", "children": [{"attributes": {"text": "<p>This class is responsible for the normalization of the native &#8216;Error&#8217; object.\nIt contains a simple bugfix for toString which might not print out the proper\nerror message.</p>"}, "type": "desc"}, {"attributes": {}, "type": "methods-static", "children": [{"attributes": {"line": 39, "isStatic": true, "name": "toString"}, "type": "method", "children": [{"attributes": {"text": "<p>Returns a string representation of the Error object.</p>\n\n<a href=\"https://developer.mozilla.org/en-US/docs/JavaScript/Reference/Global_Objects/Error/toString\">MDN documentation</a> |\n<a href=\"http://es5.github.com/#x15.11.4.4\">Annotated ES5 Spec</a>"}, "type": "desc"}, {"attributes": {}, "type": "return", "children": [{"attributes": {"text": "<p>Error message</p>"}, "type": "desc"}, {"attributes": {}, "type": "types", "children": [{"attributes": {"type": "String"}, "type": "entry"}]}]}]}]}]}