{"attributes": {"fullName": "qx.log.appender.RhinoConsole", "packageName": "qx.log.appender", "isStatic": true, "type": "class", "name": "RhinoConsole"}, "type": "class", "children": [{"attributes": {"text": "<p>Log appender for qooxdoo applications running in Mozilla Rhino. Writes log\nmessages to <span class=\"caps\">STDOUT</span>/STDERR.</p>"}, "type": "desc"}, {"attributes": {}, "type": "methods-static", "children": [{"attributes": {"line": 60, "isStatic": true, "name": "debug"}, "type": "method", "children": [{"attributes": {}, "type": "params", "children": [{"attributes": {"name": "logMessage"}, "type": "param", "children": [{"attributes": {"text": "<p>Message to be logged</p>"}, "type": "desc"}, {"attributes": {}, "type": "types", "children": [{"attributes": {"type": "String"}, "type": "entry"}]}]}]}, {"attributes": {"text": "<p>Logs a debug message</p>"}, "type": "desc"}]}, {"attributes": {"line": 90, "isStatic": true, "name": "error"}, "type": "method", "children": [{"attributes": {}, "type": "params", "children": [{"attributes": {"name": "logMessage"}, "type": "param", "children": [{"attributes": {"text": "<p>Message to be logged</p>"}, "type": "desc"}, {"attributes": {}, "type": "types", "children": [{"attributes": {"type": "String"}, "type": "entry"}]}]}]}, {"attributes": {"text": "<p>Logs an error message</p>"}, "type": "desc"}]}, {"attributes": {"line": 70, "isStatic": true, "name": "info"}, "type": "method", "children": [{"attributes": {}, "type": "params", "children": [{"attributes": {"name": "logMessage"}, "type": "param", "children": [{"attributes": {"text": "<p>Message to be logged</p>"}, "type": "desc"}, {"attributes": {}, "type": "types", "children": [{"attributes": {"type": "String"}, "type": "entry"}]}]}]}, {"attributes": {"text": "<p>Logs an info message</p>"}, "type": "desc"}]}, {"attributes": {"line": 46, "isStatic": true, "name": "log"}, "type": "method", "children": [{"attributes": {}, "type": "params", "children": [{"attributes": {"name": "logMessage"}, "type": "param", "children": [{"attributes": {"text": "<p>Message to be logged</p>"}, "type": "desc"}, {"attributes": {}, "type": "types", "children": [{"attributes": {"type": "String"}, "type": "entry"}]}]}, {"attributes": {"name": "level"}, "type": "param", "children": [{"attributes": {"text": "<p>Log level. One of &#8220;debug&#8221;, &#8220;info&#8221;, &#8220;warn&#8221;, &#8220;error&#8221;</p>"}, "type": "desc"}, {"attributes": {}, "type": "types", "children": [{"attributes": {"type": "String"}, "type": "entry"}]}]}]}, {"attributes": {"text": "<p>Writes a message to the shell. Errors will be sent to <span class=\"caps\">STDERR</span>, everything\nelse goes to <span class=\"caps\">STDOUT</span></p>"}, "type": "desc"}]}, {"attributes": {"line": 100, "isStatic": true, "name": "process"}, "type": "method", "children": [{"attributes": {}, "type": "params", "children": [{"attributes": {"name": "entry"}, "type": "param", "children": [{"attributes": {"text": "<p>Log entry object</p>"}, "type": "desc"}, {"attributes": {}, "type": "types", "children": [{"attributes": {"type": "Map"}, "type": "entry"}]}]}]}, {"attributes": {"text": "<p>Process a log entry object from qooxdoo&#8217;s logging system.</p>"}, "type": "desc"}]}, {"attributes": {"line": 80, "isStatic": true, "name": "warn"}, "type": "method", "children": [{"attributes": {}, "type": "params", "children": [{"attributes": {"name": "logMessage"}, "type": "param", "children": [{"attributes": {"text": "<p>Message to be logged</p>"}, "type": "desc"}, {"attributes": {}, "type": "types", "children": [{"attributes": {"type": "String"}, "type": "entry"}]}]}]}, {"attributes": {"text": "<p>Logs a warning message</p>"}, "type": "desc"}]}]}, {"attributes": {}, "type": "constants", "children": [{"attributes": {"access": "private", "type": "Null", "name": "__ERR", "value": "null"}, "type": "constant", "children": [{"attributes": {"text": "<p>java.lang.System.err</p>"}, "type": "desc"}]}, {"attributes": {"access": "private", "type": "Null", "name": "__OUT", "value": "null"}, "type": "constant", "children": [{"attributes": {"text": "<p>java.lang.System.out</p>"}, "type": "desc"}]}]}]}