{"attributes": {"fullName": "qx.log.appender.PhoneGap", "packageName": "qx.log.appender", "isStatic": true, "type": "class", "name": "PhoneGap"}, "type": "class", "children": [{"attributes": {"text": "<p>Processes the incoming log entry and displays it using the PhoneGap\nlogging capabilities.</p>"}, "type": "desc"}, {"attributes": {}, "type": "methods-static", "children": [{"attributes": {"line": 41, "isStatic": true, "name": "process"}, "type": "method", "children": [{"attributes": {}, "type": "params", "children": [{"attributes": {"name": "entry"}, "type": "param", "children": [{"attributes": {"text": "<p>The entry to process</p>"}, "type": "desc"}, {"attributes": {}, "type": "types", "children": [{"attributes": {"type": "Map"}, "type": "entry"}]}]}]}, {"attributes": {"text": "<p>Processes a single log entry</p>"}, "type": "desc"}]}]}]}