{"attributes": {"isStatic": true, "group": "Polyfill", "name": "Array", "packageName": "qx.lang.normalize", "fullName": "qx.lang.normalize.Array", "type": "bootstrap"}, "type": "class", "children": [{"attributes": {"text": "<p>This class is responsible for the normalization of the native &#8216;Array&#8217; object.\nIt checks if these methods are available and, if not, appends them to\nensure compatibility in all browsers.\nFor usage samples, check out the attached links.</p>\n\n<p><span class=\"caps\">MDN</span> documentation &copy; Mozilla Contributors.</p>"}, "type": "desc"}, {"attributes": {}, "type": "methods-static", "children": [{"attributes": {"line": 238, "isStatic": true, "name": "every"}, "type": "method", "children": [{"attributes": {}, "type": "params", "children": [{"attributes": {"name": "callback"}, "type": "param", "children": [{"attributes": {"text": "<p>Function to test for each element.</p>"}, "type": "desc"}, {"attributes": {}, "type": "types", "children": [{"attributes": {"type": "Function"}, "type": "entry"}]}]}, {"attributes": {"optional": true, "name": "obj"}, "type": "param", "children": [{"attributes": {"text": "<p>Value to use as <code>this</code> when executing <code>callback</code>.</p>"}, "type": "desc"}, {"attributes": {}, "type": "types", "children": [{"attributes": {"type": "Object"}, "type": "entry"}]}]}]}, {"attributes": {"text": "<p>The <code>every()</code> method tests whether all elements\nin the array pass the test implemented by the provided function.</p>\n\n<a href=\"https://developer.mozilla.org/en-US/docs/Web/JavaScript/Reference/Global_Objects/Array/every\">MDN documentation</a> |\n<a href=\"http://es5.github.com/#x15.4.4.16\">Annotated ES5 Spec</a>"}, "type": "desc"}, {"attributes": {}, "type": "return", "children": [{"attributes": {"text": "<p>result array</p>"}, "type": "desc"}, {"attributes": {}, "type": "types", "children": [{"attributes": {"type": "Array"}, "type": "entry"}]}]}]}, {"attributes": {"line": 145, "isStatic": true, "name": "filter"}, "type": "method", "children": [{"attributes": {}, "type": "params", "children": [{"attributes": {"name": "callback"}, "type": "param", "children": [{"attributes": {"text": "<p>Function to test each element of the array.</p>"}, "type": "desc"}, {"attributes": {}, "type": "types", "children": [{"attributes": {"type": "Function"}, "type": "entry"}]}]}, {"attributes": {"optional": true, "name": "obj"}, "type": "param", "children": [{"attributes": {"text": "<p>Value to use as <code>this</code> when executing <code>callback</code>.</p>"}, "type": "desc"}, {"attributes": {}, "type": "types", "children": [{"attributes": {"type": "Object"}, "type": "entry"}]}]}]}, {"attributes": {"text": "<p>The <code>filter()</code> method creates a new array with\nall elements that pass the test implemented by the provided\nfunction.</p>\n\n<a href=\"https://developer.mozilla.org/en-US/docs/Web/JavaScript/Reference/Global_Objects/Array/filter\">MDN documentation</a> |\n<a href=\"http://es5.github.com/#x15.4.4.20\">Annotated ES5 Spec</a>"}, "type": "desc"}, {"attributes": {}, "type": "return", "children": [{"attributes": {"text": "<p>filtered array</p>"}, "type": "desc"}, {"attributes": {}, "type": "types", "children": [{"attributes": {"type": "Array"}, "type": "entry"}]}]}]}, {"attributes": {"line": 120, "isStatic": true, "name": "forEach"}, "type": "method", "children": [{"attributes": {}, "type": "params", "children": [{"attributes": {"name": "callback"}, "type": "param", "children": [{"attributes": {"text": "<p>Function to execute for each element.</p>"}, "type": "desc"}, {"attributes": {}, "type": "types", "children": [{"attributes": {"type": "Function"}, "type": "entry"}]}]}, {"attributes": {"optional": true, "name": "obj"}, "type": "param", "children": [{"attributes": {"text": "<p>Value to use as <code>this</code> when executing <code>callback</code>.</p>"}, "type": "desc"}, {"attributes": {}, "type": "types", "children": [{"attributes": {"type": "Object"}, "type": "entry"}]}]}]}, {"attributes": {"text": "<p>The <code>forEach()</code> method executes a provided function\nonce per array element. You can not break the loop with this function.\nIf you want to do so, use {@link #some} or {@link #every}.</p>\n\n<a href=\"https://developer.mozilla.org/en-US/docs/Web/JavaScript/Reference/Global_Objects/Array/forEach\">MDN documentation</a> |\n<a href=\"http://es5.github.com/#x15.4.4.18\">Annotated ES5 Spec</a>"}, "type": "desc"}]}, {"attributes": {"line": 52, "isStatic": true, "name": "indexOf"}, "type": "method", "children": [{"attributes": {}, "type": "params", "children": [{"attributes": {"name": "searchElement"}, "type": "param", "children": [{"attributes": {"text": "<p>Element to locate in the array.</p>"}, "type": "desc"}, {"attributes": {}, "type": "types", "children": [{"attributes": {"type": "var"}, "type": "entry"}]}]}, {"attributes": {"optional": true, "name": "fromIndex"}, "type": "param", "children": [{"attributes": {"text": "<p>The index to start the search at. If the index is greater than or equal to the array&#8217;s length, -1 is returned, which means the array will not be searched. If the provided index value is a negative number, it is taken as the offset from the end of the array. Note: if the provided index is negative, the array is still searched from front to back. If the calculated index is less than 0, then the whole array will be searched. Default: 0 (Entire array is searched)</p>"}, "type": "desc"}, {"attributes": {}, "type": "types", "children": [{"attributes": {"type": "Integer"}, "type": "entry"}]}]}]}, {"attributes": {"text": "<p>The <code>indexOf()</code> method returns the first index at which a given\nelement can be found in the array, or -1 if it is not present.</p>\n\n<a href=\"https://developer.mozilla.org/en-US/docs/Web/JavaScript/Reference/Global_Objects/Array/indexOf\">MDN documentation</a> |\n<a href=\"http://es5.github.com/#x15.4.4.14\">Annotated ES5 Spec</a>"}, "type": "desc"}, {"attributes": {}, "type": "return", "children": [{"attributes": {"text": "<p>The first index at which the element was found or -1 if the element was not found in the array</p>"}, "type": "desc"}, {"attributes": {}, "type": "types", "children": [{"attributes": {"type": "Integer"}, "type": "entry"}]}]}]}, {"attributes": {"line": 91, "isStatic": true, "name": "lastIndexOf"}, "type": "method", "children": [{"attributes": {}, "type": "params", "children": [{"attributes": {"name": "searchElement"}, "type": "param", "children": [{"attributes": {"text": "<p>Element to locate in the array.</p>"}, "type": "desc"}, {"attributes": {}, "type": "types", "children": [{"attributes": {"type": "var"}, "type": "entry"}]}]}, {"attributes": {"optional": true, "name": "fromIndex"}, "type": "param", "children": [{"attributes": {"text": "<p>The index at which to start searching backwards. Defaults to the array&#8217;s length, i.e. the whole array will be searched. If the index is greater than or equal to the length of the array, the whole array will be searched. If negative, it is taken as the offset from the end of the array. Note that even when the index is negative, the array is still searched from back to front. If the calculated index is less than 0, -1 is returned, i.e. the array will not be searched.</p>"}, "type": "desc"}, {"attributes": {}, "type": "types", "children": [{"attributes": {"type": "Integer"}, "type": "entry"}]}]}]}, {"attributes": {"text": "<p>The <code>lastIndexOf()</code> method returns the last index\nat which a given element can be found in the array, or -1 if\nit is not present. The array is searched backwards, starting at\n<code>fromIndex</code>.</p>\n\n<a href=\"https://developer.mozilla.org/en-US/docs/Web/JavaScript/Reference/Global_Objects/Array/lastIndexOf\">MDN documentation</a> |\n<a href=\"http://es5.github.com/#x15.4.4.15\">Annotated ES5 Spec</a>"}, "type": "desc"}, {"attributes": {}, "type": "return", "children": [{"attributes": {"text": "<p>The last index at which the element was found or -1 if the element was not found in the array</p>"}, "type": "desc"}, {"attributes": {}, "type": "types", "children": [{"attributes": {"type": "Integer"}, "type": "entry"}]}]}]}, {"attributes": {"line": 182, "isStatic": true, "name": "map"}, "type": "method", "children": [{"attributes": {}, "type": "params", "children": [{"attributes": {"name": "callback"}, "type": "param", "children": [{"attributes": {"text": "<p>Function that produces an element of the new Array, taking three arguments: <ul> <li><code>currentValue</code> The current element being processed in the array.</li> <li><code>index</code> The index of the current element being processed in the array.</li> <li><code>array</code> The array map was called upon.</li> </ul></p>"}, "type": "desc"}, {"attributes": {}, "type": "types", "children": [{"attributes": {"type": "Function"}, "type": "entry"}]}]}, {"attributes": {"optional": true, "name": "obj"}, "type": "param", "children": [{"attributes": {"text": "<p>Value to use as <code>this</code> when executing <code>callback</code>.</p>"}, "type": "desc"}, {"attributes": {}, "type": "types", "children": [{"attributes": {"type": "Object"}, "type": "entry"}]}]}]}, {"attributes": {"text": "<p>The <code>map()</code> method creates a new array with\nthe results of calling a provided function on every\nelement in this array.</p>\n\n<a href=\"https://developer.mozilla.org/en-US/docs/Web/JavaScript/Reference/Global_Objects/Array/map\">MDN documentation</a> |\n<a href=\"http://es5.github.com/#x15.4.4.19\">Annotated ES5 Spec</a>"}, "type": "desc"}, {"attributes": {}, "type": "return", "children": [{"attributes": {"text": "<p>result array</p>"}, "type": "desc"}, {"attributes": {}, "type": "types", "children": [{"attributes": {"type": "Array"}, "type": "entry"}]}]}]}, {"attributes": {"line": 276, "isStatic": true, "name": "reduce"}, "type": "method", "children": [{"attributes": {}, "type": "params", "children": [{"attributes": {"name": "callback"}, "type": "param", "children": [{"attributes": {"text": "<p>Function to execute on each value in the array, taking four arguments: <ul> <li><code>previousValue</code> The value previously returned in the last invocation of the callback, or initialValue, if supplied. (See below.)</li> <li><code>currentValue</code> The current element being processed in the array.</li> <li><code>index</code> The index of the current element being processed in the array.</li> <li><code>array</code> The array <code>reduce</code> was called upon.</li> </ul></p>"}, "type": "desc"}, {"attributes": {}, "type": "types", "children": [{"attributes": {"type": "Function"}, "type": "entry"}]}]}, {"attributes": {"optional": true, "name": "init"}, "type": "param", "children": [{"attributes": {"text": "<p>Object to use as the first argument to the first call of the callback.</p>"}, "type": "desc"}, {"attributes": {}, "type": "types", "children": [{"attributes": {"type": "Object"}, "type": "entry"}]}]}]}, {"attributes": {"text": "<p>The <code>reduce()</code> method applies a function against\nan accumulator and each value of the array (from left-to-right)\nhas to reduce it to a single value.</p>\n\n<a href=\"https://developer.mozilla.org/en-US/docs/Web/JavaScript/Reference/Global_Objects/Array/reduce\">MDN documentation</a> |\n<a href=\"http://es5.github.com/#x15.4.4.21\">Annotated ES5 Spec</a>"}, "type": "desc"}, {"attributes": {}, "type": "return", "children": [{"attributes": {"text": "<p>result value</p>"}, "type": "desc"}, {"attributes": {}, "type": "types", "children": [{"attributes": {"type": "var"}, "type": "entry"}]}]}]}, {"attributes": {"line": 316, "isStatic": true, "name": "reduceRight"}, "type": "method", "children": [{"attributes": {}, "type": "params", "children": [{"attributes": {"name": "callback"}, "type": "param", "children": [{"attributes": {"text": "<p>Function to execute on each value in the array, taking four arguments: <ul> <li><code>previousValue</code> The value previously returned in the last invocation of the callback, or initialValue, if supplied. (See below.)</li> <li><code>currentValue</code> The current element being processed in the array.</li> <li><code>index</code> The index of the current element being processed in the array.</li> <li><code>array</code> The array <code>reduce</code> was called upon.</li> </ul></p>"}, "type": "desc"}, {"attributes": {}, "type": "types", "children": [{"attributes": {"type": "Function"}, "type": "entry"}]}]}, {"attributes": {"optional": true, "name": "init"}, "type": "param", "children": [{"attributes": {"text": "<p>Object to use as the first argument to the first call of the callback.</p>"}, "type": "desc"}, {"attributes": {}, "type": "types", "children": [{"attributes": {"type": "Object"}, "type": "entry"}]}]}]}, {"attributes": {"text": "<p>The reduceRight() method applies a function against an\naccumulator and each value of the array (from right-to-left)\nas to reduce it to a single value.</p>\n\n<a href=\"https://developer.mozilla.org/en-US/docs/Web/JavaScript/Reference/Global_Objects/Array/reduceRight\">MDN documentation</a> |\n<a href=\"http://es5.github.com/#x15.4.4.22\">Annotated ES5 Spec</a>"}, "type": "desc"}, {"attributes": {}, "type": "return", "children": [{"attributes": {"text": "<p>return value</p>"}, "type": "desc"}, {"attributes": {}, "type": "types", "children": [{"attributes": {"type": "var"}, "type": "entry"}]}]}]}, {"attributes": {"line": 210, "isStatic": true, "name": "some"}, "type": "method", "children": [{"attributes": {}, "type": "params", "children": [{"attributes": {"name": "callback"}, "type": "param", "children": [{"attributes": {"text": "<p>Function to test for each element.</p>"}, "type": "desc"}, {"attributes": {}, "type": "types", "children": [{"attributes": {"type": "Function"}, "type": "entry"}]}]}, {"attributes": {"optional": true, "name": "obj"}, "type": "param", "children": [{"attributes": {"text": "<p>Value to use as <code>this</code> when executing <code>callback</code>.</p>"}, "type": "desc"}, {"attributes": {}, "type": "types", "children": [{"attributes": {"type": "Object"}, "type": "entry"}]}]}]}, {"attributes": {"text": "<p>The <code>some()</code> method tests whether some\nelement in the array passes the test implemented by\nthe provided function.</p>\n\n<a href=\"https://developer.mozilla.org/en-US/docs/Web/JavaScript/Reference/Global_Objects/Array/some\">MDN documentation</a> |\n<a href=\"http://es5.github.com/#x15.4.4.17\">Annotated ES5 Spec</a>"}, "type": "desc"}, {"attributes": {}, "type": "return", "children": [{"attributes": {"text": "<p>result array</p>"}, "type": "desc"}, {"attributes": {}, "type": "types", "children": [{"attributes": {"type": "Array"}, "type": "entry"}]}]}]}]}]}