{"attributes": {"isStatic": true, "group": "Polyfill", "name": "String", "packageName": "qx.lang.normalize", "fullName": "qx.lang.normalize.String", "type": "bootstrap"}, "type": "class", "children": [{"attributes": {"text": "<p>This class is responsible for the normalization of the native &#8216;String&#8217; object.\nIt checks if these methods are available and, if not, appends them to\nensure compatibility in all browsers.\nFor usage samples, check out the attached links.</p>"}, "type": "desc"}, {"attributes": {}, "type": "methods-static", "children": [{"attributes": {"line": 39, "isStatic": true, "name": "trim"}, "type": "method", "children": [{"attributes": {"text": "<p>Removes whitespace from both ends of the string.</p>\n\n<a href=\"https://developer.mozilla.org/en-US/docs/JavaScript/Reference/Global_Objects/String/Trim\">MDN documentation</a> |\n<a href=\"http://es5.github.com/#x15.5.4.20\">Annotated ES5 Spec</a>"}, "type": "desc"}, {"attributes": {}, "type": "return", "children": [{"attributes": {"text": "<p>The trimmed string</p>"}, "type": "desc"}, {"attributes": {}, "type": "types", "children": [{"attributes": {"type": "String"}, "type": "entry"}]}]}]}]}]}