{"attributes": {"fullName": "qx.locale.String", "packageName": "qx.locale", "isStatic": true, "type": "class", "name": "String"}, "type": "class", "children": [{"attributes": {"text": "<p>Provides information about locale-dependent string formatting (like quotation\nsigns).</p>"}, "type": "desc"}, {"attributes": {}, "type": "methods-static", "children": [{"attributes": {"line": 72, "isStatic": true, "name": "getAlternateQuotationEnd"}, "type": "method", "children": [{"attributes": {}, "type": "params", "children": [{"attributes": {"name": "locale"}, "type": "param", "children": [{"attributes": {"text": "<p>optional locale to be used</p>"}, "type": "desc"}, {"attributes": {}, "type": "types", "children": [{"attributes": {"type": "String"}, "type": "entry"}]}]}]}, {"attributes": {"text": "<p>Get quotation alternative end sign</p>"}, "type": "desc"}, {"attributes": {}, "type": "return", "children": [{"attributes": {"text": "<p>alternative quotation end sign</p>"}, "type": "desc"}, {"attributes": {}, "type": "types", "children": [{"attributes": {"type": "String"}, "type": "entry"}]}]}]}, {"attributes": {"line": 61, "isStatic": true, "name": "getAlternateQuotationStart"}, "type": "method", "children": [{"attributes": {}, "type": "params", "children": [{"attributes": {"name": "locale"}, "type": "param", "children": [{"attributes": {"text": "<p>optional locale to be used</p>"}, "type": "desc"}, {"attributes": {}, "type": "types", "children": [{"attributes": {"type": "String"}, "type": "entry"}]}]}]}, {"attributes": {"text": "<p>Get quotation alternative start sign</p>"}, "type": "desc"}, {"attributes": {}, "type": "return", "children": [{"attributes": {"text": "<p>alternative quotation start sign</p>"}, "type": "desc"}, {"attributes": {}, "type": "types", "children": [{"attributes": {"type": "String"}, "type": "entry"}]}]}]}, {"attributes": {"line": 50, "isStatic": true, "name": "getQuotationEnd"}, "type": "method", "children": [{"attributes": {}, "type": "params", "children": [{"attributes": {"name": "locale"}, "type": "param", "children": [{"attributes": {"text": "<p>optional locale to be used</p>"}, "type": "desc"}, {"attributes": {}, "type": "types", "children": [{"attributes": {"type": "String"}, "type": "entry"}]}]}]}, {"attributes": {"text": "<p>Get quotation end sign</p>"}, "type": "desc"}, {"attributes": {}, "type": "return", "children": [{"attributes": {"text": "<p>quotation end sign</p>"}, "type": "desc"}, {"attributes": {}, "type": "types", "children": [{"attributes": {"type": "String"}, "type": "entry"}]}]}]}, {"attributes": {"line": 39, "isStatic": true, "name": "getQuotationStart"}, "type": "method", "children": [{"attributes": {}, "type": "params", "children": [{"attributes": {"name": "locale"}, "type": "param", "children": [{"attributes": {"text": "<p>optional locale to be used</p>"}, "type": "desc"}, {"attributes": {}, "type": "types", "children": [{"attributes": {"type": "String"}, "type": "entry"}]}]}]}, {"attributes": {"text": "<p>Get quotation start sign</p>"}, "type": "desc"}, {"attributes": {}, "type": "return", "children": [{"attributes": {"text": "<p>quotation start sign</p>"}, "type": "desc"}, {"attributes": {}, "type": "types", "children": [{"attributes": {"type": "String"}, "type": "entry"}]}]}]}]}]}