{"attributes": {"fullName": "qx.locale.Key", "packageName": "qx.locale", "isStatic": true, "type": "class", "name": "Key"}, "type": "class", "children": [{"attributes": {"text": "<p>Static class, which contains functionality to localize the names of keyboard keys.</p>"}, "type": "desc"}, {"attributes": {}, "type": "methods-static", "children": [{"attributes": {"line": 46, "isStatic": true, "name": "getKeyName"}, "type": "method", "children": [{"attributes": {}, "type": "params", "children": [{"attributes": {"name": "size"}, "type": "param", "children": [{"attributes": {"text": "<p>format of the key identifier. Possible values: &#8220;short&#8221;, &#8220;full&#8221;</p>"}, "type": "desc"}, {"attributes": {}, "type": "types", "children": [{"attributes": {"type": "String"}, "type": "entry"}]}]}, {"attributes": {"name": "keyIdentifier"}, "type": "param", "children": [{"attributes": {"text": "<p>key identifier to translate {@link qx.event.type.KeySequence}</p>"}, "type": "desc"}, {"attributes": {}, "type": "types", "children": [{"attributes": {"type": "String"}, "type": "entry"}]}]}, {"attributes": {"name": "locale"}, "type": "param", "children": [{"attributes": {"text": "<p>optional locale to be used</p>"}, "type": "desc"}, {"attributes": {}, "type": "types", "children": [{"attributes": {"type": "String"}, "type": "entry"}]}]}]}, {"attributes": {"text": "<p>Return localized name of a key identifier\n{@link qx.event.type.KeySequence}</p>"}, "type": "desc"}, {"attributes": {}, "type": "return", "children": [{"attributes": {"text": "<p>localized key name</p>"}, "type": "desc"}, {"attributes": {}, "type": "types", "children": [{"attributes": {"type": "String"}, "type": "entry"}]}]}]}]}]}