{"attributes": {"fullName": "qx.locale.MTranslation", "packageName": "qx.locale", "type": "mixin", "name": "MTranslation", "includer": "qx.ui.core.Widget,qx.ui.table.columnmodel.Resize,qx.ui.mobile.core.Widget,qx.application.AbstractGui,qx.application.Mobile"}, "type": "class", "children": [{"attributes": {"text": "<p>This mixin contains the methods needed to use the translation features\nof qooxdoo.</p>"}, "type": "desc"}, {"attributes": {}, "type": "methods", "children": [{"attributes": {"line": 124, "isMixin": true, "name": "marktr"}, "type": "method", "children": [{"attributes": {}, "type": "params", "children": [{"attributes": {"name": "messageId"}, "type": "param", "children": [{"attributes": {"text": "<p>the message ID</p>"}, "type": "desc"}, {"attributes": {}, "type": "types", "children": [{"attributes": {"type": "String"}, "type": "entry"}]}]}]}, {"attributes": {"text": "<p>Mark the message for translation but return the original message.</p>"}, "type": "desc"}, {"attributes": {}, "type": "return", "children": [{"attributes": {"text": "<p>messageId</p>"}, "type": "desc"}, {"attributes": {}, "type": "types", "children": [{"attributes": {"type": "String"}, "type": "entry"}]}]}]}, {"attributes": {"line": 40, "isMixin": true, "name": "tr"}, "type": "method", "children": [{"attributes": {}, "type": "params", "children": [{"attributes": {"name": "messageId"}, "type": "param", "children": [{"attributes": {"text": "<p>message id (may contain format strings)</p>"}, "type": "desc"}, {"attributes": {}, "type": "types", "children": [{"attributes": {"type": "String"}, "type": "entry"}]}]}, {"attributes": {"name": "varargs"}, "type": "param", "children": [{"attributes": {"text": "<p>variable number of arguments applied to the format string</p>"}, "type": "desc"}, {"attributes": {}, "type": "types", "children": [{"attributes": {"type": "Object"}, "type": "entry"}]}]}]}, {"attributes": {"text": "<p>Translate a message\nMark the message for translation.</p>"}, "type": "desc"}, {"attributes": {}, "type": "return", "children": [{"attributes": {"text": "<p>The translated message or localized string</p>"}, "type": "desc"}, {"attributes": {}, "type": "types", "children": [{"attributes": {"type": "String"}, "type": "entry"}, {"attributes": {"type": "LocalizedString"}, "type": "entry"}]}]}]}, {"attributes": {"line": 83, "isMixin": true, "name": "trc"}, "type": "method", "children": [{"attributes": {}, "type": "params", "children": [{"attributes": {"name": "hint"}, "type": "param", "children": [{"attributes": {"text": "<p>hint for the translator of the message. Will be included in the .po file.</p>"}, "type": "desc"}, {"attributes": {}, "type": "types", "children": [{"attributes": {"type": "String"}, "type": "entry"}]}]}, {"attributes": {"name": "messageId"}, "type": "param", "children": [{"attributes": {"text": "<p>message id (may contain format strings)</p>"}, "type": "desc"}, {"attributes": {}, "type": "types", "children": [{"attributes": {"type": "String"}, "type": "entry"}]}]}, {"attributes": {"name": "varargs"}, "type": "param", "children": [{"attributes": {"text": "<p>variable number of arguments applied to the format string</p>"}, "type": "desc"}, {"attributes": {}, "type": "types", "children": [{"attributes": {"type": "Object"}, "type": "entry"}]}]}]}, {"attributes": {"text": "<p>Translate a message with translation hint\nMark the messages for translation.</p>"}, "type": "desc"}, {"attributes": {}, "type": "return", "children": [{"attributes": {"text": "<p>The translated message or localized string</p>"}, "type": "desc"}, {"attributes": {}, "type": "types", "children": [{"attributes": {"type": "String"}, "type": "entry"}, {"attributes": {"type": "LocalizedString"}, "type": "entry"}]}]}]}, {"attributes": {"line": 63, "isMixin": true, "name": "trn"}, "type": "method", "children": [{"attributes": {}, "type": "params", "children": [{"attributes": {"name": "singularMessageId"}, "type": "param", "children": [{"attributes": {"text": "<p>message id of the singular form (may contain format strings)</p>"}, "type": "desc"}, {"attributes": {}, "type": "types", "children": [{"attributes": {"type": "String"}, "type": "entry"}]}]}, {"attributes": {"name": "pluralMessageId"}, "type": "param", "children": [{"attributes": {"text": "<p>message id of the plural form (may contain format strings)</p>"}, "type": "desc"}, {"attributes": {}, "type": "types", "children": [{"attributes": {"type": "String"}, "type": "entry"}]}]}, {"attributes": {"name": "count"}, "type": "param", "children": [{"attributes": {"text": "<p>if greater than 1 the plural form otherwise the singular form is returned.</p>"}, "type": "desc"}, {"attributes": {}, "type": "types", "children": [{"attributes": {"type": "Integer"}, "type": "entry"}]}]}, {"attributes": {"name": "varargs"}, "type": "param", "children": [{"attributes": {"text": "<p>variable number of arguments applied to the format string</p>"}, "type": "desc"}, {"attributes": {}, "type": "types", "children": [{"attributes": {"type": "Object"}, "type": "entry"}]}]}]}, {"attributes": {"text": "<p>Translate a plural message\nMark the messages for translation.</p>\n\n<p>Depending on the third argument the plural or the singular form is chosen.</p>"}, "type": "desc"}, {"attributes": {}, "type": "return", "children": [{"attributes": {"text": "<p>The translated message or localized string</p>"}, "type": "desc"}, {"attributes": {}, "type": "types", "children": [{"attributes": {"type": "String"}, "type": "entry"}, {"attributes": {"type": "LocalizedString"}, "type": "entry"}]}]}]}, {"attributes": {"line": 107, "isMixin": true, "name": "trnc"}, "type": "method", "children": [{"attributes": {}, "type": "params", "children": [{"attributes": {"name": "hint"}, "type": "param", "children": [{"attributes": {"text": "<p>hint for the translator of the message. Will be included in the .po file.</p>"}, "type": "desc"}, {"attributes": {}, "type": "types", "children": [{"attributes": {"type": "String"}, "type": "entry"}]}]}, {"attributes": {"name": "singularMessageId"}, "type": "param", "children": [{"attributes": {"text": "<p>message id of the singular form (may contain format strings)</p>"}, "type": "desc"}, {"attributes": {}, "type": "types", "children": [{"attributes": {"type": "String"}, "type": "entry"}]}]}, {"attributes": {"name": "pluralMessageId"}, "type": "param", "children": [{"attributes": {"text": "<p>message id of the plural form (may contain format strings)</p>"}, "type": "desc"}, {"attributes": {}, "type": "types", "children": [{"attributes": {"type": "String"}, "type": "entry"}]}]}, {"attributes": {"name": "count"}, "type": "param", "children": [{"attributes": {"text": "<p>if greater than 1 the plural form otherwise the singular form is returned.</p>"}, "type": "desc"}, {"attributes": {}, "type": "types", "children": [{"attributes": {"type": "Integer"}, "type": "entry"}]}]}, {"attributes": {"name": "varargs"}, "type": "param", "children": [{"attributes": {"text": "<p>variable number of arguments applied to the format string</p>"}, "type": "desc"}, {"attributes": {}, "type": "types", "children": [{"attributes": {"type": "Object"}, "type": "entry"}]}]}]}, {"attributes": {"text": "<p>Translate a plural message with translation hint\nMark the messages for translation.</p>\n\n<p>Depending on the third argument the plural or the singular form is chosen.</p>"}, "type": "desc"}, {"attributes": {}, "type": "return", "children": [{"attributes": {"text": "<p>The translated message or localized string</p>"}, "type": "desc"}, {"attributes": {}, "type": "types", "children": [{"attributes": {"type": "String"}, "type": "entry"}, {"attributes": {"type": "LocalizedString"}, "type": "entry"}]}]}]}]}]}