{"attributes": {"isStatic": true, "group": "Core", "name": "Manipulating", "packageName": "qx.module", "fullName": "qx.module.Manipulating", "type": "bootstrap"}, "type": "class", "children": [{"attributes": {"text": "<p><span class=\"caps\">DOM</span> manipulation module</p>"}, "type": "desc"}, {"attributes": {}, "type": "methods-static", "children": [{"attributes": {"access": "private", "line": 465, "isStatic": true, "name": "__animateScroll"}, "type": "method", "children": [{"attributes": {}, "type": "params", "children": [{"attributes": {"name": "property"}, "type": "param", "children": [{"attributes": {"text": "<p>Element property to animate: <code>scrollLeft</code> or <code>scrollTop</code></p>"}, "type": "desc"}, {"attributes": {}, "type": "types", "children": [{"attributes": {"type": "String"}, "type": "entry"}]}]}, {"attributes": {"name": "value"}, "type": "param", "children": [{"attributes": {"text": "<p>Final scroll position</p>"}, "type": "desc"}, {"attributes": {}, "type": "types", "children": [{"attributes": {"type": "Number"}, "type": "entry"}]}]}, {"attributes": {"name": "duration"}, "type": "param", "children": [{"attributes": {"text": "<p>The animation&#8217;s duration in ms</p>"}, "type": "desc"}, {"attributes": {}, "type": "types", "children": [{"attributes": {"type": "Number"}, "type": "entry"}]}]}]}, {"attributes": {"text": "<p>Performs animated scrolling</p>"}, "type": "desc"}, {"attributes": {}, "type": "return", "children": [{"attributes": {"text": "<p>The collection for chaining.</p>"}, "type": "desc"}, {"attributes": {}, "type": "types", "children": [{"attributes": {"type": "q"}, "type": "entry"}]}]}]}, {"attributes": {"access": "internal", "isInternal": true, "line": 254, "isStatic": true, "name": "__getCollectionFromArgument"}, "type": "method", "children": [{"attributes": {}, "type": "params", "children": [{"attributes": {"name": "arg"}, "type": "param", "children": [{"attributes": {"text": "<p>Selector expression, <span class=\"caps\">HTML</span> string, <span class=\"caps\">DOM</span> element or list of <span class=\"caps\">DOM</span> elements</p>"}, "type": "desc"}, {"attributes": {}, "type": "types", "children": [{"attributes": {"type": "var"}, "type": "entry"}]}]}]}, {"attributes": {"text": "<p>Creates a new collection from the given argument</p>"}, "type": "desc"}, {"attributes": {}, "type": "return", "children": [{"attributes": {"text": "<p>Collection</p>"}, "type": "desc"}, {"attributes": {}, "type": "types", "children": [{"attributes": {"type": "qxWeb"}, "type": "entry"}]}]}]}, {"attributes": {"access": "internal", "isInternal": true, "line": 206, "isStatic": true, "name": "__getElementArray"}, "type": "method", "children": [{"attributes": {}, "type": "params", "children": [{"attributes": {"name": "arg"}, "type": "param", "children": [{"attributes": {"text": "<p>Selector expression or <span class=\"caps\">DOM</span> element</p>"}, "type": "desc"}, {"attributes": {}, "type": "types", "children": [{"attributes": {"type": "String"}, "type": "entry"}, {"attributes": {"type": "Element"}, "type": "entry"}]}]}]}, {"attributes": {"text": "<p>Returns an array from a selector expression or a single element</p>"}, "type": "desc"}, {"attributes": {"targetMethod": "", "targetClass": "qxWeb", "sourceMethod": "__getElementArray", "sourceClass": "qx.module.Manipulating"}, "type": "attach"}, {"attributes": {}, "type": "return", "children": [{"attributes": {"text": "<p>Array of elements</p>"}, "type": "desc"}, {"attributes": {}, "type": "types", "children": [{"attributes": {"type": "Element", "dimensions": 1}, "type": "entry"}]}]}]}, {"attributes": {"access": "internal", "isInternal": true, "line": 284, "isStatic": true, "name": "__getInnermostElement"}, "type": "method", "children": [{"attributes": {}, "type": "params", "children": [{"attributes": {"name": "element"}, "type": "param", "children": [{"attributes": {"text": "<p>Root element</p>"}, "type": "desc"}, {"attributes": {}, "type": "types", "children": [{"attributes": {"type": "Element"}, "type": "entry"}]}]}]}, {"attributes": {"text": "<p>Returns the innermost element of a <span class=\"caps\">DOM</span> tree as determined by a simple\ndepth-first search.</p>"}, "type": "desc"}, {"attributes": {}, "type": "return", "children": [{"attributes": {"text": "<p>innermost element</p>"}, "type": "desc"}, {"attributes": {}, "type": "types", "children": [{"attributes": {"type": "Element"}, "type": "entry"}]}]}]}, {"attributes": {"line": 374, "isStatic": true, "name": "after"}, "type": "method", "children": [{"attributes": {}, "type": "params", "children": [{"attributes": {"name": "content"}, "type": "param", "children": [{"attributes": {"text": "<p><span class=\"caps\">HTML</span> string(s), <span class=\"caps\">DOM</span> element(s) or collection to insert</p>"}, "type": "desc"}, {"attributes": {}, "type": "types", "children": [{"attributes": {"type": "String"}, "type": "entry"}, {"attributes": {"type": "String", "dimensions": 1}, "type": "entry"}, {"attributes": {"type": "Element"}, "type": "entry"}, {"attributes": {"type": "Element", "dimensions": 1}, "type": "entry"}, {"attributes": {"type": "qxWeb"}, "type": "entry"}]}]}]}, {"attributes": {"text": "<p>Inserts content after each element in the collection. This can either\nbe an <span class=\"caps\">HTML</span> string, an array of <span class=\"caps\">HTML</span> strings, a single <span class=\"caps\">DOM</span> element or an\narray of elements.</p>"}, "type": "desc"}, {"attributes": {"targetMethod": "", "targetClass": "qxWeb", "sourceMethod": "after", "sourceClass": "qx.module.Manipulating"}, "type": "attach"}, {"attributes": {}, "type": "return", "children": [{"attributes": {"text": "<p>The collection for chaining</p>"}, "type": "desc"}, {"attributes": {}, "type": "types", "children": [{"attributes": {"type": "qxWeb"}, "type": "entry"}]}]}]}, {"attributes": {"line": 85, "isStatic": true, "name": "append"}, "type": "method", "children": [{"attributes": {}, "type": "params", "children": [{"attributes": {"name": "html"}, "type": "param", "children": [{"attributes": {"text": "<p><span class=\"caps\">HTML</span> string or <span class=\"caps\">DOM</span> element(s) to append</p>"}, "type": "desc"}, {"attributes": {}, "type": "types", "children": [{"attributes": {"type": "String"}, "type": "entry"}, {"attributes": {"type": "Element", "dimensions": 1}, "type": "entry"}, {"attributes": {"type": "qxWeb"}, "type": "entry"}]}]}]}, {"attributes": {"text": "<p>Appends content to each element in the current set. Accepts an <span class=\"caps\">HTML</span> string,\na single <span class=\"caps\">DOM</span> element or an array of elements</p>"}, "type": "desc"}, {"attributes": {"targetMethod": "", "targetClass": "qxWeb", "sourceMethod": "append", "sourceClass": "qx.module.Manipulating"}, "type": "attach"}, {"attributes": {}, "type": "return", "children": [{"attributes": {"text": "<p>The collection for chaining</p>"}, "type": "desc"}, {"attributes": {}, "type": "types", "children": [{"attributes": {"type": "qxWeb"}, "type": "entry"}]}]}]}, {"attributes": {"line": 115, "isStatic": true, "name": "appendTo"}, "type": "method", "children": [{"attributes": {}, "type": "params", "children": [{"attributes": {"name": "parent"}, "type": "param", "children": [{"attributes": {"text": "<p>Parent selector expression or list of parent elements</p>"}, "type": "desc"}, {"attributes": {}, "type": "types", "children": [{"attributes": {"type": "String"}, "type": "entry"}, {"attributes": {"type": "Element", "dimensions": 1}, "type": "entry"}, {"attributes": {"type": "qxWeb"}, "type": "entry"}]}]}]}, {"attributes": {"text": "<p>Appends all items in the collection to the specified parents. If multiple\nparents are given, the items will be moved to the first parent, while\nclones of the items will be appended to subsequent parents.</p>"}, "type": "desc"}, {"attributes": {"targetMethod": "", "targetClass": "qxWeb", "sourceMethod": "appendTo", "sourceClass": "qx.module.Manipulating"}, "type": "attach"}, {"attributes": {}, "type": "return", "children": [{"attributes": {"text": "<p>The collection for chaining</p>"}, "type": "desc"}, {"attributes": {}, "type": "types", "children": [{"attributes": {"type": "qxWeb"}, "type": "entry"}]}]}]}, {"attributes": {"line": 340, "isStatic": true, "name": "before"}, "type": "method", "children": [{"attributes": {}, "type": "params", "children": [{"attributes": {"name": "content"}, "type": "param", "children": [{"attributes": {"text": "<p><span class=\"caps\">HTML</span> string(s), <span class=\"caps\">DOM</span> element(s) or collection to insert</p>"}, "type": "desc"}, {"attributes": {}, "type": "types", "children": [{"attributes": {"type": "String"}, "type": "entry"}, {"attributes": {"type": "String", "dimensions": 1}, "type": "entry"}, {"attributes": {"type": "Element"}, "type": "entry"}, {"attributes": {"type": "Element", "dimensions": 1}, "type": "entry"}, {"attributes": {"type": "qxWeb"}, "type": "entry"}]}]}]}, {"attributes": {"text": "<p>Inserts content before each element in the collection. This can either\nbe an <span class=\"caps\">HTML</span> string, an array of <span class=\"caps\">HTML</span> strings, a single <span class=\"caps\">DOM</span> element or an\narray of elements.</p>"}, "type": "desc"}, {"attributes": {"targetMethod": "", "targetClass": "qxWeb", "sourceMethod": "before", "sourceClass": "qx.module.Manipulating"}, "type": "attach"}, {"attributes": {}, "type": "return", "children": [{"attributes": {"text": "<p>The collection for chaining</p>"}, "type": "desc"}, {"attributes": {}, "type": "types", "children": [{"attributes": {"type": "qxWeb"}, "type": "entry"}]}]}]}, {"attributes": {"line": 567, "isStatic": true, "name": "blur"}, "type": "method", "children": [{"attributes": {"text": "<p>Blurs each element in the collection</p>"}, "type": "desc"}, {"attributes": {"targetMethod": "", "targetClass": "qxWeb", "sourceMethod": "blur", "sourceClass": "qx.module.Manipulating"}, "type": "attach"}, {"attributes": {}, "type": "return", "children": [{"attributes": {"text": "<p>The collection for chaining</p>"}, "type": "desc"}, {"attributes": {}, "type": "types", "children": [{"attributes": {"type": "qxWeb"}, "type": "entry"}]}]}]}, {"attributes": {"line": 60, "isStatic": true, "name": "clone"}, "type": "method", "children": [{"attributes": {}, "type": "params", "children": [{"attributes": {"name": "events"}, "type": "param", "children": [{"attributes": {"text": "<p>clone event listeners. Default:</p>\n\n<pre>false</pre>"}, "type": "desc"}, {"attributes": {}, "type": "types", "children": [{"attributes": {"type": "Boolean"}, "type": "entry"}]}]}]}, {"attributes": {"text": "<p>Clones the items in the current collection and returns them in a new set.\nEvent listeners can also be cloned.</p>"}, "type": "desc"}, {"attributes": {"targetMethod": "", "targetClass": "qxWeb", "sourceMethod": "clone", "sourceClass": "qx.module.Manipulating"}, "type": "attach"}, {"attributes": {}, "type": "return", "children": [{"attributes": {"text": "<p>New collection with clones</p>"}, "type": "desc"}, {"attributes": {}, "type": "types", "children": [{"attributes": {"type": "qxWeb"}, "type": "entry"}]}]}]}, {"attributes": {"line": 47, "isStatic": true, "name": "create"}, "type": "method", "children": [{"attributes": {}, "type": "params", "children": [{"attributes": {"name": "html"}, "type": "param", "children": [{"attributes": {"text": "<p><span class=\"caps\">HTML</span> string or <span class=\"caps\">DOM</span> element(s)</p>"}, "type": "desc"}, {"attributes": {}, "type": "types", "children": [{"attributes": {"type": "String"}, "type": "entry"}, {"attributes": {"type": "Element", "dimensions": 1}, "type": "entry"}]}]}, {"attributes": {"defaultValue": "document", "optional": true, "name": "context"}, "type": "param", "children": [{"attributes": {"text": "<p>Context in which the elements should be created</p>"}, "type": "desc"}, {"attributes": {}, "type": "types", "children": [{"attributes": {"type": "Document"}, "type": "entry"}]}]}]}, {"attributes": {"text": "<p>Creates a new collection from the given argument. This can either be an\n<span class=\"caps\">HTML</span> string, a single <span class=\"caps\">DOM</span> element or an array of elements</p>\n\n<p>When no <code>context</code> is given the global document is used to\ncreate new <span class=\"caps\">DOM</span> elements.</p>\n\n<strong>Note:</strong> When a complex HTML string is provided the <code>innerHTML</code>\nmechanism of the browser is used. Some browsers do filter out elements like <code>&lt;html&gt;</code>,\n<code>&lt;head&gt;</code> or <code>&lt;body&gt;</code>. The better approach is to create\na single element and the appending the child nodes like in the example below."}, "type": "desc"}, {"attributes": {"targetMethod": "", "targetClass": "qxWeb", "sourceMethod": "create", "sourceClass": "qx.module.Manipulating"}, "type": "attachStatic"}, {"attributes": {}, "type": "return", "children": [{"attributes": {"text": "<p>Collection of elements</p>"}, "type": "desc"}, {"attributes": {}, "type": "types", "children": [{"attributes": {"type": "qxWeb"}, "type": "entry"}]}]}]}, {"attributes": {"line": 318, "isStatic": true, "name": "empty"}, "type": "method", "children": [{"attributes": {"text": "<p>Removes all content from the elements in the collection</p>"}, "type": "desc"}, {"attributes": {"targetMethod": "", "targetClass": "qxWeb", "sourceMethod": "empty", "sourceClass": "qx.module.Manipulating"}, "type": "attach"}, {"attributes": {}, "type": "return", "children": [{"attributes": {"text": "<p>The collection for chaining</p>"}, "type": "desc"}, {"attributes": {}, "type": "types", "children": [{"attributes": {"type": "qxWeb"}, "type": "entry"}]}]}]}, {"attributes": {"line": 550, "isStatic": true, "name": "focus"}, "type": "method", "children": [{"attributes": {"text": "<p>Focuses the first element in the collection</p>"}, "type": "desc"}, {"attributes": {"targetMethod": "", "targetClass": "qxWeb", "sourceMethod": "focus", "sourceClass": "qx.module.Manipulating"}, "type": "attach"}, {"attributes": {}, "type": "return", "children": [{"attributes": {"text": "<p>The collection for chaining</p>"}, "type": "desc"}, {"attributes": {}, "type": "types", "children": [{"attributes": {"type": "qxWeb"}, "type": "entry"}]}]}]}, {"attributes": {"line": 404, "isStatic": true, "name": "getScrollLeft"}, "type": "method", "children": [{"attributes": {"text": "<p>Returns the left scroll position of the first element in the collection.</p>"}, "type": "desc"}, {"attributes": {"targetMethod": "", "targetClass": "qxWeb", "sourceMethod": "getScrollLeft", "sourceClass": "qx.module.Manipulating"}, "type": "attach"}, {"attributes": {}, "type": "return", "children": [{"attributes": {"text": "<p>Current left scroll position</p>"}, "type": "desc"}, {"attributes": {}, "type": "types", "children": [{"attributes": {"type": "Number"}, "type": "entry"}]}]}]}, {"attributes": {"line": 426, "isStatic": true, "name": "getScrollTop"}, "type": "method", "children": [{"attributes": {"text": "<p>Returns the top scroll position of the first element in the collection.</p>"}, "type": "desc"}, {"attributes": {"targetMethod": "", "targetClass": "qxWeb", "sourceMethod": "getScrollTop", "sourceClass": "qx.module.Manipulating"}, "type": "attach"}, {"attributes": {}, "type": "return", "children": [{"attributes": {"text": "<p>Current top scroll position</p>"}, "type": "desc"}, {"attributes": {}, "type": "types", "children": [{"attributes": {"type": "Number"}, "type": "entry"}]}]}]}, {"attributes": {"line": 175, "isStatic": true, "name": "insertAfter"}, "type": "method", "children": [{"attributes": {}, "type": "params", "children": [{"attributes": {"name": "target"}, "type": "param", "children": [{"attributes": {"text": "<p>Selector expression, <span class=\"caps\">DOM</span> element, Array of <span class=\"caps\">DOM</span> elements or collection</p>"}, "type": "desc"}, {"attributes": {}, "type": "types", "children": [{"attributes": {"type": "String"}, "type": "entry"}, {"attributes": {"type": "Element"}, "type": "entry"}, {"attributes": {"type": "Element", "dimensions": 1}, "type": "entry"}, {"attributes": {"type": "qxWeb"}, "type": "entry"}]}]}]}, {"attributes": {"text": "<p>Inserts the current collection after each target item. The collection\nitems are moved after the first target. For subsequent targets,\nclones of the collection items are created and inserted.</p>"}, "type": "desc"}, {"attributes": {"targetMethod": "", "targetClass": "qxWeb", "sourceMethod": "insertAfter", "sourceClass": "qx.module.Manipulating"}, "type": "attach"}, {"attributes": {}, "type": "return", "children": [{"attributes": {"text": "<p>The collection for chaining</p>"}, "type": "desc"}, {"attributes": {}, "type": "types", "children": [{"attributes": {"type": "qxWeb"}, "type": "entry"}]}]}]}, {"attributes": {"line": 144, "isStatic": true, "name": "insertBefore"}, "type": "method", "children": [{"attributes": {}, "type": "params", "children": [{"attributes": {"name": "target"}, "type": "param", "children": [{"attributes": {"text": "<p>Selector expression, <span class=\"caps\">DOM</span> element, Array of <span class=\"caps\">DOM</span> elements or collection</p>"}, "type": "desc"}, {"attributes": {}, "type": "types", "children": [{"attributes": {"type": "String"}, "type": "entry"}, {"attributes": {"type": "Element"}, "type": "entry"}, {"attributes": {"type": "Element", "dimensions": 1}, "type": "entry"}, {"attributes": {"type": "qxWeb"}, "type": "entry"}]}]}]}, {"attributes": {"text": "<p>Inserts the current collection before each target item. The collection\nitems are moved before the first target. For subsequent targets,\nclones of the collection items are created and inserted.</p>"}, "type": "desc"}, {"attributes": {"targetMethod": "", "targetClass": "qxWeb", "sourceMethod": "insertBefore", "sourceClass": "qx.module.Manipulating"}, "type": "attach"}, {"attributes": {}, "type": "return", "children": [{"attributes": {"text": "<p>The collection for chaining</p>"}, "type": "desc"}, {"attributes": {}, "type": "types", "children": [{"attributes": {"type": "qxWeb"}, "type": "entry"}]}]}]}, {"attributes": {"line": 304, "isStatic": true, "name": "remove"}, "type": "method", "children": [{"attributes": {"text": "<p>Removes each element in the current collection from the <span class=\"caps\">DOM</span></p>"}, "type": "desc"}, {"attributes": {"targetMethod": "", "targetClass": "qxWeb", "sourceMethod": "remove", "sourceClass": "qx.module.Manipulating"}, "type": "attach"}, {"attributes": {}, "type": "return", "children": [{"attributes": {"text": "<p>The collection for chaining</p>"}, "type": "desc"}, {"attributes": {}, "type": "types", "children": [{"attributes": {"type": "qxWeb"}, "type": "entry"}]}]}]}, {"attributes": {"line": 480, "isStatic": true, "name": "setScrollLeft"}, "type": "method", "children": [{"attributes": {}, "type": "params", "children": [{"attributes": {"name": "value"}, "type": "param", "children": [{"attributes": {"text": "<p>Left scroll position</p>"}, "type": "desc"}, {"attributes": {}, "type": "types", "children": [{"attributes": {"type": "Number"}, "type": "entry"}]}]}, {"attributes": {"optional": true, "name": "duration"}, "type": "param", "children": [{"attributes": {"text": "<p>Optional: Duration in ms for animated scrolling</p>"}, "type": "desc"}, {"attributes": {}, "type": "types", "children": [{"attributes": {"type": "Number"}, "type": "entry"}]}]}]}, {"attributes": {"text": "<p>Scrolls the elements of the collection to the given coordinate.</p>"}, "type": "desc"}, {"attributes": {"targetMethod": "", "targetClass": "qxWeb", "sourceMethod": "setScrollLeft", "sourceClass": "qx.module.Manipulating"}, "type": "attach"}, {"attributes": {}, "type": "return", "children": [{"attributes": {"text": "<p>The collection for chaining</p>"}, "type": "desc"}, {"attributes": {}, "type": "types", "children": [{"attributes": {"type": "qxWeb"}, "type": "entry"}]}]}]}, {"attributes": {"line": 516, "isStatic": true, "name": "setScrollTop"}, "type": "method", "children": [{"attributes": {}, "type": "params", "children": [{"attributes": {"name": "value"}, "type": "param", "children": [{"attributes": {"text": "<p>Top scroll position</p>"}, "type": "desc"}, {"attributes": {}, "type": "types", "children": [{"attributes": {"type": "Number"}, "type": "entry"}]}]}, {"attributes": {"optional": true, "name": "duration"}, "type": "param", "children": [{"attributes": {"text": "<p>Optional: Duration in ms for animated scrolling</p>"}, "type": "desc"}, {"attributes": {}, "type": "types", "children": [{"attributes": {"type": "Number"}, "type": "entry"}]}]}]}, {"attributes": {"text": "<p>Scrolls the elements of the collection to the given coordinate.</p>"}, "type": "desc"}, {"attributes": {"targetMethod": "", "targetClass": "qxWeb", "sourceMethod": "setScrollTop", "sourceClass": "qx.module.Manipulating"}, "type": "attach"}, {"attributes": {}, "type": "return", "children": [{"attributes": {"text": "<p>The collection for chaining</p>"}, "type": "desc"}, {"attributes": {}, "type": "types", "children": [{"attributes": {"type": "qxWeb"}, "type": "entry"}]}]}]}, {"attributes": {"line": 229, "isStatic": true, "name": "wrap"}, "type": "method", "children": [{"attributes": {}, "type": "params", "children": [{"attributes": {"name": "wrapper"}, "type": "param", "children": [{"attributes": {"text": "<p>Selector expression, <span class=\"caps\">HTML</span> string, <span class=\"caps\">DOM</span> element or list of <span class=\"caps\">DOM</span> elements</p>"}, "type": "desc"}, {"attributes": {}, "type": "types", "children": [{"attributes": {"type": "String"}, "type": "entry"}, {"attributes": {"type": "Element"}, "type": "entry"}, {"attributes": {"type": "Element", "dimensions": 1}, "type": "entry"}, {"attributes": {"type": "qxWeb"}, "type": "entry"}]}]}]}, {"attributes": {"text": "<p>Wraps each element in the collection in a copy of an <span class=\"caps\">HTML</span> structure.\nElements will be appended to the deepest nested element in the structure\nas determined by a depth-first search.</p>"}, "type": "desc"}, {"attributes": {"targetMethod": "", "targetClass": "qxWeb", "sourceMethod": "wrap", "sourceClass": "qx.module.Manipulating"}, "type": "attach"}, {"attributes": {}, "type": "return", "children": [{"attributes": {"text": "<p>The collection for chaining</p>"}, "type": "desc"}, {"attributes": {}, "type": "types", "children": [{"attributes": {"type": "qxWeb"}, "type": "entry"}]}]}]}]}, {"attributes": {}, "type": "constants", "children": [{"attributes": {"access": "protected", "name": "_animationDescription"}, "type": "constant", "children": [{"attributes": {"text": "<p>Default animation descriptions for animated scrolling *</p>"}, "type": "desc"}]}]}]}