{"attributes": {"fullName": "qx.module.Transform", "packageName": "qx.module", "isStatic": true, "type": "bootstrap", "name": "Transform"}, "type": "class", "children": [{"attributes": {"text": "<p>This class is responsible for applying CSS3 transforms to the collection.\nThe implementation is mostly a cross browser wrapper for applying the\ntransforms.\nThe <span class=\"caps\">API</span> is keep to the spec as close as possible.</p>\n\n<p><a href=\"http://www.w3.org/TR/css3-3d-transforms/\">http://www.w3.org/TR/css3-3d-transforms/</a></p>"}, "type": "desc"}, {"attributes": {}, "type": "methods-static", "children": [{"attributes": {"line": 269, "isStatic": true, "name": "getTransformBackfaceVisibility"}, "type": "method", "children": [{"attributes": {"text": "<p>Returns the backface-visibility property of the first element.</p>\n\n<p>Spec: <a href=\"http://www.w3.org/TR/css3-3d-transforms/#backface-visibility-property\">http://www.w3.org/TR/css3-3d-transforms/#backface-visibility-property</a></p>"}, "type": "desc"}, {"attributes": {"targetMethod": "", "targetClass": "qxWeb", "sourceMethod": "getTransformBackfaceVisibility", "sourceClass": "qx.module.Transform"}, "type": "attach"}, {"attributes": {}, "type": "return", "children": [{"attributes": {"text": "<code>true</code>, if the backface is visible."}, "type": "desc"}, {"attributes": {}, "type": "types", "children": [{"attributes": {"type": "Boolean"}, "type": "entry"}]}]}]}, {"attributes": {"line": 134, "isStatic": true, "name": "getTransformOrigin"}, "type": "method", "children": [{"attributes": {"text": "<p>Returns the transform-origin property of the first element.</p>\n\n<p>Spec: <a href=\"http://www.w3.org/TR/css3-3d-transforms/#transform-origin-property\">http://www.w3.org/TR/css3-3d-transforms/#transform-origin-property</a></p>"}, "type": "desc"}, {"attributes": {"targetMethod": "", "targetClass": "qxWeb", "sourceMethod": "getTransformOrigin", "sourceClass": "qx.module.Transform"}, "type": "attach"}, {"attributes": {}, "type": "return", "children": [{"attributes": {"text": "<p>The set property, e.g. <code>50% 50%</code> or null, of the collection is empty.</p>"}, "type": "desc"}, {"attributes": {}, "type": "types", "children": [{"attributes": {"type": "String"}, "type": "entry"}]}]}]}, {"attributes": {"line": 202, "isStatic": true, "name": "getTransformPerspective"}, "type": "method", "children": [{"attributes": {"text": "<p>Returns the perspective property of the first element.</p>\n\n<p>Spec: <a href=\"http://www.w3.org/TR/css3-3d-transforms/#perspective-property\">http://www.w3.org/TR/css3-3d-transforms/#perspective-property</a></p>"}, "type": "desc"}, {"attributes": {"targetMethod": "", "targetClass": "qxWeb", "sourceMethod": "getTransformPerspective", "sourceClass": "qx.module.Transform"}, "type": "attach"}, {"attributes": {}, "type": "return", "children": [{"attributes": {"text": "<p>The set property, e.g. <code>500</code></p>"}, "type": "desc"}, {"attributes": {}, "type": "types", "children": [{"attributes": {"type": "String"}, "type": "entry"}]}]}]}, {"attributes": {"line": 236, "isStatic": true, "name": "getTransformPerspectiveOrigin"}, "type": "method", "children": [{"attributes": {"text": "<p>Returns the perspective-origin property of the first element.</p>\n\n<p>Spec: <a href=\"http://www.w3.org/TR/css3-3d-transforms/#perspective-origin-property\">http://www.w3.org/TR/css3-3d-transforms/#perspective-origin-property</a></p>"}, "type": "desc"}, {"attributes": {"targetMethod": "", "targetClass": "qxWeb", "sourceMethod": "getTransformPerspectiveOrigin", "sourceClass": "qx.module.Transform"}, "type": "attach"}, {"attributes": {}, "type": "return", "children": [{"attributes": {"text": "<p>The set property, e.g. <code>50% 50%</code></p>"}, "type": "desc"}, {"attributes": {}, "type": "types", "children": [{"attributes": {"type": "String"}, "type": "entry"}]}]}]}, {"attributes": {"line": 168, "isStatic": true, "name": "getTransformStyle"}, "type": "method", "children": [{"attributes": {"text": "<p>Returns the transform-style property of the first element.</p>\n\n<p>Spec: <a href=\"http://www.w3.org/TR/css3-3d-transforms/#transform-style-property\">http://www.w3.org/TR/css3-3d-transforms/#transform-style-property</a></p>"}, "type": "desc"}, {"attributes": {"targetMethod": "", "targetClass": "qxWeb", "sourceMethod": "getTransformStyle", "sourceClass": "qx.module.Transform"}, "type": "attach"}, {"attributes": {}, "type": "return", "children": [{"attributes": {"text": "<p>The set property, either <code>flat</code> or <code>preserve-3d</code>.</p>"}, "type": "desc"}, {"attributes": {}, "type": "types", "children": [{"attributes": {"type": "String"}, "type": "entry"}]}]}]}, {"attributes": {"line": 89, "isStatic": true, "name": "rotate"}, "type": "method", "children": [{"attributes": {}, "type": "params", "children": [{"attributes": {"name": "value"}, "type": "param", "children": [{"attributes": {"text": "<p>The value to rotate e.g. <code>&#8220;90deg&#8221;</code>.</p>"}, "type": "desc"}, {"attributes": {}, "type": "types", "children": [{"attributes": {"type": "String"}, "type": "entry"}, {"attributes": {"type": "Array"}, "type": "entry"}]}]}]}, {"attributes": {"text": "<p>Rotates by the given value. For further details, take\na look at the {@link #transform} method.</p>"}, "type": "desc"}, {"attributes": {"targetMethod": "", "targetClass": "qxWeb", "sourceMethod": "rotate", "sourceClass": "qx.module.Transform"}, "type": "attach"}, {"attributes": {}, "type": "return", "children": [{"attributes": {"text": "<p>This reference for chaining.</p>"}, "type": "desc"}, {"attributes": {}, "type": "types", "children": [{"attributes": {"type": "qxWeb"}, "type": "entry"}]}]}]}, {"attributes": {"line": 76, "isStatic": true, "name": "scale"}, "type": "method", "children": [{"attributes": {}, "type": "params", "children": [{"attributes": {"name": "value"}, "type": "param", "children": [{"attributes": {"text": "<p>The value to scale.</p>"}, "type": "desc"}, {"attributes": {}, "type": "types", "children": [{"attributes": {"type": "Number"}, "type": "entry"}, {"attributes": {"type": "Array"}, "type": "entry"}]}]}]}, {"attributes": {"text": "<p>Scales by the given value. For further details, take\na look at the {@link #transform} method.</p>"}, "type": "desc"}, {"attributes": {"targetMethod": "", "targetClass": "qxWeb", "sourceMethod": "scale", "sourceClass": "qx.module.Transform"}, "type": "attach"}, {"attributes": {}, "type": "return", "children": [{"attributes": {"text": "<p>This reference for chaining.</p>"}, "type": "desc"}, {"attributes": {}, "type": "types", "children": [{"attributes": {"type": "qxWeb"}, "type": "entry"}]}]}]}, {"attributes": {"line": 253, "isStatic": true, "name": "setTransformBackfaceVisibility"}, "type": "method", "children": [{"attributes": {}, "type": "params", "children": [{"attributes": {"name": "value"}, "type": "param", "children": [{"attributes": {"text": "<code>true</code> if the backface should be visible."}, "type": "desc"}, {"attributes": {}, "type": "types", "children": [{"attributes": {"type": "Boolean"}, "type": "entry"}]}]}]}, {"attributes": {"text": "<p>Sets the backface-visibility property.</p>\n\n<p>Spec: <a href=\"http://www.w3.org/TR/css3-3d-transforms/#backface-visibility-property\">http://www.w3.org/TR/css3-3d-transforms/#backface-visibility-property</a></p>"}, "type": "desc"}, {"attributes": {"targetMethod": "", "targetClass": "qxWeb", "sourceMethod": "setTransformBackfaceVisibility", "sourceClass": "qx.module.Transform"}, "type": "attach"}, {"attributes": {}, "type": "return", "children": [{"attributes": {"text": "<p>This reference for chaining.</p>"}, "type": "desc"}, {"attributes": {}, "type": "types", "children": [{"attributes": {"type": "qxWeb"}, "type": "entry"}]}]}]}, {"attributes": {"line": 117, "isStatic": true, "name": "setTransformOrigin"}, "type": "method", "children": [{"attributes": {}, "type": "params", "children": [{"attributes": {"name": "value"}, "type": "param", "children": [{"attributes": {"text": "<p><span class=\"caps\">CSS</span> position values like <code>50% 50%</code> or <code>left top</code>.</p>"}, "type": "desc"}, {"attributes": {}, "type": "types", "children": [{"attributes": {"type": "String"}, "type": "entry"}]}]}]}, {"attributes": {"text": "<p>Sets the transform-origin property.</p>\n\n<p>Spec: <a href=\"http://www.w3.org/TR/css3-3d-transforms/#transform-origin-property\">http://www.w3.org/TR/css3-3d-transforms/#transform-origin-property</a></p>"}, "type": "desc"}, {"attributes": {"targetMethod": "", "targetClass": "qxWeb", "sourceMethod": "setTransformOrigin", "sourceClass": "qx.module.Transform"}, "type": "attach"}, {"attributes": {}, "type": "return", "children": [{"attributes": {"text": "<p>This reference for chaining.</p>"}, "type": "desc"}, {"attributes": {}, "type": "types", "children": [{"attributes": {"type": "qxWeb"}, "type": "entry"}]}]}]}, {"attributes": {"line": 186, "isStatic": true, "name": "setTransformPerspective"}, "type": "method", "children": [{"attributes": {}, "type": "params", "children": [{"attributes": {"name": "value"}, "type": "param", "children": [{"attributes": {"text": "<p>The perspective layer. Numbers between 100 and 5000 give the best results.</p>"}, "type": "desc"}, {"attributes": {}, "type": "types", "children": [{"attributes": {"type": "Number"}, "type": "entry"}]}]}]}, {"attributes": {"text": "<p>Sets the perspective property.</p>\n\n<p>Spec: <a href=\"http://www.w3.org/TR/css3-3d-transforms/#perspective-property\">http://www.w3.org/TR/css3-3d-transforms/#perspective-property</a></p>"}, "type": "desc"}, {"attributes": {"targetMethod": "", "targetClass": "qxWeb", "sourceMethod": "setTransformPerspective", "sourceClass": "qx.module.Transform"}, "type": "attach"}, {"attributes": {}, "type": "return", "children": [{"attributes": {"text": "<p>This reference for chaining.</p>"}, "type": "desc"}, {"attributes": {}, "type": "types", "children": [{"attributes": {"type": "qxWeb"}, "type": "entry"}]}]}]}, {"attributes": {"line": 220, "isStatic": true, "name": "setTransformPerspectiveOrigin"}, "type": "method", "children": [{"attributes": {}, "type": "params", "children": [{"attributes": {"name": "value"}, "type": "param", "children": [{"attributes": {"text": "<p><span class=\"caps\">CSS</span> position values like <code>50% 50%</code> or <code>left top</code>.</p>"}, "type": "desc"}, {"attributes": {}, "type": "types", "children": [{"attributes": {"type": "String"}, "type": "entry"}]}]}]}, {"attributes": {"text": "<p>Sets the perspective-origin property.</p>\n\n<p>Spec: <a href=\"http://www.w3.org/TR/css3-3d-transforms/#perspective-origin-property\">http://www.w3.org/TR/css3-3d-transforms/#perspective-origin-property</a></p>"}, "type": "desc"}, {"attributes": {"targetMethod": "", "targetClass": "qxWeb", "sourceMethod": "setTransformPerspectiveOrigin", "sourceClass": "qx.module.Transform"}, "type": "attach"}, {"attributes": {}, "type": "return", "children": [{"attributes": {"text": "<p>This reference for chaining.</p>"}, "type": "desc"}, {"attributes": {}, "type": "types", "children": [{"attributes": {"type": "qxWeb"}, "type": "entry"}]}]}]}, {"attributes": {"line": 151, "isStatic": true, "name": "setTransformStyle"}, "type": "method", "children": [{"attributes": {}, "type": "params", "children": [{"attributes": {"name": "value"}, "type": "param", "children": [{"attributes": {"text": "<p>Either <code>flat</code> or <code>preserve-3d</code>.</p>"}, "type": "desc"}, {"attributes": {}, "type": "types", "children": [{"attributes": {"type": "String"}, "type": "entry"}]}]}]}, {"attributes": {"text": "<p>Sets the transform-style property.</p>\n\n<p>Spec: <a href=\"http://www.w3.org/TR/css3-3d-transforms/#transform-style-property\">http://www.w3.org/TR/css3-3d-transforms/#transform-style-property</a></p>"}, "type": "desc"}, {"attributes": {"targetMethod": "", "targetClass": "qxWeb", "sourceMethod": "setTransformStyle", "sourceClass": "qx.module.Transform"}, "type": "attach"}, {"attributes": {}, "type": "return", "children": [{"attributes": {"text": "<p>This reference for chaining.</p>"}, "type": "desc"}, {"attributes": {}, "type": "types", "children": [{"attributes": {"type": "qxWeb"}, "type": "entry"}]}]}]}, {"attributes": {"line": 102, "isStatic": true, "name": "skew"}, "type": "method", "children": [{"attributes": {}, "type": "params", "children": [{"attributes": {"name": "value"}, "type": "param", "children": [{"attributes": {"text": "<p>The value to skew e.g. <code>&#8220;90deg&#8221;</code>.</p>"}, "type": "desc"}, {"attributes": {}, "type": "types", "children": [{"attributes": {"type": "String"}, "type": "entry"}, {"attributes": {"type": "Array"}, "type": "entry"}]}]}]}, {"attributes": {"text": "<p>Skews by the given value. For further details, take\na look at the {@link #transform} method.</p>"}, "type": "desc"}, {"attributes": {"targetMethod": "", "targetClass": "qxWeb", "sourceMethod": "skew", "sourceClass": "qx.module.Transform"}, "type": "attach"}, {"attributes": {}, "type": "return", "children": [{"attributes": {"text": "<p>This reference for chaining.</p>"}, "type": "desc"}, {"attributes": {}, "type": "types", "children": [{"attributes": {"type": "qxWeb"}, "type": "entry"}]}]}]}, {"attributes": {"line": 47, "isStatic": true, "name": "transform"}, "type": "method", "children": [{"attributes": {}, "type": "params", "children": [{"attributes": {"name": "transforms"}, "type": "param", "children": [{"attributes": {"text": "<p>The map containing the transforms and value.</p>"}, "type": "desc"}, {"attributes": {}, "type": "types", "children": [{"attributes": {"type": "Map"}, "type": "entry"}]}]}]}, {"attributes": {"text": "<p>Method to apply multiple transforms at once to the given element. It\ntakes a map containing the transforms you want to apply plus the values\ne.g.<code>{scale: 2, rotate: &#8220;5deg&#8221;}</code>.\nThe values can be either singular, which means a single value will\nbe added to the <span class=\"caps\">CSS</span>. If you give an array, the values will be split up\nand each array entry will be used for the X, Y or Z dimension in that\norder e.g. <code>{scale: [2, 0.5]}</code> will result in a element\ndouble the size in X direction and half the size in Y direction.\nMake sure your browser supports all transformations you apply.</p>"}, "type": "desc"}, {"attributes": {"targetMethod": "", "targetClass": "qxWeb", "sourceMethod": "transform", "sourceClass": "qx.module.Transform"}, "type": "attach"}, {"attributes": {}, "type": "return", "children": [{"attributes": {"text": "<p>This reference for chaining.</p>"}, "type": "desc"}, {"attributes": {}, "type": "types", "children": [{"attributes": {"type": "qxWeb"}, "type": "entry"}]}]}]}, {"attributes": {"line": 63, "isStatic": true, "name": "translate"}, "type": "method", "children": [{"attributes": {}, "type": "params", "children": [{"attributes": {"name": "value"}, "type": "param", "children": [{"attributes": {"text": "<p>The value to translate e.g. <code>&#8220;10px&#8221;</code>.</p>"}, "type": "desc"}, {"attributes": {}, "type": "types", "children": [{"attributes": {"type": "String"}, "type": "entry"}, {"attributes": {"type": "Array"}, "type": "entry"}]}]}]}, {"attributes": {"text": "<p>Translates by the given value. For further details, take\na look at the {@link #transform} method.</p>"}, "type": "desc"}, {"attributes": {"targetMethod": "", "targetClass": "qxWeb", "sourceMethod": "translate", "sourceClass": "qx.module.Transform"}, "type": "attach"}, {"attributes": {}, "type": "return", "children": [{"attributes": {"text": "<p>This reference for chaining.</p>"}, "type": "desc"}, {"attributes": {}, "type": "types", "children": [{"attributes": {"type": "qxWeb"}, "type": "entry"}]}]}]}]}]}