{"attributes": {"fullName": "qx.module.Cookie", "packageName": "qx.module", "isStatic": true, "type": "bootstrap", "name": "Cookie"}, "type": "class", "children": [{"attributes": {"text": "<p>Cookie handling module</p>"}, "type": "desc"}, {"attributes": {}, "type": "methods-static", "children": [{"attributes": {"line": 1, "isStatic": true, "name": "del"}, "type": "method", "children": [{"attributes": {}, "type": "params", "children": [{"attributes": {"name": "key"}, "type": "param", "children": [{"attributes": {"text": "<p>The key for the string value.</p>"}, "type": "desc"}, {"attributes": {}, "type": "types", "children": [{"attributes": {"type": "String"}, "type": "entry"}]}]}, {"attributes": {"defaultValue": "null", "optional": true, "name": "path"}, "type": "param", "children": [{"attributes": {"text": "<p>Path value.</p>"}, "type": "desc"}, {"attributes": {}, "type": "types", "children": [{"attributes": {"type": "String"}, "type": "entry"}]}]}, {"attributes": {"defaultValue": "null", "optional": true, "name": "domain"}, "type": "param", "children": [{"attributes": {"text": "<p>Domain value.</p>"}, "type": "desc"}, {"attributes": {}, "type": "types", "children": [{"attributes": {"type": "String"}, "type": "entry"}]}]}]}, {"attributes": {"text": "<p>Deletes the string value of a cookie.</p>"}, "type": "desc"}, {"attributes": {"targetMethod": "cookie.del", "targetClass": "qxWeb", "sourceMethod": "del", "sourceClass": "qx.module.Cookie"}, "type": "attachStatic"}]}, {"attributes": {"line": 1, "isStatic": true, "name": "get"}, "type": "method", "children": [{"attributes": {}, "type": "params", "children": [{"attributes": {"name": "key"}, "type": "param", "children": [{"attributes": {"text": "<p>The key for the saved string value.</p>"}, "type": "desc"}, {"attributes": {}, "type": "types", "children": [{"attributes": {"type": "String"}, "type": "entry"}]}]}]}, {"attributes": {"text": "<p>Returns the string value of a cookie.</p>"}, "type": "desc"}, {"attributes": {"targetMethod": "cookie.get", "targetClass": "qxWeb", "sourceMethod": "get", "sourceClass": "qx.module.Cookie"}, "type": "attachStatic"}, {"attributes": {}, "type": "return", "children": [{"attributes": {"text": "<p>Returns the saved string value if the cookie contains a value for the key, otherwise <code>null</code></p>"}, "type": "desc"}, {"attributes": {}, "type": "types", "children": [{"attributes": {"type": "String"}, "type": "entry"}, {"attributes": {"type": "null"}, "type": "entry"}]}]}]}, {"attributes": {"line": 1, "isStatic": true, "name": "set"}, "type": "method", "children": [{"attributes": {}, "type": "params", "children": [{"attributes": {"name": "key"}, "type": "param", "children": [{"attributes": {"text": "<p>The key for the string value.</p>"}, "type": "desc"}, {"attributes": {}, "type": "types", "children": [{"attributes": {"type": "String"}, "type": "entry"}]}]}, {"attributes": {"name": "value"}, "type": "param", "children": [{"attributes": {"text": "<p>The string value.</p>"}, "type": "desc"}, {"attributes": {}, "type": "types", "children": [{"attributes": {"type": "String"}, "type": "entry"}]}]}, {"attributes": {"defaultValue": "null", "optional": true, "name": "expires"}, "type": "param", "children": [{"attributes": {"text": "<p>Expires directive value in days starting from now, or <code>null</code> if the cookie should be deleted when the browser is closed.</p>"}, "type": "desc"}, {"attributes": {}, "type": "types", "children": [{"attributes": {"type": "Number"}, "type": "entry"}]}]}, {"attributes": {"defaultValue": "null", "optional": true, "name": "path"}, "type": "param", "children": [{"attributes": {"text": "<p>Path value.</p>"}, "type": "desc"}, {"attributes": {}, "type": "types", "children": [{"attributes": {"type": "String"}, "type": "entry"}]}]}, {"attributes": {"defaultValue": "null", "optional": true, "name": "domain"}, "type": "param", "children": [{"attributes": {"text": "<p>Domain value.</p>"}, "type": "desc"}, {"attributes": {}, "type": "types", "children": [{"attributes": {"type": "String"}, "type": "entry"}]}]}, {"attributes": {"defaultValue": "null", "optional": true, "name": "secure"}, "type": "param", "children": [{"attributes": {"text": "<p>Secure flag.</p>"}, "type": "desc"}, {"attributes": {}, "type": "types", "children": [{"attributes": {"type": "Boolean"}, "type": "entry"}]}]}]}, {"attributes": {"text": "<p>Sets the string value of a cookie.</p>"}, "type": "desc"}, {"attributes": {"targetMethod": "cookie.set", "targetClass": "qxWeb", "sourceMethod": "set", "sourceClass": "qx.module.Cookie"}, "type": "attachStatic"}]}]}]}