{"attributes": {"isStatic": true, "group": "Core", "name": "Css", "packageName": "qx.module", "fullName": "qx.module.Css", "type": "bootstrap"}, "type": "class", "children": [{"attributes": {"text": "<p><span class=\"caps\">CSS</span>/Style property manipulation module</p>"}, "type": "desc"}, {"attributes": {}, "type": "methods-static", "children": [{"attributes": {"access": "private", "line": 500, "isStatic": true, "name": "__getDisplayDefault"}, "type": "method", "children": [{"attributes": {}, "type": "params", "children": [{"attributes": {"name": "tagName"}, "type": "param", "children": [{"attributes": {"text": "<p>Tag name</p>"}, "type": "desc"}, {"attributes": {}, "type": "types", "children": [{"attributes": {"type": "String"}, "type": "entry"}]}]}, {"attributes": {"optional": true, "name": "doc"}, "type": "param", "children": [{"attributes": {"text": "<p>Document element. Default: The current document</p>"}, "type": "desc"}, {"attributes": {}, "type": "types", "children": [{"attributes": {"type": "Document"}, "type": "entry"}]}]}]}, {"attributes": {"text": "<p>Attempts tp determine the default &#8220;display&#8221; style value for\nelements with the given tag name.</p>"}, "type": "desc"}, {"attributes": {}, "type": "return", "children": [{"attributes": {"text": "<p>The default &#8220;display&#8221; value, e.g. <code>inline</code> or <code>block</code></p>"}, "type": "desc"}, {"attributes": {}, "type": "types", "children": [{"attributes": {"type": "String"}, "type": "entry"}]}]}]}, {"attributes": {"access": "private", "line": 526, "isStatic": true, "name": "__swap"}, "type": "method", "children": [{"attributes": {}, "type": "params", "children": [{"attributes": {"name": "element"}, "type": "param", "children": [{"attributes": {"text": "<p>the <span class=\"caps\">DOM</span> element to operate on</p>"}, "type": "desc"}, {"attributes": {}, "type": "types", "children": [{"attributes": {"type": "Element"}, "type": "entry"}]}]}, {"attributes": {"name": "styles"}, "type": "param", "children": [{"attributes": {"text": "<p>the styles to swap</p>"}, "type": "desc"}, {"attributes": {}, "type": "types", "children": [{"attributes": {"type": "Map"}, "type": "entry"}]}]}, {"attributes": {"name": "callback"}, "type": "param", "children": [{"attributes": {"text": "<p>the callback function</p>"}, "type": "desc"}, {"attributes": {}, "type": "types", "children": [{"attributes": {"type": "Function"}, "type": "entry"}]}]}, {"attributes": {"name": "context"}, "type": "param", "children": [{"attributes": {"text": "<p>the context in which the callback should be called</p>"}, "type": "desc"}, {"attributes": {}, "type": "types", "children": [{"attributes": {"type": "Object"}, "type": "entry"}]}]}]}, {"attributes": {"text": "<p>Swaps the given styles of the element and execute the callback\nbefore the original values are restored.</p>\n\n<p>Finally returns the return value of the callback.</p>"}, "type": "desc"}, {"attributes": {}, "type": "return", "children": [{"attributes": {"text": "<p>the return value of the callback</p>"}, "type": "desc"}, {"attributes": {}, "type": "types", "children": [{"attributes": {"type": "Object"}, "type": "entry"}]}]}]}, {"attributes": {"line": 105, "isStatic": true, "name": "addClass"}, "type": "method", "children": [{"attributes": {}, "type": "params", "children": [{"attributes": {"name": "name"}, "type": "param", "children": [{"attributes": {"text": "<p>Class name</p>"}, "type": "desc"}, {"attributes": {}, "type": "types", "children": [{"attributes": {"type": "String"}, "type": "entry"}]}]}]}, {"attributes": {"text": "<p>Adds a class name to each element in the collection</p>"}, "type": "desc"}, {"attributes": {"targetMethod": "", "targetClass": "qxWeb", "sourceMethod": "addClass", "sourceClass": "qx.module.Css"}, "type": "attach"}, {"attributes": {}, "type": "return", "children": [{"attributes": {"text": "<p>The collection for chaining</p>"}, "type": "desc"}, {"attributes": {}, "type": "types", "children": [{"attributes": {"type": "qxWeb"}, "type": "entry"}]}]}]}, {"attributes": {"line": 120, "isStatic": true, "name": "addClasses"}, "type": "method", "children": [{"attributes": {}, "type": "params", "children": [{"attributes": {"name": "names"}, "type": "param", "children": [{"attributes": {"text": "<p>List of class names to add</p>"}, "type": "desc"}, {"attributes": {}, "type": "types", "children": [{"attributes": {"type": "String", "dimensions": 1}, "type": "entry"}]}]}]}, {"attributes": {"text": "<p>Adds multiple class names to each element in the collection</p>"}, "type": "desc"}, {"attributes": {"targetMethod": "", "targetClass": "qxWeb", "sourceMethod": "addClasses", "sourceClass": "qx.module.Css"}, "type": "attach"}, {"attributes": {}, "type": "return", "children": [{"attributes": {"text": "<p>The collection for chaining</p>"}, "type": "desc"}, {"attributes": {}, "type": "types", "children": [{"attributes": {"type": "qxWeb"}, "type": "entry"}]}]}]}, {"attributes": {"line": 180, "isStatic": true, "name": "getClass"}, "type": "method", "children": [{"attributes": {"text": "<p>Returns the class name of the first element in the collection</p>"}, "type": "desc"}, {"attributes": {"targetMethod": "", "targetClass": "qxWeb", "sourceMethod": "getClass", "sourceClass": "qx.module.Css"}, "type": "attach"}, {"attributes": {}, "type": "return", "children": [{"attributes": {"text": "<p>Class name</p>"}, "type": "desc"}, {"attributes": {}, "type": "types", "children": [{"attributes": {"type": "String"}, "type": "entry"}]}]}]}, {"attributes": {"line": 346, "isStatic": true, "name": "getContentHeight"}, "type": "method", "children": [{"attributes": {}, "type": "params", "children": [{"attributes": {"defaultValue": "false", "optional": true, "name": "force"}, "type": "param", "children": [{"attributes": {"text": "<p>When true also get the content height of a <em>non displayed</em> element</p>"}, "type": "desc"}, {"attributes": {}, "type": "types", "children": [{"attributes": {"type": "Boolean"}, "type": "entry"}]}]}]}, {"attributes": {"text": "<p>Returns the content height of the first element in the collection.\nThis is the maximum height the element can use, excluding borders,\nmargins, padding or scroll bars.</p>"}, "type": "desc"}, {"attributes": {"targetMethod": "", "targetClass": "qxWeb", "sourceMethod": "getContentHeight", "sourceClass": "qx.module.Css"}, "type": "attach"}, {"attributes": {}, "type": "return", "children": [{"attributes": {"text": "<p>Computed content height</p>"}, "type": "desc"}, {"attributes": {}, "type": "types", "children": [{"attributes": {"type": "Number"}, "type": "entry"}]}]}]}, {"attributes": {"line": 378, "isStatic": true, "name": "getContentWidth"}, "type": "method", "children": [{"attributes": {}, "type": "params", "children": [{"attributes": {"defaultValue": "false", "optional": true, "name": "force"}, "type": "param", "children": [{"attributes": {"text": "<p>When true also get the content width of a <em>non displayed</em> element</p>"}, "type": "desc"}, {"attributes": {}, "type": "types", "children": [{"attributes": {"type": "Boolean"}, "type": "entry"}]}]}]}, {"attributes": {"text": "<p>Returns the content width of the first element in the collection.\nThis is the maximum width the element can use, excluding borders,\nmargins, padding or scroll bars.</p>"}, "type": "desc"}, {"attributes": {"targetMethod": "", "targetClass": "qxWeb", "sourceMethod": "getContentWidth", "sourceClass": "qx.module.Css"}, "type": "attach"}, {"attributes": {}, "type": "return", "children": [{"attributes": {"text": "<p>Computed content width</p>"}, "type": "desc"}, {"attributes": {}, "type": "types", "children": [{"attributes": {"type": "Number"}, "type": "entry"}]}]}]}, {"attributes": {"line": 243, "isStatic": true, "name": "getHeight"}, "type": "method", "children": [{"attributes": {}, "type": "params", "children": [{"attributes": {"defaultValue": "false", "optional": true, "name": "force"}, "type": "param", "children": [{"attributes": {"text": "<p>When true also get the height of a <em>non displayed</em> element</p>"}, "type": "desc"}, {"attributes": {}, "type": "types", "children": [{"attributes": {"type": "Boolean"}, "type": "entry"}]}]}]}, {"attributes": {"text": "<p>Returns the rendered height of the first element in the collection.</p>"}, "type": "desc"}, {"attributes": {"targetMethod": "", "targetClass": "qxWeb", "sourceMethod": "getHeight", "sourceClass": "qx.module.Css"}, "type": "attach"}, {"attributes": {}, "type": "return", "children": [{"attributes": {"text": "<p>The first item&#8217;s rendered height</p>"}, "type": "desc"}, {"attributes": {}, "type": "types", "children": [{"attributes": {"type": "Number"}, "type": "entry"}]}]}]}, {"attributes": {"line": 327, "isStatic": true, "name": "getOffset"}, "type": "method", "children": [{"attributes": {}, "type": "params", "children": [{"attributes": {"defaultValue": "box", "optional": true, "name": "mode"}, "type": "param", "children": [{"attributes": {"text": "<p>A supported option. See comment above.</p>"}, "type": "desc"}, {"attributes": {}, "type": "types", "children": [{"attributes": {"type": "String"}, "type": "entry"}]}]}]}, {"attributes": {"text": "<p>Returns the computed location of the given element in the context of the\ndocument dimensions.</p>\n\n<p>Supported modes:</p>\n\n<ul>\n<li><code>margin</code>: Calculate from the margin box of the element (bigger than the visual appearance: including margins of given element)</li>\n<li><code>box</code>: Calculates the offset box of the element (default, uses the same size as visible)</li>\n<li><code>border</code>: Calculate the border box (useful to align to border edges of two elements).</li>\n<li><code>scroll</code>: Calculate the scroll box (relevant for absolute positioned content).</li>\n<li><code>padding</code>: Calculate the padding box (relevant for static/relative positioned content).</li>\n</ul>"}, "type": "desc"}, {"attributes": {"targetMethod": "", "targetClass": "qxWeb", "sourceMethod": "getOffset", "sourceClass": "qx.module.Css"}, "type": "attach"}, {"attributes": {}, "type": "return", "children": [{"attributes": {"text": "<p>A map with the keys <code>left</code>, <code>top</code>, <code>right</code> and <code>bottom</code> which contains the distance of the element relative to the document.</p>"}, "type": "desc"}, {"attributes": {}, "type": "types", "children": [{"attributes": {"type": "Map"}, "type": "entry"}]}]}]}, {"attributes": {"line": 410, "isStatic": true, "name": "getPosition"}, "type": "method", "children": [{"attributes": {"text": "<p>Returns the distance between the first element in the collection and its\noffset parent</p>"}, "type": "desc"}, {"attributes": {"targetMethod": "", "targetClass": "qxWeb", "sourceMethod": "getPosition", "sourceClass": "qx.module.Css"}, "type": "attach"}, {"attributes": {}, "type": "return", "children": [{"attributes": {"text": "<p>a map with the keys <code>left</code> and <code>top</code> containing the distance between the elements</p>"}, "type": "desc"}, {"attributes": {}, "type": "types", "children": [{"attributes": {"type": "Map"}, "type": "entry"}]}]}]}, {"attributes": {"line": 55, "isStatic": true, "name": "getStyle"}, "type": "method", "children": [{"attributes": {}, "type": "params", "children": [{"attributes": {"name": "name"}, "type": "param", "children": [{"attributes": {"text": "<p>Style property name</p>"}, "type": "desc"}, {"attributes": {}, "type": "types", "children": [{"attributes": {"type": "String"}, "type": "entry"}]}]}]}, {"attributes": {"text": "<p>Returns the value of the given style property for the first item in the\ncollection.</p>"}, "type": "desc"}, {"attributes": {"targetMethod": "", "targetClass": "qxWeb", "sourceMethod": "getStyle", "sourceClass": "qx.module.Css"}, "type": "attach"}, {"attributes": {}, "type": "return", "children": [{"attributes": {"text": "<p>Style property value</p>"}, "type": "desc"}, {"attributes": {}, "type": "types", "children": [{"attributes": {"type": "var"}, "type": "entry"}]}]}]}, {"attributes": {"line": 89, "isStatic": true, "name": "getStyles"}, "type": "method", "children": [{"attributes": {}, "type": "params", "children": [{"attributes": {"name": "names"}, "type": "param", "children": [{"attributes": {"text": "<p>List of style property names</p>"}, "type": "desc"}, {"attributes": {}, "type": "types", "children": [{"attributes": {"type": "String", "dimensions": 1}, "type": "entry"}]}]}]}, {"attributes": {"text": "<p>Returns the values of multiple style properties for each item in the\ncollection</p>"}, "type": "desc"}, {"attributes": {"targetMethod": "", "targetClass": "qxWeb", "sourceMethod": "getStyles", "sourceClass": "qx.module.Css"}, "type": "attach"}, {"attributes": {}, "type": "return", "children": [{"attributes": {"text": "<p>Map of style property name/value pairs</p>"}, "type": "desc"}, {"attributes": {}, "type": "types", "children": [{"attributes": {"type": "Map"}, "type": "entry"}]}]}]}, {"attributes": {"line": 279, "isStatic": true, "name": "getWidth"}, "type": "method", "children": [{"attributes": {}, "type": "params", "children": [{"attributes": {"defaultValue": "false", "optional": true, "name": "force"}, "type": "param", "children": [{"attributes": {"text": "<p>When true also get the width of a <em>non displayed</em> element</p>"}, "type": "desc"}, {"attributes": {}, "type": "types", "children": [{"attributes": {"type": "Boolean"}, "type": "entry"}]}]}]}, {"attributes": {"text": "<p>Returns the rendered width of the first element in the collection</p>"}, "type": "desc"}, {"attributes": {"targetMethod": "", "targetClass": "qxWeb", "sourceMethod": "getWidth", "sourceClass": "qx.module.Css"}, "type": "attach"}, {"attributes": {}, "type": "return", "children": [{"attributes": {"text": "<p>The first item&#8217;s rendered width</p>"}, "type": "desc"}, {"attributes": {}, "type": "types", "children": [{"attributes": {"type": "Number"}, "type": "entry"}]}]}]}, {"attributes": {"line": 166, "isStatic": true, "name": "hasClass"}, "type": "method", "children": [{"attributes": {}, "type": "params", "children": [{"attributes": {"name": "name"}, "type": "param", "children": [{"attributes": {"text": "<p>Class name to check for</p>"}, "type": "desc"}, {"attributes": {}, "type": "types", "children": [{"attributes": {"type": "String"}, "type": "entry"}]}]}]}, {"attributes": {"text": "<p>Checks if the first element in the collection has the given class name</p>"}, "type": "desc"}, {"attributes": {"targetMethod": "", "targetClass": "qxWeb", "sourceMethod": "hasClass", "sourceClass": "qx.module.Css"}, "type": "attach"}, {"attributes": {}, "type": "return", "children": [{"attributes": {"text": "<code>true</code> if the first item has the given class name"}, "type": "desc"}, {"attributes": {}, "type": "types", "children": [{"attributes": {"type": "Boolean"}, "type": "entry"}]}]}]}, {"attributes": {"line": 441, "isStatic": true, "name": "hide"}, "type": "method", "children": [{"attributes": {"text": "<p>Hides all elements in the collection by setting their &#8220;display&#8221;\nstyle to &#8220;none&#8221;. The previous value is stored so it can be re-applied\nwhen {@link #show} is called.</p>"}, "type": "desc"}, {"attributes": {"targetMethod": "", "targetClass": "qxWeb", "sourceMethod": "hide", "sourceClass": "qx.module.Css"}, "type": "attach"}, {"attributes": {}, "type": "return", "children": [{"attributes": {"text": "<p>The collection for chaining</p>"}, "type": "desc"}, {"attributes": {}, "type": "types", "children": [{"attributes": {"type": "qxWeb"}, "type": "entry"}]}]}]}, {"attributes": {"line": 428, "isStatic": true, "name": "includeStylesheet"}, "type": "method", "children": [{"attributes": {}, "type": "params", "children": [{"attributes": {"name": "uri"}, "type": "param", "children": [{"attributes": {"text": "<p>The stylesheet&#8217;s <span class=\"caps\">URI</span></p>"}, "type": "desc"}, {"attributes": {}, "type": "types", "children": [{"attributes": {"type": "String"}, "type": "entry"}]}]}, {"attributes": {"optional": true, "name": "doc"}, "type": "param", "children": [{"attributes": {"text": "<p>Document to modify</p>"}, "type": "desc"}, {"attributes": {}, "type": "types", "children": [{"attributes": {"type": "Document"}, "type": "entry"}]}]}]}, {"attributes": {"text": "<p>Includes a Stylesheet file</p>"}, "type": "desc"}, {"attributes": {"targetMethod": "", "targetClass": "qxWeb", "sourceMethod": "includeStylesheet", "sourceClass": "qx.module.Css"}, "type": "attachStatic"}]}, {"attributes": {"line": 135, "isStatic": true, "name": "removeClass"}, "type": "method", "children": [{"attributes": {}, "type": "params", "children": [{"attributes": {"name": "name"}, "type": "param", "children": [{"attributes": {"text": "<p>The class name to remove</p>"}, "type": "desc"}, {"attributes": {}, "type": "types", "children": [{"attributes": {"type": "String"}, "type": "entry"}]}]}]}, {"attributes": {"text": "<p>Removes a class name from each element in the collection</p>"}, "type": "desc"}, {"attributes": {"targetMethod": "", "targetClass": "qxWeb", "sourceMethod": "removeClass", "sourceClass": "qx.module.Css"}, "type": "attach"}, {"attributes": {}, "type": "return", "children": [{"attributes": {"text": "<p>The collection for chaining</p>"}, "type": "desc"}, {"attributes": {}, "type": "types", "children": [{"attributes": {"type": "qxWeb"}, "type": "entry"}]}]}]}, {"attributes": {"line": 151, "isStatic": true, "name": "removeClasses"}, "type": "method", "children": [{"attributes": {}, "type": "params", "children": [{"attributes": {"name": "names"}, "type": "param", "children": [{"attributes": {"text": "<p>List of class names to remove</p>"}, "type": "desc"}, {"attributes": {}, "type": "types", "children": [{"attributes": {"type": "String", "dimensions": 1}, "type": "entry"}]}]}]}, {"attributes": {"text": "<p>Removes multiple class names from each element in the collection.\nUse {@link qx.module.Attribute#removeAttribute} to remove all classes.</p>"}, "type": "desc"}, {"attributes": {"targetMethod": "", "targetClass": "qxWeb", "sourceMethod": "removeClasses", "sourceClass": "qx.module.Css"}, "type": "attach"}, {"attributes": {}, "type": "return", "children": [{"attributes": {"text": "<p>The collection for chaining</p>"}, "type": "desc"}, {"attributes": {}, "type": "types", "children": [{"attributes": {"type": "qxWeb"}, "type": "entry"}]}]}]}, {"attributes": {"line": 229, "isStatic": true, "name": "replaceClass"}, "type": "method", "children": [{"attributes": {}, "type": "params", "children": [{"attributes": {"name": "oldName"}, "type": "param", "children": [{"attributes": {"text": "<p>Class name to remove</p>"}, "type": "desc"}, {"attributes": {}, "type": "types", "children": [{"attributes": {"type": "String"}, "type": "entry"}]}]}, {"attributes": {"name": "newName"}, "type": "param", "children": [{"attributes": {"text": "<p>Class name to add</p>"}, "type": "desc"}, {"attributes": {}, "type": "types", "children": [{"attributes": {"type": "String"}, "type": "entry"}]}]}]}, {"attributes": {"text": "<p>Replaces a class name on each element in the collection</p>"}, "type": "desc"}, {"attributes": {"targetMethod": "", "targetClass": "qxWeb", "sourceMethod": "replaceClass", "sourceClass": "qx.module.Css"}, "type": "attach"}, {"attributes": {}, "type": "return", "children": [{"attributes": {"text": "<p>The collection for chaining</p>"}, "type": "desc"}, {"attributes": {}, "type": "types", "children": [{"attributes": {"type": "qxWeb"}, "type": "entry"}]}]}]}, {"attributes": {"line": 36, "isStatic": true, "name": "setStyle"}, "type": "method", "children": [{"attributes": {}, "type": "params", "children": [{"attributes": {"name": "name"}, "type": "param", "children": [{"attributes": {"text": "<p>Name of the style property to modify</p>"}, "type": "desc"}, {"attributes": {}, "type": "types", "children": [{"attributes": {"type": "String"}, "type": "entry"}]}]}, {"attributes": {"name": "value"}, "type": "param", "children": [{"attributes": {"text": "<p>The value to apply</p>"}, "type": "desc"}, {"attributes": {}, "type": "types", "children": [{"attributes": {"type": "var"}, "type": "entry"}]}]}]}, {"attributes": {"text": "<p>Modifies the given style property on all elements in the collection.</p>"}, "type": "desc"}, {"attributes": {"targetMethod": "", "targetClass": "qxWeb", "sourceMethod": "setStyle", "sourceClass": "qx.module.Css"}, "type": "attach"}, {"attributes": {}, "type": "return", "children": [{"attributes": {"text": "<p>The collection for chaining</p>"}, "type": "desc"}, {"attributes": {}, "type": "types", "children": [{"attributes": {"type": "qxWeb"}, "type": "entry"}]}]}]}, {"attributes": {"line": 73, "isStatic": true, "name": "setStyles"}, "type": "method", "children": [{"attributes": {}, "type": "params", "children": [{"attributes": {"name": "styles"}, "type": "param", "children": [{"attributes": {"text": "<p>A map of style property name/value pairs</p>"}, "type": "desc"}, {"attributes": {}, "type": "types", "children": [{"attributes": {"type": "Map"}, "type": "entry"}]}]}]}, {"attributes": {"text": "<p>Sets multiple style properties for each item in the collection.</p>"}, "type": "desc"}, {"attributes": {"targetMethod": "", "targetClass": "qxWeb", "sourceMethod": "setStyles", "sourceClass": "qx.module.Css"}, "type": "attach"}, {"attributes": {}, "type": "return", "children": [{"attributes": {"text": "<p>The collection for chaining</p>"}, "type": "desc"}, {"attributes": {}, "type": "types", "children": [{"attributes": {"type": "qxWeb"}, "type": "entry"}]}]}]}, {"attributes": {"line": 463, "isStatic": true, "name": "show"}, "type": "method", "children": [{"attributes": {"text": "<p>Shows any elements with &#8220;display: none&#8221; in the collection. If an element\nwas hidden by using the {@link #hide} method, its previous\n&#8220;display&#8221; style value will be re-applied. Otherwise, the\ndefault &#8220;display&#8221; value for the element type will be applied.</p>"}, "type": "desc"}, {"attributes": {"targetMethod": "", "targetClass": "qxWeb", "sourceMethod": "show", "sourceClass": "qx.module.Css"}, "type": "attach"}, {"attributes": {}, "type": "return", "children": [{"attributes": {"text": "<p>The collection for chaining</p>"}, "type": "desc"}, {"attributes": {}, "type": "types", "children": [{"attributes": {"type": "qxWeb"}, "type": "entry"}]}]}]}, {"attributes": {"line": 195, "isStatic": true, "name": "toggleClass"}, "type": "method", "children": [{"attributes": {}, "type": "params", "children": [{"attributes": {"name": "name"}, "type": "param", "children": [{"attributes": {"text": "<p>Class name</p>"}, "type": "desc"}, {"attributes": {}, "type": "types", "children": [{"attributes": {"type": "String"}, "type": "entry"}]}]}]}, {"attributes": {"text": "<p>Toggles the given class name on each item in the collection</p>"}, "type": "desc"}, {"attributes": {"targetMethod": "", "targetClass": "qxWeb", "sourceMethod": "toggleClass", "sourceClass": "qx.module.Css"}, "type": "attach"}, {"attributes": {}, "type": "return", "children": [{"attributes": {"text": "<p>The collection for chaining</p>"}, "type": "desc"}, {"attributes": {}, "type": "types", "children": [{"attributes": {"type": "qxWeb"}, "type": "entry"}]}]}]}, {"attributes": {"line": 213, "isStatic": true, "name": "toggleClasses"}, "type": "method", "children": [{"attributes": {}, "type": "params", "children": [{"attributes": {"name": "names"}, "type": "param", "children": [{"attributes": {"text": "<p>Class names</p>"}, "type": "desc"}, {"attributes": {}, "type": "types", "children": [{"attributes": {"type": "String", "dimensions": 1}, "type": "entry"}]}]}]}, {"attributes": {"text": "<p>Toggles the given list of class names on each item in the collection</p>"}, "type": "desc"}, {"attributes": {"targetMethod": "", "targetClass": "qxWeb", "sourceMethod": "toggleClasses", "sourceClass": "qx.module.Css"}, "type": "attach"}, {"attributes": {}, "type": "return", "children": [{"attributes": {"text": "<p>The collection for chaining</p>"}, "type": "desc"}, {"attributes": {}, "type": "types", "children": [{"attributes": {"type": "qxWeb"}, "type": "entry"}]}]}]}]}, {"attributes": {}, "type": "constants", "children": [{"attributes": {"access": "private", "name": "__displayDefaults"}, "type": "constant", "children": [{"attributes": {"text": "<p>Maps <span class=\"caps\">HTML</span> elements to their default &#8220;display&#8221; style values.</p>"}, "type": "desc"}]}]}]}