{"attributes": {"isStatic": true, "group": "Utilities", "name": "String", "packageName": "qx.module.util", "fullName": "qx.module.util.String", "type": "bootstrap"}, "type": "class", "children": [{"attributes": {"text": "<p>Utility module to give some support to work with strings.</p>\n\n<p><strong>Info:</strong> The</p>\n\n<pre class=\"javascript\">trim</pre>\n\n<p>method is available as <a href=\"#String\">Polyfill</a>.</p>"}, "type": "desc"}, {"attributes": {}, "type": "methods-static", "children": [{"attributes": {"line": 38, "isStatic": true, "name": "camelCase"}, "type": "method", "children": [{"attributes": {}, "type": "params", "children": [{"attributes": {"name": "str"}, "type": "param", "children": [{"attributes": {"text": "<p>hyphenated string</p>"}, "type": "desc"}, {"attributes": {}, "type": "types", "children": [{"attributes": {"type": "String"}, "type": "entry"}]}]}]}, {"attributes": {"text": "<p>Converts a hyphenated string (separated by &#8217;-&#8217;) to camel case.</p>\n\n<p>Example:</p>\n\n<pre class=\"javascript\">q.string.camelCase(\"I-like-cookies\"); //returns \"ILikeCookies\"</pre>"}, "type": "desc"}, {"attributes": {"targetMethod": "string.camelCase", "targetClass": "qxWeb", "sourceMethod": "camelCase", "sourceClass": "qx.module.util.String"}, "type": "attachStatic"}, {"attributes": {}, "type": "return", "children": [{"attributes": {"text": "<p>camelcase string</p>"}, "type": "desc"}, {"attributes": {}, "type": "types", "children": [{"attributes": {"type": "String"}, "type": "entry"}]}]}]}, {"attributes": {"line": 1, "isStatic": true, "name": "endsWith"}, "type": "method", "children": [{"attributes": {}, "type": "params", "children": [{"attributes": {"name": "fullstr"}, "type": "param", "children": [{"attributes": {"text": "<p>the string to search in</p>"}, "type": "desc"}, {"attributes": {}, "type": "types", "children": [{"attributes": {"type": "String"}, "type": "entry"}]}]}, {"attributes": {"name": "substr"}, "type": "param", "children": [{"attributes": {"text": "<p>the substring to look for</p>"}, "type": "desc"}, {"attributes": {}, "type": "types", "children": [{"attributes": {"type": "String"}, "type": "entry"}]}]}]}, {"attributes": {"text": "<p>Check whether the string ends with the given substring.</p>"}, "type": "desc"}, {"attributes": {"targetMethod": "string.endsWith", "targetClass": "qxWeb", "sourceMethod": "endsWith", "sourceClass": "qx.module.util.String"}, "type": "attachStatic"}, {"attributes": {}, "type": "return", "children": [{"attributes": {"text": "<p>whether the string ends with the given substring</p>"}, "type": "desc"}, {"attributes": {}, "type": "types", "children": [{"attributes": {"type": "Boolean"}, "type": "entry"}]}]}]}, {"attributes": {"line": 1, "isStatic": true, "name": "escapeHtml"}, "type": "method", "children": [{"attributes": {}, "type": "params", "children": [{"attributes": {"name": "str"}, "type": "param", "children": [{"attributes": {"text": "<p>the String to escape</p>"}, "type": "desc"}, {"attributes": {}, "type": "types", "children": [{"attributes": {"type": "String"}, "type": "entry"}]}]}]}, {"attributes": {"text": "<p>Escapes the characters in a <code>String</code> using <span class=\"caps\">HTML</span> entities.</p>\n\n<p>For example: <tt>&#8220;bread&#8221; &amp; &#8220;butter&#8221;</tt> => <tt>&amp;quot;bread&amp;quot; &amp;amp; &amp;quot;butter&amp;quot;</tt>.\nSupports all known <span class=\"caps\">HTML</span> 4.0 entities, including funky accents.</p>"}, "type": "desc"}, {"attributes": {"targetMethod": "string.escapeHtml", "targetClass": "qxWeb", "sourceMethod": "escapeHtml", "sourceClass": "qx.module.util.String"}, "type": "attachStatic"}, {"attributes": {}, "type": "return", "children": [{"attributes": {"text": "<p>a new escaped String</p>"}, "type": "desc"}, {"attributes": {}, "type": "types", "children": [{"attributes": {"type": "String"}, "type": "entry"}]}]}]}, {"attributes": {"line": 1, "isStatic": true, "name": "escapeRegexpChars"}, "type": "method", "children": [{"attributes": {}, "type": "params", "children": [{"attributes": {"name": "str"}, "type": "param", "children": [{"attributes": {"text": "<p>the string where to escape the chars.</p>"}, "type": "desc"}, {"attributes": {}, "type": "types", "children": [{"attributes": {"type": "String"}, "type": "entry"}]}]}]}, {"attributes": {"text": "<p>Escapes all chars that have a special meaning in regular expressions.</p>"}, "type": "desc"}, {"attributes": {"targetMethod": "string.escapeRegexpChars", "targetClass": "qxWeb", "sourceMethod": "escapeRegexpChars", "sourceClass": "qx.module.util.String"}, "type": "attachStatic"}, {"attributes": {}, "type": "return", "children": [{"attributes": {"text": "<p>the string with the escaped chars.</p>"}, "type": "desc"}, {"attributes": {}, "type": "types", "children": [{"attributes": {"type": "String"}, "type": "entry"}]}]}]}, {"attributes": {"line": 1, "isStatic": true, "name": "firstLow"}, "type": "method", "children": [{"attributes": {}, "type": "params", "children": [{"attributes": {"name": "str"}, "type": "param", "children": [{"attributes": {"text": "<p>the string</p>"}, "type": "desc"}, {"attributes": {}, "type": "types", "children": [{"attributes": {"type": "String"}, "type": "entry"}]}]}]}, {"attributes": {"text": "<p>Convert the first character of the string to lower case.</p>"}, "type": "desc"}, {"attributes": {"targetMethod": "string.firstLow", "targetClass": "qxWeb", "sourceMethod": "firstLow", "sourceClass": "qx.module.util.String"}, "type": "attachStatic"}, {"attributes": {}, "type": "return", "children": [{"attributes": {"text": "<p>the string with a lower case first character</p>"}, "type": "desc"}, {"attributes": {}, "type": "types", "children": [{"attributes": {"type": "String"}, "type": "entry"}]}]}]}, {"attributes": {"line": 1, "isStatic": true, "name": "firstUp"}, "type": "method", "children": [{"attributes": {}, "type": "params", "children": [{"attributes": {"name": "str"}, "type": "param", "children": [{"attributes": {"text": "<p>the string</p>"}, "type": "desc"}, {"attributes": {}, "type": "types", "children": [{"attributes": {"type": "String"}, "type": "entry"}]}]}]}, {"attributes": {"text": "<p>Convert the first character of the string to upper case.</p>"}, "type": "desc"}, {"attributes": {"targetMethod": "string.firstUp", "targetClass": "qxWeb", "sourceMethod": "firstUp", "sourceClass": "qx.module.util.String"}, "type": "attachStatic"}, {"attributes": {}, "type": "return", "children": [{"attributes": {"text": "<p>the string with an upper case first character</p>"}, "type": "desc"}, {"attributes": {}, "type": "types", "children": [{"attributes": {"type": "String"}, "type": "entry"}]}]}]}, {"attributes": {"line": 53, "isStatic": true, "name": "hyphenate"}, "type": "method", "children": [{"attributes": {}, "type": "params", "children": [{"attributes": {"name": "str"}, "type": "param", "children": [{"attributes": {"text": "<p>camelcased string</p>"}, "type": "desc"}, {"attributes": {}, "type": "types", "children": [{"attributes": {"type": "String"}, "type": "entry"}]}]}]}, {"attributes": {"text": "<p>Converts a camelcased string to a hyphenated (separated by &#8217;-&#8217;) string.</p>\n\n<p>Example:</p>\n\n<pre class=\"javascript\">q.string.hyphenate(\"weLikeCookies\"); //returns \"we-like-cookies\"</pre>"}, "type": "desc"}, {"attributes": {"targetMethod": "string.hyphenate", "targetClass": "qxWeb", "sourceMethod": "hyphenate", "sourceClass": "qx.module.util.String"}, "type": "attachStatic"}, {"attributes": {}, "type": "return", "children": [{"attributes": {"text": "<p>hyphenated string</p>"}, "type": "desc"}, {"attributes": {}, "type": "types", "children": [{"attributes": {"type": "String"}, "type": "entry"}]}]}]}, {"attributes": {"line": 1, "isStatic": true, "name": "startsWith"}, "type": "method", "children": [{"attributes": {}, "type": "params", "children": [{"attributes": {"name": "fullstr"}, "type": "param", "children": [{"attributes": {"text": "<p>the string to search in</p>"}, "type": "desc"}, {"attributes": {}, "type": "types", "children": [{"attributes": {"type": "String"}, "type": "entry"}]}]}, {"attributes": {"name": "substr"}, "type": "param", "children": [{"attributes": {"text": "<p>the substring to look for</p>"}, "type": "desc"}, {"attributes": {}, "type": "types", "children": [{"attributes": {"type": "String"}, "type": "entry"}]}]}]}, {"attributes": {"text": "<p>Check whether the string starts with the given substring.</p>"}, "type": "desc"}, {"attributes": {"targetMethod": "string.startsWith", "targetClass": "qxWeb", "sourceMethod": "startsWith", "sourceClass": "qx.module.util.String"}, "type": "attachStatic"}, {"attributes": {}, "type": "return", "children": [{"attributes": {"text": "<p>whether the string starts with the given substring</p>"}, "type": "desc"}, {"attributes": {}, "type": "types", "children": [{"attributes": {"type": "Boolean"}, "type": "entry"}]}]}]}]}]}