{"attributes": {"fullName": "qx.module.Messaging", "packageName": "qx.module", "isStatic": true, "type": "bootstrap", "name": "Messaging"}, "type": "class", "children": [{"attributes": {"text": "<p>Define messages to react on certain channels.</p>\n\n<p>The channel names will be used in the q.messaging.on method to define handlers which will\nbe called on certain channels and routes. The q.messaging.emit method can be used\nto execute a given route on a channel. q.messaging.onAny defines a handler on any channel.</p>"}, "type": "desc"}, {"attributes": {}, "type": "methods-static", "children": [{"attributes": {"line": 1, "isStatic": true, "name": "emit"}, "type": "method", "children": [{"attributes": {}, "type": "params", "children": [{"attributes": {"name": "channel"}, "type": "param", "children": [{"attributes": {"text": "<p>The channel of the message.</p>"}, "type": "desc"}, {"attributes": {}, "type": "types", "children": [{"attributes": {"type": "String"}, "type": "entry"}]}]}, {"attributes": {"name": "path"}, "type": "param", "children": [{"attributes": {"text": "<p>The path to execute</p>"}, "type": "desc"}, {"attributes": {}, "type": "types", "children": [{"attributes": {"type": "String"}, "type": "entry"}]}]}, {"attributes": {"name": "params"}, "type": "param", "children": [{"attributes": {"text": "<p>The given parameters that should be propagated</p>"}, "type": "desc"}, {"attributes": {}, "type": "types", "children": [{"attributes": {"type": "Map"}, "type": "entry"}]}]}, {"attributes": {"name": "customData"}, "type": "param", "children": [{"attributes": {"text": "<p>The given custom data that should be propagated</p>"}, "type": "desc"}, {"attributes": {}, "type": "types", "children": [{"attributes": {"type": "var"}, "type": "entry"}]}]}]}, {"attributes": {"text": "<p>Sends a message on the given channel and informs all matching route handlers.</p>"}, "type": "desc"}, {"attributes": {"targetMethod": "messaging.emit", "targetClass": "qxWeb", "sourceMethod": "emit", "sourceClass": "qx.module.Messaging"}, "type": "attachStatic"}]}, {"attributes": {"line": 1, "isStatic": true, "name": "on"}, "type": "method", "children": [{"attributes": {}, "type": "params", "children": [{"attributes": {"name": "channel"}, "type": "param", "children": [{"attributes": {"text": "<p>The channel of the message.</p>"}, "type": "desc"}, {"attributes": {}, "type": "types", "children": [{"attributes": {"type": "String"}, "type": "entry"}]}]}, {"attributes": {"name": "type"}, "type": "param", "children": [{"attributes": {"text": "<p>The type, used for checking if the executed path matches.</p>"}, "type": "desc"}, {"attributes": {}, "type": "types", "children": [{"attributes": {"type": "String"}, "type": "entry"}, {"attributes": {"type": "RegExp"}, "type": "entry"}]}]}, {"attributes": {"name": "handler"}, "type": "param", "children": [{"attributes": {"text": "<p>The handler to call if the route matches the executed path.</p>"}, "type": "desc"}, {"attributes": {}, "type": "types", "children": [{"attributes": {"type": "Function"}, "type": "entry"}]}]}, {"attributes": {"defaultValue": "null", "optional": true, "name": "scope"}, "type": "param", "children": [{"attributes": {"text": "<p>The scope of the handler.</p>"}, "type": "desc"}, {"attributes": {}, "type": "types", "children": [{"attributes": {"type": "var"}, "type": "entry"}]}]}]}, {"attributes": {"text": "<p>Adds a route handler for the given channel. The route is called\nif the {@link #emit} method finds a match.</p>"}, "type": "desc"}, {"attributes": {"targetMethod": "messaging.on", "targetClass": "qxWeb", "sourceMethod": "on", "sourceClass": "qx.module.Messaging"}, "type": "attachStatic"}, {"attributes": {}, "type": "return", "children": [{"attributes": {"text": "<p>The id of the route used to remove the route.</p>"}, "type": "desc"}, {"attributes": {}, "type": "types", "children": [{"attributes": {"type": "String"}, "type": "entry"}]}]}]}, {"attributes": {"line": 1, "isStatic": true, "name": "onAny"}, "type": "method", "children": [{"attributes": {}, "type": "params", "children": [{"attributes": {"name": "type"}, "type": "param", "children": [{"attributes": {"text": "<p>The route, used for checking if the executed path matches</p>"}, "type": "desc"}, {"attributes": {}, "type": "types", "children": [{"attributes": {"type": "String"}, "type": "entry"}, {"attributes": {"type": "RegExp"}, "type": "entry"}]}]}, {"attributes": {"name": "handler"}, "type": "param", "children": [{"attributes": {"text": "<p>The handler to call if the route matches the executed path</p>"}, "type": "desc"}, {"attributes": {}, "type": "types", "children": [{"attributes": {"type": "Function"}, "type": "entry"}]}]}, {"attributes": {"defaultValue": "null", "optional": true, "name": "scope"}, "type": "param", "children": [{"attributes": {"text": "<p>The scope of the handler.</p>"}, "type": "desc"}, {"attributes": {}, "type": "types", "children": [{"attributes": {"type": "var"}, "type": "entry"}]}]}]}, {"attributes": {"text": "<p>Adds a handler for the &#8220;any&#8221; channel. The &#8220;any&#8221; channel is called\nbefore all other channels.</p>"}, "type": "desc"}, {"attributes": {"targetMethod": "messaging.onAny", "targetClass": "qxWeb", "sourceMethod": "onAny", "sourceClass": "qx.module.Messaging"}, "type": "attachStatic"}, {"attributes": {}, "type": "return", "children": [{"attributes": {"text": "<p>The id of the route used to remove the route.</p>"}, "type": "desc"}, {"attributes": {}, "type": "types", "children": [{"attributes": {"type": "String"}, "type": "entry"}]}]}]}, {"attributes": {"line": 1, "isStatic": true, "name": "remove"}, "type": "method", "children": [{"attributes": {}, "type": "params", "children": [{"attributes": {"name": "id"}, "type": "param", "children": [{"attributes": {"text": "<p>The id of the registered listener.</p>"}, "type": "desc"}, {"attributes": {}, "type": "types", "children": [{"attributes": {"type": "String"}, "type": "entry"}]}]}]}, {"attributes": {"text": "<p>Removes a registered listener by the given id.</p>"}, "type": "desc"}, {"attributes": {"targetMethod": "messaging.remove", "targetClass": "qxWeb", "sourceMethod": "remove", "sourceClass": "qx.module.Messaging"}, "type": "attachStatic"}]}]}]}