{"attributes": {"isStatic": true, "group": "Event_Normalization", "name": "Track", "packageName": "qx.module.event", "fullName": "qx.module.event.Track", "type": "bootstrap"}, "type": "class", "children": [{"attributes": {"text": "<p>Normalization for the track gesture. This gesture is based on <a href=\"#Pointer\">Pointer events</a>,\nmeaning that it&#8217;s available on all devices, no matter which input device type is used (e.g. mouse or\ntouchscreen).</p>"}, "type": "desc"}, {"attributes": {}, "type": "methods-static", "children": [{"attributes": {"line": 48, "isStatic": true, "name": "getDelta"}, "type": "method", "children": [{"attributes": {"text": "<p>Returns a map with the calculated delta coordinates and axis,\nrelative to the position on <code>trackstart</code> event.</p>"}, "type": "desc"}, {"attributes": {}, "type": "return", "children": [{"attributes": {"text": "<p>a map with contains the delta as <code>x</code> and <code>y</code> and the movement axis as <code>axis</code>.</p>"}, "type": "desc"}, {"attributes": {}, "type": "types", "children": [{"attributes": {"type": "Map"}, "type": "entry"}]}]}]}, {"attributes": {"access": "internal", "isInternal": true, "line": 62, "isStatic": true, "name": "normalize"}, "type": "method", "children": [{"attributes": {}, "type": "params", "children": [{"attributes": {"name": "event"}, "type": "param", "children": [{"attributes": {"text": "<p>Native event object</p>"}, "type": "desc"}, {"attributes": {}, "type": "types", "children": [{"attributes": {"type": "Event"}, "type": "entry"}]}]}, {"attributes": {"name": "element"}, "type": "param", "children": [{"attributes": {"text": "<p><span class=\"caps\">DOM</span> element the listener was attached to</p>"}, "type": "desc"}, {"attributes": {}, "type": "types", "children": [{"attributes": {"type": "Element"}, "type": "entry"}]}]}]}, {"attributes": {"text": "<p>Manipulates the native event object, adding methods if they&#8217;re not\nalready present</p>"}, "type": "desc"}, {"attributes": {}, "type": "return", "children": [{"attributes": {"text": "<p>Normalized event object</p>"}, "type": "desc"}, {"attributes": {}, "type": "types", "children": [{"attributes": {"type": "Event"}, "type": "entry"}]}]}]}]}, {"attributes": {}, "type": "constants", "children": [{"attributes": {"type": "Array", "name": "BIND_METHODS", "value": "[\"getDelta\"]"}, "type": "constant"}, {"attributes": {"type": "Array", "name": "TYPES", "value": "[\"track\"]"}, "type": "constant", "children": [{"attributes": {"text": "<p>List of event types to be normalized</p>"}, "type": "desc"}]}]}]}