{"attributes": {"isStatic": true, "group": "Event_Normalization", "name": "Touch", "packageName": "qx.module.event", "fullName": "qx.module.event.Touch", "type": "bootstrap"}, "type": "class", "children": [{"attributes": {"text": "<p>Normalization for touch events. For cross-device applications that\nsupport both mouse and touchscreen interaction, consider using\n<a href=\"#Pointer\">Pointer</a> and/or Gesture events (e.g. <a href=\"Tap\"></a>).</p>"}, "type": "desc"}, {"attributes": {}, "type": "methods-static", "children": [{"attributes": {"access": "internal", "isInternal": true, "line": 47, "isStatic": true, "name": "normalize"}, "type": "method", "children": [{"attributes": {}, "type": "params", "children": [{"attributes": {"name": "event"}, "type": "param", "children": [{"attributes": {"text": "<p>Native event object</p>"}, "type": "desc"}, {"attributes": {}, "type": "types", "children": [{"attributes": {"type": "Event"}, "type": "entry"}]}]}, {"attributes": {"name": "element"}, "type": "param", "children": [{"attributes": {"text": "<p><span class=\"caps\">DOM</span> element the listener was attached to</p>"}, "type": "desc"}, {"attributes": {}, "type": "types", "children": [{"attributes": {"type": "Element"}, "type": "entry"}]}]}, {"attributes": {"name": "type"}, "type": "param", "children": [{"attributes": {"text": "<p>Event type</p>"}, "type": "desc"}, {"attributes": {}, "type": "types", "children": [{"attributes": {"type": "String"}, "type": "entry"}]}]}]}, {"attributes": {"text": "<p>Manipulates the native event object, adding methods if they&#8217;re not\nalready present</p>"}, "type": "desc"}, {"attributes": {}, "type": "return", "children": [{"attributes": {"text": "<p>Normalized event object</p>"}, "type": "desc"}, {"attributes": {}, "type": "types", "children": [{"attributes": {"type": "Event"}, "type": "entry"}]}]}]}]}, {"attributes": {}, "type": "constants", "children": [{"attributes": {"type": "Array", "name": "TYPES", "value": "[\"tap\",\"longtap\",\"swipe\",\"dbltap\"]"}, "type": "constant", "children": [{"attributes": {"text": "<p>List of event types to be normalized</p>"}, "type": "desc"}]}]}]}