{"attributes": {"isStatic": true, "group": "Utilities", "name": "Function", "packageName": "qx.module.util", "fullName": "qx.module.util.Function", "type": "bootstrap"}, "type": "class", "children": [{"attributes": {"text": "<p>Utility module to give some support to work with functions.</p>"}, "type": "desc"}, {"attributes": {}, "type": "methods-static", "children": [{"attributes": {"line": 56, "isStatic": true, "name": "debounce"}, "type": "method", "children": [{"attributes": {}, "type": "params", "children": [{"attributes": {"name": "callback"}, "type": "param", "children": [{"attributes": {"text": "<p>the callback which should be executed after the given delay if the wrapper method is <strong>not</strong> called during this delay.</p>"}, "type": "desc"}, {"attributes": {}, "type": "types", "children": [{"attributes": {"type": "Function"}, "type": "entry"}]}]}, {"attributes": {"name": "delay"}, "type": "param", "children": [{"attributes": {"text": "<p>Delay in milliseconds</p>"}, "type": "desc"}, {"attributes": {}, "type": "types", "children": [{"attributes": {"type": "Number"}, "type": "entry"}]}]}, {"attributes": {"name": "immediate"}, "type": "param", "children": [{"attributes": {"text": "<p>whether to run the callback at the beginning and then debounce</p>"}, "type": "desc"}, {"attributes": {}, "type": "types", "children": [{"attributes": {"type": "Boolean"}, "type": "entry"}]}]}]}, {"attributes": {"text": "<p>Returns a debounced version of the given callback. The execution of the callback\nis delayed by the given delay and after no events were triggered anymore.\nThis mechanism is very useful for event handling: only after a specified delay\nthe event should be handled (e.g. at keyboard input by the user) to prevent flooding\nthe handler with a large amounts of events.</p>"}, "type": "desc"}, {"attributes": {"targetMethod": "func.debounce", "targetClass": "qxWeb", "sourceMethod": "debounce", "sourceClass": "qx.module.util.Function"}, "type": "attachStatic"}, {"attributes": {}, "type": "return", "children": [{"attributes": {"text": "<p>a wrapper function which <em>shields</em> the given callback function</p>"}, "type": "desc"}, {"attributes": {}, "type": "types", "children": [{"attributes": {"type": "Function"}, "type": "entry"}]}]}]}, {"attributes": {"line": 123, "isStatic": true, "name": "throttle"}, "type": "method", "children": [{"attributes": {}, "type": "params", "children": [{"attributes": {"name": "callback"}, "type": "param", "children": [{"attributes": {"text": "<p>the callback which should be executed in the given interval</p>"}, "type": "desc"}, {"attributes": {}, "type": "types", "children": [{"attributes": {"type": "Function"}, "type": "entry"}]}]}, {"attributes": {"name": "interval"}, "type": "param", "children": [{"attributes": {"text": "<p>Interval in milliseconds</p>"}, "type": "desc"}, {"attributes": {}, "type": "types", "children": [{"attributes": {"type": "Number"}, "type": "entry"}]}]}, {"attributes": {"name": "options"}, "type": "param", "children": [{"attributes": {"text": "<p>the keys are <code>leading</code> and <code>trailing</code> to control the executing of the callback precisely. Default values are <code>true</code> for both options.</p>"}, "type": "desc"}, {"attributes": {}, "type": "types", "children": [{"attributes": {"type": "Map"}, "type": "entry"}]}]}]}, {"attributes": {"text": "<p>Returns a throttled version of the given callback. The execution of the callback\nis throttled which means it is only executed in the given interval.\nThis mechanism is very useful for event handling: only in specified intervals\nthe event should be handled (e.g. at resize of the browser window) to prevent flooding\nthe handler with a large amounts of events.\nAs default the <code>leading</code> and <code>trailing</code> calls are executed.</p>"}, "type": "desc"}, {"attributes": {"targetMethod": "func.throttle", "targetClass": "qxWeb", "sourceMethod": "throttle", "sourceClass": "qx.module.util.Function"}, "type": "attachStatic"}, {"attributes": {}, "type": "return", "children": [{"attributes": {"text": "<p>a wrapper function which <em>shields</em> the given callback function</p>"}, "type": "desc"}, {"attributes": {}, "type": "types", "children": [{"attributes": {"type": "Function"}, "type": "entry"}]}]}]}]}]}