{"attributes": {"fullName": "qx.theme.simple.Image", "packageName": "qx.theme.simple", "type": "class", "name": "Image", "superClass": "qx.core.Object"}, "type": "class", "children": [{"attributes": {"text": "<p>Mapping class for all images used in the simple theme.</p>"}, "type": "desc"}, {"attributes": {}, "type": "constants", "children": [{"attributes": {"access": "internal", "isInternal": true, "name": "URLS"}, "type": "constant", "children": [{"attributes": {"text": "<p>Holds a map containig all the <span class=\"caps\">URL</span> to the images.</p>"}, "type": "desc"}]}]}]}