{"attributes": {"name": "Meta", "packageName": "qx.theme.manager", "superClass": "qx.core.Object", "isSingleton": true, "fullName": "qx.theme.manager.Meta", "type": "class"}, "type": "class", "children": [{"attributes": {"text": "<p>Manager for meta themes</p>"}, "type": "desc"}, {"attributes": {}, "type": "methods", "children": [{"attributes": {"access": "protected", "line": 48, "name": "_applyTheme"}, "type": "method", "children": [{"attributes": {}, "type": "params", "children": [{"attributes": {"name": "value"}, "type": "param", "children": [{"attributes": {"text": "<p>new value of the property</p>"}, "type": "desc"}, {"attributes": {}, "type": "types", "children": [{"attributes": {"type": "Theme"}, "type": "entry"}]}]}, {"attributes": {"name": "old"}, "type": "param", "children": [{"attributes": {"text": "<p>previous value of the property (null if it was not yet set).</p>"}, "type": "desc"}, {"attributes": {}, "type": "types", "children": [{"attributes": {"type": "Theme"}, "type": "entry"}]}]}]}, {"attributes": {}, "type": "apply", "children": [{"attributes": {"applies": "qx.theme.manager.Meta#theme"}, "type": "entry"}]}, {"attributes": {"text": "<p>Applies changes of the property value of the property <code>theme</code>.</p>\n\n<p>For further details take a look at the property definition: {@link #theme}.</p>"}, "type": "desc"}]}, {"attributes": {"name": "getTheme", "fromProperty": "theme"}, "type": "method", "children": [{"attributes": {"text": "<p>Returns the (computed) value of the property <code>theme</code>.</p>\n\n<p>For further details take a look at the property definition: {@link #theme}.</p>"}, "type": "desc"}, {"attributes": {}, "type": "return", "children": [{"attributes": {"text": "<p>(Computed) value of <code>theme</code>.</p>"}, "type": "desc"}, {"attributes": {}, "type": "types", "children": [{"attributes": {"type": "var"}, "type": "entry"}]}]}]}, {"attributes": {"line": 83, "name": "initialize"}, "type": "method", "children": [{"attributes": {"text": "<p>Initialize the themes which were selected using the settings. Should only\nbe called from qooxdoo based application.</p>"}, "type": "desc"}]}, {"attributes": {"access": "protected", "name": "initTheme", "fromProperty": "theme"}, "type": "method", "children": [{"attributes": {}, "type": "params", "children": [{"attributes": {"name": "value"}, "type": "param", "children": [{"attributes": {"text": "<p>Initial value for property <code>theme</code>.</p>"}, "type": "desc"}, {"attributes": {}, "type": "types", "children": [{"attributes": {"type": "var"}, "type": "entry"}]}]}]}, {"attributes": {"text": "<p>Calls the apply method and dispatches the change event of the property <code>theme</code>\nwith the default value defined by the class developer. This function can\nonly be called from the constructor of a class.</p>\n\n<p>For further details take a look at the property definition: {@link #theme}.</p>"}, "type": "desc"}, {"attributes": {}, "type": "return", "children": [{"attributes": {"text": "<p>the default value</p>"}, "type": "desc"}, {"attributes": {}, "type": "types", "children": [{"attributes": {"type": "var"}, "type": "entry"}]}]}]}, {"attributes": {"name": "resetTheme", "fromProperty": "theme"}, "type": "method", "children": [{"attributes": {"text": "<p>Resets the user value of the property <code>theme</code>.</p>\n\n<p>The computed value falls back to the next available value e.g. appearance, init or\ninheritance value depeneding on the property configuration and value availability.</p>\n\n<p>For further details take a look at the property definition: {@link #theme}.</p>"}, "type": "desc"}]}, {"attributes": {"name": "setTheme", "fromProperty": "theme"}, "type": "method", "children": [{"attributes": {}, "type": "params", "children": [{"attributes": {"name": "value"}, "type": "param", "children": [{"attributes": {"text": "<p>New value for property <code>theme</code>.</p>"}, "type": "desc"}, {"attributes": {}, "type": "types", "children": [{"attributes": {"type": "var"}, "type": "entry"}]}]}]}, {"attributes": {"text": "<p>Sets the user value of the property <code>theme</code>.</p>\n\n<p>For further details take a look at the property definition: {@link #theme}.</p>"}, "type": "desc"}, {"attributes": {}, "type": "return", "children": [{"attributes": {"text": "<p>The unmodified incoming value.</p>"}, "type": "desc"}, {"attributes": {}, "type": "types", "children": [{"attributes": {"type": "var"}, "type": "entry"}]}]}]}]}, {"attributes": {}, "type": "properties", "children": [{"attributes": {"allowNull": "true", "propertyType": "new", "check": "Theme", "name": "theme", "apply": "_applyTheme"}, "type": "property", "children": [{"attributes": {"text": "<p>Meta theme. Applies the defined color, decoration, ... themes to\nthe corresponding managers.</p>"}, "type": "desc"}]}]}, {"attributes": {}, "type": "methods-static", "children": [{"attributes": {"line": 11, "isStatic": true, "name": "getInstance"}, "type": "method", "children": [{"attributes": {"text": "<p>Returns a singleton instance of this class. On the first call the class\nis instantiated by calling the constructor with no arguments. All following\ncalls will return this instance.</p>\n\n<p>This method has been added by setting the &#8220;type&#8221; key in the class definition\n({@link qx.Class#define}) to &#8220;singleton&#8221;.</p>"}, "type": "desc"}, {"attributes": {}, "type": "return", "children": [{"attributes": {"text": "<p>The singleton instance of this class.</p>"}, "type": "desc"}, {"attributes": {}, "type": "types", "children": [{"attributes": {"type": "qx.theme.manager.Meta"}, "type": "entry"}]}]}]}]}]}