{"attributes": {"name": "Basic", "packageName": "qx.ui.table.columnmodel", "superClass": "qx.core.Object", "childClasses": "qx.ui.table.columnmodel.Resize", "fullName": "qx.ui.table.columnmodel.Basic", "type": "class"}, "type": "class", "children": [{"attributes": {"text": "<p>A model that contains all meta data about columns, such as width, renderer,\nvisibility and order.</p>"}, "type": "desc"}, {"attributes": {"name": "qx.ui.table.ITableModel"}, "type": "see", "children": [{"attributes": {"text": ""}, "type": "desc"}]}, {"attributes": {}, "type": "constructor", "children": [{"attributes": {"docFrom": "qx.core.Object", "line": 31, "isCtor": true, "overriddenFrom": "qx.core.Object", "name": "ctor"}, "type": "method"}]}, {"attributes": {}, "type": "events", "children": [{"attributes": {"name": "headerCellRendererChanged"}, "type": "event", "children": [{"attributes": {"text": "<p>Fired when the cell renderer of a column has changed.\nThe data property of the event is a map having the following attributes:\n<ul>\n  <li>col: The model index of the column that was moved.</li>\n</ul></p>"}, "type": "desc"}, {"attributes": {}, "type": "types", "children": [{"attributes": {"type": "qx.event.type.Data"}, "type": "entry"}]}]}, {"attributes": {"name": "orderChanged"}, "type": "event", "children": [{"attributes": {"text": "<p>Fired when the column order has changed. The data property of the\nevent is a map having the following attributes:\n<ul>\n  <li>col: The model index of the column that was moved.</li>\n  <li>fromOverXPos: The old overall x position of the column.</li>\n  <li>toOverXPos: The new overall x position of the column.</li>\n</ul></p>"}, "type": "desc"}, {"attributes": {}, "type": "types", "children": [{"attributes": {"type": "qx.event.type.Data"}, "type": "entry"}]}]}, {"attributes": {"name": "visibilityChanged"}, "type": "event", "children": [{"attributes": {"text": "<p>Fired when the visibility of a column has changed. The data property of the\nevent is a map having the following attributes:\n<ul>\n  <li>col: The model index of the column the visibility of which has changed.</li>\n  <li>visible: Whether the column is now visible.</li>\n</ul></p>"}, "type": "desc"}, {"attributes": {}, "type": "types", "children": [{"attributes": {"type": "qx.event.type.Data"}, "type": "entry"}]}]}, {"attributes": {"name": "visibilityChangedPre"}, "type": "event", "children": [{"attributes": {"text": "<p>Fired when the visibility of a column has changed. This event is equal to\n&#8220;visibilityChanged&#8221;, but is fired right before.</p>"}, "type": "desc"}, {"attributes": {}, "type": "types", "children": [{"attributes": {"type": "qx.event.type.Data"}, "type": "entry"}]}]}, {"attributes": {"name": "widthChanged"}, "type": "event", "children": [{"attributes": {"text": "<p>Fired when the width of a column has changed. The data property of the event is\na map having the following attributes:\n<ul>\n  <li>col: The model index of the column the width of which has changed.</li>\n  <li>newWidth: The new width of the column in pixels.</li>\n  <li>oldWidth: The old width of the column in pixels.</li>\n</ul></p>"}, "type": "desc"}, {"attributes": {}, "type": "types", "children": [{"attributes": {"type": "qx.event.type.Data"}, "type": "entry"}]}]}]}, {"attributes": {}, "type": "constants", "children": [{"attributes": {"name": "DEFAULT_DATA_RENDERER"}, "type": "constant", "children": [{"attributes": {"text": "<p>the default data cell renderer.</p>"}, "type": "desc"}, {"attributes": {}, "type": "types", "children": [{"attributes": {"type": "qx.ui.table.cellrenderer.Default"}, "type": "entry"}]}]}, {"attributes": {"name": "DEFAULT_HEADER_RENDERER"}, "type": "constant", "children": [{"attributes": {"text": "<p>the default header cell renderer.</p>"}, "type": "desc"}, {"attributes": {}, "type": "types", "children": [{"attributes": {"type": "qx.ui.table.headerrenderer.Default"}, "type": "entry"}]}]}, {"attributes": {"type": "Number", "name": "DEFAULT_WIDTH", "value": "100"}, "type": "constant", "children": [{"attributes": {"text": "<p>the default width of a column in pixels.</p>"}, "type": "desc"}, {"attributes": {}, "type": "types", "children": [{"attributes": {"type": "Integer"}, "type": "entry"}]}]}, {"attributes": {"name": "DEFAULT_EDITOR_FACTORY"}, "type": "constant", "children": [{"attributes": {"text": "<p>the default editor factory.</p>"}, "type": "desc"}, {"attributes": {}, "type": "types", "children": [{"attributes": {"type": "qx.ui.table.celleditor.TextField"}, "type": "entry"}]}]}]}, {"attributes": {}, "type": "methods", "children": [{"attributes": {"access": "protected", "line": 436, "name": "_getColToXPosMap"}, "type": "method", "children": [{"attributes": {"text": "<p>Returns the map that translates model indexes to x positions.</p>\n\n<p>The returned map contains for a model index (int) a map having two\nproperties: overX (the overall x position of the column, int) and\nvisX (the visible x position of the column, int). visX is missing for\nhidden columns.</p>"}, "type": "desc"}, {"attributes": {}, "type": "return", "children": [{"attributes": {"text": "<p>the &#8220;column to x position&#8221; map.</p>"}, "type": "desc"}, {"attributes": {}, "type": "types", "children": [{"attributes": {"type": "Map"}, "type": "entry"}]}]}]}, {"attributes": {"line": 414, "name": "getCellEditorFactory"}, "type": "method", "children": [{"attributes": {}, "type": "params", "children": [{"attributes": {"name": "col"}, "type": "param", "children": [{"attributes": {"text": "<p>the model index of the column.</p>"}, "type": "desc"}, {"attributes": {}, "type": "types", "children": [{"attributes": {"type": "Integer"}, "type": "entry"}]}]}]}, {"attributes": {"text": "<p>Returns the cell editor factory of a column.</p>"}, "type": "desc"}, {"attributes": {}, "type": "return", "children": [{"attributes": {"text": "<p>the cell editor factory of the column.</p>"}, "type": "desc"}, {"attributes": {}, "type": "types", "children": [{"attributes": {"type": "qx.ui.table.ICellEditorFactory"}, "type": "entry"}]}]}]}, {"attributes": {"line": 282, "name": "getColumnWidth"}, "type": "method", "children": [{"attributes": {}, "type": "params", "children": [{"attributes": {"name": "col"}, "type": "param", "children": [{"attributes": {"text": "<p>the model index of the column.</p>"}, "type": "desc"}, {"attributes": {}, "type": "types", "children": [{"attributes": {"type": "Integer"}, "type": "entry"}]}]}]}, {"attributes": {"text": "<p>Returns the width of a column.</p>"}, "type": "desc"}, {"attributes": {}, "type": "return", "children": [{"attributes": {"text": "<p>the width of the column in pixels.</p>"}, "type": "desc"}, {"attributes": {}, "type": "types", "children": [{"attributes": {"type": "Integer"}, "type": "entry"}]}]}]}, {"attributes": {"line": 372, "name": "getDataCellRenderer"}, "type": "method", "children": [{"attributes": {}, "type": "params", "children": [{"attributes": {"name": "col"}, "type": "param", "children": [{"attributes": {"text": "<p>the model index of the column.</p>"}, "type": "desc"}, {"attributes": {}, "type": "types", "children": [{"attributes": {"type": "Integer"}, "type": "entry"}]}]}]}, {"attributes": {"text": "<p>Returns the data renderer of a column.</p>"}, "type": "desc"}, {"attributes": {}, "type": "return", "children": [{"attributes": {"text": "<p>the data renderer of the column.</p>"}, "type": "desc"}, {"attributes": {}, "type": "types", "children": [{"attributes": {"type": "qx.ui.table.ICellRenderer"}, "type": "entry"}]}]}]}, {"attributes": {"line": 325, "name": "getHeaderCellRenderer"}, "type": "method", "children": [{"attributes": {}, "type": "params", "children": [{"attributes": {"name": "col"}, "type": "param", "children": [{"attributes": {"text": "<p>the model index of the column.</p>"}, "type": "desc"}, {"attributes": {}, "type": "types", "children": [{"attributes": {"type": "Integer"}, "type": "entry"}]}]}]}, {"attributes": {"text": "<p>Returns the header renderer of a column.</p>"}, "type": "desc"}, {"attributes": {}, "type": "return", "children": [{"attributes": {"text": "<p>the header renderer of the column.</p>"}, "type": "desc"}, {"attributes": {}, "type": "types", "children": [{"attributes": {"type": "qx.ui.table.IHeaderRenderer"}, "type": "entry"}]}]}]}, {"attributes": {"line": 517, "name": "getOverallColumnAtX"}, "type": "method", "children": [{"attributes": {}, "type": "params", "children": [{"attributes": {"name": "overXPos"}, "type": "param", "children": [{"attributes": {"text": "<p>the overall x position of the column.</p>"}, "type": "desc"}, {"attributes": {}, "type": "types", "children": [{"attributes": {"type": "Integer"}, "type": "entry"}]}]}]}, {"attributes": {"text": "<p>Returns the model index of a column at a certain overall x position.</p>"}, "type": "desc"}, {"attributes": {}, "type": "return", "children": [{"attributes": {"text": "<p>the model index of the column.</p>"}, "type": "desc"}, {"attributes": {}, "type": "types", "children": [{"attributes": {"type": "Integer"}, "type": "entry"}]}]}]}, {"attributes": {"line": 506, "name": "getOverallColumnCount"}, "type": "method", "children": [{"attributes": {"text": "<p>Returns the overall number of columns (including hidden columns).</p>"}, "type": "desc"}, {"attributes": {}, "type": "return", "children": [{"attributes": {"text": "<p>the overall number of columns.</p>"}, "type": "desc"}, {"attributes": {}, "type": "types", "children": [{"attributes": {"type": "Integer"}, "type": "entry"}]}]}]}, {"attributes": {"line": 533, "name": "getOverallX"}, "type": "method", "children": [{"attributes": {}, "type": "params", "children": [{"attributes": {"name": "col"}, "type": "param", "children": [{"attributes": {"text": "<p>the model index of the column.</p>"}, "type": "desc"}, {"attributes": {}, "type": "types", "children": [{"attributes": {"type": "Integer"}, "type": "entry"}]}]}]}, {"attributes": {"text": "<p>Returns the overall x position of a column.</p>"}, "type": "desc"}, {"attributes": {}, "type": "return", "children": [{"attributes": {"text": "<p>the overall x position of the column.</p>"}, "type": "desc"}, {"attributes": {}, "type": "types", "children": [{"attributes": {"type": "Integer"}, "type": "entry"}]}]}]}, {"attributes": {"line": 475, "name": "getVisibleColumnAtX"}, "type": "method", "children": [{"attributes": {}, "type": "params", "children": [{"attributes": {"name": "visXPos"}, "type": "param", "children": [{"attributes": {"text": "<p>the visible x position of the column.</p>"}, "type": "desc"}, {"attributes": {}, "type": "types", "children": [{"attributes": {"type": "Integer"}, "type": "entry"}]}]}]}, {"attributes": {"text": "<p>Returns the model index of a column at a certain visible x position.</p>"}, "type": "desc"}, {"attributes": {}, "type": "return", "children": [{"attributes": {"text": "<p>the model index of the column.</p>"}, "type": "desc"}, {"attributes": {}, "type": "types", "children": [{"attributes": {"type": "Integer"}, "type": "entry"}]}]}]}, {"attributes": {"line": 464, "name": "getVisibleColumnCount"}, "type": "method", "children": [{"attributes": {"text": "<p>Returns the number of visible columns.</p>"}, "type": "desc"}, {"attributes": {}, "type": "return", "children": [{"attributes": {"text": "<p>the number of visible columns.</p>"}, "type": "desc"}, {"attributes": {}, "type": "types", "children": [{"attributes": {"type": "Integer"}, "type": "entry"}]}]}]}, {"attributes": {"line": 229, "name": "getVisibleColumns"}, "type": "method", "children": [{"attributes": {"text": "<p>Return the array of visible columns</p>"}, "type": "desc"}, {"attributes": {}, "type": "return", "children": [{"attributes": {"text": "<p>List of all visible columns</p>"}, "type": "desc"}, {"attributes": {}, "type": "types", "children": [{"attributes": {"type": "Array"}, "type": "entry"}]}]}]}, {"attributes": {"line": 491, "name": "getVisibleX"}, "type": "method", "children": [{"attributes": {}, "type": "params", "children": [{"attributes": {"name": "col"}, "type": "param", "children": [{"attributes": {"text": "<p>the model index of the column.</p>"}, "type": "desc"}, {"attributes": {}, "type": "types", "children": [{"attributes": {"type": "Integer"}, "type": "entry"}]}]}]}, {"attributes": {"text": "<p>Returns the visible x position of a column.</p>"}, "type": "desc"}, {"attributes": {}, "type": "return", "children": [{"attributes": {"text": "<p>the visible x position of the column.</p>"}, "type": "desc"}, {"attributes": {}, "type": "types", "children": [{"attributes": {"type": "Integer"}, "type": "entry"}]}]}]}, {"attributes": {"line": 152, "name": "init"}, "type": "method", "children": [{"attributes": {}, "type": "params", "children": [{"attributes": {"name": "colCount"}, "type": "param", "children": [{"attributes": {"text": "<p>The number of columns the model should have.</p>"}, "type": "desc"}, {"attributes": {}, "type": "types", "children": [{"attributes": {"type": "Integer"}, "type": "entry"}]}]}, {"attributes": {"name": "table"}, "type": "param", "children": [{"attributes": {"text": "<p>The table to which this column model is attached.</p>"}, "type": "desc"}, {"attributes": {}, "type": "types", "children": [{"attributes": {"type": "qx.ui.table.Table"}, "type": "entry"}]}]}]}, {"attributes": {"text": "<p>Initializes the column model.</p>"}, "type": "desc"}]}, {"attributes": {"line": 549, "name": "isColumnVisible"}, "type": "method", "children": [{"attributes": {}, "type": "params", "children": [{"attributes": {"name": "col"}, "type": "param", "children": [{"attributes": {"text": "<p>the model index of the column.</p>"}, "type": "desc"}, {"attributes": {}, "type": "types", "children": [{"attributes": {"type": "Integer"}, "type": "entry"}]}]}]}, {"attributes": {"text": "<p>Returns whether a certain column is visible.</p>"}, "type": "desc"}, {"attributes": {}, "type": "return", "children": [{"attributes": {"text": "<p>whether the column is visible.</p>"}, "type": "desc"}, {"attributes": {}, "type": "types", "children": [{"attributes": {"type": "Boolean"}, "type": "entry"}]}]}]}, {"attributes": {"line": 641, "name": "moveColumn"}, "type": "method", "children": [{"attributes": {}, "type": "params", "children": [{"attributes": {"name": "fromOverXPos"}, "type": "param", "children": [{"attributes": {"text": "<p>the overall x position of the column to move.</p>"}, "type": "desc"}, {"attributes": {}, "type": "types", "children": [{"attributes": {"type": "Integer"}, "type": "entry"}]}]}, {"attributes": {"name": "toOverXPos"}, "type": "param", "children": [{"attributes": {"text": "<p>the overall x position of where the column should be moved to.</p>"}, "type": "desc"}, {"attributes": {}, "type": "types", "children": [{"attributes": {"type": "Integer"}, "type": "entry"}]}]}]}, {"attributes": {"text": "<p>Moves a column.</p>"}, "type": "desc"}]}, {"attributes": {"line": 390, "name": "setCellEditorFactory"}, "type": "method", "children": [{"attributes": {}, "type": "params", "children": [{"attributes": {"name": "col"}, "type": "param", "children": [{"attributes": {"text": "<p>the model index of the column.</p>"}, "type": "desc"}, {"attributes": {}, "type": "types", "children": [{"attributes": {"type": "Integer"}, "type": "entry"}]}]}, {"attributes": {"name": "factory"}, "type": "param", "children": [{"attributes": {"text": "<p>the new cell editor factory the column should get.</p>"}, "type": "desc"}, {"attributes": {}, "type": "types", "children": [{"attributes": {"type": "qx.ui.table.ICellEditorFactory"}, "type": "entry"}]}]}]}, {"attributes": {"text": "<p>Sets the cell editor factory of a column.</p>"}, "type": "desc"}]}, {"attributes": {"line": 690, "name": "setColumnsOrder"}, "type": "method", "children": [{"attributes": {}, "type": "params", "children": [{"attributes": {"name": "newPositions"}, "type": "param", "children": [{"attributes": {"text": "<p>Array mapping the index of a column in table model to its wanted overall position on screen (both zero based). If the table models holds col0, col1, col2 and col3 and you give [1,3,2,0], the new column order will be col3, col0, col2, col1</p>"}, "type": "desc"}, {"attributes": {}, "type": "types", "children": [{"attributes": {"type": "Integer", "dimensions": 1}, "type": "entry"}]}]}]}, {"attributes": {"text": "<p>Reorders all columns to new overall positions. Will fire one &#8220;orderChanged&#8221; event\nwithout data afterwards</p>"}, "type": "desc"}]}, {"attributes": {"line": 565, "name": "setColumnVisible"}, "type": "method", "children": [{"attributes": {}, "type": "params", "children": [{"attributes": {"name": "col"}, "type": "param", "children": [{"attributes": {"text": "<p>the model index of the column.</p>"}, "type": "desc"}, {"attributes": {}, "type": "types", "children": [{"attributes": {"type": "Integer"}, "type": "entry"}]}]}, {"attributes": {"name": "visible"}, "type": "param", "children": [{"attributes": {"text": "<p>whether the column should be visible.</p>"}, "type": "desc"}, {"attributes": {}, "type": "types", "children": [{"attributes": {"type": "Boolean"}, "type": "entry"}]}]}]}, {"attributes": {"text": "<p>Sets whether a certain column is visible.</p>"}, "type": "desc"}]}, {"attributes": {"line": 248, "name": "setColumnWidth"}, "type": "method", "children": [{"attributes": {}, "type": "params", "children": [{"attributes": {"name": "col"}, "type": "param", "children": [{"attributes": {"text": "<p>The model index of the column.</p>"}, "type": "desc"}, {"attributes": {}, "type": "types", "children": [{"attributes": {"type": "Integer"}, "type": "entry"}]}]}, {"attributes": {"name": "width"}, "type": "param", "children": [{"attributes": {"text": "<p>The new width the column should get in pixels.</p>"}, "type": "desc"}, {"attributes": {}, "type": "types", "children": [{"attributes": {"type": "Integer"}, "type": "entry"}]}]}, {"attributes": {"name": "isPointerAction"}, "type": "param", "children": [{"attributes": {"text": "<i>true</i> if the column width is being changed as a result of a pointer drag in the header; false or undefined otherwise."}, "type": "desc"}, {"attributes": {}, "type": "types", "children": [{"attributes": {"type": "Boolean"}, "type": "entry"}]}]}]}, {"attributes": {"text": "<p>Sets the width of a column.</p>"}, "type": "desc"}]}, {"attributes": {"line": 347, "name": "setDataCellRenderer"}, "type": "method", "children": [{"attributes": {}, "type": "params", "children": [{"attributes": {"name": "col"}, "type": "param", "children": [{"attributes": {"text": "<p>the model index of the column.</p>"}, "type": "desc"}, {"attributes": {}, "type": "types", "children": [{"attributes": {"type": "Integer"}, "type": "entry"}]}]}, {"attributes": {"name": "renderer"}, "type": "param", "children": [{"attributes": {"text": "<p>the new data renderer the column should get.</p>"}, "type": "desc"}, {"attributes": {}, "type": "types", "children": [{"attributes": {"type": "qx.ui.table.ICellRenderer"}, "type": "entry"}]}]}]}, {"attributes": {"text": "<p>Sets the data renderer of a column.</p>"}, "type": "desc"}, {"attributes": {}, "type": "return", "children": [{"attributes": {"text": "<p>If an old renderer was set and it was not the default renderer, the old renderer is returned for pooling or disposing.</p>"}, "type": "desc"}, {"attributes": {}, "type": "types", "children": [{"attributes": {"type": "qx.ui.table.ICellRenderer"}, "type": "entry"}]}]}]}, {"attributes": {"line": 300, "name": "setHeaderCellRenderer"}, "type": "method", "children": [{"attributes": {}, "type": "params", "children": [{"attributes": {"name": "col"}, "type": "param", "children": [{"attributes": {"text": "<p>the model index of the column.</p>"}, "type": "desc"}, {"attributes": {}, "type": "types", "children": [{"attributes": {"type": "Integer"}, "type": "entry"}]}]}, {"attributes": {"name": "renderer"}, "type": "param", "children": [{"attributes": {"text": "<p>the new header renderer the column should get.</p>"}, "type": "desc"}, {"attributes": {}, "type": "types", "children": [{"attributes": {"type": "qx.ui.table.IHeaderRenderer"}, "type": "entry"}]}]}]}, {"attributes": {"text": "<p>Sets the header renderer of a column.</p>"}, "type": "desc"}]}]}]}