{"attributes": {"name": "ScrollSlider", "isInternal": true, "packageName": "qx.ui.core.scroll", "access": "internal", "superClass": "qx.ui.form.Slider", "fullName": "qx.ui.core.scroll.ScrollSlider", "type": "class"}, "type": "class", "children": [{"attributes": {"text": "<p>Minimal modified version of the {@link qx.ui.form.Slider} to be\nused by {@link qx.ui.core.scroll.ScrollBar}.</p>"}, "type": "desc"}, {"attributes": {}, "type": "constructor", "children": [{"attributes": {"docFrom": "qx.ui.form.Slider", "line": 32, "isCtor": true, "overriddenFrom": "qx.ui.form.Slider", "name": "ctor"}, "type": "method", "children": [{"attributes": {}, "type": "params", "children": [{"attributes": {"name": "orientation"}, "type": "param"}]}]}]}, {"attributes": {}, "type": "methods", "children": [{"attributes": {"docFrom": "qx.ui.core.LayoutItem", "line": 44, "overriddenFrom": "qx.ui.core.LayoutItem", "name": "getSizeHint"}, "type": "method", "children": [{"attributes": {}, "type": "params", "children": [{"attributes": {"name": "compute"}, "type": "param"}]}]}]}]}