{"attributes": {"fullName": "qx.util.Delegate", "packageName": "qx.util", "isStatic": true, "type": "class", "name": "Delegate"}, "type": "class", "children": [{"attributes": {"text": "<p>Methods to work with the delegate pattern.</p>"}, "type": "desc"}, {"attributes": {}, "type": "methods-static", "children": [{"attributes": {"line": 53, "isStatic": true, "name": "containsMethod"}, "type": "method", "children": [{"attributes": {}, "type": "params", "children": [{"attributes": {"name": "delegate"}, "type": "param", "children": [{"attributes": {"text": "<p>The delegate object.</p>"}, "type": "desc"}, {"attributes": {}, "type": "types", "children": [{"attributes": {"type": "Object"}, "type": "entry"}]}]}, {"attributes": {"name": "specificMethod"}, "type": "param", "children": [{"attributes": {"text": "<p>The name of the method to search for.</p>"}, "type": "desc"}, {"attributes": {}, "type": "types", "children": [{"attributes": {"type": "String"}, "type": "entry"}]}]}]}, {"attributes": {"text": "<p>Checks, if the given delegate is valid or if a specific method is given.</p>"}, "type": "desc"}, {"attributes": {}, "type": "return", "children": [{"attributes": {"text": "<p>True, if everything was ok.</p>"}, "type": "desc"}, {"attributes": {}, "type": "types", "children": [{"attributes": {"type": "Boolean"}, "type": "entry"}]}]}]}, {"attributes": {"line": 35, "isStatic": true, "name": "getMethod"}, "type": "method", "children": [{"attributes": {}, "type": "params", "children": [{"attributes": {"name": "delegate"}, "type": "param", "children": [{"attributes": {"text": "<p>The delegate object to check the method.</p>"}, "type": "desc"}, {"attributes": {}, "type": "types", "children": [{"attributes": {"type": "Object"}, "type": "entry"}]}]}, {"attributes": {"name": "specificMethod"}, "type": "param", "children": [{"attributes": {"text": "<p>The name of the delegate method.</p>"}, "type": "desc"}, {"attributes": {}, "type": "types", "children": [{"attributes": {"type": "String"}, "type": "entry"}]}]}]}, {"attributes": {"text": "<p>Returns the delegate method given my its name.</p>"}, "type": "desc"}, {"attributes": {}, "type": "return", "children": [{"attributes": {"text": "<p>The requested method or null, if no method is set.</p>"}, "type": "desc"}, {"attributes": {}, "type": "types", "children": [{"attributes": {"type": "Function"}, "type": "entry"}, {"attributes": {"type": "null"}, "type": "entry"}]}]}]}]}]}