{"attributes": {"fullName": "qx.ui.mobile.layout.HBox", "packageName": "qx.ui.mobile.layout", "type": "class", "name": "HBox", "superClass": "qx.ui.mobile.layout.AbstractBox"}, "type": "class", "children": [{"attributes": {"text": "<p>A horizontal box layout.</p>\n\n<p>The horizontal box layout lays out widgets in a horizontal row, from left\nto right.</p>\n\n<p><strong>Item Properties</strong></p>\n\n<ul>\n<li><strong>flex</strong> <em>(Integer)</em>: The flex property determines how the container\n  distributes remaining empty space among its children. If items are made\n  flexible, they can grow or shrink accordingly. Their relative flex values\n  determine how the items are being resized, i.e. the larger the flex ratio\n  of two items, the larger the resizing of the first item compared to the\n  second.\n</li>\n</ul>\n\n<p><strong>Example</strong></p>\n\n<p>Here is a little example of how to use the HBox layout.</p>\n\n<pre class=\"javascript\">\nvar layout = new qx.ui.mobile.layout.HBox().set({alignX:\"center\"});\n\nvar container = new qx.ui.mobile.container.Composite(layout);\n\ncontainer.add(new qx.ui.mobile.basic.Label(\"1\"));\ncontainer.add(new qx.ui.mobile.basic.Label(\"2\"), {flex:1});\ncontainer.add(new qx.ui.mobile.basic.Label(\"3\"));\n</pre>"}, "type": "desc"}, {"attributes": {}, "type": "methods", "children": [{"attributes": {"access": "protected", "docFrom": "qx.ui.mobile.layout.Abstract", "line": 66, "overriddenFrom": "qx.ui.mobile.layout.Abstract", "name": "_getCssClasses"}, "type": "method"}]}]}