{"attributes": {"fullName": "qx.ui.mobile.container.Scroll", "packageName": "qx.ui.mobile.container", "type": "class", "name": "Scroll", "superClass": "qx.ui.mobile.container.Composite"}, "type": "class", "children": [{"attributes": {"text": "<p>Container, which allows, depending on the set variant <code>qx.mobile.nativescroll</code>,\nvertical and horizontal scrolling if the contents is larger than the container.</p>\n\n<p>Note that this class can only have one child widget. This container has a\nfixed layout, which cannot be changed.</p>\n\n<p><strong>Example</strong></p>\n\n<p>Here is a little example of how to use the widget.</p>\n\n<pre class=\"javascript\">\n  // create the scroll widget\n  var scroll = new qx.ui.mobile.container.Scroll()\n\n  // add a children\n  scroll.add(new qx.ui.mobile.basic.Label(\"Name: \"));\n\n  this.getRoot().add(scroll);\n</pre>\n\n<p>This example creates a scroll container and adds a label to it.</p>"}, "type": "desc"}, {"attributes": {}, "type": "constructor", "children": [{"attributes": {"line": 51, "isCtor": true, "overriddenFrom": "qx.ui.mobile.container.Composite", "name": "ctor"}, "type": "method", "children": [{"attributes": {}, "type": "params", "children": [{"attributes": {"name": "scrollProperties"}, "type": "param", "children": [{"attributes": {"text": "<p>A map with scroll properties which are passed to the scrolling container (may contain iScroll properties).</p>"}, "type": "desc"}, {"attributes": {}, "type": "types", "children": [{"attributes": {"type": "Object"}, "type": "entry"}]}]}]}, {"attributes": {"text": ""}, "type": "desc"}]}]}, {"attributes": {}, "type": "events", "children": [{"attributes": {"name": "pageEnd"}, "type": "event", "children": [{"attributes": {"text": "<p>Fired when the user scrolls to the end of scroll area.</p>"}, "type": "desc"}, {"attributes": {}, "type": "types", "children": [{"attributes": {"type": "qx.event.type.Event"}, "type": "entry"}]}]}]}, {"attributes": {}, "type": "methods", "children": [{"attributes": {"access": "protected", "docFrom": "qx.ui.mobile.core.Widget", "line": 107, "overriddenFrom": "qx.ui.mobile.core.Widget", "name": "_createContainerElement"}, "type": "method"}, {"attributes": {"access": "protected", "docFrom": "qx.ui.mobile.core.Widget", "line": 119, "overriddenFrom": "qx.ui.mobile.core.Widget", "name": "_getContentElement"}, "type": "method"}, {"attributes": {"access": "protected", "line": 264, "name": "_getScrollOffset"}, "type": "method", "children": [{"attributes": {"text": "<p>Determines the scroll offset for the <code>_scrollToElement</code> method.\nIf a delegate is available, the method calls\n<code>qx.ui.mobile.container.IScrollDelegate.getScrollOffset()</code> for offset calculation.</p>"}, "type": "desc"}, {"attributes": {}, "type": "return", "children": [{"attributes": {"text": "<p>an array with x,y offset.</p>"}, "type": "desc"}, {"attributes": {}, "type": "types", "children": [{"attributes": {"type": "Array"}, "type": "entry"}]}]}]}, {"attributes": {"access": "protected", "line": 172, "name": "_isScrollable"}, "type": "method", "children": [{"attributes": {"text": "<p>Detects whether this scroll container is scrollable or not.</p>"}, "type": "desc"}, {"attributes": {}, "type": "return", "children": [{"attributes": {"text": "<code>true</code> or <code>false</code>"}, "type": "desc"}, {"attributes": {}, "type": "types", "children": [{"attributes": {"type": "Boolean"}, "type": "entry"}]}]}]}, {"attributes": {"access": "protected", "line": 181, "name": "_isScrollableX"}, "type": "method", "children": [{"attributes": {"text": "<p>Detects whether this scroll container is scrollable on x axis or not.</p>"}, "type": "desc"}, {"attributes": {}, "type": "return", "children": [{"attributes": {"text": "<code>true</code> or <code>false</code>"}, "type": "desc"}, {"attributes": {}, "type": "types", "children": [{"attributes": {"type": "Boolean"}, "type": "entry"}]}]}]}, {"attributes": {"access": "protected", "line": 202, "name": "_isScrollableY"}, "type": "method", "children": [{"attributes": {"text": "<p>Detects whether this scroll container is scrollable on y axis or not.</p>"}, "type": "desc"}, {"attributes": {}, "type": "return", "children": [{"attributes": {"text": "<code>true</code> or <code>false</code>"}, "type": "desc"}, {"attributes": {}, "type": "types", "children": [{"attributes": {"type": "Boolean"}, "type": "entry"}]}]}]}, {"attributes": {"access": "protected", "line": 241, "name": "_scrollToElement"}, "type": "method", "children": [{"attributes": {}, "type": "params", "children": [{"attributes": {"name": "element"}, "type": "param", "children": [{"attributes": {"text": "<p>the element to which the scroll container should scroll to.</p>"}, "type": "desc"}, {"attributes": {}, "type": "types", "children": [{"attributes": {"type": "String"}, "type": "entry"}]}]}, {"attributes": {"defaultValue": "0", "optional": true, "name": "time"}, "type": "param", "children": [{"attributes": {"text": "<p>Time slice in which scrolling should be done (in seconds).</p>"}, "type": "desc"}, {"attributes": {}, "type": "types", "children": [{"attributes": {"type": "Integer"}, "type": "entry"}]}]}]}, {"attributes": {"text": "<p>Scrolls the wrapper contents to the widgets coordinates in a given\nperiod.</p>"}, "type": "desc"}]}, {"attributes": {"name": "getDelegate", "fromProperty": "delegate"}, "type": "method", "children": [{"attributes": {"text": "<p>Returns the (computed) value of the property <code>delegate</code>.</p>\n\n<p>For further details take a look at the property definition: {@link #delegate}.</p>"}, "type": "desc"}, {"attributes": {}, "type": "return", "children": [{"attributes": {"text": "<p>(Computed) value of <code>delegate</code>.</p>"}, "type": "desc"}, {"attributes": {}, "type": "types", "children": [{"attributes": {"type": "var"}, "type": "entry"}]}]}]}, {"attributes": {"line": 154, "name": "getPosition"}, "type": "method", "children": [{"attributes": {"text": "<p>Returns the current scroll position</p>"}, "type": "desc"}, {"attributes": {}, "type": "return", "children": [{"attributes": {"text": "<p>an array with <code>[scrollLeft,scrollTop]</code>.</p>"}, "type": "desc"}, {"attributes": {}, "type": "types", "children": [{"attributes": {"type": "Array"}, "type": "entry"}]}]}]}, {"attributes": {"access": "protected", "name": "initDelegate", "fromProperty": "delegate"}, "type": "method", "children": [{"attributes": {}, "type": "params", "children": [{"attributes": {"name": "value"}, "type": "param", "children": [{"attributes": {"text": "<p>Initial value for property <code>delegate</code>.</p>"}, "type": "desc"}, {"attributes": {}, "type": "types", "children": [{"attributes": {"type": "var"}, "type": "entry"}]}]}]}, {"attributes": {"text": "<p>Calls the apply method and dispatches the change event of the property <code>delegate</code>\nwith the default value defined by the class developer. This function can\nonly be called from the constructor of a class.</p>\n\n<p>For further details take a look at the property definition: {@link #delegate}.</p>"}, "type": "desc"}, {"attributes": {}, "type": "return", "children": [{"attributes": {"text": "<p>the default value</p>"}, "type": "desc"}, {"attributes": {}, "type": "types", "children": [{"attributes": {"type": "var"}, "type": "entry"}]}]}]}, {"attributes": {"line": 163, "name": "isScrollable"}, "type": "method", "children": [{"attributes": {"text": "<p>Detects whether this scroll container is scrollable or not.</p>"}, "type": "desc"}, {"attributes": {}, "type": "return", "children": [{"attributes": {"text": "<code>true</code> or <code>false</code>"}, "type": "desc"}, {"attributes": {}, "type": "types", "children": [{"attributes": {"type": "Boolean"}, "type": "entry"}]}]}]}, {"attributes": {"line": 132, "name": "refresh"}, "type": "method", "children": [{"attributes": {"text": "<p>Calls the refresh function the used scrolling method. Needed to recalculate the\nscrolling container.</p>"}, "type": "desc"}]}, {"attributes": {"name": "resetDelegate", "fromProperty": "delegate"}, "type": "method", "children": [{"attributes": {"text": "<p>Resets the user value of the property <code>delegate</code>.</p>\n\n<p>The computed value falls back to the next available value e.g. appearance, init or\ninheritance value depeneding on the property configuration and value availability.</p>\n\n<p>For further details take a look at the property definition: {@link #delegate}.</p>"}, "type": "desc"}]}, {"attributes": {"line": 145, "name": "scrollTo"}, "type": "method", "children": [{"attributes": {}, "type": "params", "children": [{"attributes": {"name": "x"}, "type": "param", "children": [{"attributes": {"text": "<p>X coordinate to scroll to.</p>"}, "type": "desc"}, {"attributes": {}, "type": "types", "children": [{"attributes": {"type": "Integer"}, "type": "entry"}]}]}, {"attributes": {"name": "y"}, "type": "param", "children": [{"attributes": {"text": "<p>Y coordinate to scroll to.</p>"}, "type": "desc"}, {"attributes": {}, "type": "types", "children": [{"attributes": {"type": "Integer"}, "type": "entry"}]}]}, {"attributes": {"name": "time"}, "type": "param", "children": [{"attributes": {"text": "<p>Time slice in which scrolling should be done.</p>"}, "type": "desc"}, {"attributes": {}, "type": "types", "children": [{"attributes": {"type": "Integer"}, "type": "entry"}]}]}]}, {"attributes": {"text": "<p>Scrolls the wrapper contents to the x/y coordinates in a given time.</p>"}, "type": "desc"}]}, {"attributes": {"line": 228, "name": "scrollToElement"}, "type": "method", "children": [{"attributes": {}, "type": "params", "children": [{"attributes": {"name": "target"}, "type": "param", "children": [{"attributes": {"text": "<p>the element to which the scroll container should scroll to.</p>"}, "type": "desc"}, {"attributes": {}, "type": "types", "children": [{"attributes": {"type": "Element"}, "type": "entry"}]}]}, {"attributes": {"defaultValue": "0", "optional": true, "name": "time"}, "type": "param", "children": [{"attributes": {"text": "<p>Time slice in which scrolling should be done (in seconds).</p>"}, "type": "desc"}, {"attributes": {}, "type": "types", "children": [{"attributes": {"type": "Integer"}, "type": "entry"}]}]}]}, {"attributes": {"text": "<p>Scrolls the wrapper contents to the widgets coordinates in a given\nperiod.</p>"}, "type": "desc"}]}, {"attributes": {"line": 283, "name": "scrollToWidget"}, "type": "method", "children": [{"attributes": {}, "type": "params", "children": [{"attributes": {"name": "widget"}, "type": "param", "children": [{"attributes": {"text": "<p>the widget, the scroll container should scroll to.</p>"}, "type": "desc"}, {"attributes": {}, "type": "types", "children": [{"attributes": {"type": "qx.ui.mobile.core.Widget"}, "type": "entry"}]}]}, {"attributes": {"name": "time"}, "type": "param", "children": [{"attributes": {"text": "<p>Time slice in which scrolling should be done.</p>"}, "type": "desc"}, {"attributes": {}, "type": "types", "children": [{"attributes": {"type": "Integer"}, "type": "entry"}]}]}]}, {"attributes": {"text": "<p>Scrolls the wrapper contents to the widgets coordinates in a given\nperiod.</p>"}, "type": "desc"}]}, {"attributes": {"name": "setDelegate", "fromProperty": "delegate"}, "type": "method", "children": [{"attributes": {}, "type": "params", "children": [{"attributes": {"name": "value"}, "type": "param", "children": [{"attributes": {"text": "<p>New value for property <code>delegate</code>.</p>"}, "type": "desc"}, {"attributes": {}, "type": "types", "children": [{"attributes": {"type": "var"}, "type": "entry"}]}]}]}, {"attributes": {"text": "<p>Sets the user value of the property <code>delegate</code>.</p>\n\n<p>For further details take a look at the property definition: {@link #delegate}.</p>"}, "type": "desc"}, {"attributes": {}, "type": "return", "children": [{"attributes": {"text": "<p>The unmodified incoming value.</p>"}, "type": "desc"}, {"attributes": {}, "type": "types", "children": [{"attributes": {"type": "var"}, "type": "entry"}]}]}]}]}, {"attributes": {}, "type": "properties", "children": [{"attributes": {"name": "defaultCssClass", "docFrom": "qx.ui.mobile.core.Widget", "defaultValue": "\"scroll\"", "refine": "true", "propertyType": "new", "overriddenFrom": "qx.ui.mobile.core.Widget"}, "type": "property"}, {"attributes": {"name": "delegate", "isInternal": true, "defaultValue": "null", "access": "internal", "allowNull": "true", "propertyType": "new"}, "type": "property", "children": [{"attributes": {"text": "<p>Delegation object which can have one or more functions defined by the\n{@link qx.ui.mobile.container.IScrollDelegate} interface.</p>"}, "type": "desc"}]}]}]}