{"attributes": {"isAbstract": true, "name": "Abstract", "packageName": "qx.ui.decoration", "superClass": "qx.core.Object", "childClasses": "qx.ui.decoration.Decorator", "fullName": "qx.ui.decoration.Abstract", "type": "class", "interfaces": "qx.ui.decoration.IDecorator"}, "type": "class", "children": [{"attributes": {"text": "<p>This class acts as abstract class for all decorators. It offers the\nproperties for the insets handling. Each decorator has to define its own\ndefault insets by implementing the template method\n(<a href=\"http://en.wikipedia.org/wiki/Template_Method\">http://en.wikipedia.org/wiki/Template_Method</a>) <code>_getDefaultInsets</code></p>"}, "type": "desc"}, {"attributes": {}, "type": "methods", "children": [{"attributes": {"access": "protected", "line": 51, "name": "_getDefaultInsets"}, "type": "method", "children": [{"attributes": {"text": "<p>Abstract method. Should return a map containing the default insets of\nthe decorator. This could look like this:</p>\n\n<pre>\nreturn {\n  top : 0,\n  right : 0,\n  bottom : 0,\n  left : 0\n};\n</pre>"}, "type": "desc"}, {"attributes": {}, "type": "return", "children": [{"attributes": {"text": "<p>Map containing the insets.</p>"}, "type": "desc"}, {"attributes": {}, "type": "types", "children": [{"attributes": {"type": "Map"}, "type": "entry"}]}]}]}, {"attributes": {"access": "protected", "line": 61, "name": "_isInitialized"}, "type": "method", "children": [{"attributes": {"text": "<p>Abstract method. Should return an boolean value if the decorator is\nalready initialized or not.</p>"}, "type": "desc"}, {"attributes": {}, "type": "return", "children": [{"attributes": {"text": "<p>True, if the decorator is initialized.</p>"}, "type": "desc"}, {"attributes": {}, "type": "types", "children": [{"attributes": {"type": "Boolean"}, "type": "entry"}]}]}]}, {"attributes": {"access": "protected", "line": 69, "name": "_resetInsets"}, "type": "method", "children": [{"attributes": {"text": "<p>Resets the insets.</p>"}, "type": "desc"}]}, {"attributes": {"docFrom": "qx.ui.decoration.IDecorator", "line": 75, "name": "getInsets"}, "type": "method"}]}]}