{"attributes": {"fullName": "qx.ui.decoration.IDecorator", "packageName": "qx.ui.decoration", "type": "interface", "name": "IDecorator", "implementations": "qx.ui.decoration.Abstract,qx.ui.decoration.Decorator"}, "type": "class", "children": [{"attributes": {"text": "<p>A decorator is responsible for computing a widget&#8217;s decoration styles.</p>"}, "type": "desc"}, {"attributes": {}, "type": "methods", "children": [{"attributes": {"line": 53, "name": "getInsets"}, "type": "method", "children": [{"attributes": {"text": "<p>Get the amount of space the decoration needs for its border and padding\non each side.</p>"}, "type": "desc"}, {"attributes": {}, "type": "return", "children": [{"attributes": {"text": "<p>the desired inset as a map with the keys <code>top</code>, <code>right</code>, <code>bottom</code>, <code>left</code>.</p>"}, "type": "desc"}, {"attributes": {}, "type": "types", "children": [{"attributes": {"type": "Map"}, "type": "entry"}]}]}]}, {"attributes": {"line": 43, "name": "getPadding"}, "type": "method", "children": [{"attributes": {"text": "<p>Returns the configured padding minus the border width.</p>"}, "type": "desc"}, {"attributes": {}, "type": "return", "children": [{"attributes": {"text": "<p>Map of top, right, bottom and left padding values</p>"}, "type": "desc"}, {"attributes": {}, "type": "types", "children": [{"attributes": {"type": "Map"}, "type": "entry"}]}]}]}, {"attributes": {"line": 35, "name": "getStyles"}, "type": "method", "children": [{"attributes": {"text": "<p>Returns the decorator&#8217;s styles.</p>"}, "type": "desc"}, {"attributes": {}, "type": "return", "children": [{"attributes": {"text": "<p>Map of decoration styles</p>"}, "type": "desc"}, {"attributes": {}, "type": "types", "children": [{"attributes": {"type": "Map"}, "type": "entry"}]}]}]}]}]}