{"attributes": {"name": "Manager", "packageName": "qx.ui.mobile.dialog", "superClass": "qx.core.Object", "isSingleton": true, "fullName": "qx.ui.mobile.dialog.Manager", "type": "class"}, "type": "class", "children": [{"attributes": {"text": "<p>Very basic dialog manager. Displays a native alert or confirm dialog if\nthe application is running in a PhoneGap environment. For debugging in a browser\nit displays the browser <code>alert</code> or <code>confirm</code> dialog. In the near\nfuture this should be replaced by dialog widgets.</p>\n\n<p><strong>Example</strong></p>\n\n<p>Here is a little example of how to use the widget.</p>\n\n<pre class=\"javascript\">\n   var buttons = [];\n   buttons.push(qx.locale.Manager.tr(\"OK\"));\n   buttons.push(qx.locale.Manager.tr(\"Cancel\"));\n   var title = \"Delete item\";\n   var text = \"Do you want to delete the item?\"\n   qx.ui.mobile.dialog.Manager.getInstance().confirm(title, text, function(index) {\n     if (index==1) {\n       // delete the item\n     }\n   }, this, buttons);\n</pre>\n\n<p>This example displays a confirm dialog and defines a button click handler.</p>"}, "type": "desc"}, {"attributes": {}, "type": "constants", "children": [{"attributes": {"type": "Number", "name": "WARNING_DIALOG", "value": "3"}, "type": "constant"}, {"attributes": {"type": "Number", "name": "INPUT_DIALOG", "value": "1"}, "type": "constant"}, {"attributes": {"type": "Number", "name": "WAITING_DIALOG", "value": "5"}, "type": "constant"}, {"attributes": {"type": "Number", "name": "MESSAGE_DIALOG", "value": "2"}, "type": "constant"}, {"attributes": {"type": "Number", "name": "ERROR_DIALOG", "value": "4"}, "type": "constant"}]}, {"attributes": {}, "type": "methods", "children": [{"attributes": {"access": "private", "line": 255, "name": "__processDialogButtons"}, "type": "method", "children": [{"attributes": {}, "type": "params", "children": [{"attributes": {"name": "buttons"}, "type": "param", "children": [{"attributes": {"text": "<p>Each text entry of the array represents a button and its title</p>"}, "type": "desc"}, {"attributes": {}, "type": "types", "children": [{"attributes": {"type": "String", "dimensions": 1}, "type": "entry"}]}]}]}, {"attributes": {"text": "<p>Processes the dialog buttons. Converts them to PhoneGap compatible strings.</p>"}, "type": "desc"}, {"attributes": {}, "type": "return", "children": [{"attributes": {"text": "<p>The concatenated, PhoneGap compatible, button string</p>"}, "type": "desc"}, {"attributes": {}, "type": "types", "children": [{"attributes": {"type": "String"}, "type": "entry"}]}]}]}, {"attributes": {"access": "private", "line": 282, "name": "__showNonNativeDialog"}, "type": "method", "children": [{"attributes": {}, "type": "params", "children": [{"attributes": {"name": "title"}, "type": "param", "children": [{"attributes": {"text": "<p>The title of the dialog.</p>"}, "type": "desc"}, {"attributes": {}, "type": "types", "children": [{"attributes": {"type": "String"}, "type": "entry"}]}]}, {"attributes": {"name": "text"}, "type": "param", "children": [{"attributes": {"text": "<p>The text to display in the dialog.</p>"}, "type": "desc"}, {"attributes": {}, "type": "types", "children": [{"attributes": {"type": "String"}, "type": "entry"}]}]}, {"attributes": {"name": "handler"}, "type": "param", "children": [{"attributes": {"text": "<p>The handler to call when the <code>OK</code> button was pressed. The first parameter of the function is the <code>index</code> of the pressed button, starting from 1.</p>"}, "type": "desc"}, {"attributes": {}, "type": "types", "children": [{"attributes": {"type": "Function"}, "type": "entry"}]}]}, {"attributes": {"name": "scope"}, "type": "param", "children": [{"attributes": {"text": "<p>The scope of the handler</p>"}, "type": "desc"}, {"attributes": {}, "type": "types", "children": [{"attributes": {"type": "Object"}, "type": "entry"}]}]}, {"attributes": {"name": "buttons"}, "type": "param", "children": [{"attributes": {"text": "<p>Each text entry of the array represents a button and its title</p>"}, "type": "desc"}, {"attributes": {}, "type": "types", "children": [{"attributes": {"type": "String", "dimensions": 1}, "type": "entry"}]}]}, {"attributes": {"name": "dialogType"}, "type": "param", "children": [{"attributes": {"text": "<p>One of the static dialog types.</p>"}, "type": "desc"}, {"attributes": {}, "type": "types", "children": [{"attributes": {"type": "Integer"}, "type": "entry"}]}]}]}, {"attributes": {"text": "<p>Shows a dialog widget.</p>"}, "type": "desc"}, {"attributes": {}, "type": "return", "children": [{"attributes": {"text": "<p>The dialog widget</p>"}, "type": "desc"}, {"attributes": {}, "type": "types", "children": [{"attributes": {"type": "qx.ui.mobile.dialog.Popup"}, "type": "entry"}]}]}]}, {"attributes": {"line": 91, "name": "alert"}, "type": "method", "children": [{"attributes": {}, "type": "params", "children": [{"attributes": {"name": "title"}, "type": "param", "children": [{"attributes": {"text": "<p>The title of the alert box</p>"}, "type": "desc"}, {"attributes": {}, "type": "types", "children": [{"attributes": {"type": "String"}, "type": "entry"}]}]}, {"attributes": {"name": "text"}, "type": "param", "children": [{"attributes": {"text": "<p>The text to display in the alert box</p>"}, "type": "desc"}, {"attributes": {}, "type": "types", "children": [{"attributes": {"type": "String"}, "type": "entry"}]}]}, {"attributes": {"name": "handler"}, "type": "param", "children": [{"attributes": {"text": "<p>The handler to call when the <code>OK</code> button was pressed</p>"}, "type": "desc"}, {"attributes": {}, "type": "types", "children": [{"attributes": {"type": "Function"}, "type": "entry"}]}]}, {"attributes": {"name": "scope"}, "type": "param", "children": [{"attributes": {"text": "<p>The scope of the handler</p>"}, "type": "desc"}, {"attributes": {}, "type": "types", "children": [{"attributes": {"type": "Object"}, "type": "entry"}]}]}, {"attributes": {"name": "button"}, "type": "param", "children": [{"attributes": {"text": "<p>The button title</p>"}, "type": "desc"}, {"attributes": {}, "type": "types", "children": [{"attributes": {"type": "String"}, "type": "entry"}]}]}]}, {"attributes": {"text": "<p>Displays an alert box. When the application is running in a PhoneGap\nenvironment, a native alert box is shown. When debugging in a browser, a\nbrowser alert is shown.</p>"}, "type": "desc"}, {"attributes": {}, "type": "return", "children": [{"attributes": {"text": "<p>a reference to an alert dialog instance. An <code>Object</code>, if environment is <code>phonegap</code>, or a {@link qx.ui.mobile.dialog.Popup} if not.</p>"}, "type": "desc"}, {"attributes": {}, "type": "types", "children": [{"attributes": {"type": "qx.ui.mobile.dialog.Popup"}, "type": "entry"}, {"attributes": {"type": "Object"}, "type": "entry"}]}]}]}, {"attributes": {"line": 126, "name": "confirm"}, "type": "method", "children": [{"attributes": {}, "type": "params", "children": [{"attributes": {"name": "title"}, "type": "param", "children": [{"attributes": {"text": "<p>The title of the confirm box</p>"}, "type": "desc"}, {"attributes": {}, "type": "types", "children": [{"attributes": {"type": "String"}, "type": "entry"}]}]}, {"attributes": {"name": "text"}, "type": "param", "children": [{"attributes": {"text": "<p>The text to display in the confirm box</p>"}, "type": "desc"}, {"attributes": {}, "type": "types", "children": [{"attributes": {"type": "String"}, "type": "entry"}]}]}, {"attributes": {"name": "handler"}, "type": "param", "children": [{"attributes": {"text": "<p>The handler to call when the <code>OK</code> button was pressed. The first parameter of the function is the <code>index</code> of the pressed button, starting from 1.</p>"}, "type": "desc"}, {"attributes": {}, "type": "types", "children": [{"attributes": {"type": "Function"}, "type": "entry"}]}]}, {"attributes": {"name": "scope"}, "type": "param", "children": [{"attributes": {"text": "<p>The scope of the handler</p>"}, "type": "desc"}, {"attributes": {}, "type": "types", "children": [{"attributes": {"type": "Object"}, "type": "entry"}]}]}, {"attributes": {"name": "buttons"}, "type": "param", "children": [{"attributes": {"text": "<p>Each text entry of the array represents a button and its title</p>"}, "type": "desc"}, {"attributes": {}, "type": "types", "children": [{"attributes": {"type": "String", "dimensions": 1}, "type": "entry"}]}]}]}, {"attributes": {"text": "<p>Displays a confirm box. When the application is running in a PhoneGap\nenvironment, a native confirm box is shown. When debugging in a browser, a\nbrowser confirm is shown.</p>"}, "type": "desc"}, {"attributes": {}, "type": "return", "children": [{"attributes": {"text": "<p>The dialog widget</p>"}, "type": "desc"}, {"attributes": {}, "type": "types", "children": [{"attributes": {"type": "qx.ui.mobile.dialog.Popup"}, "type": "entry"}]}]}]}, {"attributes": {"line": 177, "name": "error"}, "type": "method", "children": [{"attributes": {}, "type": "params", "children": [{"attributes": {"name": "title"}, "type": "param", "children": [{"attributes": {"text": "<p>The title of the error dialog.</p>"}, "type": "desc"}, {"attributes": {}, "type": "types", "children": [{"attributes": {"type": "String"}, "type": "entry"}]}]}, {"attributes": {"name": "text"}, "type": "param", "children": [{"attributes": {"text": "<p>The text to display in the error dialog.</p>"}, "type": "desc"}, {"attributes": {}, "type": "types", "children": [{"attributes": {"type": "String"}, "type": "entry"}]}]}, {"attributes": {"name": "handler"}, "type": "param", "children": [{"attributes": {"text": "<p>The handler to call when the <code>OK</code> button was pressed. The first parameter of the function is the <code>index</code> of the pressed button, starting from 1.</p>"}, "type": "desc"}, {"attributes": {}, "type": "types", "children": [{"attributes": {"type": "Function"}, "type": "entry"}]}]}, {"attributes": {"name": "scope"}, "type": "param", "children": [{"attributes": {"text": "<p>The scope of the handler</p>"}, "type": "desc"}, {"attributes": {}, "type": "types", "children": [{"attributes": {"type": "Object"}, "type": "entry"}]}]}, {"attributes": {"name": "button"}, "type": "param", "children": [{"attributes": {"text": "<p>The text entry represents a button and its title</p>"}, "type": "desc"}, {"attributes": {}, "type": "types", "children": [{"attributes": {"type": "String"}, "type": "entry"}]}]}]}, {"attributes": {"text": "<p>Displays an error dialog. When the application is running in an PhoneGap\nenvironment, a native error dialog is shown. For debugging in a browser, a\nbrowser confirm is shown.</p>"}, "type": "desc"}, {"attributes": {}, "type": "return", "children": [{"attributes": {"text": "<p>The dialog widget</p>"}, "type": "desc"}, {"attributes": {}, "type": "types", "children": [{"attributes": {"type": "qx.ui.mobile.dialog.Popup"}, "type": "entry"}]}]}]}, {"attributes": {"line": 157, "name": "input"}, "type": "method", "children": [{"attributes": {}, "type": "params", "children": [{"attributes": {"name": "title"}, "type": "param", "children": [{"attributes": {"text": "<p>The title of the input dialog.</p>"}, "type": "desc"}, {"attributes": {}, "type": "types", "children": [{"attributes": {"type": "String"}, "type": "entry"}]}]}, {"attributes": {"name": "text"}, "type": "param", "children": [{"attributes": {"text": "<p>The text to display in the input dialog.</p>"}, "type": "desc"}, {"attributes": {}, "type": "types", "children": [{"attributes": {"type": "String"}, "type": "entry"}]}]}, {"attributes": {"name": "handler"}, "type": "param", "children": [{"attributes": {"text": "<p>The handler to call when the <code>OK</code> button was pressed. The first parameter of the function is the <code>index</code> of the pressed button, starting from 1.</p>"}, "type": "desc"}, {"attributes": {}, "type": "types", "children": [{"attributes": {"type": "Function"}, "type": "entry"}]}]}, {"attributes": {"name": "scope"}, "type": "param", "children": [{"attributes": {"text": "<p>The scope of the handler</p>"}, "type": "desc"}, {"attributes": {}, "type": "types", "children": [{"attributes": {"type": "Object"}, "type": "entry"}]}]}, {"attributes": {"name": "buttons"}, "type": "param", "children": [{"attributes": {"text": "<p>Each text entry of the array represents a button and its title</p>"}, "type": "desc"}, {"attributes": {}, "type": "types", "children": [{"attributes": {"type": "String", "dimensions": 1}, "type": "entry"}]}]}]}, {"attributes": {"text": "<p>Displays an input dialog.</p>"}, "type": "desc"}, {"attributes": {}, "type": "return", "children": [{"attributes": {"text": "<p>The dialog widget</p>"}, "type": "desc"}, {"attributes": {}, "type": "types", "children": [{"attributes": {"type": "qx.ui.mobile.dialog.Popup"}, "type": "entry"}]}]}]}, {"attributes": {"line": 242, "name": "wait"}, "type": "method", "children": [{"attributes": {}, "type": "params", "children": [{"attributes": {"name": "title"}, "type": "param", "children": [{"attributes": {"text": "<p>The title of the waiting dialog.</p>"}, "type": "desc"}, {"attributes": {}, "type": "types", "children": [{"attributes": {"type": "String"}, "type": "entry"}]}]}, {"attributes": {"name": "text"}, "type": "param", "children": [{"attributes": {"text": "<p>The text to display in the waiting dialog.</p>"}, "type": "desc"}, {"attributes": {}, "type": "types", "children": [{"attributes": {"type": "String"}, "type": "entry"}]}]}, {"attributes": {"name": "handler"}, "type": "param", "children": [{"attributes": {"text": "<p>The handler to call when the <code>OK</code> button was pressed. The first parameter of the function is the <code>index</code> of the pressed button, starting from 1.</p>"}, "type": "desc"}, {"attributes": {}, "type": "types", "children": [{"attributes": {"type": "Function"}, "type": "entry"}]}]}, {"attributes": {"name": "scope"}, "type": "param", "children": [{"attributes": {"text": "<p>The scope of the handler</p>"}, "type": "desc"}, {"attributes": {}, "type": "types", "children": [{"attributes": {"type": "Object"}, "type": "entry"}]}]}, {"attributes": {"name": "buttons"}, "type": "param", "children": [{"attributes": {"text": "<p>Each text entry of the array represents a button and its title</p>"}, "type": "desc"}, {"attributes": {}, "type": "types", "children": [{"attributes": {"type": "String", "dimensions": 1}, "type": "entry"}]}]}]}, {"attributes": {"text": "<p>Displays a waiting dialog.</p>"}, "type": "desc"}, {"attributes": {}, "type": "return", "children": [{"attributes": {"text": "<p>The dialog widget</p>"}, "type": "desc"}, {"attributes": {}, "type": "types", "children": [{"attributes": {"type": "qx.ui.mobile.dialog.Popup"}, "type": "entry"}]}]}]}, {"attributes": {"line": 210, "name": "warning"}, "type": "method", "children": [{"attributes": {}, "type": "params", "children": [{"attributes": {"name": "title"}, "type": "param", "children": [{"attributes": {"text": "<p>The title of the warning dialog.</p>"}, "type": "desc"}, {"attributes": {}, "type": "types", "children": [{"attributes": {"type": "String"}, "type": "entry"}]}]}, {"attributes": {"name": "text"}, "type": "param", "children": [{"attributes": {"text": "<p>The text to display in the warning dialog.</p>"}, "type": "desc"}, {"attributes": {}, "type": "types", "children": [{"attributes": {"type": "String"}, "type": "entry"}]}]}, {"attributes": {"name": "handler"}, "type": "param", "children": [{"attributes": {"text": "<p>The handler to call when the <code>OK</code> button was pressed. The first parameter of the function is the <code>index</code> of the pressed button, starting from 1.</p>"}, "type": "desc"}, {"attributes": {}, "type": "types", "children": [{"attributes": {"type": "Function"}, "type": "entry"}]}]}, {"attributes": {"name": "scope"}, "type": "param", "children": [{"attributes": {"text": "<p>The scope of the handler</p>"}, "type": "desc"}, {"attributes": {}, "type": "types", "children": [{"attributes": {"type": "Object"}, "type": "entry"}]}]}, {"attributes": {"name": "button"}, "type": "param", "children": [{"attributes": {"text": "<p>The text entry represents a button and its title</p>"}, "type": "desc"}, {"attributes": {}, "type": "types", "children": [{"attributes": {"type": "String"}, "type": "entry"}]}]}]}, {"attributes": {"text": "<p>Displays a warning dialog. When the application is running in an PhoneGap\nenvironment, a native warning dialog is shown. For debugging in a browser, a\nbrowser confirm is shown.</p>"}, "type": "desc"}, {"attributes": {}, "type": "return", "children": [{"attributes": {"text": "<p>The dialog widget</p>"}, "type": "desc"}, {"attributes": {}, "type": "types", "children": [{"attributes": {"type": "qx.ui.mobile.dialog.Popup"}, "type": "entry"}]}]}]}]}, {"attributes": {}, "type": "methods-static", "children": [{"attributes": {"line": 11, "isStatic": true, "name": "getInstance"}, "type": "method", "children": [{"attributes": {"text": "<p>Returns a singleton instance of this class. On the first call the class\nis instantiated by calling the constructor with no arguments. All following\ncalls will return this instance.</p>\n\n<p>This method has been added by setting the &#8220;type&#8221; key in the class definition\n({@link qx.Class#define}) to &#8220;singleton&#8221;.</p>"}, "type": "desc"}, {"attributes": {}, "type": "return", "children": [{"attributes": {"text": "<p>The singleton instance of this class.</p>"}, "type": "desc"}, {"attributes": {}, "type": "types", "children": [{"attributes": {"type": "qx.ui.mobile.dialog.Manager"}, "type": "entry"}]}]}]}]}]}