{"attributes": {"name": "CheckBox", "packageName": "qx.ui.mobile.form", "mixins": "qx.ui.mobile.form.MValue", "superClass": "qx.ui.mobile.form.Input", "fullName": "qx.ui.mobile.form.CheckBox", "type": "class"}, "type": "class", "children": [{"attributes": {"text": "<p>The Checkbox is the mobile correspondent of the html checkbox.</p>\n\n<p><strong>Example</strong></p>\n\n<pre class=\"javascript\">\n  var checkBox = new qx.ui.mobile.form.CheckBox();\n  var title = new qx.ui.mobile.form.Title(\"Title\");\n\n  checkBox.setModel(\"Title Activated\");\n  checkBox.bind(\"model\", title, \"value\");\n\n  checkBox.addListener(\"changeValue\", function(evt){\n    this.setModel(evt.getdata() ? \"Title Activated\" : \"Title Deactivated\");\n  });\n\n  this.getRoot.add(checkBox);\n  this.getRoot.add(title);\n</pre>\n\n<p>This example adds 2 widgets , a checkBox and a Title and binds them together by their model and value properties.\nWhen the user taps on the checkbox, its model changes and it is reflected in the Title&#8217;s value.</p>"}, "type": "desc"}, {"attributes": {}, "type": "constructor", "children": [{"attributes": {"line": 59, "isCtor": true, "overriddenFrom": "qx.ui.mobile.form.Input", "name": "ctor"}, "type": "method", "children": [{"attributes": {}, "type": "params", "children": [{"attributes": {"defaultValue": "false", "optional": true, "name": "value"}, "type": "param", "children": [{"attributes": {"text": "<p>The value of the checkbox.</p>"}, "type": "desc"}, {"attributes": {}, "type": "types", "children": [{"attributes": {"type": "Boolean"}, "type": "entry"}]}]}]}, {"attributes": {"text": ""}, "type": "desc"}]}]}, {"attributes": {}, "type": "properties", "children": [{"attributes": {"name": "defaultCssClass", "docFrom": "qx.ui.mobile.core.Widget", "defaultValue": "\"checkbox\"", "refine": "true", "propertyType": "new", "overriddenFrom": "qx.ui.mobile.core.Widget"}, "type": "property"}]}, {"attributes": {}, "type": "methods", "children": [{"attributes": {"access": "protected", "docFrom": "qx.ui.mobile.core.Widget", "line": 93, "overriddenFrom": "qx.ui.mobile.form.Input", "name": "_getTagName"}, "type": "method"}, {"attributes": {"access": "protected", "docFrom": "qx.ui.mobile.form.Input", "line": 100, "overriddenFrom": "qx.ui.mobile.form.Input", "name": "_getType"}, "type": "method"}, {"attributes": {"access": "protected", "line": 138, "name": "_getValue"}, "type": "method", "children": [{"attributes": {"text": "<p>Gets the value [true/false] of this checkbox.\nIt is called by getValue method of qx.ui.mobile.form.MValue mixin</p>"}, "type": "desc"}, {"attributes": {}, "type": "return", "children": [{"attributes": {"text": "<p>the value of the checkbox</p>"}, "type": "desc"}, {"attributes": {}, "type": "types", "children": [{"attributes": {"type": "Boolean"}, "type": "entry"}]}]}]}, {"attributes": {"access": "protected", "line": 109, "name": "_onTap"}, "type": "method", "children": [{"attributes": {"text": "<p>Handler for tap events.</p>"}, "type": "desc"}]}, {"attributes": {"access": "protected", "line": 120, "name": "_setValue"}, "type": "method", "children": [{"attributes": {}, "type": "params", "children": [{"attributes": {"name": "value"}, "type": "param", "children": [{"attributes": {"text": "<p>the new value of the checkbox</p>"}, "type": "desc"}, {"attributes": {}, "type": "types", "children": [{"attributes": {"type": "Boolean"}, "type": "entry"}]}]}]}, {"attributes": {"text": "<p>Sets the value [true/false] of this checkbox.\nIt is called by setValue method of qx.ui.mobile.form.MValue mixin</p>"}, "type": "desc"}]}]}]}