{"attributes": {"name": "WidgetProvider", "isInternal": true, "packageName": "qx.ui.tree.provider", "mixins": "qx.ui.tree.core.MWidgetController", "access": "internal", "superClass": "qx.core.Object", "fullName": "qx.ui.tree.provider.WidgetProvider", "type": "class", "interfaces": "qx.ui.virtual.core.IWidgetCellProvider,qx.ui.tree.provider.IVirtualTreeProvider"}, "type": "class", "children": [{"attributes": {"text": "<p>The provider implements the {@link qx.ui.virtual.core.IWidgetCellProvider}\n<span class=\"caps\">API</span>, which can be used as delegate for the widget cell rendering and it\nprovides a <span class=\"caps\">API</span> to bind the model with the rendered item.</p>"}, "type": "desc"}, {"attributes": {}, "type": "constructor", "children": [{"attributes": {"line": 42, "isCtor": true, "overriddenFrom": "qx.core.Object", "name": "ctor"}, "type": "method", "children": [{"attributes": {}, "type": "params", "children": [{"attributes": {"name": "tree"}, "type": "param", "children": [{"attributes": {"text": "<p>tree to provide.</p>"}, "type": "desc"}, {"attributes": {}, "type": "types", "children": [{"attributes": {"type": "qx.ui.tree.VirtualTree"}, "type": "entry"}]}]}]}, {"attributes": {"text": ""}, "type": "desc"}]}]}, {"attributes": {}, "type": "methods", "children": [{"attributes": {"access": "private", "line": 271, "name": "__onOpenChanged"}, "type": "method", "children": [{"attributes": {}, "type": "params", "children": [{"attributes": {"name": "event"}, "type": "param", "children": [{"attributes": {"text": "<p>The data event.</p>"}, "type": "desc"}, {"attributes": {}, "type": "types", "children": [{"attributes": {"type": "qx.event.type.Data"}, "type": "entry"}]}]}]}, {"attributes": {"text": "<p>Handler when a node changes opened or closed state.</p>"}, "type": "desc"}]}, {"attributes": {"access": "protected", "line": 254, "name": "_onChangeDelegate"}, "type": "method", "children": [{"attributes": {}, "type": "params", "children": [{"attributes": {"name": "event"}, "type": "param", "children": [{"attributes": {"text": "<p>fired event.</p>"}, "type": "desc"}, {"attributes": {}, "type": "types", "children": [{"attributes": {"type": "qx.event.type.Data"}, "type": "entry"}]}]}]}, {"attributes": {"text": "<p>Event handler for the change delegate event.</p>"}, "type": "desc"}]}, {"attributes": {"access": "protected", "line": 238, "name": "_onItemCreated"}, "type": "method", "children": [{"attributes": {}, "type": "params", "children": [{"attributes": {"name": "event"}, "type": "param", "children": [{"attributes": {"text": "<p>fired event.</p>"}, "type": "desc"}, {"attributes": {}, "type": "types", "children": [{"attributes": {"type": "qx.event.type.Data"}, "type": "entry"}]}]}]}, {"attributes": {"text": "<p>Event handler for the created item&#8217;s.</p>"}, "type": "desc"}]}, {"attributes": {"access": "protected", "line": 216, "name": "_onPool"}, "type": "method", "children": [{"attributes": {}, "type": "params", "children": [{"attributes": {"name": "item"}, "type": "param", "children": [{"attributes": {"text": "<p>Item to modify.</p>"}, "type": "desc"}, {"attributes": {}, "type": "types", "children": [{"attributes": {"type": "qx.ui.core.Widget"}, "type": "entry"}]}]}]}, {"attributes": {"text": "<p>Calls the delegate <code>onPool</code> method when it is used in the\n{@link #delegate} property.</p>"}, "type": "desc"}]}, {"attributes": {"access": "protected", "line": 187, "name": "_styleSelectabled"}, "type": "method", "children": [{"attributes": {}, "type": "params", "children": [{"attributes": {"name": "widget"}, "type": "param", "children": [{"attributes": {"text": "<p>widget to style.</p>"}, "type": "desc"}, {"attributes": {}, "type": "types", "children": [{"attributes": {"type": "qx.ui.core.Widget"}, "type": "entry"}]}]}]}, {"attributes": {"text": "<p>Styles a selected item.</p>"}, "type": "desc"}]}, {"attributes": {"access": "protected", "line": 201, "name": "_styleUnselectabled"}, "type": "method", "children": [{"attributes": {}, "type": "params", "children": [{"attributes": {"name": "widget"}, "type": "param", "children": [{"attributes": {"text": "<p>widget to style.</p>"}, "type": "desc"}, {"attributes": {}, "type": "types", "children": [{"attributes": {"type": "qx.ui.core.Widget"}, "type": "entry"}]}]}]}, {"attributes": {"text": "<p>Styles a not selected item.</p>"}, "type": "desc"}]}, {"attributes": {"docFrom": "qx.ui.tree.provider.IVirtualTreeProvider", "line": 122, "name": "createLayer"}, "type": "method"}, {"attributes": {"docFrom": "qx.ui.tree.provider.IVirtualTreeProvider", "line": 128, "name": "createRenderer"}, "type": "method"}, {"attributes": {"docFrom": "qx.ui.virtual.core.IWidgetCellProvider", "line": 71, "name": "getCellWidget"}, "type": "method", "children": [{"attributes": {}, "type": "params", "children": [{"attributes": {"name": "row"}, "type": "param"}, {"attributes": {"name": "column"}, "type": "param"}]}]}, {"attributes": {"docFrom": "qx.ui.tree.provider.IVirtualTreeProvider", "line": 164, "name": "isSelectable"}, "type": "method", "children": [{"attributes": {}, "type": "params", "children": [{"attributes": {"name": "row"}, "type": "param"}]}]}, {"attributes": {"docFrom": "qx.ui.virtual.core.IWidgetCellProvider", "line": 112, "name": "poolCellWidget"}, "type": "method", "children": [{"attributes": {}, "type": "params", "children": [{"attributes": {"name": "widget"}, "type": "param"}]}]}, {"attributes": {"docFrom": "qx.ui.tree.provider.IVirtualTreeProvider", "line": 148, "name": "styleSelectabled"}, "type": "method", "children": [{"attributes": {}, "type": "params", "children": [{"attributes": {"name": "row"}, "type": "param"}]}]}, {"attributes": {"docFrom": "qx.ui.tree.provider.IVirtualTreeProvider", "line": 156, "name": "styleUnselectabled"}, "type": "method", "children": [{"attributes": {}, "type": "params", "children": [{"attributes": {"name": "row"}, "type": "param"}]}]}]}]}