{"attributes": {"name": "IVirtualTreeProvider", "isInternal": true, "packageName": "qx.ui.tree.provider", "implementations": "qx.ui.tree.provider.WidgetProvider", "access": "internal", "fullName": "qx.ui.tree.provider.IVirtualTreeProvider", "type": "interface"}, "type": "class", "children": [{"attributes": {"text": "<p>This interface needs to implemented from all {@link qx.ui.tree.VirtualTree}\nproviders.</p>"}, "type": "desc"}, {"attributes": {}, "type": "methods", "children": [{"attributes": {"line": 35, "name": "createLayer"}, "type": "method", "children": [{"attributes": {"text": "<p>Creates a layer for node and leaf rendering.</p>"}, "type": "desc"}, {"attributes": {}, "type": "return", "children": [{"attributes": {"text": "<p>new layer.</p>"}, "type": "desc"}, {"attributes": {}, "type": "types", "children": [{"attributes": {"type": "qx.ui.virtual.layer.Abstract"}, "type": "entry"}]}]}]}, {"attributes": {"line": 43, "name": "createRenderer"}, "type": "method", "children": [{"attributes": {"text": "<p>Creates a renderer for rendering.</p>"}, "type": "desc"}, {"attributes": {}, "type": "return", "children": [{"attributes": {"text": "<p>new node renderer.</p>"}, "type": "desc"}, {"attributes": {}, "type": "types", "children": [{"attributes": {"type": "var"}, "type": "entry"}]}]}]}, {"attributes": {"line": 102, "name": "isSelectable"}, "type": "method", "children": [{"attributes": {}, "type": "params", "children": [{"attributes": {"name": "row"}, "type": "param", "children": [{"attributes": {"text": "<p>row to select.</p>"}, "type": "desc"}, {"attributes": {}, "type": "types", "children": [{"attributes": {"type": "Integer"}, "type": "entry"}]}]}]}, {"attributes": {"text": "<p>Returns if the passed row can be selected or not.</p>"}, "type": "desc"}, {"attributes": {}, "type": "return", "children": [{"attributes": {"text": "<code>true</code> when the row can be selected, <code>false</code> otherwise."}, "type": "desc"}, {"attributes": {}, "type": "types", "children": [{"attributes": {"type": "Boolean"}, "type": "entry"}]}]}]}, {"attributes": {"line": 51, "name": "setChildProperty"}, "type": "method", "children": [{"attributes": {}, "type": "params", "children": [{"attributes": {"name": "value"}, "type": "param", "children": [{"attributes": {"text": "<p>The child property name.</p>"}, "type": "desc"}, {"attributes": {}, "type": "types", "children": [{"attributes": {"type": "String"}, "type": "entry"}]}]}]}, {"attributes": {"text": "<p>Sets the name of the property, where the children are stored in the model.</p>"}, "type": "desc"}]}, {"attributes": {"line": 64, "name": "setLabelPath"}, "type": "method", "children": [{"attributes": {}, "type": "params", "children": [{"attributes": {"name": "value"}, "type": "param", "children": [{"attributes": {"text": "<p>The label path.</p>"}, "type": "desc"}, {"attributes": {}, "type": "types", "children": [{"attributes": {"type": "String"}, "type": "entry"}]}]}]}, {"attributes": {"text": "<p>Sets the name of the property, where the value for the tree folders label\nis stored in the model classes.</p>"}, "type": "desc"}]}, {"attributes": {"line": 76, "name": "styleSelectabled"}, "type": "method", "children": [{"attributes": {}, "type": "params", "children": [{"attributes": {"name": "row"}, "type": "param", "children": [{"attributes": {"text": "<p>row to style.</p>"}, "type": "desc"}, {"attributes": {}, "type": "types", "children": [{"attributes": {"type": "Integer"}, "type": "entry"}]}]}]}, {"attributes": {"text": "<p>Styles a selected item.</p>"}, "type": "desc"}]}, {"attributes": {"line": 88, "name": "styleUnselectabled"}, "type": "method", "children": [{"attributes": {}, "type": "params", "children": [{"attributes": {"name": "row"}, "type": "param", "children": [{"attributes": {"text": "<p>row to style.</p>"}, "type": "desc"}, {"attributes": {}, "type": "types", "children": [{"attributes": {"type": "Integer"}, "type": "entry"}]}]}]}, {"attributes": {"text": "<p>Styles a not selected item.</p>"}, "type": "desc"}]}]}]}