{"attributes": {"name": "TextArea", "packageName": "qx.ui.mobile.form", "mixins": "qx.ui.mobile.form.MValue,qx.ui.mobile.form.MText,qx.ui.form.MForm,qx.ui.form.MModelProperty,qx.ui.mobile.form.MState", "superClass": "qx.ui.mobile.core.Widget", "fullName": "qx.ui.mobile.form.TextArea", "type": "class", "interfaces": "qx.ui.form.IForm,qx.ui.form.IModel"}, "type": "class", "children": [{"attributes": {"text": "<p>The TextArea is a multi-line text input field.</p>"}, "type": "desc"}, {"attributes": {}, "type": "constructor", "children": [{"attributes": {"line": 48, "isCtor": true, "overriddenFrom": "qx.ui.mobile.core.Widget", "name": "ctor"}, "type": "method", "children": [{"attributes": {}, "type": "params", "children": [{"attributes": {"defaultValue": "null", "optional": true, "name": "value"}, "type": "param", "children": [{"attributes": {"text": "<p>The value of the widget.</p>"}, "type": "desc"}, {"attributes": {}, "type": "types", "children": [{"attributes": {"type": "var"}, "type": "entry"}]}]}]}, {"attributes": {"text": ""}, "type": "desc"}]}]}, {"attributes": {}, "type": "properties", "children": [{"attributes": {"name": "defaultCssClass", "docFrom": "qx.ui.mobile.core.Widget", "defaultValue": "\"text-area\"", "refine": "true", "propertyType": "new", "overriddenFrom": "qx.ui.mobile.core.Widget"}, "type": "property"}]}, {"attributes": {}, "type": "methods", "children": [{"attributes": {"access": "private", "line": 107, "name": "__getScrollContainer"}, "type": "method", "children": [{"attributes": {"text": "<p>Returns the parent scroll container of this widget.</p>"}, "type": "desc"}, {"attributes": {}, "type": "return", "children": [{"attributes": {"text": "<p>the parent scroll container or <code>null</code></p>"}, "type": "desc"}, {"attributes": {}, "type": "types", "children": [{"attributes": {"type": "qx.ui.mobile.container.Scroll"}, "type": "entry"}]}]}]}, {"attributes": {"access": "protected", "line": 92, "name": "_fixChildElementsHeight"}, "type": "method", "children": [{"attributes": {}, "type": "params", "children": [{"attributes": {"name": "evt"}, "type": "param", "children": [{"attributes": {"text": "<p>a custom event.</p>"}, "type": "desc"}, {"attributes": {}, "type": "types", "children": [{"attributes": {"type": "qx.event.type.Data"}, "type": "entry"}]}]}]}, {"attributes": {"text": "<p>Synchronizes the elements.scrollHeight and its height.\nNeeded for making textArea scrollable.</p>"}, "type": "desc"}]}, {"attributes": {"access": "protected", "docFrom": "qx.ui.mobile.core.Widget", "line": 81, "overriddenFrom": "qx.ui.mobile.core.Widget", "name": "_getTagName"}, "type": "method"}]}]}