{"attributes": {"fullName": "qx.ui.table.cellrenderer.Image", "packageName": "qx.ui.table.cellrenderer", "type": "class", "name": "Image", "superClass": "qx.ui.table.cellrenderer.AbstractImage"}, "type": "class", "children": [{"attributes": {"text": "<p>The image cell renderer renders image into table cells.</p>"}, "type": "desc"}, {"attributes": {}, "type": "constructor", "children": [{"attributes": {"line": 39, "isCtor": true, "overriddenFrom": "qx.ui.table.cellrenderer.AbstractImage", "name": "ctor"}, "type": "method", "children": [{"attributes": {}, "type": "params", "children": [{"attributes": {"defaultValue": "16", "optional": true, "name": "width"}, "type": "param", "children": [{"attributes": {"text": "<p>The width of the image. The default is 16.</p>"}, "type": "desc"}, {"attributes": {}, "type": "types", "children": [{"attributes": {"type": "Integer"}, "type": "entry"}]}]}, {"attributes": {"defaultValue": "16", "optional": true, "name": "height"}, "type": "param", "children": [{"attributes": {"text": "<p>The height of the image. The default is 16.</p>"}, "type": "desc"}, {"attributes": {}, "type": "types", "children": [{"attributes": {"type": "Integer"}, "type": "entry"}]}]}]}, {"attributes": {"text": ""}, "type": "desc"}]}]}, {"attributes": {}, "type": "methods", "children": [{"attributes": {"access": "protected", "docFrom": "qx.ui.table.cellrenderer.AbstractImage", "line": 71, "overriddenFrom": "qx.ui.table.cellrenderer.AbstractImage", "name": "_identifyImage"}, "type": "method", "children": [{"attributes": {}, "type": "params", "children": [{"attributes": {"name": "cellInfo"}, "type": "param"}]}]}]}]}