{"attributes": {"fullName": "qx.ui.table.cellrenderer.Debug", "packageName": "qx.ui.table.cellrenderer", "type": "class", "name": "Debug", "superClass": "qx.ui.table.cellrenderer.Abstract"}, "type": "class", "children": [{"attributes": {"text": "<p>A debug cell editor.  This displays cellInfo.value using\n{@link qx.dev.Debug#debugObjectToString} so is useful as a starting point\nduring development of a table, before writing each of the cell renderers.</p>"}, "type": "desc"}, {"attributes": {}, "type": "methods", "children": [{"attributes": {"access": "protected", "docFrom": "qx.ui.table.cellrenderer.Abstract", "line": 32, "overriddenFrom": "qx.ui.table.cellrenderer.Abstract", "name": "_getContentHtml"}, "type": "method", "children": [{"attributes": {}, "type": "params", "children": [{"attributes": {"name": "cellInfo"}, "type": "param"}]}]}]}]}