{"attributes": {"fullName": "qx.ui.mobile.container.MasterDetail", "packageName": "qx.ui.mobile.container", "type": "class", "name": "MasterDetail", "superClass": "qx.ui.mobile.container.Composite"}, "type": "class", "children": [{"attributes": {"text": ""}, "type": "desc"}, {"attributes": {}, "type": "deprecated", "children": [{"attributes": {"text": "<p>Please use the qx.ui.mobile.page.Manager for this purpose. The master/detail container divides an area into two panes, master and detail. The master can be detached when the orientation of the device changes to portrait. This container provides an optimized view for tablet and mobile devices. <strong>Example</strong> Here is a little example of how to use the master/detail container.</p>\n\n<pre class=\"javascript\"> var container = new qx.ui.mobile.container.MasterDetail(); container.getMaster().add(new qx.ui.mobile.container.Navigation()); container.getDetail().add(new qx.ui.mobile.container.Navigation()); </pre>"}, "type": "desc"}]}, {"attributes": {}, "type": "events", "children": [{"attributes": {"name": "layoutChange"}, "type": "event", "children": [{"attributes": {"text": "<p>Fired when the layout of the master detail is changed. This happens\nwhen the orientation of the device is changed.</p>"}, "type": "desc"}, {"attributes": {}, "type": "types", "children": [{"attributes": {"type": "qx.event.type.Data"}, "type": "entry"}]}]}]}, {"attributes": {}, "type": "properties", "children": [{"attributes": {"name": "defaultCssClass", "docFrom": "qx.ui.mobile.core.Widget", "defaultValue": "\"master-detail\"", "refine": "true", "propertyType": "new", "overriddenFrom": "qx.ui.mobile.core.Widget"}, "type": "property"}]}, {"attributes": {}, "type": "constructor", "children": [{"attributes": {"line": 71, "isCtor": true, "overriddenFrom": "qx.ui.mobile.container.Composite", "name": "ctor"}, "type": "method", "children": [{"attributes": {}, "type": "params", "children": [{"attributes": {"defaultValue": "null", "optional": true, "name": "layout"}, "type": "param", "children": [{"attributes": {"text": "<p>The layout that should be used for this container</p>"}, "type": "desc"}, {"attributes": {}, "type": "types", "children": [{"attributes": {"type": "qx.ui.mobile.layout.Abstract"}, "type": "entry"}]}]}]}, {"attributes": {"text": ""}, "type": "desc"}]}]}, {"attributes": {}, "type": "methods", "children": [{"attributes": {"access": "private", "line": 122, "name": "__syncLayout"}, "type": "method", "children": [{"attributes": {"text": "<p>Synchronizes the layout.</p>"}, "type": "desc"}]}, {"attributes": {"access": "protected", "line": 154, "name": "_createDetailContainer"}, "type": "method", "children": [{"attributes": {"text": "<p>Creates the detail container.</p>"}, "type": "desc"}, {"attributes": {}, "type": "return", "children": [{"attributes": {"text": "<p>The created container</p>"}, "type": "desc"}, {"attributes": {}, "type": "types", "children": [{"attributes": {"type": "qx.ui.mobile.container.Composite"}, "type": "entry"}]}]}]}, {"attributes": {"access": "protected", "line": 141, "name": "_createMasterContainer"}, "type": "method", "children": [{"attributes": {"text": "<p>Creates the master container.</p>"}, "type": "desc"}, {"attributes": {}, "type": "return", "children": [{"attributes": {"text": "<p>The created container</p>"}, "type": "desc"}, {"attributes": {}, "type": "types", "children": [{"attributes": {"type": "qx.ui.mobile.container.Composite"}, "type": "entry"}]}]}]}, {"attributes": {"access": "protected", "line": 114, "name": "_onOrientationChange"}, "type": "method", "children": [{"attributes": {}, "type": "params", "children": [{"attributes": {"name": "evt"}, "type": "param", "children": [{"attributes": {"text": "<p>The causing event</p>"}, "type": "desc"}, {"attributes": {}, "type": "types", "children": [{"attributes": {"type": "qx.event.type.Orientation"}, "type": "entry"}]}]}]}, {"attributes": {"text": "<p>Event handler. Called when the orientation of the device is changed.</p>"}, "type": "desc"}]}, {"attributes": {"line": 104, "name": "getDetail"}, "type": "method", "children": [{"attributes": {"text": "<p>Returns the detail container.</p>"}, "type": "desc"}, {"attributes": {}, "type": "return", "children": [{"attributes": {"text": "<p>The detail container</p>"}, "type": "desc"}, {"attributes": {}, "type": "types", "children": [{"attributes": {"type": "qx.ui.mobile.container.Composite"}, "type": "entry"}]}]}]}, {"attributes": {"line": 94, "name": "getMaster"}, "type": "method", "children": [{"attributes": {"text": "<p>Returns the master container.</p>"}, "type": "desc"}, {"attributes": {}, "type": "return", "children": [{"attributes": {"text": "<p>The master container</p>"}, "type": "desc"}, {"attributes": {}, "type": "types", "children": [{"attributes": {"type": "qx.ui.mobile.container.Composite"}, "type": "entry"}]}]}]}]}]}