{"attributes": {"fullName": "qx.ui.mobile.core.MLayoutHandling", "packageName": "qx.ui.mobile.core", "type": "mixin", "name": "MLayoutHandling", "includer": "qx.ui.mobile.container.Composite"}, "type": "class", "children": [{"attributes": {"text": "<p>This mixin exposes all methods to manage the layout manager of a widget.\nIt can only be included into instances of {@link Widget}.</p>\n\n<p>To optimize the method calls the including widget should call the method\n{@link #remap} in its defer function. This will map the protected\nmethods to the public ones and save one method call for each function.</p>"}, "type": "desc"}, {"attributes": {}, "type": "methods", "children": [{"attributes": {"line": 56, "isMixin": true, "name": "getLayout"}, "type": "method", "children": [{"attributes": {"text": "<p>Get the widget&#8217;s layout manager.</p>"}, "type": "desc"}, {"attributes": {}, "type": "return", "children": [{"attributes": {"text": "<p>The widget&#8217;s layout manager</p>"}, "type": "desc"}, {"attributes": {}, "type": "types", "children": [{"attributes": {"type": "qx.ui.mobile.layout.Abstract"}, "type": "entry"}]}]}]}, {"attributes": {"line": 46, "isMixin": true, "name": "setLayout"}, "type": "method", "children": [{"attributes": {}, "type": "params", "children": [{"attributes": {"name": "layout"}, "type": "param", "children": [{"attributes": {"text": "<p>The new layout or <code>null</code> to reset the layout.</p>"}, "type": "desc"}, {"attributes": {}, "type": "types", "children": [{"attributes": {"type": "qx.ui.mobile.layout.Abstract"}, "type": "entry"}]}]}]}, {"attributes": {"text": "<p>Set a layout manager for the widget. A a layout manager can only be connected\nwith one widget. Reset the connection with a previous widget first, if you\nlike to use it in another widget instead.</p>"}, "type": "desc"}]}]}, {"attributes": {}, "type": "methods-static", "children": [{"attributes": {"line": 79, "isMixin": true, "isStatic": true, "name": "remap"}, "type": "method", "children": [{"attributes": {}, "type": "params", "children": [{"attributes": {"name": "members"}, "type": "param", "children": [{"attributes": {"text": "<p>The including classes members map</p>"}, "type": "desc"}, {"attributes": {}, "type": "types", "children": [{"attributes": {"type": "Map"}, "type": "entry"}]}]}]}, {"attributes": {"text": "<p>Mapping of protected methods to public.\nThis omits an additional function call when using these methods. Call\nthis methods in the defer block of the including class.</p>"}, "type": "desc"}]}]}]}