{"attributes": {"fullName": "qx.ui.core.MNativeOverflow", "packageName": "qx.ui.core", "type": "mixin", "name": "MNativeOverflow", "includer": "qx.ui.embed.Html"}, "type": "class", "children": [{"attributes": {"text": "<p>This mixin is included by all widgets which supports native overflowing.</p>"}, "type": "desc"}, {"attributes": {}, "type": "methods", "children": [{"attributes": {"access": "protected", "line": 76, "isMixin": true, "name": "_applyOverflowX"}, "type": "method", "children": [{"attributes": {}, "type": "params", "children": [{"attributes": {"name": "value"}, "type": "param", "children": [{"attributes": {"text": "<p>new value of the property</p>"}, "type": "desc"}, {"attributes": {}, "type": "types", "children": [{"attributes": {"type": "var"}, "type": "entry"}]}]}, {"attributes": {"name": "old"}, "type": "param", "children": [{"attributes": {"text": "<p>previous value of the property (null if it was not yet set).</p>"}, "type": "desc"}, {"attributes": {}, "type": "types", "children": [{"attributes": {"type": "var"}, "type": "entry"}]}]}]}, {"attributes": {}, "type": "apply", "children": [{"attributes": {"applies": "qx.ui.core.MNativeOverflow#overflowX"}, "type": "entry"}]}, {"attributes": {"text": "<p>Applies changes of the property value of the property <code>overflowX</code>.</p>\n\n<p>For further details take a look at the property definition: {@link #overflowX}.</p>"}, "type": "desc"}]}, {"attributes": {"access": "protected", "line": 82, "isMixin": true, "name": "_applyOverflowY"}, "type": "method", "children": [{"attributes": {}, "type": "params", "children": [{"attributes": {"name": "value"}, "type": "param", "children": [{"attributes": {"text": "<p>new value of the property</p>"}, "type": "desc"}, {"attributes": {}, "type": "types", "children": [{"attributes": {"type": "var"}, "type": "entry"}]}]}, {"attributes": {"name": "old"}, "type": "param", "children": [{"attributes": {"text": "<p>previous value of the property (null if it was not yet set).</p>"}, "type": "desc"}, {"attributes": {}, "type": "types", "children": [{"attributes": {"type": "var"}, "type": "entry"}]}]}]}, {"attributes": {}, "type": "apply", "children": [{"attributes": {"applies": "qx.ui.core.MNativeOverflow#overflowY"}, "type": "entry"}]}, {"attributes": {"text": "<p>Applies changes of the property value of the property <code>overflowY</code>.</p>\n\n<p>For further details take a look at the property definition: {@link #overflowY}.</p>"}, "type": "desc"}]}, {"attributes": {"name": "getOverflowX", "fromProperty": "overflowX"}, "type": "method", "children": [{"attributes": {"text": "<p>Returns the (computed) value of the property <code>overflowX</code>.</p>\n\n<p>For further details take a look at the property definition: {@link #overflowX}.</p>"}, "type": "desc"}, {"attributes": {}, "type": "return", "children": [{"attributes": {"text": "<p>(Computed) value of <code>overflowX</code>.</p>"}, "type": "desc"}, {"attributes": {}, "type": "types", "children": [{"attributes": {"type": "var"}, "type": "entry"}]}]}]}, {"attributes": {"name": "getOverflowY", "fromProperty": "overflowY"}, "type": "method", "children": [{"attributes": {"text": "<p>Returns the (computed) value of the property <code>overflowY</code>.</p>\n\n<p>For further details take a look at the property definition: {@link #overflowY}.</p>"}, "type": "desc"}, {"attributes": {}, "type": "return", "children": [{"attributes": {"text": "<p>(Computed) value of <code>overflowY</code>.</p>"}, "type": "desc"}, {"attributes": {}, "type": "types", "children": [{"attributes": {"type": "var"}, "type": "entry"}]}]}]}, {"attributes": {"access": "protected", "name": "initOverflowX", "fromProperty": "overflowX"}, "type": "method", "children": [{"attributes": {}, "type": "params", "children": [{"attributes": {"name": "value"}, "type": "param", "children": [{"attributes": {"text": "<p>Initial value for property <code>overflowX</code>.</p>"}, "type": "desc"}, {"attributes": {}, "type": "types", "children": [{"attributes": {"type": "var"}, "type": "entry"}]}]}]}, {"attributes": {"text": "<p>Calls the apply method and dispatches the change event of the property <code>overflowX</code>\nwith the default value defined by the class developer. This function can\nonly be called from the constructor of a class.</p>\n\n<p>For further details take a look at the property definition: {@link #overflowX}.</p>"}, "type": "desc"}, {"attributes": {}, "type": "return", "children": [{"attributes": {"text": "<p>the default value</p>"}, "type": "desc"}, {"attributes": {}, "type": "types", "children": [{"attributes": {"type": "var"}, "type": "entry"}]}]}]}, {"attributes": {"access": "protected", "name": "initOverflowY", "fromProperty": "overflowY"}, "type": "method", "children": [{"attributes": {}, "type": "params", "children": [{"attributes": {"name": "value"}, "type": "param", "children": [{"attributes": {"text": "<p>Initial value for property <code>overflowY</code>.</p>"}, "type": "desc"}, {"attributes": {}, "type": "types", "children": [{"attributes": {"type": "var"}, "type": "entry"}]}]}]}, {"attributes": {"text": "<p>Calls the apply method and dispatches the change event of the property <code>overflowY</code>\nwith the default value defined by the class developer. This function can\nonly be called from the constructor of a class.</p>\n\n<p>For further details take a look at the property definition: {@link #overflowY}.</p>"}, "type": "desc"}, {"attributes": {}, "type": "return", "children": [{"attributes": {"text": "<p>the default value</p>"}, "type": "desc"}, {"attributes": {}, "type": "types", "children": [{"attributes": {"type": "var"}, "type": "entry"}]}]}]}, {"attributes": {"name": "resetOverflow", "fromProperty": "overflow"}, "type": "method", "children": [{"attributes": {"text": "<p>Resets the user value of the property <code>overflow</code>.</p>\n\n<p>The computed value falls back to the next available value e.g. appearance, init or\ninheritance value depeneding on the property configuration and value availability.</p>\n\n<p>For further details take a look at the property definition: {@link #overflow}.</p>"}, "type": "desc"}]}, {"attributes": {"name": "resetOverflowX", "fromProperty": "overflowX"}, "type": "method", "children": [{"attributes": {"text": "<p>Resets the user value of the property <code>overflowX</code>.</p>\n\n<p>The computed value falls back to the next available value e.g. appearance, init or\ninheritance value depeneding on the property configuration and value availability.</p>\n\n<p>For further details take a look at the property definition: {@link #overflowX}.</p>"}, "type": "desc"}]}, {"attributes": {"name": "resetOverflowY", "fromProperty": "overflowY"}, "type": "method", "children": [{"attributes": {"text": "<p>Resets the user value of the property <code>overflowY</code>.</p>\n\n<p>The computed value falls back to the next available value e.g. appearance, init or\ninheritance value depeneding on the property configuration and value availability.</p>\n\n<p>For further details take a look at the property definition: {@link #overflowY}.</p>"}, "type": "desc"}]}, {"attributes": {"line": 9, "name": "setOverflow", "fromProperty": "overflow"}, "type": "method", "children": [{"attributes": {}, "type": "params", "children": [{"attributes": {"name": "overflowX"}, "type": "param", "children": [{"attributes": {"text": "<p>Sets the value of the property {@link #overflowX}.</p>"}, "type": "desc"}, {"attributes": {}, "type": "types", "children": [{"attributes": {"type": "var"}, "type": "entry"}]}]}, {"attributes": {"name": "overflowY"}, "type": "param", "children": [{"attributes": {"text": "<p>Sets the value of the property {@link #overflowY}.</p>"}, "type": "desc"}, {"attributes": {}, "type": "types", "children": [{"attributes": {"type": "var"}, "type": "entry"}]}]}]}, {"attributes": {"text": "<p>Sets the values of the property group <code>overflow</code>.</p>\n\n<p>For further details take a look at the property definition: {@link #overflow}.</p>"}, "type": "desc"}]}, {"attributes": {"name": "setOverflowX", "fromProperty": "overflowX"}, "type": "method", "children": [{"attributes": {}, "type": "params", "children": [{"attributes": {"name": "value"}, "type": "param", "children": [{"attributes": {"text": "<p>New value for property <code>overflowX</code>.</p>"}, "type": "desc"}, {"attributes": {}, "type": "types", "children": [{"attributes": {"type": "var"}, "type": "entry"}]}]}]}, {"attributes": {"text": "<p>Sets the user value of the property <code>overflowX</code>.</p>\n\n<p>For further details take a look at the property definition: {@link #overflowX}.</p>"}, "type": "desc"}, {"attributes": {}, "type": "return", "children": [{"attributes": {"text": "<p>The unmodified incoming value.</p>"}, "type": "desc"}, {"attributes": {}, "type": "types", "children": [{"attributes": {"type": "var"}, "type": "entry"}]}]}]}, {"attributes": {"name": "setOverflowY", "fromProperty": "overflowY"}, "type": "method", "children": [{"attributes": {}, "type": "params", "children": [{"attributes": {"name": "value"}, "type": "param", "children": [{"attributes": {"text": "<p>New value for property <code>overflowY</code>.</p>"}, "type": "desc"}, {"attributes": {}, "type": "types", "children": [{"attributes": {"type": "var"}, "type": "entry"}]}]}]}, {"attributes": {"text": "<p>Sets the user value of the property <code>overflowY</code>.</p>\n\n<p>For further details take a look at the property definition: {@link #overflowY}.</p>"}, "type": "desc"}, {"attributes": {}, "type": "return", "children": [{"attributes": {"text": "<p>The unmodified incoming value.</p>"}, "type": "desc"}, {"attributes": {}, "type": "types", "children": [{"attributes": {"type": "var"}, "type": "entry"}]}]}]}]}, {"attributes": {}, "type": "properties", "children": [{"attributes": {"isMixin": true, "group": "\"overflowX\",\"overflowY\"", "name": "overflow", "propertyType": "group"}, "type": "property", "children": [{"attributes": {"text": "<p>Overflow group property</p>"}, "type": "desc"}]}, {"attributes": {"name": "overflowX", "isMixin": true, "allowNull": "true", "propertyType": "new", "possibleValues": "\"hidden\",\"visible\",\"scroll\",\"auto\"", "apply": "_applyOverflowX"}, "type": "property", "children": [{"attributes": {"text": "<p>Whether the widget should have horizontal scrollbars.</p>"}, "type": "desc"}]}, {"attributes": {"name": "overflowY", "isMixin": true, "allowNull": "true", "propertyType": "new", "possibleValues": "\"hidden\",\"visible\",\"scroll\",\"auto\"", "apply": "_applyOverflowY"}, "type": "property", "children": [{"attributes": {"text": "<p>Whether the widget should have vertical scrollbars.</p>"}, "type": "desc"}]}]}]}