{"attributes": {"name": "Composite", "packageName": "qx.ui.mobile.container", "mixins": "qx.ui.mobile.core.MChildrenHandling,qx.ui.mobile.core.MLayoutHandling", "superClass": "qx.ui.mobile.core.Widget", "childClasses": "qx.ui.mobile.container.Carousel,qx.ui.mobile.container.Drawer,qx.ui.mobile.container.MasterDetail,qx.ui.mobile.container.Navigation,qx.ui.mobile.container.Scroll,qx.ui.mobile.container.ScrollComposite,qx.ui.mobile.core.Root,qx.ui.mobile.form.Group,qx.ui.mobile.form.Row,qx.ui.mobile.list.renderer.Abstract,qx.ui.mobile.list.renderer.group.Abstract,qx.ui.mobile.navigationbar.NavigationBar,qx.ui.mobile.page.Page,qx.ui.mobile.toolbar.ToolBar", "fullName": "qx.ui.mobile.container.Composite", "type": "class"}, "type": "class", "children": [{"attributes": {"text": "<p>The Composite is a generic container widget.</p>\n\n<p>It exposes all methods to set layouts and to manage child widgets\nas public methods. You must configure this widget with a layout manager to\ndefine the way the widget&#8217;s children are positioned.</p>\n\n<p><strong>Example</strong></p>\n\n<p>Here is a little example of how to use the widget.</p>\n\n<pre class=\"javascript\">\n  // create the composite\n  var composite = new qx.ui.mobile.container.Composite();\n\n  composite.setLayout(new qx.ui.mobile.layout.HBox());\n\n  // add some children\n  composite.add(new qx.ui.mobile.basic.Label(\"Name: \"), {flex:1});\n  composite.add(new qx.ui.mobile.form.TextField());\n\n  this.getRoot().add(composite);\n</pre>\n\n<p>This example horizontally groups a label and text field by using a\nComposite configured with a horizontal box layout as a container.</p>"}, "type": "desc"}, {"attributes": {}, "type": "constructor", "children": [{"attributes": {"line": 63, "isCtor": true, "overriddenFrom": "qx.ui.mobile.core.Widget", "name": "ctor"}, "type": "method", "children": [{"attributes": {}, "type": "params", "children": [{"attributes": {"defaultValue": "null", "optional": true, "name": "layout"}, "type": "param", "children": [{"attributes": {"text": "<p>The layout that should be used for this container</p>"}, "type": "desc"}, {"attributes": {}, "type": "types", "children": [{"attributes": {"type": "qx.ui.mobile.layout.Abstract"}, "type": "entry"}]}]}]}, {"attributes": {"text": ""}, "type": "desc"}]}]}]}