{"attributes": {"name": "Manager", "packageName": "qx.ui.window", "superClass": "qx.core.Object", "fullName": "qx.ui.window.Manager", "type": "class", "interfaces": "qx.ui.window.IWindowManager"}, "type": "class", "children": [{"attributes": {"text": "<p>The default window manager implementation</p>"}, "type": "desc"}, {"attributes": {}, "type": "methods", "children": [{"attributes": {"docFrom": "qx.ui.window.IWindowManager", "line": 144, "name": "bringToFront"}, "type": "method", "children": [{"attributes": {}, "type": "params", "children": [{"attributes": {"name": "win"}, "type": "param"}]}]}, {"attributes": {"docFrom": "qx.ui.window.IWindowManager", "line": 60, "name": "changeActiveWindow"}, "type": "method", "children": [{"attributes": {}, "type": "params", "children": [{"attributes": {"name": "active"}, "type": "param"}, {"attributes": {"name": "oldActive"}, "type": "param"}]}]}, {"attributes": {"line": 54, "name": "getDesktop"}, "type": "method", "children": [{"attributes": {"text": "<p>Returns the connected desktop</p>"}, "type": "desc"}, {"attributes": {}, "type": "return", "children": [{"attributes": {"text": "<p>The desktop</p>"}, "type": "desc"}, {"attributes": {}, "type": "types", "children": [{"attributes": {"type": "qx.ui.window.IDesktop"}, "type": "entry"}]}]}]}, {"attributes": {"docFrom": "qx.ui.window.IWindowManager", "line": 158, "name": "sendToBack"}, "type": "method", "children": [{"attributes": {}, "type": "params", "children": [{"attributes": {"name": "win"}, "type": "param"}]}]}, {"attributes": {"docFrom": "qx.ui.window.IWindowManager", "line": 42, "name": "setDesktop"}, "type": "method", "children": [{"attributes": {}, "type": "params", "children": [{"attributes": {"name": "desktop"}, "type": "param"}]}]}, {"attributes": {"line": 88, "name": "syncWidget"}, "type": "method", "children": [{"attributes": {"text": "<p>This method is called during the flush of the\n{@link qx.ui.core.queue.Widget widget queue}.</p>"}, "type": "desc"}]}, {"attributes": {"docFrom": "qx.ui.window.IWindowManager", "line": 76, "name": "updateStack"}, "type": "method"}]}]}