{"attributes": {"name": "Slider", "packageName": "qx.ui.mobile.form", "mixins": "qx.ui.mobile.form.MValue,qx.ui.form.MForm,qx.ui.form.MModelProperty,qx.ui.mobile.form.MState", "superClass": "qx.ui.mobile.core.Widget", "fullName": "qx.ui.mobile.form.Slider", "type": "class", "interfaces": "qx.ui.form.IForm,qx.ui.form.IModel,qx.ui.form.INumberForm"}, "type": "class", "children": [{"attributes": {"text": "<p>The Slider widget provides horizontal slider.</p>\n\n<p>The Slider is the classic widget for controlling a bounded value.\nIt lets the user move a slider handle along a horizontal\ngroove and translates the handle&#8217;s position into an integer value\nwithin the defined range.</p>\n\n<p><strong>Example</strong></p>\n\n<p>Here is a little example of how to use the widget.</p>\n\n<pre class=\"javascript\">\n   var slider= new qx.ui.mobile.form.Slider().set({\n      minimum : 0,\n      maximum : 10,\n      step : 2\n    });\n    slider.addListener(\"changeValue\", handler, this);\n\n  this.getRoot.add(slider);\n</pre>\n\n<p>This example creates a slider and attaches an\nevent listener to the {@link #changeValue} event.</p>"}, "type": "desc"}, {"attributes": {}, "type": "constructor", "children": [{"attributes": {"docFrom": "qx.ui.mobile.form.MValue", "line": 62, "isCtor": true, "overriddenFrom": "qx.ui.mobile.core.Widget", "name": "ctor"}, "type": "method"}]}, {"attributes": {}, "type": "events", "children": [{"attributes": {"name": "changeMaximum"}, "type": "event", "children": [{"attributes": {"text": "Fired on change of the property {@link #maximum}."}, "type": "desc"}, {"attributes": {}, "type": "types", "children": [{"attributes": {"type": "qx.event.type.Data"}, "type": "entry"}]}]}, {"attributes": {"name": "changeMinimum"}, "type": "event", "children": [{"attributes": {"text": "Fired on change of the property {@link #minimum}."}, "type": "desc"}, {"attributes": {}, "type": "types", "children": [{"attributes": {"type": "qx.event.type.Data"}, "type": "entry"}]}]}, {"attributes": {"name": "changeStep"}, "type": "event", "children": [{"attributes": {"text": "Fired on change of the property {@link #step}."}, "type": "desc"}, {"attributes": {}, "type": "types", "children": [{"attributes": {"type": "qx.event.type.Data"}, "type": "entry"}]}]}]}, {"attributes": {}, "type": "methods", "children": [{"attributes": {"access": "protected", "line": 346, "name": "_applyDisplayValue"}, "type": "method", "children": [{"attributes": {}, "type": "params", "children": [{"attributes": {"name": "value"}, "type": "param", "children": [{"attributes": {"text": "<p>new value of the property</p>"}, "type": "desc"}, {"attributes": {}, "type": "types", "children": [{"attributes": {"type": "var"}, "type": "entry"}]}]}, {"attributes": {"name": "old"}, "type": "param", "children": [{"attributes": {"text": "<p>previous value of the property (null if it was not yet set).</p>"}, "type": "desc"}, {"attributes": {}, "type": "types", "children": [{"attributes": {"type": "var"}, "type": "entry"}]}]}]}, {"attributes": {}, "type": "apply", "children": [{"attributes": {"applies": "qx.ui.mobile.form.Slider#displayValue"}, "type": "entry"}]}, {"attributes": {"text": "<p>Applies changes of the property value of the property <code>displayValue</code>.</p>\n\n<p>For further details take a look at the property definition: {@link #displayValue}.</p>"}, "type": "desc"}]}, {"attributes": {"access": "protected", "docFrom": "qx.ui.mobile.core.Widget", "line": 172, "overriddenFrom": "qx.ui.mobile.core.Widget", "name": "_createContainerElement"}, "type": "method"}, {"attributes": {"access": "protected", "line": 185, "name": "_createKnobElement"}, "type": "method", "children": [{"attributes": {"text": "<p>Creates the knob element.</p>"}, "type": "desc"}, {"attributes": {}, "type": "return", "children": [{"attributes": {"text": "<p>The created knob element</p>"}, "type": "desc"}, {"attributes": {}, "type": "types", "children": [{"attributes": {"type": "Element"}, "type": "entry"}]}]}]}, {"attributes": {"access": "protected", "line": 294, "name": "_getKnobElement"}, "type": "method", "children": [{"attributes": {"text": "<p>Returns the knob <span class=\"caps\">DOM</span> element.</p>"}, "type": "desc"}, {"attributes": {}, "type": "return", "children": [{"attributes": {"text": "<p>The knob <span class=\"caps\">DOM</span> element.</p>"}, "type": "desc"}, {"attributes": {}, "type": "types", "children": [{"attributes": {"type": "Element"}, "type": "entry"}]}]}]}, {"attributes": {"access": "protected", "line": 366, "name": "_getOffsetForKnob"}, "type": "method", "children": [{"attributes": {}, "type": "params", "children": [{"attributes": {"name": "position"}, "type": "param", "children": [{"attributes": {"text": "<p>The knob position</p>"}, "type": "desc"}, {"attributes": {}, "type": "types", "children": [{"attributes": {"type": "Integer"}, "type": "entry"}]}]}]}, {"attributes": {}, "type": "deprecated", "children": [{"attributes": {"text": "<p>This method is not available anymore. Determines whether the knob position needs an offset. This offset is needed for preventing the knob to be shown outside the range.</p>"}, "type": "desc"}]}, {"attributes": {"text": ""}, "type": "desc"}, {"attributes": {}, "type": "return", "children": [{"attributes": {"text": "<p>The adjusted knob position.</p>"}, "type": "desc"}, {"attributes": {}, "type": "types", "children": [{"attributes": {"type": "Integer"}, "type": "entry"}]}]}]}, {"attributes": {"access": "protected", "line": 463, "name": "_getOverallSteps"}, "type": "method", "children": [{"attributes": {"text": "<p>Return the overall number of steps.</p>"}, "type": "desc"}, {"attributes": {}, "type": "return", "children": [{"attributes": {"text": "<p>The number of steps</p>"}, "type": "desc"}, {"attributes": {}, "type": "types", "children": [{"attributes": {"type": "Integer"}, "type": "entry"}]}]}]}, {"attributes": {"access": "protected", "line": 452, "name": "_getPixelPerStep"}, "type": "method", "children": [{"attributes": {}, "type": "params", "children": [{"attributes": {"name": "width"}, "type": "param", "children": [{"attributes": {"text": "<p>The width of the slider container element</p>"}, "type": "desc"}, {"attributes": {}, "type": "types", "children": [{"attributes": {"type": "Integer"}, "type": "entry"}]}]}]}, {"attributes": {"text": "<p>Return the number of pixels per step.</p>"}, "type": "desc"}, {"attributes": {}, "type": "return", "children": [{"attributes": {"text": "<p>The pixels per step</p>"}, "type": "desc"}, {"attributes": {}, "type": "types", "children": [{"attributes": {"type": "Integer"}, "type": "entry"}]}]}]}, {"attributes": {"access": "protected", "line": 283, "name": "_getPosition"}, "type": "method", "children": [{"attributes": {}, "type": "params", "children": [{"attributes": {"name": "documentLeft"}, "type": "param", "children": [{"attributes": {"text": "<p>The left positon of the knob</p>"}, "type": "desc"}, {"attributes": {}, "type": "types", "children": [{"attributes": {"type": "Integer"}, "type": "entry"}]}]}]}, {"attributes": {"text": "<p>Returns the current position of the knob.</p>"}, "type": "desc"}, {"attributes": {}, "type": "return", "children": [{"attributes": {"text": "<p>The current position of the container element.</p>"}, "type": "desc"}, {"attributes": {}, "type": "types", "children": [{"attributes": {"type": "Integer"}, "type": "entry"}]}]}]}, {"attributes": {"access": "protected", "line": 474, "name": "_getRange"}, "type": "method", "children": [{"attributes": {"text": "<p>Return the range between {@link #maximum} and {@link #minimum}.</p>"}, "type": "desc"}, {"attributes": {}, "type": "return", "children": [{"attributes": {"text": "<p>The range between {@link #maximum} and {@link #minimum}</p>"}, "type": "desc"}, {"attributes": {}, "type": "types", "children": [{"attributes": {"type": "Integer"}, "type": "entry"}]}]}]}, {"attributes": {"access": "protected", "line": 321, "name": "_getValue"}, "type": "method", "children": [{"attributes": {"text": "<p>Gets the value [true/false] of this slider.\nIt is called by getValue method of qx.ui.mobile.form.MValue mixin</p>"}, "type": "desc"}, {"attributes": {}, "type": "return", "children": [{"attributes": {"text": "<p>the value of the slider</p>"}, "type": "desc"}, {"attributes": {}, "type": "types", "children": [{"attributes": {"type": "Integer"}, "type": "entry"}]}]}]}, {"attributes": {"access": "protected", "line": 438, "name": "_limitValue"}, "type": "method", "children": [{"attributes": {}, "type": "params", "children": [{"attributes": {"name": "value"}, "type": "param", "children": [{"attributes": {"text": "<p>The value to limit</p>"}, "type": "desc"}, {"attributes": {}, "type": "types", "children": [{"attributes": {"type": "Integer"}, "type": "entry"}]}]}]}, {"attributes": {"text": "<p>Limits a value to the set {@link #minimum} and {@link #maximum} properties.</p>"}, "type": "desc"}, {"attributes": {}, "type": "return", "children": [{"attributes": {"text": "<p>The limited value</p>"}, "type": "desc"}, {"attributes": {}, "type": "types", "children": [{"attributes": {"type": "Integer"}, "type": "entry"}]}]}]}, {"attributes": {"access": "protected", "line": 250, "name": "_onPointerDown"}, "type": "method", "children": [{"attributes": {}, "type": "params", "children": [{"attributes": {"name": "evt"}, "type": "param", "children": [{"attributes": {"text": "<p>The pointer event.</p>"}, "type": "desc"}, {"attributes": {}, "type": "types", "children": [{"attributes": {"type": "qx.event.type.Pointer"}, "type": "entry"}]}]}]}, {"attributes": {"text": "<p>Event handler. Called when the <code>pointerdown</code> event occurs.</p>"}, "type": "desc"}]}, {"attributes": {"access": "protected", "line": 268, "name": "_onTrack"}, "type": "method", "children": [{"attributes": {}, "type": "params", "children": [{"attributes": {"name": "evt"}, "type": "param", "children": [{"attributes": {"text": "<p>The track event.</p>"}, "type": "desc"}, {"attributes": {}, "type": "types", "children": [{"attributes": {"type": "qx.event.type.Track"}, "type": "entry"}]}]}]}, {"attributes": {"text": "<p>Event handler. Called when the <code>track</code> event occurs.</p>"}, "type": "desc"}]}, {"attributes": {"access": "protected", "line": 426, "name": "_percentToPosition"}, "type": "method", "children": [{"attributes": {}, "type": "params", "children": [{"attributes": {"name": "width"}, "type": "param", "children": [{"attributes": {"text": "<p>The width of the slider container element</p>"}, "type": "desc"}, {"attributes": {}, "type": "types", "children": [{"attributes": {"type": "Integer"}, "type": "entry"}]}]}, {"attributes": {"name": "percent"}, "type": "param", "children": [{"attributes": {"text": "<p>The percent to convert</p>"}, "type": "desc"}, {"attributes": {}, "type": "types", "children": [{"attributes": {"type": "Integer"}, "type": "entry"}]}]}]}, {"attributes": {"text": "<p>Converts the given percent to the position of the knob.</p>"}, "type": "desc"}, {"attributes": {}, "type": "return", "children": [{"attributes": {"text": "<p>The position of the knob</p>"}, "type": "desc"}, {"attributes": {}, "type": "types", "children": [{"attributes": {"type": "Integer"}, "type": "entry"}]}]}]}, {"attributes": {"access": "protected", "line": 405, "name": "_positionToValue"}, "type": "method", "children": [{"attributes": {}, "type": "params", "children": [{"attributes": {"name": "position"}, "type": "param", "children": [{"attributes": {"text": "<p>The position to convert</p>"}, "type": "desc"}, {"attributes": {}, "type": "types", "children": [{"attributes": {"type": "Integer"}, "type": "entry"}]}]}]}, {"attributes": {"text": "<p>Converts the given position to the corresponding value.</p>"}, "type": "desc"}, {"attributes": {}, "type": "return", "children": [{"attributes": {"text": "<p>The converted value</p>"}, "type": "desc"}, {"attributes": {}, "type": "types", "children": [{"attributes": {"type": "Integer"}, "type": "entry"}]}]}]}, {"attributes": {"access": "protected", "line": 224, "name": "_refresh"}, "type": "method", "children": [{"attributes": {"text": "<p>Refreshes the slider and the knob position.</p>"}, "type": "desc"}, {"attributes": {}, "type": "apply", "children": [{"attributes": {"applies": "qx.ui.mobile.form.Slider#maximum"}, "type": "entry"}, {"attributes": {"applies": "qx.ui.mobile.form.Slider#minimum"}, "type": "entry"}, {"attributes": {"applies": "qx.ui.mobile.form.Slider#reverseDirection"}, "type": "entry"}]}]}, {"attributes": {"access": "protected", "line": 194, "name": "_registerEventListener"}, "type": "method", "children": [{"attributes": {"text": "<p>Registers all needed event listener.</p>"}, "type": "desc"}]}, {"attributes": {"access": "protected", "line": 310, "name": "_setValue"}, "type": "method", "children": [{"attributes": {}, "type": "params", "children": [{"attributes": {"name": "value"}, "type": "param", "children": [{"attributes": {"text": "<p>the new value of the slider</p>"}, "type": "desc"}, {"attributes": {}, "type": "types", "children": [{"attributes": {"type": "Integer"}, "type": "entry"}]}]}]}, {"attributes": {"text": "<p>Sets the value of this slider.\nIt is called by setValue method of qx.ui.mobile.form.MValue mixin</p>"}, "type": "desc"}]}, {"attributes": {"access": "protected", "line": 209, "name": "_unregisterEventListener"}, "type": "method", "children": [{"attributes": {"text": "<p>Unregisters all needed event listener.</p>"}, "type": "desc"}]}, {"attributes": {"access": "protected", "line": 329, "name": "_updateKnobPosition"}, "type": "method", "children": [{"attributes": {"text": "<p>Updates the knob position based on the current value.</p>"}, "type": "desc"}]}, {"attributes": {"access": "protected", "line": 234, "name": "_updateSizes"}, "type": "method", "children": [{"attributes": {"text": "<p>Updates all internal sizes of the slider.</p>"}, "type": "desc"}]}, {"attributes": {"access": "protected", "line": 384, "name": "_valueToPercent"}, "type": "method", "children": [{"attributes": {}, "type": "params", "children": [{"attributes": {"name": "value"}, "type": "param", "children": [{"attributes": {"text": "<p>The value to convert</p>"}, "type": "desc"}, {"attributes": {}, "type": "types", "children": [{"attributes": {"type": "Integer"}, "type": "entry"}]}]}]}, {"attributes": {"text": "<p>Converts the given value to percent.</p>"}, "type": "desc"}, {"attributes": {}, "type": "return", "children": [{"attributes": {"text": "<p>The value in percent</p>"}, "type": "desc"}, {"attributes": {}, "type": "types", "children": [{"attributes": {"type": "Integer"}, "type": "entry"}]}]}]}, {"attributes": {"name": "getDisplayValue", "fromProperty": "displayValue"}, "type": "method", "children": [{"attributes": {"text": "<p>Returns the (computed) value of the property <code>displayValue</code>.</p>\n\n<p>For further details take a look at the property definition: {@link #displayValue}.</p>"}, "type": "desc"}, {"attributes": {}, "type": "return", "children": [{"attributes": {"text": "<p>(Computed) value of <code>displayValue</code>.</p>"}, "type": "desc"}, {"attributes": {}, "type": "types", "children": [{"attributes": {"type": "var"}, "type": "entry"}]}]}]}, {"attributes": {"name": "getMaximum", "fromProperty": "maximum"}, "type": "method", "children": [{"attributes": {"text": "<p>Returns the (computed) value of the property <code>maximum</code>.</p>\n\n<p>For further details take a look at the property definition: {@link #maximum}.</p>"}, "type": "desc"}, {"attributes": {}, "type": "return", "children": [{"attributes": {"text": "<p>(Computed) value of <code>maximum</code>.</p>"}, "type": "desc"}, {"attributes": {}, "type": "types", "children": [{"attributes": {"type": "var"}, "type": "entry"}]}]}]}, {"attributes": {"name": "getMinimum", "fromProperty": "minimum"}, "type": "method", "children": [{"attributes": {"text": "<p>Returns the (computed) value of the property <code>minimum</code>.</p>\n\n<p>For further details take a look at the property definition: {@link #minimum}.</p>"}, "type": "desc"}, {"attributes": {}, "type": "return", "children": [{"attributes": {"text": "<p>(Computed) value of <code>minimum</code>.</p>"}, "type": "desc"}, {"attributes": {}, "type": "types", "children": [{"attributes": {"type": "var"}, "type": "entry"}]}]}]}, {"attributes": {"name": "getReverseDirection", "fromProperty": "reverseDirection"}, "type": "method", "children": [{"attributes": {"text": "<p>Returns the (computed) value of the property <code>reverseDirection</code>.</p>\n\n<p>For further details take a look at the property definition: {@link #reverseDirection}.</p>"}, "type": "desc"}, {"attributes": {}, "type": "return", "children": [{"attributes": {"text": "<p>(Computed) value of <code>reverseDirection</code>.</p>"}, "type": "desc"}, {"attributes": {}, "type": "types", "children": [{"attributes": {"type": "var"}, "type": "entry"}]}]}]}, {"attributes": {"name": "getStep", "fromProperty": "step"}, "type": "method", "children": [{"attributes": {"text": "<p>Returns the (computed) value of the property <code>step</code>.</p>\n\n<p>For further details take a look at the property definition: {@link #step}.</p>"}, "type": "desc"}, {"attributes": {}, "type": "return", "children": [{"attributes": {"text": "<p>(Computed) value of <code>step</code>.</p>"}, "type": "desc"}, {"attributes": {}, "type": "types", "children": [{"attributes": {"type": "var"}, "type": "entry"}]}]}]}, {"attributes": {"access": "protected", "name": "initDisplayValue", "fromProperty": "displayValue"}, "type": "method", "children": [{"attributes": {}, "type": "params", "children": [{"attributes": {"name": "value"}, "type": "param", "children": [{"attributes": {"text": "<p>Initial value for property <code>displayValue</code>.</p>"}, "type": "desc"}, {"attributes": {}, "type": "types", "children": [{"attributes": {"type": "var"}, "type": "entry"}]}]}]}, {"attributes": {"text": "<p>Calls the apply method and dispatches the change event of the property <code>displayValue</code>\nwith the default value defined by the class developer. This function can\nonly be called from the constructor of a class.</p>\n\n<p>For further details take a look at the property definition: {@link #displayValue}.</p>"}, "type": "desc"}, {"attributes": {}, "type": "return", "children": [{"attributes": {"text": "<p>the default value</p>"}, "type": "desc"}, {"attributes": {}, "type": "types", "children": [{"attributes": {"type": "var"}, "type": "entry"}]}]}]}, {"attributes": {"access": "protected", "name": "initMaximum", "fromProperty": "maximum"}, "type": "method", "children": [{"attributes": {}, "type": "params", "children": [{"attributes": {"name": "value"}, "type": "param", "children": [{"attributes": {"text": "<p>Initial value for property <code>maximum</code>.</p>"}, "type": "desc"}, {"attributes": {}, "type": "types", "children": [{"attributes": {"type": "var"}, "type": "entry"}]}]}]}, {"attributes": {"text": "<p>Calls the apply method and dispatches the change event of the property <code>maximum</code>\nwith the default value defined by the class developer. This function can\nonly be called from the constructor of a class.</p>\n\n<p>For further details take a look at the property definition: {@link #maximum}.</p>"}, "type": "desc"}, {"attributes": {}, "type": "return", "children": [{"attributes": {"text": "<p>the default value</p>"}, "type": "desc"}, {"attributes": {}, "type": "types", "children": [{"attributes": {"type": "var"}, "type": "entry"}]}]}]}, {"attributes": {"access": "protected", "name": "initMinimum", "fromProperty": "minimum"}, "type": "method", "children": [{"attributes": {}, "type": "params", "children": [{"attributes": {"name": "value"}, "type": "param", "children": [{"attributes": {"text": "<p>Initial value for property <code>minimum</code>.</p>"}, "type": "desc"}, {"attributes": {}, "type": "types", "children": [{"attributes": {"type": "var"}, "type": "entry"}]}]}]}, {"attributes": {"text": "<p>Calls the apply method and dispatches the change event of the property <code>minimum</code>\nwith the default value defined by the class developer. This function can\nonly be called from the constructor of a class.</p>\n\n<p>For further details take a look at the property definition: {@link #minimum}.</p>"}, "type": "desc"}, {"attributes": {}, "type": "return", "children": [{"attributes": {"text": "<p>the default value</p>"}, "type": "desc"}, {"attributes": {}, "type": "types", "children": [{"attributes": {"type": "var"}, "type": "entry"}]}]}]}, {"attributes": {"access": "protected", "name": "initReverseDirection", "fromProperty": "reverseDirection"}, "type": "method", "children": [{"attributes": {}, "type": "params", "children": [{"attributes": {"name": "value"}, "type": "param", "children": [{"attributes": {"text": "<p>Initial value for property <code>reverseDirection</code>.</p>"}, "type": "desc"}, {"attributes": {}, "type": "types", "children": [{"attributes": {"type": "var"}, "type": "entry"}]}]}]}, {"attributes": {"text": "<p>Calls the apply method and dispatches the change event of the property <code>reverseDirection</code>\nwith the default value defined by the class developer. This function can\nonly be called from the constructor of a class.</p>\n\n<p>For further details take a look at the property definition: {@link #reverseDirection}.</p>"}, "type": "desc"}, {"attributes": {}, "type": "return", "children": [{"attributes": {"text": "<p>the default value</p>"}, "type": "desc"}, {"attributes": {}, "type": "types", "children": [{"attributes": {"type": "var"}, "type": "entry"}]}]}]}, {"attributes": {"access": "protected", "name": "initStep", "fromProperty": "step"}, "type": "method", "children": [{"attributes": {}, "type": "params", "children": [{"attributes": {"name": "value"}, "type": "param", "children": [{"attributes": {"text": "<p>Initial value for property <code>step</code>.</p>"}, "type": "desc"}, {"attributes": {}, "type": "types", "children": [{"attributes": {"type": "var"}, "type": "entry"}]}]}]}, {"attributes": {"text": "<p>Calls the apply method and dispatches the change event of the property <code>step</code>\nwith the default value defined by the class developer. This function can\nonly be called from the constructor of a class.</p>\n\n<p>For further details take a look at the property definition: {@link #step}.</p>"}, "type": "desc"}, {"attributes": {}, "type": "return", "children": [{"attributes": {"text": "<p>the default value</p>"}, "type": "desc"}, {"attributes": {}, "type": "types", "children": [{"attributes": {"type": "var"}, "type": "entry"}]}]}]}, {"attributes": {"name": "isReverseDirection", "fromProperty": "reverseDirection"}, "type": "method", "children": [{"attributes": {"text": "<p>Check whether the (computed) value of the boolean property <code>reverseDirection</code> equals <code>true</code>.</p>\n\n<p>For further details take a look at the property definition: {@link #reverseDirection}.</p>"}, "type": "desc"}, {"attributes": {}, "type": "return", "children": [{"attributes": {"text": "<p>Whether the property equals <code>true</code>.</p>"}, "type": "desc"}, {"attributes": {}, "type": "types", "children": [{"attributes": {"type": "Boolean"}, "type": "entry"}]}]}]}, {"attributes": {"line": 158, "name": "nextValue"}, "type": "method", "children": [{"attributes": {"text": "<p>Increments the current value.</p>"}, "type": "desc"}]}, {"attributes": {"line": 166, "name": "previousValue"}, "type": "method", "children": [{"attributes": {"text": "<p>Decrements the current value.</p>"}, "type": "desc"}]}, {"attributes": {"name": "resetDisplayValue", "fromProperty": "displayValue"}, "type": "method", "children": [{"attributes": {"text": "<p>Resets the user value of the property <code>displayValue</code>.</p>\n\n<p>The computed value falls back to the next available value e.g. appearance, init or\ninheritance value depeneding on the property configuration and value availability.</p>\n\n<p>For further details take a look at the property definition: {@link #displayValue}.</p>"}, "type": "desc"}]}, {"attributes": {"name": "resetMaximum", "fromProperty": "maximum"}, "type": "method", "children": [{"attributes": {"text": "<p>Resets the user value of the property <code>maximum</code>.</p>\n\n<p>The computed value falls back to the next available value e.g. appearance, init or\ninheritance value depeneding on the property configuration and value availability.</p>\n\n<p>For further details take a look at the property definition: {@link #maximum}.</p>"}, "type": "desc"}]}, {"attributes": {"name": "resetMinimum", "fromProperty": "minimum"}, "type": "method", "children": [{"attributes": {"text": "<p>Resets the user value of the property <code>minimum</code>.</p>\n\n<p>The computed value falls back to the next available value e.g. appearance, init or\ninheritance value depeneding on the property configuration and value availability.</p>\n\n<p>For further details take a look at the property definition: {@link #minimum}.</p>"}, "type": "desc"}]}, {"attributes": {"name": "resetReverseDirection", "fromProperty": "reverseDirection"}, "type": "method", "children": [{"attributes": {"text": "<p>Resets the user value of the property <code>reverseDirection</code>.</p>\n\n<p>The computed value falls back to the next available value e.g. appearance, init or\ninheritance value depeneding on the property configuration and value availability.</p>\n\n<p>For further details take a look at the property definition: {@link #reverseDirection}.</p>"}, "type": "desc"}]}, {"attributes": {"name": "resetStep", "fromProperty": "step"}, "type": "method", "children": [{"attributes": {"text": "<p>Resets the user value of the property <code>step</code>.</p>\n\n<p>The computed value falls back to the next available value e.g. appearance, init or\ninheritance value depeneding on the property configuration and value availability.</p>\n\n<p>For further details take a look at the property definition: {@link #step}.</p>"}, "type": "desc"}]}, {"attributes": {"name": "setDisplayValue", "fromProperty": "displayValue"}, "type": "method", "children": [{"attributes": {}, "type": "params", "children": [{"attributes": {"name": "value"}, "type": "param", "children": [{"attributes": {"text": "<p>New value for property <code>displayValue</code>.</p>"}, "type": "desc"}, {"attributes": {}, "type": "types", "children": [{"attributes": {"type": "var"}, "type": "entry"}]}]}]}, {"attributes": {"text": "<p>Sets the user value of the property <code>displayValue</code>.</p>\n\n<p>For further details take a look at the property definition: {@link #displayValue}.</p>"}, "type": "desc"}, {"attributes": {}, "type": "return", "children": [{"attributes": {"text": "<p>The unmodified incoming value.</p>"}, "type": "desc"}, {"attributes": {}, "type": "types", "children": [{"attributes": {"type": "var"}, "type": "entry"}]}]}]}, {"attributes": {"name": "setMaximum", "fromProperty": "maximum"}, "type": "method", "children": [{"attributes": {}, "type": "params", "children": [{"attributes": {"name": "value"}, "type": "param", "children": [{"attributes": {"text": "<p>New value for property <code>maximum</code>.</p>"}, "type": "desc"}, {"attributes": {}, "type": "types", "children": [{"attributes": {"type": "var"}, "type": "entry"}]}]}]}, {"attributes": {"text": "<p>Sets the user value of the property <code>maximum</code>.</p>\n\n<p>For further details take a look at the property definition: {@link #maximum}.</p>"}, "type": "desc"}, {"attributes": {}, "type": "return", "children": [{"attributes": {"text": "<p>The unmodified incoming value.</p>"}, "type": "desc"}, {"attributes": {}, "type": "types", "children": [{"attributes": {"type": "var"}, "type": "entry"}]}]}]}, {"attributes": {"name": "setMinimum", "fromProperty": "minimum"}, "type": "method", "children": [{"attributes": {}, "type": "params", "children": [{"attributes": {"name": "value"}, "type": "param", "children": [{"attributes": {"text": "<p>New value for property <code>minimum</code>.</p>"}, "type": "desc"}, {"attributes": {}, "type": "types", "children": [{"attributes": {"type": "var"}, "type": "entry"}]}]}]}, {"attributes": {"text": "<p>Sets the user value of the property <code>minimum</code>.</p>\n\n<p>For further details take a look at the property definition: {@link #minimum}.</p>"}, "type": "desc"}, {"attributes": {}, "type": "return", "children": [{"attributes": {"text": "<p>The unmodified incoming value.</p>"}, "type": "desc"}, {"attributes": {}, "type": "types", "children": [{"attributes": {"type": "var"}, "type": "entry"}]}]}]}, {"attributes": {"name": "setReverseDirection", "fromProperty": "reverseDirection"}, "type": "method", "children": [{"attributes": {}, "type": "params", "children": [{"attributes": {"name": "value"}, "type": "param", "children": [{"attributes": {"text": "<p>New value for property <code>reverseDirection</code>.</p>"}, "type": "desc"}, {"attributes": {}, "type": "types", "children": [{"attributes": {"type": "var"}, "type": "entry"}]}]}]}, {"attributes": {"text": "<p>Sets the user value of the property <code>reverseDirection</code>.</p>\n\n<p>For further details take a look at the property definition: {@link #reverseDirection}.</p>"}, "type": "desc"}, {"attributes": {}, "type": "return", "children": [{"attributes": {"text": "<p>The unmodified incoming value.</p>"}, "type": "desc"}, {"attributes": {}, "type": "types", "children": [{"attributes": {"type": "var"}, "type": "entry"}]}]}]}, {"attributes": {"name": "setStep", "fromProperty": "step"}, "type": "method", "children": [{"attributes": {}, "type": "params", "children": [{"attributes": {"name": "value"}, "type": "param", "children": [{"attributes": {"text": "<p>New value for property <code>step</code>.</p>"}, "type": "desc"}, {"attributes": {}, "type": "types", "children": [{"attributes": {"type": "var"}, "type": "entry"}]}]}]}, {"attributes": {"text": "<p>Sets the user value of the property <code>step</code>.</p>\n\n<p>For further details take a look at the property definition: {@link #step}.</p>"}, "type": "desc"}, {"attributes": {}, "type": "return", "children": [{"attributes": {"text": "<p>The unmodified incoming value.</p>"}, "type": "desc"}, {"attributes": {}, "type": "types", "children": [{"attributes": {"type": "var"}, "type": "entry"}]}]}]}, {"attributes": {"name": "toggleReverseDirection", "fromProperty": "reverseDirection"}, "type": "method", "children": [{"attributes": {"text": "<p>Toggles the (computed) value of the boolean property <code>reverseDirection</code>.</p>\n\n<p>For further details take a look at the property definition: {@link #reverseDirection}.</p>"}, "type": "desc"}, {"attributes": {}, "type": "return", "children": [{"attributes": {"text": "<p>the new value</p>"}, "type": "desc"}, {"attributes": {}, "type": "types", "children": [{"attributes": {"type": "Boolean"}, "type": "entry"}]}]}]}]}, {"attributes": {}, "type": "properties", "children": [{"attributes": {"name": "defaultCssClass", "docFrom": "qx.ui.mobile.core.Widget", "defaultValue": "\"slider\"", "refine": "true", "propertyType": "new", "overriddenFrom": "qx.ui.mobile.core.Widget"}, "type": "property"}, {"attributes": {"name": "displayValue", "defaultValue": "\"percent\"", "propertyType": "new", "allowNull": "true", "possibleValues": "\"value\",\"percent\"", "apply": "_applyDisplayValue"}, "type": "property", "children": [{"attributes": {"text": "<p>Adjusts which slider value should be displayed inside the knob.\nIf <code>null</code> no value will be displayed.</p>"}, "type": "desc"}]}, {"attributes": {"name": "maximum", "defaultValue": "100", "event": "changeMaximum", "propertyType": "new", "apply": "_refresh", "check": "Integer"}, "type": "property", "children": [{"attributes": {"text": "<p>The maximum slider value (may be negative). This value must be larger\nthan {@link #minimum}.</p>"}, "type": "desc"}]}, {"attributes": {"name": "minimum", "defaultValue": "0", "event": "changeMinimum", "propertyType": "new", "apply": "_refresh", "check": "Integer"}, "type": "property", "children": [{"attributes": {"text": "<p>The minimum slider value (may be negative). This value must be smaller\nthan {@link #maximum}.</p>"}, "type": "desc"}]}, {"attributes": {"apply": "_refresh", "defaultValue": "false", "propertyType": "new", "check": "Boolean", "name": "reverseDirection"}, "type": "property", "children": [{"attributes": {"text": "<p>Reverses the display direction of the slider knob. If true, the maxium of\nthe slider is on the left side and minimum on the right side.</p>"}, "type": "desc"}]}, {"attributes": {"defaultValue": "1", "propertyType": "new", "event": "changeStep", "name": "step", "check": "Integer"}, "type": "property", "children": [{"attributes": {"text": "<p>The amount to increment on each event. Typically corresponds\nto the user moving the knob.</p>"}, "type": "desc"}]}]}]}