{"attributes": {"packageName": "qx.ui.core.scroll", "type": "mixin", "fullName": "qx.ui.core.scroll.MWheelHandling", "name": "MWheelHandling"}, "type": "class", "children": [{"attributes": {"text": "<p>Mixin holding the handler for the two axis mouse wheel scrolling. Please\nkeep in mind that the including widget has to have the scroll bars\nimplemented as child controls named <code>scrollbar-x</code> and\n<code>scrollbar-y</code> to get the handler working. Also, you have to\nattach the listener yourself.</p>"}, "type": "desc"}, {"attributes": {}, "type": "methods", "children": [{"attributes": {"access": "protected", "line": 36, "isMixin": true, "name": "_onMouseWheel"}, "type": "method", "children": [{"attributes": {}, "type": "params", "children": [{"attributes": {"name": "e"}, "type": "param", "children": [{"attributes": {"text": "<p>Mouse event</p>"}, "type": "desc"}, {"attributes": {}, "type": "types", "children": [{"attributes": {"type": "qx.event.type.Mouse"}, "type": "entry"}]}]}]}, {"attributes": {"text": "<p>Mouse wheel event handler</p>"}, "type": "desc"}]}]}]}