{"attributes": {"name": "AliasManager", "packageName": "qx.util", "superClass": "qx.util.ValueManager", "isSingleton": true, "fullName": "qx.util.AliasManager", "type": "class"}, "type": "class", "children": [{"attributes": {"text": "<p>This singleton manages global resource aliases.</p>\n\n<p>The AliasManager supports simple prefix replacement on strings. There are\nsome pre-defined aliases, and you can register your own with {@link #add}.\nThe AliasManager is automatically invoked in various situations, e.g. when\nresolving the icon image for a button, so it is common to register aliases for\n<a href=\"http://manual.qooxdoo.org/4.0.1/pages/desktop/ui_resources.html\">resource id&#8217;s</a>.\nYou can of course call the AliasManager&#8217;s {@link #resolve}\nexplicitly to get an alias resolution in any situation, but keep that\nautomatic invocation of the AliasManager in mind when defining new aliases as\nthey will be applied globally in many classes, not only your own.</p>\n\n<p>Examples:\n<ul>\n <li> <code>foo</code> -> <code>bar/16pt/baz</code>  (resolves e.g. <i>&#8220;foo/a/b/c.png&#8221;</i> to\n   <i>&#8220;bar/16pt/baz/a/b/c.png&#8221;</i>)\n <li> <code>imgserver</code> -> <code>http&#058;&#047;&#047;imgs03.myserver.com/my/app/</code>\n   (resolves e.g. <i>&#8220;imgserver/a/b/c.png&#8221;</i> to\n   <i>&#8220;http&#058;&#047;&#047;imgs03.myserver.com/my/app/a/b/c.png&#8221;</i>)\n</ul></p>\n\n<p>For resources, only aliases that resolve to proper resource id&#8217;s can be <i>managed</i>\nresources, and will be considered <i>unmanaged</i> resources otherwise.</p>"}, "type": "desc"}, {"attributes": {}, "type": "constructor", "children": [{"attributes": {"docFrom": "qx.core.Object", "line": 60, "isCtor": true, "overriddenFrom": "qx.util.ValueManager", "name": "ctor"}, "type": "method"}]}, {"attributes": {}, "type": "methods", "children": [{"attributes": {"access": "protected", "line": 91, "name": "_preprocess"}, "type": "method", "children": [{"attributes": {}, "type": "params", "children": [{"attributes": {"name": "value"}, "type": "param", "children": [{"attributes": {"text": "<p>incoming value</p>"}, "type": "desc"}, {"attributes": {}, "type": "types", "children": [{"attributes": {"type": "String"}, "type": "entry"}]}]}]}, {"attributes": {"text": "<p>pre-process incoming dynamic value</p>"}, "type": "desc"}, {"attributes": {}, "type": "return", "children": [{"attributes": {"text": "<p>pre processed value</p>"}, "type": "desc"}, {"attributes": {}, "type": "types", "children": [{"attributes": {"type": "String"}, "type": "entry"}]}]}]}, {"attributes": {"line": 129, "name": "add"}, "type": "method", "children": [{"attributes": {}, "type": "params", "children": [{"attributes": {"name": "alias"}, "type": "param", "children": [{"attributes": {"text": "<p>alias name for the resource path/url</p>"}, "type": "desc"}, {"attributes": {}, "type": "types", "children": [{"attributes": {"type": "String"}, "type": "entry"}]}]}, {"attributes": {"name": "base"}, "type": "param", "children": [{"attributes": {"text": "<p>first part of <span class=\"caps\">URI</span> for all images which use this alias</p>"}, "type": "desc"}, {"attributes": {}, "type": "types", "children": [{"attributes": {"type": "String"}, "type": "entry"}]}]}]}, {"attributes": {"text": "<p>Define an alias to a resource path</p>"}, "type": "desc"}]}, {"attributes": {"line": 185, "name": "getAliases"}, "type": "method", "children": [{"attributes": {"text": "<p>Get registered aliases</p>"}, "type": "desc"}, {"attributes": {}, "type": "return", "children": [{"attributes": {"text": "<p>the map of the currently registered alias:resolution pairs</p>"}, "type": "desc"}, {"attributes": {}, "type": "types", "children": [{"attributes": {"type": "Map"}, "type": "entry"}]}]}]}, {"attributes": {"line": 153, "name": "remove"}, "type": "method", "children": [{"attributes": {}, "type": "params", "children": [{"attributes": {"name": "alias"}, "type": "param", "children": [{"attributes": {"text": "<p>alias name for the resource path/url</p>"}, "type": "desc"}, {"attributes": {}, "type": "types", "children": [{"attributes": {"type": "String"}, "type": "entry"}]}]}]}, {"attributes": {"text": "<p>Remove a previously defined alias</p>"}, "type": "desc"}]}, {"attributes": {"line": 168, "overriddenFrom": "qx.util.ValueManager", "name": "resolve"}, "type": "method", "children": [{"attributes": {}, "type": "params", "children": [{"attributes": {"name": "path"}, "type": "param", "children": [{"attributes": {"text": "<p>input path</p>"}, "type": "desc"}, {"attributes": {}, "type": "types", "children": [{"attributes": {"type": "String"}, "type": "entry"}]}]}]}, {"attributes": {"text": "<p>Resolves a given path</p>"}, "type": "desc"}, {"attributes": {}, "type": "return", "children": [{"attributes": {"text": "<p>resulting path (with interpreted aliases)</p>"}, "type": "desc"}, {"attributes": {}, "type": "types", "children": [{"attributes": {"type": "String"}, "type": "entry"}]}]}]}]}, {"attributes": {}, "type": "methods-static", "children": [{"attributes": {"line": 11, "isStatic": true, "name": "getInstance"}, "type": "method", "children": [{"attributes": {"text": "<p>Returns a singleton instance of this class. On the first call the class\nis instantiated by calling the constructor with no arguments. All following\ncalls will return this instance.</p>\n\n<p>This method has been added by setting the &#8220;type&#8221; key in the class definition\n({@link qx.Class#define}) to &#8220;singleton&#8221;.</p>"}, "type": "desc"}, {"attributes": {}, "type": "return", "children": [{"attributes": {"text": "<p>The singleton instance of this class.</p>"}, "type": "desc"}, {"attributes": {}, "type": "types", "children": [{"attributes": {"type": "qx.util.AliasManager"}, "type": "entry"}]}]}]}]}]}