{"attributes": {"fullName": "qx.ui.progressive.structure.Default", "packageName": "qx.ui.progressive.structure", "type": "class", "name": "Default", "superClass": "qx.ui.progressive.structure.Abstract"}, "type": "class", "children": [{"attributes": {"text": "<p>Structure definition for Progressive</p>"}, "type": "desc"}, {"attributes": {}, "type": "constructor", "children": [{"attributes": {"line": 44, "isCtor": true, "overriddenFrom": "qx.ui.progressive.structure.Abstract", "name": "ctor"}, "type": "method", "children": [{"attributes": {}, "type": "params", "children": [{"attributes": {"name": "header"}, "type": "param", "children": [{"attributes": {"text": "<p>The heading to apply to the Progressive structure.  If null, then no header will be visible.</p>"}, "type": "desc"}, {"attributes": {}, "type": "types", "children": [{"attributes": {"type": "qx.ui.progressive.headfoot.Abstract"}, "type": "entry"}, {"attributes": {"type": "null"}, "type": "entry"}]}]}, {"attributes": {"name": "footer"}, "type": "param", "children": [{"attributes": {"text": "<p>The footer to apply to the Progressive structure.  If null then no footer will be visible.</p>"}, "type": "desc"}, {"attributes": {}, "type": "types", "children": [{"attributes": {"type": "qx.ui.progressive.headfoot.Abstract"}, "type": "entry"}, {"attributes": {"type": "null"}, "type": "entry"}]}]}, {"attributes": {"name": "pane"}, "type": "param", "children": [{"attributes": {"text": "<p>The container to use as the pane, applied to the Progressive structure.  If null, a qx.ui.core.Widget will be instantiated for use as the pane.</p>"}, "type": "desc"}, {"attributes": {}, "type": "types", "children": [{"attributes": {"type": "qx.ui.core.Widget"}, "type": "entry"}, {"attributes": {"type": "null"}, "type": "entry"}]}]}]}, {"attributes": {"text": "<p>The default structure for use by Progressive.  It includes a header, a\nfooter, and a pane.</p>"}, "type": "desc"}]}]}, {"attributes": {}, "type": "methods", "children": [{"attributes": {"docFrom": "qx.ui.progressive.structure.Abstract", "line": 83, "overriddenFrom": "qx.ui.progressive.structure.Abstract", "name": "applyStructure"}, "type": "method", "children": [{"attributes": {}, "type": "params", "children": [{"attributes": {"name": "progressive"}, "type": "param"}]}]}, {"attributes": {"line": 112, "name": "getFooter"}, "type": "method", "children": [{"attributes": {"text": "<p>Return the footer</p>"}, "type": "desc"}, {"attributes": {}, "type": "return", "children": [{"attributes": {"text": ""}, "type": "desc"}, {"attributes": {}, "type": "types", "children": [{"attributes": {"type": "qx.ui.progressive.headfoot.Abstract"}, "type": "entry"}]}]}]}, {"attributes": {"line": 101, "name": "getHeader"}, "type": "method", "children": [{"attributes": {"text": "<p>Return the header</p>"}, "type": "desc"}, {"attributes": {}, "type": "return", "children": [{"attributes": {"text": ""}, "type": "desc"}, {"attributes": {}, "type": "types", "children": [{"attributes": {"type": "qx.ui.progressive.headfoot.Abstract"}, "type": "entry"}]}]}]}]}]}