{"attributes": {"name": "MDoubleBorder", "packageName": "qx.ui.decoration", "mixins": "qx.ui.decoration.MSingleBorder,qx.ui.decoration.MBackgroundImage", "includer": "qx.ui.decoration.Decorator", "fullName": "qx.ui.decoration.MDoubleBorder", "type": "mixin"}, "type": "class", "children": [{"attributes": {"text": "<p>Border implementation with two <span class=\"caps\">CSS</span> borders. Both borders can be styled\nindependent of each other.\nThis mixin is usually used by {@link qx.ui.decoration.Decorator}.</p>"}, "type": "desc"}, {"attributes": {}, "type": "constructor", "children": [{"attributes": {"line": 28, "isCtor": true, "name": "ctor"}, "type": "method"}]}, {"attributes": {}, "type": "methods", "children": [{"attributes": {"access": "private", "line": 358, "isMixin": true, "name": "__getDefaultInsetsForDoubleBorder"}, "type": "method", "children": [{"attributes": {"text": "<p>Implementation of the interface for the double border.</p>"}, "type": "desc"}, {"attributes": {}, "type": "return", "children": [{"attributes": {"text": "<p>A map containing the default insets. (top, right, bottom, left)</p>"}, "type": "desc"}, {"attributes": {}, "type": "types", "children": [{"attributes": {"type": "Map"}, "type": "entry"}]}]}]}, {"attributes": {"access": "private", "line": 323, "isMixin": true, "name": "__processInnerOpacity"}, "type": "method", "children": [{"attributes": {}, "type": "params", "children": [{"attributes": {"name": "innerColor"}, "type": "param", "children": [{"attributes": {"text": "<p>map of top, right, bottom and left colors</p>"}, "type": "desc"}, {"attributes": {}, "type": "types", "children": [{"attributes": {"type": "Map"}, "type": "entry"}]}]}, {"attributes": {"name": "innerOpacity"}, "type": "param", "children": [{"attributes": {"text": "<p>alpha value</p>"}, "type": "desc"}, {"attributes": {}, "type": "types", "children": [{"attributes": {"type": "Number"}, "type": "entry"}]}]}]}, {"attributes": {"text": "<p>Converts the inner border&#8217;s colors to rgba.</p>"}, "type": "desc"}]}, {"attributes": {"access": "private", "line": 160, "isMixin": true, "name": "__styleDoubleBorder"}, "type": "method", "children": [{"attributes": {}, "type": "params", "children": [{"attributes": {"name": "styles"}, "type": "param", "children": [{"attributes": {"text": "<p>A map to add the styles.</p>"}, "type": "desc"}, {"attributes": {}, "type": "types", "children": [{"attributes": {"type": "Map"}, "type": "entry"}]}]}]}, {"attributes": {"text": "<p>Takes a styles map and adds the outer border styles in place\nto the given map. This is the needed behavior for\n{@link qx.ui.decoration.Decorator}.</p>"}, "type": "desc"}]}, {"attributes": {"access": "protected", "line": 341, "isMixin": true, "name": "_applyDoubleBorder"}, "type": "method", "children": [{"attributes": {}, "type": "apply", "children": [{"attributes": {"applies": "qx.ui.decoration.MDoubleBorder#innerWidthLeft"}, "type": "entry"}, {"attributes": {"applies": "qx.ui.decoration.MDoubleBorder#innerWidthTop"}, "type": "entry"}, {"attributes": {"applies": "qx.ui.decoration.MDoubleBorder#innerWidthRight"}, "type": "entry"}, {"attributes": {"applies": "qx.ui.decoration.MDoubleBorder#innerColorTop"}, "type": "entry"}, {"attributes": {"applies": "qx.ui.decoration.MDoubleBorder#innerColorBottom"}, "type": "entry"}, {"attributes": {"applies": "qx.ui.decoration.MDoubleBorder#innerColorLeft"}, "type": "entry"}, {"attributes": {"applies": "qx.ui.decoration.MDoubleBorder#innerOpacity"}, "type": "entry"}, {"attributes": {"applies": "qx.ui.decoration.MDoubleBorder#innerWidthBottom"}, "type": "entry"}, {"attributes": {"applies": "qx.ui.decoration.MDoubleBorder#innerColorRight"}, "type": "entry"}]}, {"attributes": {}, "type": "params", "children": [{"attributes": {"name": "value"}, "type": "param", "children": [{"attributes": {"text": "<p>new value of the property</p>"}, "type": "desc"}, {"attributes": {}, "type": "types", "children": [{"attributes": {"type": "var"}, "type": "entry"}]}]}, {"attributes": {"name": "old"}, "type": "param", "children": [{"attributes": {"text": "<p>previous value of the property (null if it was not yet set).</p>"}, "type": "desc"}, {"attributes": {}, "type": "types", "children": [{"attributes": {"type": "var"}, "type": "entry"}]}]}]}, {"attributes": {"text": "<p>Applies changes of the property value of the properties <code>innerColorBottom</code>, <code>innerColorLeft</code>, <code>innerColorRight</code>, <code>innerColorTop</code>, <code>innerOpacity</code>, <code>innerWidthBottom</code>, <code>innerWidthLeft</code>, <code>innerWidthRight</code> and <code>innerWidthTop</code>.</p>\n\n<p>For further details take a look at the property definitions: {@link #innerColorBottom}, {@link #innerColorLeft}, {@link #innerColorRight}, {@link #innerColorTop}, {@link #innerOpacity}, {@link #innerWidthBottom}, {@link #innerWidthLeft}, {@link #innerWidthRight} and {@link #innerWidthTop}.</p>"}, "type": "desc"}]}, {"attributes": {"name": "getInnerColorBottom", "fromProperty": "innerColorBottom"}, "type": "method", "children": [{"attributes": {"text": "<p>Returns the (computed) value of the property <code>innerColorBottom</code>.</p>\n\n<p>For further details take a look at the property definition: {@link #innerColorBottom}.</p>"}, "type": "desc"}, {"attributes": {}, "type": "return", "children": [{"attributes": {"text": "<p>(Computed) value of <code>innerColorBottom</code>.</p>"}, "type": "desc"}, {"attributes": {}, "type": "types", "children": [{"attributes": {"type": "var"}, "type": "entry"}]}]}]}, {"attributes": {"name": "getInnerColorLeft", "fromProperty": "innerColorLeft"}, "type": "method", "children": [{"attributes": {"text": "<p>Returns the (computed) value of the property <code>innerColorLeft</code>.</p>\n\n<p>For further details take a look at the property definition: {@link #innerColorLeft}.</p>"}, "type": "desc"}, {"attributes": {}, "type": "return", "children": [{"attributes": {"text": "<p>(Computed) value of <code>innerColorLeft</code>.</p>"}, "type": "desc"}, {"attributes": {}, "type": "types", "children": [{"attributes": {"type": "var"}, "type": "entry"}]}]}]}, {"attributes": {"name": "getInnerColorRight", "fromProperty": "innerColorRight"}, "type": "method", "children": [{"attributes": {"text": "<p>Returns the (computed) value of the property <code>innerColorRight</code>.</p>\n\n<p>For further details take a look at the property definition: {@link #innerColorRight}.</p>"}, "type": "desc"}, {"attributes": {}, "type": "return", "children": [{"attributes": {"text": "<p>(Computed) value of <code>innerColorRight</code>.</p>"}, "type": "desc"}, {"attributes": {}, "type": "types", "children": [{"attributes": {"type": "var"}, "type": "entry"}]}]}]}, {"attributes": {"name": "getInnerColorTop", "fromProperty": "innerColorTop"}, "type": "method", "children": [{"attributes": {"text": "<p>Returns the (computed) value of the property <code>innerColorTop</code>.</p>\n\n<p>For further details take a look at the property definition: {@link #innerColorTop}.</p>"}, "type": "desc"}, {"attributes": {}, "type": "return", "children": [{"attributes": {"text": "<p>(Computed) value of <code>innerColorTop</code>.</p>"}, "type": "desc"}, {"attributes": {}, "type": "types", "children": [{"attributes": {"type": "var"}, "type": "entry"}]}]}]}, {"attributes": {"name": "getInnerOpacity", "fromProperty": "innerOpacity"}, "type": "method", "children": [{"attributes": {"text": "<p>Returns the (computed) value of the property <code>innerOpacity</code>.</p>\n\n<p>For further details take a look at the property definition: {@link #innerOpacity}.</p>"}, "type": "desc"}, {"attributes": {}, "type": "return", "children": [{"attributes": {"text": "<p>(Computed) value of <code>innerOpacity</code>.</p>"}, "type": "desc"}, {"attributes": {}, "type": "types", "children": [{"attributes": {"type": "var"}, "type": "entry"}]}]}]}, {"attributes": {"name": "getInnerWidthBottom", "fromProperty": "innerWidthBottom"}, "type": "method", "children": [{"attributes": {"text": "<p>Returns the (computed) value of the property <code>innerWidthBottom</code>.</p>\n\n<p>For further details take a look at the property definition: {@link #innerWidthBottom}.</p>"}, "type": "desc"}, {"attributes": {}, "type": "return", "children": [{"attributes": {"text": "<p>(Computed) value of <code>innerWidthBottom</code>.</p>"}, "type": "desc"}, {"attributes": {}, "type": "types", "children": [{"attributes": {"type": "var"}, "type": "entry"}]}]}]}, {"attributes": {"name": "getInnerWidthLeft", "fromProperty": "innerWidthLeft"}, "type": "method", "children": [{"attributes": {"text": "<p>Returns the (computed) value of the property <code>innerWidthLeft</code>.</p>\n\n<p>For further details take a look at the property definition: {@link #innerWidthLeft}.</p>"}, "type": "desc"}, {"attributes": {}, "type": "return", "children": [{"attributes": {"text": "<p>(Computed) value of <code>innerWidthLeft</code>.</p>"}, "type": "desc"}, {"attributes": {}, "type": "types", "children": [{"attributes": {"type": "var"}, "type": "entry"}]}]}]}, {"attributes": {"name": "getInnerWidthRight", "fromProperty": "innerWidthRight"}, "type": "method", "children": [{"attributes": {"text": "<p>Returns the (computed) value of the property <code>innerWidthRight</code>.</p>\n\n<p>For further details take a look at the property definition: {@link #innerWidthRight}.</p>"}, "type": "desc"}, {"attributes": {}, "type": "return", "children": [{"attributes": {"text": "<p>(Computed) value of <code>innerWidthRight</code>.</p>"}, "type": "desc"}, {"attributes": {}, "type": "types", "children": [{"attributes": {"type": "var"}, "type": "entry"}]}]}]}, {"attributes": {"name": "getInnerWidthTop", "fromProperty": "innerWidthTop"}, "type": "method", "children": [{"attributes": {"text": "<p>Returns the (computed) value of the property <code>innerWidthTop</code>.</p>\n\n<p>For further details take a look at the property definition: {@link #innerWidthTop}.</p>"}, "type": "desc"}, {"attributes": {}, "type": "return", "children": [{"attributes": {"text": "<p>(Computed) value of <code>innerWidthTop</code>.</p>"}, "type": "desc"}, {"attributes": {}, "type": "types", "children": [{"attributes": {"type": "var"}, "type": "entry"}]}]}]}, {"attributes": {"access": "protected", "name": "initInnerColorBottom", "fromProperty": "innerColorBottom"}, "type": "method", "children": [{"attributes": {}, "type": "params", "children": [{"attributes": {"name": "value"}, "type": "param", "children": [{"attributes": {"text": "<p>Initial value for property <code>innerColorBottom</code>.</p>"}, "type": "desc"}, {"attributes": {}, "type": "types", "children": [{"attributes": {"type": "var"}, "type": "entry"}]}]}]}, {"attributes": {"text": "<p>Calls the apply method and dispatches the change event of the property <code>innerColorBottom</code>\nwith the default value defined by the class developer. This function can\nonly be called from the constructor of a class.</p>\n\n<p>For further details take a look at the property definition: {@link #innerColorBottom}.</p>"}, "type": "desc"}, {"attributes": {}, "type": "return", "children": [{"attributes": {"text": "<p>the default value</p>"}, "type": "desc"}, {"attributes": {}, "type": "types", "children": [{"attributes": {"type": "var"}, "type": "entry"}]}]}]}, {"attributes": {"access": "protected", "name": "initInnerColorLeft", "fromProperty": "innerColorLeft"}, "type": "method", "children": [{"attributes": {}, "type": "params", "children": [{"attributes": {"name": "value"}, "type": "param", "children": [{"attributes": {"text": "<p>Initial value for property <code>innerColorLeft</code>.</p>"}, "type": "desc"}, {"attributes": {}, "type": "types", "children": [{"attributes": {"type": "var"}, "type": "entry"}]}]}]}, {"attributes": {"text": "<p>Calls the apply method and dispatches the change event of the property <code>innerColorLeft</code>\nwith the default value defined by the class developer. This function can\nonly be called from the constructor of a class.</p>\n\n<p>For further details take a look at the property definition: {@link #innerColorLeft}.</p>"}, "type": "desc"}, {"attributes": {}, "type": "return", "children": [{"attributes": {"text": "<p>the default value</p>"}, "type": "desc"}, {"attributes": {}, "type": "types", "children": [{"attributes": {"type": "var"}, "type": "entry"}]}]}]}, {"attributes": {"access": "protected", "name": "initInnerColorRight", "fromProperty": "innerColorRight"}, "type": "method", "children": [{"attributes": {}, "type": "params", "children": [{"attributes": {"name": "value"}, "type": "param", "children": [{"attributes": {"text": "<p>Initial value for property <code>innerColorRight</code>.</p>"}, "type": "desc"}, {"attributes": {}, "type": "types", "children": [{"attributes": {"type": "var"}, "type": "entry"}]}]}]}, {"attributes": {"text": "<p>Calls the apply method and dispatches the change event of the property <code>innerColorRight</code>\nwith the default value defined by the class developer. This function can\nonly be called from the constructor of a class.</p>\n\n<p>For further details take a look at the property definition: {@link #innerColorRight}.</p>"}, "type": "desc"}, {"attributes": {}, "type": "return", "children": [{"attributes": {"text": "<p>the default value</p>"}, "type": "desc"}, {"attributes": {}, "type": "types", "children": [{"attributes": {"type": "var"}, "type": "entry"}]}]}]}, {"attributes": {"access": "protected", "name": "initInnerColorTop", "fromProperty": "innerColorTop"}, "type": "method", "children": [{"attributes": {}, "type": "params", "children": [{"attributes": {"name": "value"}, "type": "param", "children": [{"attributes": {"text": "<p>Initial value for property <code>innerColorTop</code>.</p>"}, "type": "desc"}, {"attributes": {}, "type": "types", "children": [{"attributes": {"type": "var"}, "type": "entry"}]}]}]}, {"attributes": {"text": "<p>Calls the apply method and dispatches the change event of the property <code>innerColorTop</code>\nwith the default value defined by the class developer. This function can\nonly be called from the constructor of a class.</p>\n\n<p>For further details take a look at the property definition: {@link #innerColorTop}.</p>"}, "type": "desc"}, {"attributes": {}, "type": "return", "children": [{"attributes": {"text": "<p>the default value</p>"}, "type": "desc"}, {"attributes": {}, "type": "types", "children": [{"attributes": {"type": "var"}, "type": "entry"}]}]}]}, {"attributes": {"access": "protected", "name": "initInnerOpacity", "fromProperty": "innerOpacity"}, "type": "method", "children": [{"attributes": {}, "type": "params", "children": [{"attributes": {"name": "value"}, "type": "param", "children": [{"attributes": {"text": "<p>Initial value for property <code>innerOpacity</code>.</p>"}, "type": "desc"}, {"attributes": {}, "type": "types", "children": [{"attributes": {"type": "var"}, "type": "entry"}]}]}]}, {"attributes": {"text": "<p>Calls the apply method and dispatches the change event of the property <code>innerOpacity</code>\nwith the default value defined by the class developer. This function can\nonly be called from the constructor of a class.</p>\n\n<p>For further details take a look at the property definition: {@link #innerOpacity}.</p>"}, "type": "desc"}, {"attributes": {}, "type": "return", "children": [{"attributes": {"text": "<p>the default value</p>"}, "type": "desc"}, {"attributes": {}, "type": "types", "children": [{"attributes": {"type": "var"}, "type": "entry"}]}]}]}, {"attributes": {"access": "protected", "name": "initInnerWidthBottom", "fromProperty": "innerWidthBottom"}, "type": "method", "children": [{"attributes": {}, "type": "params", "children": [{"attributes": {"name": "value"}, "type": "param", "children": [{"attributes": {"text": "<p>Initial value for property <code>innerWidthBottom</code>.</p>"}, "type": "desc"}, {"attributes": {}, "type": "types", "children": [{"attributes": {"type": "var"}, "type": "entry"}]}]}]}, {"attributes": {"text": "<p>Calls the apply method and dispatches the change event of the property <code>innerWidthBottom</code>\nwith the default value defined by the class developer. This function can\nonly be called from the constructor of a class.</p>\n\n<p>For further details take a look at the property definition: {@link #innerWidthBottom}.</p>"}, "type": "desc"}, {"attributes": {}, "type": "return", "children": [{"attributes": {"text": "<p>the default value</p>"}, "type": "desc"}, {"attributes": {}, "type": "types", "children": [{"attributes": {"type": "var"}, "type": "entry"}]}]}]}, {"attributes": {"access": "protected", "name": "initInnerWidthLeft", "fromProperty": "innerWidthLeft"}, "type": "method", "children": [{"attributes": {}, "type": "params", "children": [{"attributes": {"name": "value"}, "type": "param", "children": [{"attributes": {"text": "<p>Initial value for property <code>innerWidthLeft</code>.</p>"}, "type": "desc"}, {"attributes": {}, "type": "types", "children": [{"attributes": {"type": "var"}, "type": "entry"}]}]}]}, {"attributes": {"text": "<p>Calls the apply method and dispatches the change event of the property <code>innerWidthLeft</code>\nwith the default value defined by the class developer. This function can\nonly be called from the constructor of a class.</p>\n\n<p>For further details take a look at the property definition: {@link #innerWidthLeft}.</p>"}, "type": "desc"}, {"attributes": {}, "type": "return", "children": [{"attributes": {"text": "<p>the default value</p>"}, "type": "desc"}, {"attributes": {}, "type": "types", "children": [{"attributes": {"type": "var"}, "type": "entry"}]}]}]}, {"attributes": {"access": "protected", "name": "initInnerWidthRight", "fromProperty": "innerWidthRight"}, "type": "method", "children": [{"attributes": {}, "type": "params", "children": [{"attributes": {"name": "value"}, "type": "param", "children": [{"attributes": {"text": "<p>Initial value for property <code>innerWidthRight</code>.</p>"}, "type": "desc"}, {"attributes": {}, "type": "types", "children": [{"attributes": {"type": "var"}, "type": "entry"}]}]}]}, {"attributes": {"text": "<p>Calls the apply method and dispatches the change event of the property <code>innerWidthRight</code>\nwith the default value defined by the class developer. This function can\nonly be called from the constructor of a class.</p>\n\n<p>For further details take a look at the property definition: {@link #innerWidthRight}.</p>"}, "type": "desc"}, {"attributes": {}, "type": "return", "children": [{"attributes": {"text": "<p>the default value</p>"}, "type": "desc"}, {"attributes": {}, "type": "types", "children": [{"attributes": {"type": "var"}, "type": "entry"}]}]}]}, {"attributes": {"access": "protected", "name": "initInnerWidthTop", "fromProperty": "innerWidthTop"}, "type": "method", "children": [{"attributes": {}, "type": "params", "children": [{"attributes": {"name": "value"}, "type": "param", "children": [{"attributes": {"text": "<p>Initial value for property <code>innerWidthTop</code>.</p>"}, "type": "desc"}, {"attributes": {}, "type": "types", "children": [{"attributes": {"type": "var"}, "type": "entry"}]}]}]}, {"attributes": {"text": "<p>Calls the apply method and dispatches the change event of the property <code>innerWidthTop</code>\nwith the default value defined by the class developer. This function can\nonly be called from the constructor of a class.</p>\n\n<p>For further details take a look at the property definition: {@link #innerWidthTop}.</p>"}, "type": "desc"}, {"attributes": {}, "type": "return", "children": [{"attributes": {"text": "<p>the default value</p>"}, "type": "desc"}, {"attributes": {}, "type": "types", "children": [{"attributes": {"type": "var"}, "type": "entry"}]}]}]}, {"attributes": {"name": "resetInnerColor", "fromProperty": "innerColor"}, "type": "method", "children": [{"attributes": {"text": "<p>Resets the user value of the property <code>innerColor</code>.</p>\n\n<p>The computed value falls back to the next available value e.g. appearance, init or\ninheritance value depeneding on the property configuration and value availability.</p>\n\n<p>For further details take a look at the property definition: {@link #innerColor}.</p>"}, "type": "desc"}]}, {"attributes": {"name": "resetInnerColorBottom", "fromProperty": "innerColorBottom"}, "type": "method", "children": [{"attributes": {"text": "<p>Resets the user value of the property <code>innerColorBottom</code>.</p>\n\n<p>The computed value falls back to the next available value e.g. appearance, init or\ninheritance value depeneding on the property configuration and value availability.</p>\n\n<p>For further details take a look at the property definition: {@link #innerColorBottom}.</p>"}, "type": "desc"}]}, {"attributes": {"name": "resetInnerColorLeft", "fromProperty": "innerColorLeft"}, "type": "method", "children": [{"attributes": {"text": "<p>Resets the user value of the property <code>innerColorLeft</code>.</p>\n\n<p>The computed value falls back to the next available value e.g. appearance, init or\ninheritance value depeneding on the property configuration and value availability.</p>\n\n<p>For further details take a look at the property definition: {@link #innerColorLeft}.</p>"}, "type": "desc"}]}, {"attributes": {"name": "resetInnerColorRight", "fromProperty": "innerColorRight"}, "type": "method", "children": [{"attributes": {"text": "<p>Resets the user value of the property <code>innerColorRight</code>.</p>\n\n<p>The computed value falls back to the next available value e.g. appearance, init or\ninheritance value depeneding on the property configuration and value availability.</p>\n\n<p>For further details take a look at the property definition: {@link #innerColorRight}.</p>"}, "type": "desc"}]}, {"attributes": {"name": "resetInnerColorTop", "fromProperty": "innerColorTop"}, "type": "method", "children": [{"attributes": {"text": "<p>Resets the user value of the property <code>innerColorTop</code>.</p>\n\n<p>The computed value falls back to the next available value e.g. appearance, init or\ninheritance value depeneding on the property configuration and value availability.</p>\n\n<p>For further details take a look at the property definition: {@link #innerColorTop}.</p>"}, "type": "desc"}]}, {"attributes": {"name": "resetInnerOpacity", "fromProperty": "innerOpacity"}, "type": "method", "children": [{"attributes": {"text": "<p>Resets the user value of the property <code>innerOpacity</code>.</p>\n\n<p>The computed value falls back to the next available value e.g. appearance, init or\ninheritance value depeneding on the property configuration and value availability.</p>\n\n<p>For further details take a look at the property definition: {@link #innerOpacity}.</p>"}, "type": "desc"}]}, {"attributes": {"name": "resetInnerWidth", "fromProperty": "innerWidth"}, "type": "method", "children": [{"attributes": {"text": "<p>Resets the user value of the property <code>innerWidth</code>.</p>\n\n<p>The computed value falls back to the next available value e.g. appearance, init or\ninheritance value depeneding on the property configuration and value availability.</p>\n\n<p>For further details take a look at the property definition: {@link #innerWidth}.</p>"}, "type": "desc"}]}, {"attributes": {"name": "resetInnerWidthBottom", "fromProperty": "innerWidthBottom"}, "type": "method", "children": [{"attributes": {"text": "<p>Resets the user value of the property <code>innerWidthBottom</code>.</p>\n\n<p>The computed value falls back to the next available value e.g. appearance, init or\ninheritance value depeneding on the property configuration and value availability.</p>\n\n<p>For further details take a look at the property definition: {@link #innerWidthBottom}.</p>"}, "type": "desc"}]}, {"attributes": {"name": "resetInnerWidthLeft", "fromProperty": "innerWidthLeft"}, "type": "method", "children": [{"attributes": {"text": "<p>Resets the user value of the property <code>innerWidthLeft</code>.</p>\n\n<p>The computed value falls back to the next available value e.g. appearance, init or\ninheritance value depeneding on the property configuration and value availability.</p>\n\n<p>For further details take a look at the property definition: {@link #innerWidthLeft}.</p>"}, "type": "desc"}]}, {"attributes": {"name": "resetInnerWidthRight", "fromProperty": "innerWidthRight"}, "type": "method", "children": [{"attributes": {"text": "<p>Resets the user value of the property <code>innerWidthRight</code>.</p>\n\n<p>The computed value falls back to the next available value e.g. appearance, init or\ninheritance value depeneding on the property configuration and value availability.</p>\n\n<p>For further details take a look at the property definition: {@link #innerWidthRight}.</p>"}, "type": "desc"}]}, {"attributes": {"name": "resetInnerWidthTop", "fromProperty": "innerWidthTop"}, "type": "method", "children": [{"attributes": {"text": "<p>Resets the user value of the property <code>innerWidthTop</code>.</p>\n\n<p>The computed value falls back to the next available value e.g. appearance, init or\ninheritance value depeneding on the property configuration and value availability.</p>\n\n<p>For further details take a look at the property definition: {@link #innerWidthTop}.</p>"}, "type": "desc"}]}, {"attributes": {"line": 13, "name": "setInnerColor", "fromProperty": "innerColor"}, "type": "method", "children": [{"attributes": {}, "type": "params", "children": [{"attributes": {"name": "innerColorTop"}, "type": "param", "children": [{"attributes": {"text": "<p>Sets the value of the property {@link #innerColorTop}.</p>"}, "type": "desc"}, {"attributes": {}, "type": "types", "children": [{"attributes": {"type": "var"}, "type": "entry"}]}]}, {"attributes": {"name": "innerColorRight"}, "type": "param", "children": [{"attributes": {"text": "<p>Sets the value of the property {@link #innerColorRight}.</p>"}, "type": "desc"}, {"attributes": {}, "type": "types", "children": [{"attributes": {"type": "var"}, "type": "entry"}]}]}, {"attributes": {"name": "innerColorBottom"}, "type": "param", "children": [{"attributes": {"text": "<p>Sets the value of the property {@link #innerColorBottom}.</p>"}, "type": "desc"}, {"attributes": {}, "type": "types", "children": [{"attributes": {"type": "var"}, "type": "entry"}]}]}, {"attributes": {"name": "innerColorLeft"}, "type": "param", "children": [{"attributes": {"text": "<p>Sets the value of the property {@link #innerColorLeft}.</p>"}, "type": "desc"}, {"attributes": {}, "type": "types", "children": [{"attributes": {"type": "var"}, "type": "entry"}]}]}]}, {"attributes": {"text": "<p>Sets the values of the property group <code>innerColor</code>.</p>\n\n<p>This setter supports a shorthand mode compatible with the way margins and paddins are set in <span class=\"caps\">CSS</span>.</p>\n\n<p>For further details take a look at the property definition: {@link #innerColor}.</p>"}, "type": "desc"}]}, {"attributes": {"name": "setInnerColorBottom", "fromProperty": "innerColorBottom"}, "type": "method", "children": [{"attributes": {}, "type": "params", "children": [{"attributes": {"name": "value"}, "type": "param", "children": [{"attributes": {"text": "<p>New value for property <code>innerColorBottom</code>.</p>"}, "type": "desc"}, {"attributes": {}, "type": "types", "children": [{"attributes": {"type": "var"}, "type": "entry"}]}]}]}, {"attributes": {"text": "<p>Sets the user value of the property <code>innerColorBottom</code>.</p>\n\n<p>For further details take a look at the property definition: {@link #innerColorBottom}.</p>"}, "type": "desc"}, {"attributes": {}, "type": "return", "children": [{"attributes": {"text": "<p>The unmodified incoming value.</p>"}, "type": "desc"}, {"attributes": {}, "type": "types", "children": [{"attributes": {"type": "var"}, "type": "entry"}]}]}]}, {"attributes": {"name": "setInnerColorLeft", "fromProperty": "innerColorLeft"}, "type": "method", "children": [{"attributes": {}, "type": "params", "children": [{"attributes": {"name": "value"}, "type": "param", "children": [{"attributes": {"text": "<p>New value for property <code>innerColorLeft</code>.</p>"}, "type": "desc"}, {"attributes": {}, "type": "types", "children": [{"attributes": {"type": "var"}, "type": "entry"}]}]}]}, {"attributes": {"text": "<p>Sets the user value of the property <code>innerColorLeft</code>.</p>\n\n<p>For further details take a look at the property definition: {@link #innerColorLeft}.</p>"}, "type": "desc"}, {"attributes": {}, "type": "return", "children": [{"attributes": {"text": "<p>The unmodified incoming value.</p>"}, "type": "desc"}, {"attributes": {}, "type": "types", "children": [{"attributes": {"type": "var"}, "type": "entry"}]}]}]}, {"attributes": {"name": "setInnerColorRight", "fromProperty": "innerColorRight"}, "type": "method", "children": [{"attributes": {}, "type": "params", "children": [{"attributes": {"name": "value"}, "type": "param", "children": [{"attributes": {"text": "<p>New value for property <code>innerColorRight</code>.</p>"}, "type": "desc"}, {"attributes": {}, "type": "types", "children": [{"attributes": {"type": "var"}, "type": "entry"}]}]}]}, {"attributes": {"text": "<p>Sets the user value of the property <code>innerColorRight</code>.</p>\n\n<p>For further details take a look at the property definition: {@link #innerColorRight}.</p>"}, "type": "desc"}, {"attributes": {}, "type": "return", "children": [{"attributes": {"text": "<p>The unmodified incoming value.</p>"}, "type": "desc"}, {"attributes": {}, "type": "types", "children": [{"attributes": {"type": "var"}, "type": "entry"}]}]}]}, {"attributes": {"name": "setInnerColorTop", "fromProperty": "innerColorTop"}, "type": "method", "children": [{"attributes": {}, "type": "params", "children": [{"attributes": {"name": "value"}, "type": "param", "children": [{"attributes": {"text": "<p>New value for property <code>innerColorTop</code>.</p>"}, "type": "desc"}, {"attributes": {}, "type": "types", "children": [{"attributes": {"type": "var"}, "type": "entry"}]}]}]}, {"attributes": {"text": "<p>Sets the user value of the property <code>innerColorTop</code>.</p>\n\n<p>For further details take a look at the property definition: {@link #innerColorTop}.</p>"}, "type": "desc"}, {"attributes": {}, "type": "return", "children": [{"attributes": {"text": "<p>The unmodified incoming value.</p>"}, "type": "desc"}, {"attributes": {}, "type": "types", "children": [{"attributes": {"type": "var"}, "type": "entry"}]}]}]}, {"attributes": {"name": "setInnerOpacity", "fromProperty": "innerOpacity"}, "type": "method", "children": [{"attributes": {}, "type": "params", "children": [{"attributes": {"name": "value"}, "type": "param", "children": [{"attributes": {"text": "<p>New value for property <code>innerOpacity</code>.</p>"}, "type": "desc"}, {"attributes": {}, "type": "types", "children": [{"attributes": {"type": "var"}, "type": "entry"}]}]}]}, {"attributes": {"text": "<p>Sets the user value of the property <code>innerOpacity</code>.</p>\n\n<p>For further details take a look at the property definition: {@link #innerOpacity}.</p>"}, "type": "desc"}, {"attributes": {}, "type": "return", "children": [{"attributes": {"text": "<p>The unmodified incoming value.</p>"}, "type": "desc"}, {"attributes": {}, "type": "types", "children": [{"attributes": {"type": "var"}, "type": "entry"}]}]}]}, {"attributes": {"line": 13, "name": "setInnerWidth", "fromProperty": "innerWidth"}, "type": "method", "children": [{"attributes": {}, "type": "params", "children": [{"attributes": {"name": "innerWidthTop"}, "type": "param", "children": [{"attributes": {"text": "<p>Sets the value of the property {@link #innerWidthTop}.</p>"}, "type": "desc"}, {"attributes": {}, "type": "types", "children": [{"attributes": {"type": "var"}, "type": "entry"}]}]}, {"attributes": {"name": "innerWidthRight"}, "type": "param", "children": [{"attributes": {"text": "<p>Sets the value of the property {@link #innerWidthRight}.</p>"}, "type": "desc"}, {"attributes": {}, "type": "types", "children": [{"attributes": {"type": "var"}, "type": "entry"}]}]}, {"attributes": {"name": "innerWidthBottom"}, "type": "param", "children": [{"attributes": {"text": "<p>Sets the value of the property {@link #innerWidthBottom}.</p>"}, "type": "desc"}, {"attributes": {}, "type": "types", "children": [{"attributes": {"type": "var"}, "type": "entry"}]}]}, {"attributes": {"name": "innerWidthLeft"}, "type": "param", "children": [{"attributes": {"text": "<p>Sets the value of the property {@link #innerWidthLeft}.</p>"}, "type": "desc"}, {"attributes": {}, "type": "types", "children": [{"attributes": {"type": "var"}, "type": "entry"}]}]}]}, {"attributes": {"text": "<p>Sets the values of the property group <code>innerWidth</code>.</p>\n\n<p>This setter supports a shorthand mode compatible with the way margins and paddins are set in <span class=\"caps\">CSS</span>.</p>\n\n<p>For further details take a look at the property definition: {@link #innerWidth}.</p>"}, "type": "desc"}]}, {"attributes": {"name": "setInnerWidthBottom", "fromProperty": "innerWidthBottom"}, "type": "method", "children": [{"attributes": {}, "type": "params", "children": [{"attributes": {"name": "value"}, "type": "param", "children": [{"attributes": {"text": "<p>New value for property <code>innerWidthBottom</code>.</p>"}, "type": "desc"}, {"attributes": {}, "type": "types", "children": [{"attributes": {"type": "var"}, "type": "entry"}]}]}]}, {"attributes": {"text": "<p>Sets the user value of the property <code>innerWidthBottom</code>.</p>\n\n<p>For further details take a look at the property definition: {@link #innerWidthBottom}.</p>"}, "type": "desc"}, {"attributes": {}, "type": "return", "children": [{"attributes": {"text": "<p>The unmodified incoming value.</p>"}, "type": "desc"}, {"attributes": {}, "type": "types", "children": [{"attributes": {"type": "var"}, "type": "entry"}]}]}]}, {"attributes": {"name": "setInnerWidthLeft", "fromProperty": "innerWidthLeft"}, "type": "method", "children": [{"attributes": {}, "type": "params", "children": [{"attributes": {"name": "value"}, "type": "param", "children": [{"attributes": {"text": "<p>New value for property <code>innerWidthLeft</code>.</p>"}, "type": "desc"}, {"attributes": {}, "type": "types", "children": [{"attributes": {"type": "var"}, "type": "entry"}]}]}]}, {"attributes": {"text": "<p>Sets the user value of the property <code>innerWidthLeft</code>.</p>\n\n<p>For further details take a look at the property definition: {@link #innerWidthLeft}.</p>"}, "type": "desc"}, {"attributes": {}, "type": "return", "children": [{"attributes": {"text": "<p>The unmodified incoming value.</p>"}, "type": "desc"}, {"attributes": {}, "type": "types", "children": [{"attributes": {"type": "var"}, "type": "entry"}]}]}]}, {"attributes": {"name": "setInnerWidthRight", "fromProperty": "innerWidthRight"}, "type": "method", "children": [{"attributes": {}, "type": "params", "children": [{"attributes": {"name": "value"}, "type": "param", "children": [{"attributes": {"text": "<p>New value for property <code>innerWidthRight</code>.</p>"}, "type": "desc"}, {"attributes": {}, "type": "types", "children": [{"attributes": {"type": "var"}, "type": "entry"}]}]}]}, {"attributes": {"text": "<p>Sets the user value of the property <code>innerWidthRight</code>.</p>\n\n<p>For further details take a look at the property definition: {@link #innerWidthRight}.</p>"}, "type": "desc"}, {"attributes": {}, "type": "return", "children": [{"attributes": {"text": "<p>The unmodified incoming value.</p>"}, "type": "desc"}, {"attributes": {}, "type": "types", "children": [{"attributes": {"type": "var"}, "type": "entry"}]}]}]}, {"attributes": {"name": "setInnerWidthTop", "fromProperty": "innerWidthTop"}, "type": "method", "children": [{"attributes": {}, "type": "params", "children": [{"attributes": {"name": "value"}, "type": "param", "children": [{"attributes": {"text": "<p>New value for property <code>innerWidthTop</code>.</p>"}, "type": "desc"}, {"attributes": {}, "type": "types", "children": [{"attributes": {"type": "var"}, "type": "entry"}]}]}]}, {"attributes": {"text": "<p>Sets the user value of the property <code>innerWidthTop</code>.</p>\n\n<p>For further details take a look at the property definition: {@link #innerWidthTop}.</p>"}, "type": "desc"}, {"attributes": {}, "type": "return", "children": [{"attributes": {"text": "<p>The unmodified incoming value.</p>"}, "type": "desc"}, {"attributes": {}, "type": "types", "children": [{"attributes": {"type": "var"}, "type": "entry"}]}]}]}]}, {"attributes": {}, "type": "properties", "children": [{"attributes": {"isMixin": true, "propertyType": "group", "group": "\"innerColorTop\",\"innerColorRight\",\"innerColorBottom\",\"innerColorLeft\"", "mode": "shorthand", "name": "innerColor"}, "type": "property", "children": [{"attributes": {"text": "<p>Property group for the inner color properties.</p>"}, "type": "desc"}]}, {"attributes": {"name": "innerColorBottom", "allowNull": "true", "propertyType": "new", "apply": "_applyDoubleBorder", "isMixin": true, "check": "Color"}, "type": "property", "children": [{"attributes": {"text": "<p>bottom inner color of border</p>"}, "type": "desc"}]}, {"attributes": {"name": "innerColorLeft", "allowNull": "true", "propertyType": "new", "apply": "_applyDoubleBorder", "isMixin": true, "check": "Color"}, "type": "property", "children": [{"attributes": {"text": "<p>left inner color of border</p>"}, "type": "desc"}]}, {"attributes": {"name": "innerColorRight", "allowNull": "true", "propertyType": "new", "apply": "_applyDoubleBorder", "isMixin": true, "check": "Color"}, "type": "property", "children": [{"attributes": {"text": "<p>right inner color of border</p>"}, "type": "desc"}]}, {"attributes": {"name": "innerColorTop", "allowNull": "true", "propertyType": "new", "apply": "_applyDoubleBorder", "isMixin": true, "check": "Color"}, "type": "property", "children": [{"attributes": {"text": "<p>top inner color of border</p>"}, "type": "desc"}]}, {"attributes": {"name": "innerOpacity", "defaultValue": "1", "propertyType": "new", "apply": "_applyDoubleBorder", "isMixin": true, "check": "Number"}, "type": "property", "children": [{"attributes": {"text": "<p>The opacity of the inner border.</p>"}, "type": "desc"}]}, {"attributes": {"isMixin": true, "propertyType": "group", "group": "\"innerWidthTop\",\"innerWidthRight\",\"innerWidthBottom\",\"innerWidthLeft\"", "mode": "shorthand", "name": "innerWidth"}, "type": "property", "children": [{"attributes": {"text": "<p>Property group to set the inner border width of all sides</p>"}, "type": "desc"}]}, {"attributes": {"name": "innerWidthBottom", "defaultValue": "0", "propertyType": "new", "apply": "_applyDoubleBorder", "isMixin": true, "check": "Number"}, "type": "property", "children": [{"attributes": {"text": "<p>bottom width of border</p>"}, "type": "desc"}]}, {"attributes": {"name": "innerWidthLeft", "defaultValue": "0", "propertyType": "new", "apply": "_applyDoubleBorder", "isMixin": true, "check": "Number"}, "type": "property", "children": [{"attributes": {"text": "<p>left width of border</p>"}, "type": "desc"}]}, {"attributes": {"name": "innerWidthRight", "defaultValue": "0", "propertyType": "new", "apply": "_applyDoubleBorder", "isMixin": true, "check": "Number"}, "type": "property", "children": [{"attributes": {"text": "<p>right width of border</p>"}, "type": "desc"}]}, {"attributes": {"name": "innerWidthTop", "defaultValue": "0", "propertyType": "new", "apply": "_applyDoubleBorder", "isMixin": true, "check": "Number"}, "type": "property", "children": [{"attributes": {"text": "<p>top width of border</p>"}, "type": "desc"}]}]}]}