{"attributes": {"fullName": "qx.ui.core.IMultiSelection", "packageName": "qx.ui.core", "type": "interface", "name": "IMultiSelection", "implementations": "qx.ui.form.List,qx.ui.tree.Tree"}, "type": "class", "children": [{"attributes": {"text": "<p>Each object, which should support multiselection selection have to\nimplement this interface.</p>"}, "type": "desc"}, {"attributes": {}, "type": "superInterfaces", "children": [{"attributes": {"packageName": "qx.ui.core", "type": "interface", "name": "qx.ui.core.ISingleSelection"}, "type": "class"}]}, {"attributes": {}, "type": "methods", "children": [{"attributes": {"line": 52, "name": "addToSelection"}, "type": "method", "children": [{"attributes": {}, "type": "params", "children": [{"attributes": {"name": "item"}, "type": "param", "children": [{"attributes": {"text": "<p>Any valid item</p>"}, "type": "desc"}, {"attributes": {}, "type": "types", "children": [{"attributes": {"type": "qx.ui.core.Widget"}, "type": "entry"}]}]}]}, {"attributes": {"text": "<p>Adds the given item to the existing selection.</p>"}, "type": "desc"}, {"attributes": {}, "type": "throws", "children": [{"attributes": {"text": "<p>if the item is not a child element.</p>", "type": "Error"}, "type": "desc"}]}]}, {"attributes": {"line": 65, "name": "removeFromSelection"}, "type": "method", "children": [{"attributes": {}, "type": "params", "children": [{"attributes": {"name": "item"}, "type": "param", "children": [{"attributes": {"text": "<p>Any valid item</p>"}, "type": "desc"}, {"attributes": {}, "type": "types", "children": [{"attributes": {"type": "qx.ui.core.Widget"}, "type": "entry"}]}]}]}, {"attributes": {"text": "<p>Removes the given item from the selection.</p>\n\n<p>Use {@link qx.ui.core.ISingleSelection#resetSelection} when you\nwant to clear the whole selection at once.</p>"}, "type": "desc"}, {"attributes": {}, "type": "throws", "children": [{"attributes": {"text": "<p>if the item is not a child element.</p>", "type": "Error"}, "type": "desc"}]}]}, {"attributes": {"line": 42, "name": "selectAll"}, "type": "method", "children": [{"attributes": {"text": "<p>Selects all items of the managed object.</p>"}, "type": "desc"}]}]}]}