{"attributes": {"fullName": "qx.ui.core.queue.Manager", "packageName": "qx.ui.core.queue", "isStatic": true, "type": "class", "name": "Manager"}, "type": "class", "children": [{"attributes": {"text": "<p>This class performs the auto flush of all layout relevant queues.</p>"}, "type": "desc"}, {"attributes": {}, "type": "constants", "children": [{"attributes": {"access": "private", "type": "Number", "name": "__retries", "value": "0"}, "type": "constant", "children": [{"attributes": {"text": "<p>Counts how often a flush failed due to exceptions</p>"}, "type": "desc"}, {"attributes": {}, "type": "types", "children": [{"attributes": {"type": "Integer"}, "type": "entry"}]}]}, {"attributes": {"access": "private", "type": "Boolean", "name": "__canceled", "value": "false"}, "type": "constant", "children": [{"attributes": {"text": "<p>true, if the flush should not be executed</p>"}, "type": "desc"}, {"attributes": {}, "type": "types", "children": [{"attributes": {"type": "Boolean"}, "type": "entry"}]}]}, {"attributes": {"access": "private", "type": "Boolean", "name": "__scheduled", "value": "false"}, "type": "constant", "children": [{"attributes": {"text": "<p>Whether a flush was scheduled</p>"}, "type": "desc"}, {"attributes": {}, "type": "types", "children": [{"attributes": {"type": "Boolean"}, "type": "entry"}]}]}, {"attributes": {"type": "Number", "name": "MAX_RETRIES", "value": "10"}, "type": "constant", "children": [{"attributes": {"text": "<p>Maximum number of flush retries</p>"}, "type": "desc"}, {"attributes": {}, "type": "types", "children": [{"attributes": {"type": "Integer"}, "type": "entry"}]}]}, {"attributes": {"access": "private", "name": "__jobs"}, "type": "constant", "children": [{"attributes": {"text": "<p>Internal data structure for the current job list</p>"}, "type": "desc"}, {"attributes": {}, "type": "types", "children": [{"attributes": {"type": "Map"}, "type": "entry"}]}]}]}, {"attributes": {}, "type": "methods-static", "children": [{"attributes": {"access": "private", "line": 1, "isStatic": true, "name": "__executeAndRescheduleOnError"}, "type": "method", "children": [{"attributes": {}, "type": "params", "children": [{"attributes": {"name": "callback"}, "type": "param", "children": [{"attributes": {"text": "<p>the callback function</p>"}, "type": "desc"}, {"attributes": {}, "type": "types", "children": [{"attributes": {"type": "Function"}, "type": "entry"}]}]}, {"attributes": {"name": "finallyCode"}, "type": "param", "children": [{"attributes": {"text": "<p>function to be called in the finally block</p>"}, "type": "desc"}, {"attributes": {}, "type": "types", "children": [{"attributes": {"type": "Function"}, "type": "entry"}]}]}]}, {"attributes": {"text": "<p>Executes the callback code. If the callback throws an error the current\nflush is cleaned up and rescheduled. The finally code is called after the\ncallback even if it has thrown an exception.</p>"}, "type": "desc"}]}, {"attributes": {"access": "private", "line": 278, "isStatic": true, "name": "__onUserAction"}, "type": "method", "children": [{"attributes": {}, "type": "params", "children": [{"attributes": {"name": "e"}, "type": "param", "children": [{"attributes": {"text": "<p>The user action data event.</p>"}, "type": "desc"}, {"attributes": {}, "type": "types", "children": [{"attributes": {"type": "qx.event.type.Data"}, "type": "entry"}]}]}]}, {"attributes": {"text": "<p>Handler used on touch devices to prevent the queue from manipulating\nthe dom during the touch &#8211; mouse &#8211; ... event sequence. Usually, iOS\ndevices fire a click event 300ms after the touchend event. So using\n500ms should be a good value to be on the save side. This is necessary\ndue to the fact that the event chain is stopped if a manipulation in\nthe <span class=\"caps\">DOM</span> is done.</p>"}, "type": "desc"}]}, {"attributes": {"line": 81, "isStatic": true, "name": "flush"}, "type": "method", "children": [{"attributes": {"text": "<p>Flush all layout queues in the correct order. This function is called\ndeferred if {@link #scheduleFlush} is called.</p>"}, "type": "desc"}]}, {"attributes": {"line": 53, "isStatic": true, "name": "scheduleFlush"}, "type": "method", "children": [{"attributes": {}, "type": "params", "children": [{"attributes": {"name": "job"}, "type": "param", "children": [{"attributes": {"text": "<p>The job, which should be performed. Valid values are <code>layout</code>, <code>decoration</code> and <code>element</code>.</p>"}, "type": "desc"}, {"attributes": {}, "type": "types", "children": [{"attributes": {"type": "String"}, "type": "entry"}]}]}]}, {"attributes": {"text": "<p>Schedule a deferred flush of all queues.</p>"}, "type": "desc"}]}]}]}