{"attributes": {"fullName": "qx.ui.layout.Basic", "packageName": "qx.ui.layout", "type": "class", "name": "Basic", "superClass": "qx.ui.layout.Abstract"}, "type": "class", "children": [{"attributes": {"text": "<p>A basic layout, which supports positioning of child widgets by absolute\nleft/top coordinates. This layout is very simple but should also\nperform best.</p>\n\n<p><strong>Features</strong></p>\n\n<ul>\n<li>Basic positioning using <code>left</code> and <code>top</code> properties</li>\n<li>Respects minimum and maximum dimensions without skrinking/growing</li>\n<li>Margins for top and left side (including negative ones)</li>\n<li>Respects right and bottom margins in the size hint</li>\n<li>Auto-sizing</li>\n</ul>\n\n<p><strong>Item Properties</strong></p>\n\n<ul>\n<li><strong>left</strong> <em>(Integer)</em>: The left coordinate in pixel</li>\n<li><strong>top</strong> <em>(Integer)</em>: The top coordinate in pixel</li>\n</ul>\n\n<p><strong>Details</strong></p>\n\n<p>The default location of any widget is zero for both\n<code>left</code> and <code>top</code>.</p>\n\n<p><strong>Example</strong></p>\n\n<p>Here is a little example of how to use the basic layout.</p>\n\n<pre class=\"javascript\">\nvar container = new qx.ui.container.Composite(new qx.ui.layout.Basic());\n\n// simple positioning\ncontainer.add(new qx.ui.core.Widget(), {left: 10, top: 10});\ncontainer.add(new qx.ui.core.Widget(), {left: 100, top: 50});\n</pre>\n\n<p><strong>External Documentation</strong></p>\n\n<a href=\"http://manual.qooxdoo.org/4.0.1/pages/layout/basic.html\">\nExtended documentation</a> and links to demos of this layout in the qooxdoo manual."}, "type": "desc"}, {"attributes": {}, "type": "methods", "children": [{"attributes": {"access": "protected", "docFrom": "qx.ui.layout.Abstract", "line": 118, "overriddenFrom": "qx.ui.layout.Abstract", "name": "_computeSizeHint"}, "type": "method"}, {"attributes": {"docFrom": "qx.ui.layout.Abstract", "line": 97, "overriddenFrom": "qx.ui.layout.Abstract", "name": "renderLayout"}, "type": "method", "children": [{"attributes": {}, "type": "params", "children": [{"attributes": {"name": "availWidth"}, "type": "param"}, {"attributes": {"name": "availHeight"}, "type": "param"}, {"attributes": {"name": "padding"}, "type": "param"}]}]}]}]}