{"attributes": {"fullName": "qx.ui.progressive.headfoot.Progress", "packageName": "qx.ui.progressive.headfoot", "type": "class", "name": "Progress", "superClass": "qx.ui.progressive.headfoot.Abstract"}, "type": "class", "children": [{"attributes": {"text": "<p>The standard footer used with Progressive&#8217;s Table renderer, to show\nprogress of loading data into the table.</p>"}, "type": "desc"}, {"attributes": {}, "type": "constructor", "children": [{"attributes": {"line": 37, "isCtor": true, "overriddenFrom": "qx.ui.progressive.headfoot.Abstract", "name": "ctor"}, "type": "method", "children": [{"attributes": {}, "type": "params", "children": [{"attributes": {"name": "columnWidths"}, "type": "param", "children": [{"attributes": {"text": "<p>The set of widths, minimum widths, and maximum widths to be used for each of the columns in the table.</p>"}, "type": "desc"}, {"attributes": {}, "type": "types", "children": [{"attributes": {"type": "qx.ui.progressive.renderer.table.Widths"}, "type": "entry"}]}]}, {"attributes": {"name": "labelArr"}, "type": "param", "children": [{"attributes": {"text": "<p>Array of labels, one for each of the columns.</p>"}, "type": "desc"}, {"attributes": {}, "type": "types", "children": [{"attributes": {"type": "Array"}, "type": "entry"}]}]}]}, {"attributes": {"text": ""}, "type": "desc"}]}]}, {"attributes": {}, "type": "methods", "children": [{"attributes": {"access": "private", "line": 102, "name": "__linkColors"}, "type": "method", "children": [{"attributes": {"text": "<p>Helper to link the theme colors to the current class.</p>"}, "type": "desc"}]}, {"attributes": {"access": "protected", "docFrom": "qx.ui.core.LayoutItem", "line": 93, "overriddenFrom": "qx.ui.core.Widget", "name": "_onChangeTheme"}, "type": "method"}, {"attributes": {"docFrom": "qx.ui.progressive.headfoot.Abstract", "line": 119, "overriddenFrom": "qx.ui.progressive.headfoot.Abstract", "name": "join"}, "type": "method", "children": [{"attributes": {}, "type": "params", "children": [{"attributes": {"name": "progressive"}, "type": "param"}]}]}]}]}