{"attributes": {"fullName": "qx.ui.table.cellrenderer.Boolean", "packageName": "qx.ui.table.cellrenderer", "type": "class", "name": "Boolean", "superClass": "qx.ui.table.cellrenderer.AbstractImage"}, "type": "class", "children": [{"attributes": {"text": "<p>A data cell renderer for boolean values.</p>"}, "type": "desc"}, {"attributes": {}, "type": "constructor", "children": [{"attributes": {"docFrom": "qx.core.Object", "line": 37, "isCtor": true, "overriddenFrom": "qx.ui.table.cellrenderer.AbstractImage", "name": "ctor"}, "type": "method"}]}, {"attributes": {}, "type": "methods", "children": [{"attributes": {"access": "protected", "line": 118, "name": "_applyIconFalse"}, "type": "method", "children": [{"attributes": {}, "type": "params", "children": [{"attributes": {"name": "value"}, "type": "param", "children": [{"attributes": {"text": "<p>new value of the property</p>"}, "type": "desc"}, {"attributes": {}, "type": "types", "children": [{"attributes": {"type": "String"}, "type": "entry"}]}]}, {"attributes": {"name": "old"}, "type": "param", "children": [{"attributes": {"text": "<p>previous value of the property (null if it was not yet set).</p>"}, "type": "desc"}, {"attributes": {}, "type": "types", "children": [{"attributes": {"type": "String"}, "type": "entry"}]}]}]}, {"attributes": {}, "type": "apply", "children": [{"attributes": {"applies": "qx.ui.table.cellrenderer.Boolean#iconFalse"}, "type": "entry"}]}, {"attributes": {"text": "<p>Applies changes of the property value of the property <code>iconFalse</code>.</p>\n\n<p>For further details take a look at the property definition: {@link #iconFalse}.</p>"}, "type": "desc"}]}, {"attributes": {"access": "protected", "line": 112, "name": "_applyIconTrue"}, "type": "method", "children": [{"attributes": {}, "type": "params", "children": [{"attributes": {"name": "value"}, "type": "param", "children": [{"attributes": {"text": "<p>new value of the property</p>"}, "type": "desc"}, {"attributes": {}, "type": "types", "children": [{"attributes": {"type": "String"}, "type": "entry"}]}]}, {"attributes": {"name": "old"}, "type": "param", "children": [{"attributes": {"text": "<p>previous value of the property (null if it was not yet set).</p>"}, "type": "desc"}, {"attributes": {}, "type": "types", "children": [{"attributes": {"type": "String"}, "type": "entry"}]}]}]}, {"attributes": {}, "type": "apply", "children": [{"attributes": {"applies": "qx.ui.table.cellrenderer.Boolean#iconTrue"}, "type": "entry"}]}, {"attributes": {"text": "<p>Applies changes of the property value of the property <code>iconTrue</code>.</p>\n\n<p>For further details take a look at the property definition: {@link #iconTrue}.</p>"}, "type": "desc"}]}, {"attributes": {"access": "protected", "docFrom": "qx.ui.table.cellrenderer.Abstract", "line": 127, "overriddenFrom": "qx.ui.table.cellrenderer.Abstract", "name": "_getCellStyle"}, "type": "method", "children": [{"attributes": {}, "type": "params", "children": [{"attributes": {"name": "cellInfo"}, "type": "param"}]}]}, {"attributes": {"access": "protected", "docFrom": "qx.ui.table.cellrenderer.AbstractImage", "line": 133, "overriddenFrom": "qx.ui.table.cellrenderer.AbstractImage", "name": "_identifyImage"}, "type": "method", "children": [{"attributes": {}, "type": "params", "children": [{"attributes": {"name": "cellInfo"}, "type": "param"}]}]}, {"attributes": {"access": "protected", "line": 1, "overriddenFrom": "qx.ui.table.cellrenderer.Abstract", "name": "_onChangeTheme"}, "type": "method", "children": [{"attributes": {"text": "<p>Handler for theme changes.</p>"}, "type": "desc"}]}, {"attributes": {"name": "getIconFalse", "fromProperty": "iconFalse"}, "type": "method", "children": [{"attributes": {"text": "<p>Returns the (computed) value of the property <code>iconFalse</code>.</p>\n\n<p>For further details take a look at the property definition: {@link #iconFalse}.</p>"}, "type": "desc"}, {"attributes": {}, "type": "return", "children": [{"attributes": {"text": "<p>(Computed) value of <code>iconFalse</code>.</p>"}, "type": "desc"}, {"attributes": {}, "type": "types", "children": [{"attributes": {"type": "var"}, "type": "entry"}]}]}]}, {"attributes": {"name": "getIconTrue", "fromProperty": "iconTrue"}, "type": "method", "children": [{"attributes": {"text": "<p>Returns the (computed) value of the property <code>iconTrue</code>.</p>\n\n<p>For further details take a look at the property definition: {@link #iconTrue}.</p>"}, "type": "desc"}, {"attributes": {}, "type": "return", "children": [{"attributes": {"text": "<p>(Computed) value of <code>iconTrue</code>.</p>"}, "type": "desc"}, {"attributes": {}, "type": "types", "children": [{"attributes": {"type": "var"}, "type": "entry"}]}]}]}, {"attributes": {"access": "protected", "name": "initIconFalse", "fromProperty": "iconFalse"}, "type": "method", "children": [{"attributes": {}, "type": "params", "children": [{"attributes": {"name": "value"}, "type": "param", "children": [{"attributes": {"text": "<p>Initial value for property <code>iconFalse</code>.</p>"}, "type": "desc"}, {"attributes": {}, "type": "types", "children": [{"attributes": {"type": "var"}, "type": "entry"}]}]}]}, {"attributes": {"text": "<p>Calls the apply method and dispatches the change event of the property <code>iconFalse</code>\nwith the default value defined by the class developer. This function can\nonly be called from the constructor of a class.</p>\n\n<p>For further details take a look at the property definition: {@link #iconFalse}.</p>"}, "type": "desc"}, {"attributes": {}, "type": "return", "children": [{"attributes": {"text": "<p>the default value</p>"}, "type": "desc"}, {"attributes": {}, "type": "types", "children": [{"attributes": {"type": "var"}, "type": "entry"}]}]}]}, {"attributes": {"access": "protected", "name": "initIconTrue", "fromProperty": "iconTrue"}, "type": "method", "children": [{"attributes": {}, "type": "params", "children": [{"attributes": {"name": "value"}, "type": "param", "children": [{"attributes": {"text": "<p>Initial value for property <code>iconTrue</code>.</p>"}, "type": "desc"}, {"attributes": {}, "type": "types", "children": [{"attributes": {"type": "var"}, "type": "entry"}]}]}]}, {"attributes": {"text": "<p>Calls the apply method and dispatches the change event of the property <code>iconTrue</code>\nwith the default value defined by the class developer. This function can\nonly be called from the constructor of a class.</p>\n\n<p>For further details take a look at the property definition: {@link #iconTrue}.</p>"}, "type": "desc"}, {"attributes": {}, "type": "return", "children": [{"attributes": {"text": "<p>the default value</p>"}, "type": "desc"}, {"attributes": {}, "type": "types", "children": [{"attributes": {"type": "var"}, "type": "entry"}]}]}]}, {"attributes": {"name": "resetIconFalse", "fromProperty": "iconFalse"}, "type": "method", "children": [{"attributes": {"text": "<p>Resets the user value of the property <code>iconFalse</code>.</p>\n\n<p>The computed value falls back to the next available value e.g. appearance, init or\ninheritance value depeneding on the property configuration and value availability.</p>\n\n<p>For further details take a look at the property definition: {@link #iconFalse}.</p>"}, "type": "desc"}]}, {"attributes": {"name": "resetIconTrue", "fromProperty": "iconTrue"}, "type": "method", "children": [{"attributes": {"text": "<p>Resets the user value of the property <code>iconTrue</code>.</p>\n\n<p>The computed value falls back to the next available value e.g. appearance, init or\ninheritance value depeneding on the property configuration and value availability.</p>\n\n<p>For further details take a look at the property definition: {@link #iconTrue}.</p>"}, "type": "desc"}]}, {"attributes": {"name": "setIconFalse", "fromProperty": "iconFalse"}, "type": "method", "children": [{"attributes": {}, "type": "params", "children": [{"attributes": {"name": "value"}, "type": "param", "children": [{"attributes": {"text": "<p>New value for property <code>iconFalse</code>.</p>"}, "type": "desc"}, {"attributes": {}, "type": "types", "children": [{"attributes": {"type": "var"}, "type": "entry"}]}]}]}, {"attributes": {"text": "<p>Sets the user value of the property <code>iconFalse</code>.</p>\n\n<p>For further details take a look at the property definition: {@link #iconFalse}.</p>"}, "type": "desc"}, {"attributes": {}, "type": "return", "children": [{"attributes": {"text": "<p>The unmodified incoming value.</p>"}, "type": "desc"}, {"attributes": {}, "type": "types", "children": [{"attributes": {"type": "var"}, "type": "entry"}]}]}]}, {"attributes": {"name": "setIconTrue", "fromProperty": "iconTrue"}, "type": "method", "children": [{"attributes": {}, "type": "params", "children": [{"attributes": {"name": "value"}, "type": "param", "children": [{"attributes": {"text": "<p>New value for property <code>iconTrue</code>.</p>"}, "type": "desc"}, {"attributes": {}, "type": "types", "children": [{"attributes": {"type": "var"}, "type": "entry"}]}]}]}, {"attributes": {"text": "<p>Sets the user value of the property <code>iconTrue</code>.</p>\n\n<p>For further details take a look at the property definition: {@link #iconTrue}.</p>"}, "type": "desc"}, {"attributes": {}, "type": "return", "children": [{"attributes": {"text": "<p>The unmodified incoming value.</p>"}, "type": "desc"}, {"attributes": {}, "type": "types", "children": [{"attributes": {"type": "var"}, "type": "entry"}]}]}]}]}, {"attributes": {}, "type": "properties", "children": [{"attributes": {"apply": "_applyIconFalse", "defaultValue": "\"decoration/table/boolean-false.png\"", "propertyType": "new", "check": "String", "name": "iconFalse"}, "type": "property", "children": [{"attributes": {"text": "<p>The icon used to indicate the false state</p>"}, "type": "desc"}]}, {"attributes": {"apply": "_applyIconTrue", "defaultValue": "\"decoration/table/boolean-true.png\"", "propertyType": "new", "check": "String", "name": "iconTrue"}, "type": "property", "children": [{"attributes": {"text": "<p>The icon used to indicate the true state</p>"}, "type": "desc"}]}]}]}