{"attributes": {"name": "Spinner", "interfaces": "qx.ui.form.INumberForm,qx.ui.form.IRange,qx.ui.form.IForm", "mixins": "qx.ui.core.MContentPadding,qx.ui.form.MForm", "superClass": "qx.ui.core.Widget", "fullName": "qx.ui.form.Spinner", "type": "class", "packageName": "qx.ui.form"}, "type": "class", "children": [{"attributes": {"text": "<p>A <strong>spinner</strong> is a control that allows you to adjust a numerical value,\ntypically within an allowed range. An obvious example would be to specify the\nmonth of a year as a number in the range 1 &#8211; 12.</p>\n\n<p>To do so, a spinner encompasses a field to display the current value (a\ntextfield) and controls such as up and down buttons to change that value. The\ncurrent value can also be changed by editing the display field directly, or\nusing mouse wheel and cursor keys.</p>\n\n<p>An optional {@link #numberFormat} property allows you to control the format of\nhow a value can be entered and will be displayed.</p>\n\n<p>A brief, but non-trivial example:</p>\n\n<pre class=\"javascript\">\nvar s = new qx.ui.form.Spinner();\ns.set({\n  maximum: 3000,\n  minimum: -3000\n});\nvar nf = new qx.util.format.NumberFormat();\nnf.setMaximumFractionDigits(2);\ns.setNumberFormat(nf);\n</pre>\n\n<p>A spinner instance without any further properties specified in the\nconstructor or a subsequent <strong>set</strong> command will appear with default\nvalues and behaviour.</p>"}, "type": "desc"}, {"attributes": {}, "type": "childControls", "children": [{"attributes": {"name": "textfield"}, "type": "childControl", "children": [{"attributes": {"text": "<p>holds the current value of the spinner</p>"}, "type": "desc"}, {"attributes": {}, "type": "types", "children": [{"attributes": {"type": "qx.ui.form.TextField"}, "type": "entry"}]}]}, {"attributes": {"name": "upbutton"}, "type": "childControl", "children": [{"attributes": {"text": "<p>button to increase the value</p>"}, "type": "desc"}, {"attributes": {}, "type": "types", "children": [{"attributes": {"type": "qx.ui.form.Button"}, "type": "entry"}]}]}, {"attributes": {"name": "downbutton"}, "type": "childControl", "children": [{"attributes": {"text": "<p>button to decrease the value</p>"}, "type": "desc"}, {"attributes": {}, "type": "types", "children": [{"attributes": {"type": "qx.ui.form.Button"}, "type": "entry"}]}]}]}, {"attributes": {}, "type": "constructor", "children": [{"attributes": {"line": 83, "isCtor": true, "overriddenFrom": "qx.ui.core.Widget", "name": "ctor"}, "type": "method", "children": [{"attributes": {}, "type": "params", "children": [{"attributes": {"name": "min"}, "type": "param", "children": [{"attributes": {"text": "<p>Minimum value</p>"}, "type": "desc"}, {"attributes": {}, "type": "types", "children": [{"attributes": {"type": "Number"}, "type": "entry"}]}]}, {"attributes": {"name": "value"}, "type": "param", "children": [{"attributes": {"text": "<p>Current value</p>"}, "type": "desc"}, {"attributes": {}, "type": "types", "children": [{"attributes": {"type": "Number"}, "type": "entry"}]}]}, {"attributes": {"name": "max"}, "type": "param", "children": [{"attributes": {"text": "<p>Maximum value</p>"}, "type": "desc"}, {"attributes": {}, "type": "types", "children": [{"attributes": {"type": "Number"}, "type": "entry"}]}]}]}, {"attributes": {"text": ""}, "type": "desc"}]}]}, {"attributes": {}, "type": "methods", "children": [{"attributes": {"access": "protected", "line": 463, "name": "_applyEditable"}, "type": "method", "children": [{"attributes": {}, "type": "params", "children": [{"attributes": {"name": "value"}, "type": "param", "children": [{"attributes": {"text": "<p>The new value of the editable property</p>"}, "type": "desc"}, {"attributes": {}, "type": "types", "children": [{"attributes": {"type": "Boolean"}, "type": "entry"}]}]}, {"attributes": {"name": "old"}, "type": "param", "children": [{"attributes": {"text": "<p>The former value of the editable property</p>"}, "type": "desc"}, {"attributes": {}, "type": "types", "children": [{"attributes": {"type": "Boolean"}, "type": "entry"}]}]}]}, {"attributes": {"text": "<p>Apply routine for the editable property.</p>\n\n<p>It sets the textfield of the spinner to not read only.</p>"}, "type": "desc"}, {"attributes": {}, "type": "apply", "children": [{"attributes": {"applies": "qx.ui.form.Spinner#editable"}, "type": "entry"}]}]}, {"attributes": {"access": "protected", "line": 397, "overriddenFrom": "qx.ui.core.Widget", "name": "_applyEnabled"}, "type": "method", "children": [{"attributes": {}, "type": "params", "children": [{"attributes": {"name": "value"}, "type": "param", "children": [{"attributes": {"text": "<p>new value of the property</p>"}, "type": "desc"}, {"attributes": {}, "type": "types", "children": [{"attributes": {"type": "Boolean"}, "type": "entry"}]}]}, {"attributes": {"name": "old"}, "type": "param", "children": [{"attributes": {"text": "<p>previous value of the property (null if it was not yet set).</p>"}, "type": "desc"}, {"attributes": {}, "type": "types", "children": [{"attributes": {"type": "Boolean"}, "type": "entry"}]}]}]}, {"attributes": {}, "type": "apply", "children": [{"attributes": {"applies": "qx.ui.core.Widget#enabled"}, "type": "entry"}]}, {"attributes": {"text": "<p>Applies changes of the property value of the property <code>enabled</code>.</p>\n\n<p>For further details take a look at the property definition: {@link #enabled}.</p>"}, "type": "desc"}]}, {"attributes": {"access": "protected", "line": 382, "name": "_applyMaximum"}, "type": "method", "children": [{"attributes": {}, "type": "params", "children": [{"attributes": {"name": "value"}, "type": "param", "children": [{"attributes": {"text": "<p>The new value of the max property</p>"}, "type": "desc"}, {"attributes": {}, "type": "types", "children": [{"attributes": {"type": "Number"}, "type": "entry"}]}]}, {"attributes": {"name": "old"}, "type": "param", "children": [{"attributes": {"text": "<p>The old value of the max property</p>"}, "type": "desc"}, {"attributes": {}, "type": "types", "children": [{"attributes": {"type": "Number"}, "type": "entry"}]}]}]}, {"attributes": {"text": "<p>Apply routine for the maximum property.</p>\n\n<p>It sets the value of the spinner to the minimum of the current spinner\nvalue and the given max property value.</p>"}, "type": "desc"}, {"attributes": {}, "type": "apply", "children": [{"attributes": {"applies": "qx.ui.form.Spinner#maximum"}, "type": "entry"}]}]}, {"attributes": {"access": "protected", "line": 359, "name": "_applyMinimum"}, "type": "method", "children": [{"attributes": {}, "type": "params", "children": [{"attributes": {"name": "value"}, "type": "param", "children": [{"attributes": {"text": "<p>The new value of the min property</p>"}, "type": "desc"}, {"attributes": {}, "type": "types", "children": [{"attributes": {"type": "Number"}, "type": "entry"}]}]}, {"attributes": {"name": "old"}, "type": "param", "children": [{"attributes": {"text": "<p>The old value of the min property</p>"}, "type": "desc"}, {"attributes": {}, "type": "types", "children": [{"attributes": {"type": "Number"}, "type": "entry"}]}]}]}, {"attributes": {"text": "<p>Apply routine for the minimum property.</p>\n\n<p>It sets the value of the spinner to the maximum of the current spinner\nvalue and the given min property value.</p>"}, "type": "desc"}, {"attributes": {}, "type": "apply", "children": [{"attributes": {"applies": "qx.ui.form.Spinner#minimum"}, "type": "entry"}]}]}, {"attributes": {"access": "protected", "line": 494, "name": "_applyNumberFormat"}, "type": "method", "children": [{"attributes": {}, "type": "params", "children": [{"attributes": {"name": "value"}, "type": "param", "children": [{"attributes": {"text": "<p>The new value of the numberFormat property</p>"}, "type": "desc"}, {"attributes": {}, "type": "types", "children": [{"attributes": {"type": "Boolean"}, "type": "entry"}]}]}, {"attributes": {"name": "old"}, "type": "param", "children": [{"attributes": {"text": "<p>The former value of the numberFormat property</p>"}, "type": "desc"}, {"attributes": {}, "type": "types", "children": [{"attributes": {"type": "Boolean"}, "type": "entry"}]}]}]}, {"attributes": {"text": "<p>Apply routine for the numberFormat property.</p>\n\n<p>When setting a number format, the display of the\nvalue in the textfield will be changed immediately.</p>"}, "type": "desc"}, {"attributes": {}, "type": "apply", "children": [{"attributes": {"applies": "qx.ui.form.Spinner#numberFormat"}, "type": "entry"}]}]}, {"attributes": {"access": "protected", "line": 434, "name": "_applyValue"}, "type": "method", "children": [{"attributes": {}, "type": "params", "children": [{"attributes": {"name": "value"}, "type": "param", "children": [{"attributes": {"text": "<p>The new value of the spinner</p>"}, "type": "desc"}, {"attributes": {}, "type": "types", "children": [{"attributes": {"type": "Number"}, "type": "entry"}]}]}, {"attributes": {"name": "old"}, "type": "param", "children": [{"attributes": {"text": "<p>The former value of the spinner</p>"}, "type": "desc"}, {"attributes": {}, "type": "types", "children": [{"attributes": {"type": "Number"}, "type": "entry"}]}]}]}, {"attributes": {"text": "<p>Apply routine for the value property.</p>\n\n<p>It checks the min and max values, disables / enables the\nbuttons and handles the wrap around.</p>"}, "type": "desc"}, {"attributes": {}, "type": "apply", "children": [{"attributes": {"applies": "qx.ui.form.Spinner#value"}, "type": "entry"}]}]}, {"attributes": {"access": "protected", "line": 480, "name": "_applyWrap"}, "type": "method", "children": [{"attributes": {}, "type": "params", "children": [{"attributes": {"name": "value"}, "type": "param", "children": [{"attributes": {"text": "<p>The new value of the wrap property</p>"}, "type": "desc"}, {"attributes": {}, "type": "types", "children": [{"attributes": {"type": "Boolean"}, "type": "entry"}]}]}, {"attributes": {"name": "old"}, "type": "param", "children": [{"attributes": {"text": "<p>The former value of the wrap property</p>"}, "type": "desc"}, {"attributes": {}, "type": "types", "children": [{"attributes": {"type": "Boolean"}, "type": "entry"}]}]}]}, {"attributes": {"text": "<p>Apply routine for the wrap property.</p>\n\n<p>Enables all buttons if the wrapping is enabled.</p>"}, "type": "desc"}, {"attributes": {}, "type": "apply", "children": [{"attributes": {"applies": "qx.ui.form.Spinner#wrap"}, "type": "entry"}]}]}, {"attributes": {"access": "protected", "line": 420, "name": "_checkValue"}, "type": "method", "children": [{"attributes": {}, "type": "params", "children": [{"attributes": {"name": "value"}, "type": "param", "children": [{"attributes": {"text": "<p>The value being set</p>"}, "type": "desc"}, {"attributes": {}, "type": "types", "children": [{"attributes": {"type": "var"}, "type": "entry"}]}]}]}, {"attributes": {"text": "<p>Check whether the value being applied is allowed.</p>\n\n<p>If you override this to change the allowed type, you will also\nwant to override {@link #_applyValue}, {@link #_applyMinimum},\n{@link #_applyMaximum}, {@link #_countUp}, {@link #_countDown}, and\n{@link #_onTextChange} methods as those cater specifically to numeric\nvalues.</p>"}, "type": "desc"}, {"attributes": {}, "type": "return", "children": [{"attributes": {"text": "<i>true</i> if the value is allowed; <i>false> otherwise."}, "type": "desc"}, {"attributes": {}, "type": "types", "children": [{"attributes": {"type": "Boolean"}, "type": "entry"}]}]}]}, {"attributes": {"access": "protected", "line": 782, "name": "_countDown"}, "type": "method", "children": [{"attributes": {"text": "<p>Checks if the spinner is in page mode and counts either the single\nor page Step down.</p>"}, "type": "desc"}]}, {"attributes": {"access": "protected", "line": 755, "name": "_countUp"}, "type": "method", "children": [{"attributes": {"text": "<p>Checks if the spinner is in page mode and counts either the single\nor page Step up.</p>"}, "type": "desc"}]}, {"attributes": {"access": "protected", "docFrom": "qx.ui.core.Widget", "line": 250, "overriddenFrom": "qx.ui.core.Widget", "name": "_createChildControlImpl"}, "type": "method", "children": [{"attributes": {}, "type": "params", "children": [{"attributes": {"name": "id"}, "type": "param"}, {"attributes": {"name": "hash"}, "type": "param"}]}]}, {"attributes": {"access": "protected", "line": 509, "name": "_getContentPaddingTarget"}, "type": "method", "children": [{"attributes": {"text": "<p>Returns the element, to which the content padding should be applied.</p>"}, "type": "desc"}, {"attributes": {}, "type": "return", "children": [{"attributes": {"text": "<p>The content padding target.</p>"}, "type": "desc"}, {"attributes": {}, "type": "types", "children": [{"attributes": {"type": "qx.ui.core.Widget"}, "type": "entry"}]}]}]}, {"attributes": {"access": "protected", "line": 293, "name": "_getFilterRegExp"}, "type": "method", "children": [{"attributes": {"text": "<p>Returns the regular expression used as the text field&#8217;s filter</p>"}, "type": "desc"}, {"attributes": {}, "type": "return", "children": [{"attributes": {"text": "<p>The filter RegExp.</p>"}, "type": "desc"}, {"attributes": {}, "type": "types", "children": [{"attributes": {"type": "RegExp"}, "type": "entry"}]}]}]}, {"attributes": {"access": "protected", "line": 719, "name": "_onChangeLocale"}, "type": "method", "children": [{"attributes": {}, "type": "params", "children": [{"attributes": {"name": "ev"}, "type": "param", "children": [{"attributes": {"text": "<p>locale change event</p>"}, "type": "desc"}, {"attributes": {}, "type": "types", "children": [{"attributes": {"type": "qx.event.type.Event"}, "type": "entry"}]}]}]}, {"attributes": {"text": "<p>Callback method for the locale Manager&#8217;s &#8220;changeLocale&#8221; event.</p>"}, "type": "desc"}]}, {"attributes": {"access": "protected", "line": 735, "name": "_onChangeNumberFormat"}, "type": "method", "children": [{"attributes": {}, "type": "params", "children": [{"attributes": {"name": "ev"}, "type": "param", "children": [{"attributes": {"text": "<p>number format change event</p>"}, "type": "desc"}, {"attributes": {}, "type": "types", "children": [{"attributes": {"type": "qx.event.type.Event"}, "type": "entry"}]}]}]}, {"attributes": {"text": "<p>Callback method for the number format&#8217;s &#8220;changeNumberFormat&#8221; event.</p>"}, "type": "desc"}]}, {"attributes": {"access": "protected", "line": 570, "name": "_onKeyDown"}, "type": "method", "children": [{"attributes": {}, "type": "params", "children": [{"attributes": {"name": "e"}, "type": "param", "children": [{"attributes": {"text": "<p>keyDown event</p>"}, "type": "desc"}, {"attributes": {}, "type": "types", "children": [{"attributes": {"type": "qx.event.type.KeySequence"}, "type": "entry"}]}]}]}, {"attributes": {"text": "<p>Callback for &#8220;keyDown&#8221; event.</p>\n\n<p>Controls the interval mode (&#8220;single&#8221; or &#8220;page&#8221;)\nand the interval increase by detecting &#8220;Up&#8221;/&#8220;Down&#8221;\nand &#8220;PageUp&#8221;/&#8220;PageDown&#8221; keys.</p>\n\n<p>The corresponding button will be pressed.</p>"}, "type": "desc"}]}, {"attributes": {"access": "protected", "line": 607, "name": "_onKeyUp"}, "type": "method", "children": [{"attributes": {}, "type": "params", "children": [{"attributes": {"name": "e"}, "type": "param", "children": [{"attributes": {"text": "<p>keyUp event</p>"}, "type": "desc"}, {"attributes": {}, "type": "types", "children": [{"attributes": {"type": "qx.event.type.KeySequence"}, "type": "entry"}]}]}]}, {"attributes": {"text": "<p>Callback for &#8220;keyUp&#8221; event.</p>\n\n<p>Detecting &#8220;Up&#8221;/&#8220;Down&#8221; and &#8220;PageUp&#8221;/&#8220;PageDown&#8221; keys.</p>\n\n<p>Releases the button and disabled the page mode, if necessary.</p>"}, "type": "desc"}]}, {"attributes": {"access": "protected", "line": 646, "name": "_onRoll"}, "type": "method", "children": [{"attributes": {}, "type": "params", "children": [{"attributes": {"name": "e"}, "type": "param", "children": [{"attributes": {"text": "<p>roll event</p>"}, "type": "desc"}, {"attributes": {}, "type": "types", "children": [{"attributes": {"type": "qx.event.type.Roll"}, "type": "entry"}]}]}]}, {"attributes": {"text": "<p>Callback method for the &#8220;roll&#8221; event.</p>\n\n<p>Increments or decrements the value of the spinner.</p>"}, "type": "desc"}]}, {"attributes": {"access": "protected", "line": 668, "name": "_onTextChange"}, "type": "method", "children": [{"attributes": {}, "type": "params", "children": [{"attributes": {"name": "e"}, "type": "param", "children": [{"attributes": {"text": "<p>text change event or blur event</p>"}, "type": "desc"}, {"attributes": {}, "type": "types", "children": [{"attributes": {"type": "qx.event.type.Event"}, "type": "entry"}]}]}]}, {"attributes": {"text": "<p>Callback method for the &#8220;change&#8221; event of the textfield.</p>"}, "type": "desc"}]}, {"attributes": {"access": "protected", "line": 517, "name": "_updateButtons"}, "type": "method", "children": [{"attributes": {"text": "<p>Checks the min and max values, disables / enables the\nbuttons and handles the wrap around.</p>"}, "type": "desc"}]}, {"attributes": {"name": "getEditable", "fromProperty": "editable"}, "type": "method", "children": [{"attributes": {"text": "<p>Returns the (computed) value of the property <code>editable</code>.</p>\n\n<p>For further details take a look at the property definition: {@link #editable}.</p>"}, "type": "desc"}, {"attributes": {}, "type": "return", "children": [{"attributes": {"text": "<p>(Computed) value of <code>editable</code>.</p>"}, "type": "desc"}, {"attributes": {}, "type": "types", "children": [{"attributes": {"type": "var"}, "type": "entry"}]}]}]}, {"attributes": {"name": "getMaximum", "fromProperty": "maximum"}, "type": "method", "children": [{"attributes": {"text": "<p>Returns the (computed) value of the property <code>maximum</code>.</p>\n\n<p>For further details take a look at the property definition: {@link #maximum}.</p>"}, "type": "desc"}, {"attributes": {}, "type": "return", "children": [{"attributes": {"text": "<p>(Computed) value of <code>maximum</code>.</p>"}, "type": "desc"}, {"attributes": {}, "type": "types", "children": [{"attributes": {"type": "var"}, "type": "entry"}]}]}]}, {"attributes": {"name": "getMinimum", "fromProperty": "minimum"}, "type": "method", "children": [{"attributes": {"text": "<p>Returns the (computed) value of the property <code>minimum</code>.</p>\n\n<p>For further details take a look at the property definition: {@link #minimum}.</p>"}, "type": "desc"}, {"attributes": {}, "type": "return", "children": [{"attributes": {"text": "<p>(Computed) value of <code>minimum</code>.</p>"}, "type": "desc"}, {"attributes": {}, "type": "types", "children": [{"attributes": {"type": "var"}, "type": "entry"}]}]}]}, {"attributes": {"name": "getNumberFormat", "fromProperty": "numberFormat"}, "type": "method", "children": [{"attributes": {"text": "<p>Returns the (computed) value of the property <code>numberFormat</code>.</p>\n\n<p>For further details take a look at the property definition: {@link #numberFormat}.</p>"}, "type": "desc"}, {"attributes": {}, "type": "return", "children": [{"attributes": {"text": "<p>(Computed) value of <code>numberFormat</code>.</p>"}, "type": "desc"}, {"attributes": {}, "type": "types", "children": [{"attributes": {"type": "var"}, "type": "entry"}]}]}]}, {"attributes": {"name": "getPageStep", "fromProperty": "pageStep"}, "type": "method", "children": [{"attributes": {"text": "<p>Returns the (computed) value of the property <code>pageStep</code>.</p>\n\n<p>For further details take a look at the property definition: {@link #pageStep}.</p>"}, "type": "desc"}, {"attributes": {}, "type": "return", "children": [{"attributes": {"text": "<p>(Computed) value of <code>pageStep</code>.</p>"}, "type": "desc"}, {"attributes": {}, "type": "types", "children": [{"attributes": {"type": "var"}, "type": "entry"}]}]}]}, {"attributes": {"name": "getSingleStep", "fromProperty": "singleStep"}, "type": "method", "children": [{"attributes": {"text": "<p>Returns the (computed) value of the property <code>singleStep</code>.</p>\n\n<p>For further details take a look at the property definition: {@link #singleStep}.</p>"}, "type": "desc"}, {"attributes": {}, "type": "return", "children": [{"attributes": {"text": "<p>(Computed) value of <code>singleStep</code>.</p>"}, "type": "desc"}, {"attributes": {}, "type": "types", "children": [{"attributes": {"type": "var"}, "type": "entry"}]}]}]}, {"attributes": {"name": "getValue", "fromProperty": "value"}, "type": "method", "children": [{"attributes": {"text": "<p>Returns the (computed) value of the property <code>value</code>.</p>\n\n<p>For further details take a look at the property definition: {@link #value}.</p>"}, "type": "desc"}, {"attributes": {}, "type": "return", "children": [{"attributes": {"text": "<p>(Computed) value of <code>value</code>.</p>"}, "type": "desc"}, {"attributes": {}, "type": "types", "children": [{"attributes": {"type": "var"}, "type": "entry"}]}]}]}, {"attributes": {"name": "getWrap", "fromProperty": "wrap"}, "type": "method", "children": [{"attributes": {"text": "<p>Returns the (computed) value of the property <code>wrap</code>.</p>\n\n<p>For further details take a look at the property definition: {@link #wrap}.</p>"}, "type": "desc"}, {"attributes": {}, "type": "return", "children": [{"attributes": {"text": "<p>(Computed) value of <code>wrap</code>.</p>"}, "type": "desc"}, {"attributes": {}, "type": "types", "children": [{"attributes": {"type": "var"}, "type": "entry"}]}]}]}, {"attributes": {"line": 811, "name": "gotoValue"}, "type": "method", "children": [{"attributes": {}, "type": "params", "children": [{"attributes": {"name": "value"}, "type": "param", "children": [{"attributes": {"text": "<p>Any number</p>"}, "type": "desc"}, {"attributes": {}, "type": "types", "children": [{"attributes": {"type": "Number"}, "type": "entry"}]}]}]}, {"attributes": {"text": "<p>Normalizes the incoming value to be in the valid range and\napplies it to the {@link #value} afterwards.</p>"}, "type": "desc"}, {"attributes": {}, "type": "return", "children": [{"attributes": {"text": "<p>The normalized number</p>"}, "type": "desc"}, {"attributes": {}, "type": "types", "children": [{"attributes": {"type": "Number"}, "type": "entry"}]}]}]}, {"attributes": {"access": "protected", "name": "initEditable", "fromProperty": "editable"}, "type": "method", "children": [{"attributes": {}, "type": "params", "children": [{"attributes": {"name": "value"}, "type": "param", "children": [{"attributes": {"text": "<p>Initial value for property <code>editable</code>.</p>"}, "type": "desc"}, {"attributes": {}, "type": "types", "children": [{"attributes": {"type": "var"}, "type": "entry"}]}]}]}, {"attributes": {"text": "<p>Calls the apply method and dispatches the change event of the property <code>editable</code>\nwith the default value defined by the class developer. This function can\nonly be called from the constructor of a class.</p>\n\n<p>For further details take a look at the property definition: {@link #editable}.</p>"}, "type": "desc"}, {"attributes": {}, "type": "return", "children": [{"attributes": {"text": "<p>the default value</p>"}, "type": "desc"}, {"attributes": {}, "type": "types", "children": [{"attributes": {"type": "var"}, "type": "entry"}]}]}]}, {"attributes": {"access": "protected", "name": "initMaximum", "fromProperty": "maximum"}, "type": "method", "children": [{"attributes": {}, "type": "params", "children": [{"attributes": {"name": "value"}, "type": "param", "children": [{"attributes": {"text": "<p>Initial value for property <code>maximum</code>.</p>"}, "type": "desc"}, {"attributes": {}, "type": "types", "children": [{"attributes": {"type": "var"}, "type": "entry"}]}]}]}, {"attributes": {"text": "<p>Calls the apply method and dispatches the change event of the property <code>maximum</code>\nwith the default value defined by the class developer. This function can\nonly be called from the constructor of a class.</p>\n\n<p>For further details take a look at the property definition: {@link #maximum}.</p>"}, "type": "desc"}, {"attributes": {}, "type": "return", "children": [{"attributes": {"text": "<p>the default value</p>"}, "type": "desc"}, {"attributes": {}, "type": "types", "children": [{"attributes": {"type": "var"}, "type": "entry"}]}]}]}, {"attributes": {"access": "protected", "name": "initMinimum", "fromProperty": "minimum"}, "type": "method", "children": [{"attributes": {}, "type": "params", "children": [{"attributes": {"name": "value"}, "type": "param", "children": [{"attributes": {"text": "<p>Initial value for property <code>minimum</code>.</p>"}, "type": "desc"}, {"attributes": {}, "type": "types", "children": [{"attributes": {"type": "var"}, "type": "entry"}]}]}]}, {"attributes": {"text": "<p>Calls the apply method and dispatches the change event of the property <code>minimum</code>\nwith the default value defined by the class developer. This function can\nonly be called from the constructor of a class.</p>\n\n<p>For further details take a look at the property definition: {@link #minimum}.</p>"}, "type": "desc"}, {"attributes": {}, "type": "return", "children": [{"attributes": {"text": "<p>the default value</p>"}, "type": "desc"}, {"attributes": {}, "type": "types", "children": [{"attributes": {"type": "var"}, "type": "entry"}]}]}]}, {"attributes": {"access": "protected", "name": "initNumberFormat", "fromProperty": "numberFormat"}, "type": "method", "children": [{"attributes": {}, "type": "params", "children": [{"attributes": {"name": "value"}, "type": "param", "children": [{"attributes": {"text": "<p>Initial value for property <code>numberFormat</code>.</p>"}, "type": "desc"}, {"attributes": {}, "type": "types", "children": [{"attributes": {"type": "var"}, "type": "entry"}]}]}]}, {"attributes": {"text": "<p>Calls the apply method and dispatches the change event of the property <code>numberFormat</code>\nwith the default value defined by the class developer. This function can\nonly be called from the constructor of a class.</p>\n\n<p>For further details take a look at the property definition: {@link #numberFormat}.</p>"}, "type": "desc"}, {"attributes": {}, "type": "return", "children": [{"attributes": {"text": "<p>the default value</p>"}, "type": "desc"}, {"attributes": {}, "type": "types", "children": [{"attributes": {"type": "var"}, "type": "entry"}]}]}]}, {"attributes": {"access": "protected", "name": "initPageStep", "fromProperty": "pageStep"}, "type": "method", "children": [{"attributes": {}, "type": "params", "children": [{"attributes": {"name": "value"}, "type": "param", "children": [{"attributes": {"text": "<p>Initial value for property <code>pageStep</code>.</p>"}, "type": "desc"}, {"attributes": {}, "type": "types", "children": [{"attributes": {"type": "var"}, "type": "entry"}]}]}]}, {"attributes": {"text": "<p>Calls the apply method and dispatches the change event of the property <code>pageStep</code>\nwith the default value defined by the class developer. This function can\nonly be called from the constructor of a class.</p>\n\n<p>For further details take a look at the property definition: {@link #pageStep}.</p>"}, "type": "desc"}, {"attributes": {}, "type": "return", "children": [{"attributes": {"text": "<p>the default value</p>"}, "type": "desc"}, {"attributes": {}, "type": "types", "children": [{"attributes": {"type": "var"}, "type": "entry"}]}]}]}, {"attributes": {"access": "protected", "name": "initSingleStep", "fromProperty": "singleStep"}, "type": "method", "children": [{"attributes": {}, "type": "params", "children": [{"attributes": {"name": "value"}, "type": "param", "children": [{"attributes": {"text": "<p>Initial value for property <code>singleStep</code>.</p>"}, "type": "desc"}, {"attributes": {}, "type": "types", "children": [{"attributes": {"type": "var"}, "type": "entry"}]}]}]}, {"attributes": {"text": "<p>Calls the apply method and dispatches the change event of the property <code>singleStep</code>\nwith the default value defined by the class developer. This function can\nonly be called from the constructor of a class.</p>\n\n<p>For further details take a look at the property definition: {@link #singleStep}.</p>"}, "type": "desc"}, {"attributes": {}, "type": "return", "children": [{"attributes": {"text": "<p>the default value</p>"}, "type": "desc"}, {"attributes": {}, "type": "types", "children": [{"attributes": {"type": "var"}, "type": "entry"}]}]}]}, {"attributes": {"access": "protected", "name": "initValue", "fromProperty": "value"}, "type": "method", "children": [{"attributes": {}, "type": "params", "children": [{"attributes": {"name": "value"}, "type": "param", "children": [{"attributes": {"text": "<p>Initial value for property <code>value</code>.</p>"}, "type": "desc"}, {"attributes": {}, "type": "types", "children": [{"attributes": {"type": "var"}, "type": "entry"}]}]}]}, {"attributes": {"text": "<p>Calls the apply method and dispatches the change event of the property <code>value</code>\nwith the default value defined by the class developer. This function can\nonly be called from the constructor of a class.</p>\n\n<p>For further details take a look at the property definition: {@link #value}.</p>"}, "type": "desc"}, {"attributes": {}, "type": "return", "children": [{"attributes": {"text": "<p>the default value</p>"}, "type": "desc"}, {"attributes": {}, "type": "types", "children": [{"attributes": {"type": "var"}, "type": "entry"}]}]}]}, {"attributes": {"access": "protected", "name": "initWrap", "fromProperty": "wrap"}, "type": "method", "children": [{"attributes": {}, "type": "params", "children": [{"attributes": {"name": "value"}, "type": "param", "children": [{"attributes": {"text": "<p>Initial value for property <code>wrap</code>.</p>"}, "type": "desc"}, {"attributes": {}, "type": "types", "children": [{"attributes": {"type": "var"}, "type": "entry"}]}]}]}, {"attributes": {"text": "<p>Calls the apply method and dispatches the change event of the property <code>wrap</code>\nwith the default value defined by the class developer. This function can\nonly be called from the constructor of a class.</p>\n\n<p>For further details take a look at the property definition: {@link #wrap}.</p>"}, "type": "desc"}, {"attributes": {}, "type": "return", "children": [{"attributes": {"text": "<p>the default value</p>"}, "type": "desc"}, {"attributes": {}, "type": "types", "children": [{"attributes": {"type": "var"}, "type": "entry"}]}]}]}, {"attributes": {"name": "isEditable", "fromProperty": "editable"}, "type": "method", "children": [{"attributes": {"text": "<p>Check whether the (computed) value of the boolean property <code>editable</code> equals <code>true</code>.</p>\n\n<p>For further details take a look at the property definition: {@link #editable}.</p>"}, "type": "desc"}, {"attributes": {}, "type": "return", "children": [{"attributes": {"text": "<p>Whether the property equals <code>true</code>.</p>"}, "type": "desc"}, {"attributes": {}, "type": "types", "children": [{"attributes": {"type": "Boolean"}, "type": "entry"}]}]}]}, {"attributes": {"name": "isWrap", "fromProperty": "wrap"}, "type": "method", "children": [{"attributes": {"text": "<p>Check whether the (computed) value of the boolean property <code>wrap</code> equals <code>true</code>.</p>\n\n<p>For further details take a look at the property definition: {@link #wrap}.</p>"}, "type": "desc"}, {"attributes": {}, "type": "return", "children": [{"attributes": {"text": "<p>Whether the property equals <code>true</code>.</p>"}, "type": "desc"}, {"attributes": {}, "type": "types", "children": [{"attributes": {"type": "Boolean"}, "type": "entry"}]}]}]}, {"attributes": {"name": "resetEditable", "fromProperty": "editable"}, "type": "method", "children": [{"attributes": {"text": "<p>Resets the user value of the property <code>editable</code>.</p>\n\n<p>The computed value falls back to the next available value e.g. appearance, init or\ninheritance value depeneding on the property configuration and value availability.</p>\n\n<p>For further details take a look at the property definition: {@link #editable}.</p>"}, "type": "desc"}]}, {"attributes": {"name": "resetMaximum", "fromProperty": "maximum"}, "type": "method", "children": [{"attributes": {"text": "<p>Resets the user value of the property <code>maximum</code>.</p>\n\n<p>The computed value falls back to the next available value e.g. appearance, init or\ninheritance value depeneding on the property configuration and value availability.</p>\n\n<p>For further details take a look at the property definition: {@link #maximum}.</p>"}, "type": "desc"}]}, {"attributes": {"name": "resetMinimum", "fromProperty": "minimum"}, "type": "method", "children": [{"attributes": {"text": "<p>Resets the user value of the property <code>minimum</code>.</p>\n\n<p>The computed value falls back to the next available value e.g. appearance, init or\ninheritance value depeneding on the property configuration and value availability.</p>\n\n<p>For further details take a look at the property definition: {@link #minimum}.</p>"}, "type": "desc"}]}, {"attributes": {"name": "resetNumberFormat", "fromProperty": "numberFormat"}, "type": "method", "children": [{"attributes": {"text": "<p>Resets the user value of the property <code>numberFormat</code>.</p>\n\n<p>The computed value falls back to the next available value e.g. appearance, init or\ninheritance value depeneding on the property configuration and value availability.</p>\n\n<p>For further details take a look at the property definition: {@link #numberFormat}.</p>"}, "type": "desc"}]}, {"attributes": {"name": "resetPageStep", "fromProperty": "pageStep"}, "type": "method", "children": [{"attributes": {"text": "<p>Resets the user value of the property <code>pageStep</code>.</p>\n\n<p>The computed value falls back to the next available value e.g. appearance, init or\ninheritance value depeneding on the property configuration and value availability.</p>\n\n<p>For further details take a look at the property definition: {@link #pageStep}.</p>"}, "type": "desc"}]}, {"attributes": {"name": "resetSingleStep", "fromProperty": "singleStep"}, "type": "method", "children": [{"attributes": {"text": "<p>Resets the user value of the property <code>singleStep</code>.</p>\n\n<p>The computed value falls back to the next available value e.g. appearance, init or\ninheritance value depeneding on the property configuration and value availability.</p>\n\n<p>For further details take a look at the property definition: {@link #singleStep}.</p>"}, "type": "desc"}]}, {"attributes": {"name": "resetValue", "fromProperty": "value"}, "type": "method", "children": [{"attributes": {"text": "<p>Resets the user value of the property <code>value</code>.</p>\n\n<p>The computed value falls back to the next available value e.g. appearance, init or\ninheritance value depeneding on the property configuration and value availability.</p>\n\n<p>For further details take a look at the property definition: {@link #value}.</p>"}, "type": "desc"}]}, {"attributes": {"name": "resetWrap", "fromProperty": "wrap"}, "type": "method", "children": [{"attributes": {"text": "<p>Resets the user value of the property <code>wrap</code>.</p>\n\n<p>The computed value falls back to the next available value e.g. appearance, init or\ninheritance value depeneding on the property configuration and value availability.</p>\n\n<p>For further details take a look at the property definition: {@link #wrap}.</p>"}, "type": "desc"}]}, {"attributes": {"name": "setEditable", "fromProperty": "editable"}, "type": "method", "children": [{"attributes": {}, "type": "params", "children": [{"attributes": {"name": "value"}, "type": "param", "children": [{"attributes": {"text": "<p>New value for property <code>editable</code>.</p>"}, "type": "desc"}, {"attributes": {}, "type": "types", "children": [{"attributes": {"type": "var"}, "type": "entry"}]}]}]}, {"attributes": {"text": "<p>Sets the user value of the property <code>editable</code>.</p>\n\n<p>For further details take a look at the property definition: {@link #editable}.</p>"}, "type": "desc"}, {"attributes": {}, "type": "return", "children": [{"attributes": {"text": "<p>The unmodified incoming value.</p>"}, "type": "desc"}, {"attributes": {}, "type": "types", "children": [{"attributes": {"type": "var"}, "type": "entry"}]}]}]}, {"attributes": {"name": "setMaximum", "fromProperty": "maximum"}, "type": "method", "children": [{"attributes": {}, "type": "params", "children": [{"attributes": {"name": "value"}, "type": "param", "children": [{"attributes": {"text": "<p>New value for property <code>maximum</code>.</p>"}, "type": "desc"}, {"attributes": {}, "type": "types", "children": [{"attributes": {"type": "var"}, "type": "entry"}]}]}]}, {"attributes": {"text": "<p>Sets the user value of the property <code>maximum</code>.</p>\n\n<p>For further details take a look at the property definition: {@link #maximum}.</p>"}, "type": "desc"}, {"attributes": {}, "type": "return", "children": [{"attributes": {"text": "<p>The unmodified incoming value.</p>"}, "type": "desc"}, {"attributes": {}, "type": "types", "children": [{"attributes": {"type": "var"}, "type": "entry"}]}]}]}, {"attributes": {"name": "setMinimum", "fromProperty": "minimum"}, "type": "method", "children": [{"attributes": {}, "type": "params", "children": [{"attributes": {"name": "value"}, "type": "param", "children": [{"attributes": {"text": "<p>New value for property <code>minimum</code>.</p>"}, "type": "desc"}, {"attributes": {}, "type": "types", "children": [{"attributes": {"type": "var"}, "type": "entry"}]}]}]}, {"attributes": {"text": "<p>Sets the user value of the property <code>minimum</code>.</p>\n\n<p>For further details take a look at the property definition: {@link #minimum}.</p>"}, "type": "desc"}, {"attributes": {}, "type": "return", "children": [{"attributes": {"text": "<p>The unmodified incoming value.</p>"}, "type": "desc"}, {"attributes": {}, "type": "types", "children": [{"attributes": {"type": "var"}, "type": "entry"}]}]}]}, {"attributes": {"name": "setNumberFormat", "fromProperty": "numberFormat"}, "type": "method", "children": [{"attributes": {}, "type": "params", "children": [{"attributes": {"name": "value"}, "type": "param", "children": [{"attributes": {"text": "<p>New value for property <code>numberFormat</code>.</p>"}, "type": "desc"}, {"attributes": {}, "type": "types", "children": [{"attributes": {"type": "var"}, "type": "entry"}]}]}]}, {"attributes": {"text": "<p>Sets the user value of the property <code>numberFormat</code>.</p>\n\n<p>For further details take a look at the property definition: {@link #numberFormat}.</p>"}, "type": "desc"}, {"attributes": {}, "type": "return", "children": [{"attributes": {"text": "<p>The unmodified incoming value.</p>"}, "type": "desc"}, {"attributes": {}, "type": "types", "children": [{"attributes": {"type": "var"}, "type": "entry"}]}]}]}, {"attributes": {"name": "setPageStep", "fromProperty": "pageStep"}, "type": "method", "children": [{"attributes": {}, "type": "params", "children": [{"attributes": {"name": "value"}, "type": "param", "children": [{"attributes": {"text": "<p>New value for property <code>pageStep</code>.</p>"}, "type": "desc"}, {"attributes": {}, "type": "types", "children": [{"attributes": {"type": "var"}, "type": "entry"}]}]}]}, {"attributes": {"text": "<p>Sets the user value of the property <code>pageStep</code>.</p>\n\n<p>For further details take a look at the property definition: {@link #pageStep}.</p>"}, "type": "desc"}, {"attributes": {}, "type": "return", "children": [{"attributes": {"text": "<p>The unmodified incoming value.</p>"}, "type": "desc"}, {"attributes": {}, "type": "types", "children": [{"attributes": {"type": "var"}, "type": "entry"}]}]}]}, {"attributes": {"name": "setSingleStep", "fromProperty": "singleStep"}, "type": "method", "children": [{"attributes": {}, "type": "params", "children": [{"attributes": {"name": "value"}, "type": "param", "children": [{"attributes": {"text": "<p>New value for property <code>singleStep</code>.</p>"}, "type": "desc"}, {"attributes": {}, "type": "types", "children": [{"attributes": {"type": "var"}, "type": "entry"}]}]}]}, {"attributes": {"text": "<p>Sets the user value of the property <code>singleStep</code>.</p>\n\n<p>For further details take a look at the property definition: {@link #singleStep}.</p>"}, "type": "desc"}, {"attributes": {}, "type": "return", "children": [{"attributes": {"text": "<p>The unmodified incoming value.</p>"}, "type": "desc"}, {"attributes": {}, "type": "types", "children": [{"attributes": {"type": "var"}, "type": "entry"}]}]}]}, {"attributes": {"name": "setValue", "fromProperty": "value"}, "type": "method", "children": [{"attributes": {}, "type": "params", "children": [{"attributes": {"name": "value"}, "type": "param", "children": [{"attributes": {"text": "<p>New value for property <code>value</code>.</p>"}, "type": "desc"}, {"attributes": {}, "type": "types", "children": [{"attributes": {"type": "var"}, "type": "entry"}]}]}]}, {"attributes": {"text": "<p>Sets the user value of the property <code>value</code>.</p>\n\n<p>For further details take a look at the property definition: {@link #value}.</p>"}, "type": "desc"}, {"attributes": {}, "type": "return", "children": [{"attributes": {"text": "<p>The unmodified incoming value.</p>"}, "type": "desc"}, {"attributes": {}, "type": "types", "children": [{"attributes": {"type": "var"}, "type": "entry"}]}]}]}, {"attributes": {"name": "setWrap", "fromProperty": "wrap"}, "type": "method", "children": [{"attributes": {}, "type": "params", "children": [{"attributes": {"name": "value"}, "type": "param", "children": [{"attributes": {"text": "<p>New value for property <code>wrap</code>.</p>"}, "type": "desc"}, {"attributes": {}, "type": "types", "children": [{"attributes": {"type": "var"}, "type": "entry"}]}]}]}, {"attributes": {"text": "<p>Sets the user value of the property <code>wrap</code>.</p>\n\n<p>For further details take a look at the property definition: {@link #wrap}.</p>"}, "type": "desc"}, {"attributes": {}, "type": "return", "children": [{"attributes": {"text": "<p>The unmodified incoming value.</p>"}, "type": "desc"}, {"attributes": {}, "type": "types", "children": [{"attributes": {"type": "var"}, "type": "entry"}]}]}]}, {"attributes": {"docFrom": "qx.ui.core.Widget", "line": 332, "overriddenFrom": "qx.ui.core.Widget", "name": "tabFocus"}, "type": "method"}, {"attributes": {"name": "toggleEditable", "fromProperty": "editable"}, "type": "method", "children": [{"attributes": {"text": "<p>Toggles the (computed) value of the boolean property <code>editable</code>.</p>\n\n<p>For further details take a look at the property definition: {@link #editable}.</p>"}, "type": "desc"}, {"attributes": {}, "type": "return", "children": [{"attributes": {"text": "<p>the new value</p>"}, "type": "desc"}, {"attributes": {}, "type": "types", "children": [{"attributes": {"type": "Boolean"}, "type": "entry"}]}]}]}, {"attributes": {"name": "toggleWrap", "fromProperty": "wrap"}, "type": "method", "children": [{"attributes": {"text": "<p>Toggles the (computed) value of the boolean property <code>wrap</code>.</p>\n\n<p>For further details take a look at the property definition: {@link #wrap}.</p>"}, "type": "desc"}, {"attributes": {}, "type": "return", "children": [{"attributes": {"text": "<p>the new value</p>"}, "type": "desc"}, {"attributes": {}, "type": "types", "children": [{"attributes": {"type": "Boolean"}, "type": "entry"}]}]}]}]}, {"attributes": {}, "type": "properties", "children": [{"attributes": {"name": "allowShrinkY", "docFrom": "qx.ui.core.LayoutItem", "defaultValue": "false", "refine": "true", "propertyType": "new", "overriddenFrom": "qx.ui.core.LayoutItem"}, "type": "property"}, {"attributes": {"name": "appearance", "docFrom": "qx.ui.core.Widget", "defaultValue": "\"spinner\"", "refine": "true", "propertyType": "new", "overriddenFrom": "qx.ui.core.Widget"}, "type": "property"}, {"attributes": {"apply": "_applyEditable", "defaultValue": "true", "propertyType": "new", "check": "Boolean", "name": "editable"}, "type": "property", "children": [{"attributes": {"text": "<p>Controls whether the textfield of the spinner is editable or not</p>"}, "type": "desc"}]}, {"attributes": {"name": "focusable", "docFrom": "qx.ui.core.Widget", "defaultValue": "true", "refine": "true", "propertyType": "new", "overriddenFrom": "qx.ui.core.Widget"}, "type": "property"}, {"attributes": {"name": "maximum", "defaultValue": "100", "event": "changeMaximum", "propertyType": "new", "apply": "_applyMaximum", "check": "Number"}, "type": "property", "children": [{"attributes": {"text": "<p>maximal value of the Range object</p>"}, "type": "desc"}]}, {"attributes": {"name": "minimum", "defaultValue": "0", "event": "changeMinimum", "propertyType": "new", "apply": "_applyMinimum", "check": "Number"}, "type": "property", "children": [{"attributes": {"text": "<p>minimal value of the Range object</p>"}, "type": "desc"}]}, {"attributes": {"allowNull": "true", "propertyType": "new", "check": "qx.util.format.NumberFormat", "name": "numberFormat", "apply": "_applyNumberFormat"}, "type": "property", "children": [{"attributes": {"text": "<p>Controls the display of the number in the textfield</p>"}, "type": "desc"}]}, {"attributes": {"defaultValue": "10", "propertyType": "new", "check": "Number", "name": "pageStep"}, "type": "property", "children": [{"attributes": {"text": "<p>The amount to increment on each pageup/pagedown keypress</p>"}, "type": "desc"}]}, {"attributes": {"defaultValue": "1", "propertyType": "new", "check": "Number", "name": "singleStep"}, "type": "property", "children": [{"attributes": {"text": "<p>The amount to increment on each event (keypress or pointerdown)</p>"}, "type": "desc"}]}, {"attributes": {"name": "value", "defaultValue": "0", "check": "Custom check function.", "allowNull": "true", "propertyType": "new", "apply": "_applyValue", "event": "changeValue"}, "type": "property", "children": [{"attributes": {"text": "<p>The value of the spinner.</p>"}, "type": "desc"}]}, {"attributes": {"apply": "_applyWrap", "defaultValue": "false", "propertyType": "new", "check": "Boolean", "name": "wrap"}, "type": "property", "children": [{"attributes": {"text": "<p>whether the value should wrap around</p>"}, "type": "desc"}]}]}, {"attributes": {}, "type": "events", "children": [{"attributes": {"name": "changeMaximum"}, "type": "event", "children": [{"attributes": {"text": "Fired on change of the property {@link #maximum}."}, "type": "desc"}, {"attributes": {}, "type": "types", "children": [{"attributes": {"type": "qx.event.type.Data"}, "type": "entry"}]}]}, {"attributes": {"name": "changeMinimum"}, "type": "event", "children": [{"attributes": {"text": "Fired on change of the property {@link #minimum}."}, "type": "desc"}, {"attributes": {}, "type": "types", "children": [{"attributes": {"type": "qx.event.type.Data"}, "type": "entry"}]}]}, {"attributes": {"name": "changeValue"}, "type": "event", "children": [{"attributes": {"text": "Fired on change of the property {@link #value}."}, "type": "desc"}, {"attributes": {}, "type": "types", "children": [{"attributes": {"type": "qx.event.type.Data"}, "type": "entry"}]}]}]}]}