{"attributes": {"name": "SelectionManager", "isInternal": true, "packageName": "qx.ui.tree.selection", "access": "internal", "superClass": "qx.ui.core.selection.ScrollArea", "fullName": "qx.ui.tree.selection.SelectionManager", "type": "class"}, "type": "class", "children": [{"attributes": {"text": "<p>Responsible for the selection management of the {@link qx.ui.tree.Tree}.</p>"}, "type": "desc"}, {"attributes": {}, "type": "methods", "children": [{"attributes": {"access": "protected", "docFrom": "qx.ui.core.selection.Abstract", "line": 118, "overriddenFrom": "qx.ui.core.selection.Widget", "name": "_getFirstSelectable"}, "type": "method"}, {"attributes": {"access": "protected", "docFrom": "qx.ui.core.selection.Abstract", "line": 124, "overriddenFrom": "qx.ui.core.selection.Widget", "name": "_getLastSelectable"}, "type": "method"}, {"attributes": {"access": "protected", "docFrom": "qx.ui.core.selection.Abstract", "line": 135, "overriddenFrom": "qx.ui.core.selection.Widget", "name": "_getRelatedSelectable"}, "type": "method", "children": [{"attributes": {}, "type": "params", "children": [{"attributes": {"name": "item"}, "type": "param"}, {"attributes": {"name": "relation"}, "type": "param"}]}]}, {"attributes": {"access": "protected", "docFrom": "qx.ui.core.selection.Abstract", "line": 54, "overriddenFrom": "qx.ui.core.selection.Abstract", "name": "_getSelectableFromPointerEvent"}, "type": "method", "children": [{"attributes": {}, "type": "params", "children": [{"attributes": {"name": "event"}, "type": "param"}]}]}, {"attributes": {"access": "protected", "docFrom": "qx.ui.core.selection.Abstract", "line": 32, "overriddenFrom": "qx.ui.core.selection.Widget", "name": "_getSelectableLocationY"}, "type": "method", "children": [{"attributes": {}, "type": "params", "children": [{"attributes": {"name": "item"}, "type": "param"}]}]}, {"attributes": {"access": "protected", "docFrom": "qx.ui.core.selection.Abstract", "line": 93, "overriddenFrom": "qx.ui.core.selection.Widget", "name": "_getSelectableRange"}, "type": "method", "children": [{"attributes": {}, "type": "params", "children": [{"attributes": {"name": "item1"}, "type": "param"}, {"attributes": {"name": "item2"}, "type": "param"}]}]}, {"attributes": {"access": "protected", "docFrom": "qx.ui.core.selection.Abstract", "line": 47, "overriddenFrom": "qx.ui.core.selection.ScrollArea", "name": "_isSelectable"}, "type": "method", "children": [{"attributes": {}, "type": "params", "children": [{"attributes": {"name": "item"}, "type": "param"}]}]}, {"attributes": {"docFrom": "qx.ui.core.selection.Abstract", "line": 61, "overriddenFrom": "qx.ui.core.selection.Widget", "name": "getSelectables"}, "type": "method", "children": [{"attributes": {}, "type": "params", "children": [{"attributes": {"name": "all"}, "type": "param"}]}]}]}]}