{"attributes": {"name": "TextField", "packageName": "qx.ui.form", "superClass": "qx.ui.form.AbstractField", "childClasses": "qx.ui.form.PasswordField", "fullName": "qx.ui.form.TextField", "type": "class"}, "type": "class", "children": [{"attributes": {"text": "<p>The TextField is a single-line text input field.</p>"}, "type": "desc"}, {"attributes": {}, "type": "properties", "children": [{"attributes": {"name": "allowGrowY", "docFrom": "qx.ui.core.LayoutItem", "defaultValue": "false", "refine": "true", "propertyType": "new", "overriddenFrom": "qx.ui.core.LayoutItem"}, "type": "property"}, {"attributes": {"name": "allowShrinkY", "docFrom": "qx.ui.core.LayoutItem", "defaultValue": "false", "refine": "true", "propertyType": "new", "overriddenFrom": "qx.ui.core.LayoutItem"}, "type": "property"}, {"attributes": {"name": "appearance", "docFrom": "qx.ui.core.Widget", "defaultValue": "\"textfield\"", "refine": "true", "propertyType": "new", "overriddenFrom": "qx.ui.core.Widget"}, "type": "property"}]}, {"attributes": {}, "type": "methods", "children": [{"attributes": {"access": "protected", "docFrom": "qx.ui.form.AbstractField", "line": 64, "overriddenFrom": "qx.ui.form.AbstractField", "name": "_renderContentElement"}, "type": "method", "children": [{"attributes": {}, "type": "params", "children": [{"attributes": {"name": "innerHeight"}, "type": "param"}, {"attributes": {"name": "element"}, "type": "param"}]}]}]}]}