{"attributes": {"fullName": "qx.ui.virtual.selection.CellLines", "packageName": "qx.ui.virtual.selection", "type": "class", "name": "CellLines", "superClass": "qx.ui.virtual.selection.CellRectangle"}, "type": "class", "children": [{"attributes": {"text": "<p><span class=\"caps\">EXPERIMENTAL</span>!</p>\n\n<p>Cell selection manager</p>"}, "type": "desc"}, {"attributes": {}, "type": "methods", "children": [{"attributes": {"access": "protected", "docFrom": "qx.ui.core.selection.Abstract", "line": 48, "overriddenFrom": "qx.ui.virtual.selection.CellRectangle", "name": "_getSelectableRange"}, "type": "method", "children": [{"attributes": {}, "type": "params", "children": [{"attributes": {"name": "item1"}, "type": "param"}, {"attributes": {"name": "item2"}, "type": "param"}]}]}]}]}