{"attributes": {"fullName": "qx.ui.window.IDesktop", "packageName": "qx.ui.window", "type": "interface", "name": "IDesktop", "implementations": "qx.ui.window.Desktop"}, "type": "class", "children": [{"attributes": {"text": "<p>All parent widgets of windows must implement this interface.</p>"}, "type": "desc"}, {"attributes": {}, "type": "methods", "children": [{"attributes": {"line": 57, "name": "blockContent"}, "type": "method", "children": [{"attributes": {}, "type": "params", "children": [{"attributes": {"name": "zIndex"}, "type": "param", "children": [{"attributes": {"text": "<p>All child widgets with a zIndex below this value will be blocked</p>"}, "type": "desc"}, {"attributes": {}, "type": "types", "children": [{"attributes": {"type": "Integer"}, "type": "entry"}]}]}]}, {"attributes": {"text": "<p>Block direct child widgets with a zIndex below <code>zIndex</code></p>"}, "type": "desc"}]}, {"attributes": {"line": 41, "name": "getWindows"}, "type": "method", "children": [{"attributes": {"text": "<p>Get a list of all windows added to the desktop (including hidden windows)</p>"}, "type": "desc"}, {"attributes": {}, "type": "return", "children": [{"attributes": {"text": "<p>Array of managed windows</p>"}, "type": "desc"}, {"attributes": {}, "type": "types", "children": [{"attributes": {"type": "qx.ui.window.Window", "dimensions": 1}, "type": "entry"}]}]}]}, {"attributes": {"line": 71, "name": "isBlocked"}, "type": "method", "children": [{"attributes": {"text": "<p>Whether the widget is currently blocked</p>"}, "type": "desc"}, {"attributes": {}, "type": "return", "children": [{"attributes": {"text": "<p>whether the widget is blocked.</p>"}, "type": "desc"}, {"attributes": {}, "type": "types", "children": [{"attributes": {"type": "Boolean"}, "type": "entry"}]}]}]}, {"attributes": {"line": 32, "name": "setWindowManager"}, "type": "method", "children": [{"attributes": {}, "type": "params", "children": [{"attributes": {"name": "manager"}, "type": "param", "children": [{"attributes": {"text": "<p>The window manager</p>"}, "type": "desc"}, {"attributes": {}, "type": "types", "children": [{"attributes": {"type": "qx.ui.window.IWindowManager"}, "type": "entry"}]}]}]}, {"attributes": {"text": "<p>Sets the desktop&#8217;s window manager</p>"}, "type": "desc"}]}, {"attributes": {"line": 49, "name": "supportsMaximize"}, "type": "method", "children": [{"attributes": {"text": "<p>Whether the configured layout supports a maximized window\ne.g. is a Canvas.</p>"}, "type": "desc"}, {"attributes": {}, "type": "return", "children": [{"attributes": {"text": "<p>Whether the layout supports maximized windows</p>"}, "type": "desc"}, {"attributes": {}, "type": "types", "children": [{"attributes": {"type": "Boolean"}, "type": "entry"}]}]}]}, {"attributes": {"line": 64, "name": "unblock"}, "type": "method", "children": [{"attributes": {"text": "<p>Remove the blocker.</p>"}, "type": "desc"}]}]}]}