{"attributes": {"fullName": "qx.ui.core.queue.Appearance", "packageName": "qx.ui.core.queue", "isStatic": true, "type": "class", "name": "Appearance"}, "type": "class", "children": [{"attributes": {"text": "<p>The AppearanceQueue registers all widgets which are influences through\nstate changes.</p>"}, "type": "desc"}, {"attributes": {}, "type": "methods-static", "children": [{"attributes": {"line": 51, "isStatic": true, "name": "add"}, "type": "method", "children": [{"attributes": {}, "type": "params", "children": [{"attributes": {"name": "widget"}, "type": "param", "children": [{"attributes": {"text": "<p>The widget to add.</p>"}, "type": "desc"}, {"attributes": {}, "type": "types", "children": [{"attributes": {"type": "qx.ui.core.Widget"}, "type": "entry"}]}]}]}, {"attributes": {"text": "<p>Adds a widget to the queue.</p>\n\n<p>Should only be used by {@link qx.ui.core.Widget}.</p>"}, "type": "desc"}]}, {"attributes": {"line": 79, "isStatic": true, "name": "flush"}, "type": "method", "children": [{"attributes": {"text": "<p>Flushes the appearance queue.</p>\n\n<p>This is used exclusively by the {@link qx.ui.core.queue.Manager}.</p>"}, "type": "desc"}]}, {"attributes": {"line": 69, "isStatic": true, "name": "has"}, "type": "method", "children": [{"attributes": {}, "type": "params", "children": [{"attributes": {"name": "widget"}, "type": "param", "children": [{"attributes": {"text": "<p>The widget to check</p>"}, "type": "desc"}, {"attributes": {}, "type": "types", "children": [{"attributes": {"type": "qx.ui.core.Widget"}, "type": "entry"}]}]}]}, {"attributes": {"text": "<p>Whether the given widget is already queued</p>"}, "type": "desc"}, {"attributes": {}, "type": "return", "children": [{"attributes": {"text": "<code>true</code> if the widget is queued"}, "type": "desc"}, {"attributes": {}, "type": "types", "children": [{"attributes": {"type": "Boolean"}, "type": "entry"}]}]}]}, {"attributes": {"line": 39, "isStatic": true, "name": "remove"}, "type": "method", "children": [{"attributes": {}, "type": "params", "children": [{"attributes": {"name": "widget"}, "type": "param", "children": [{"attributes": {"text": "<p>The widget to clear</p>"}, "type": "desc"}, {"attributes": {}, "type": "types", "children": [{"attributes": {"type": "qx.ui.core.Widget"}, "type": "entry"}]}]}]}, {"attributes": {"text": "<p>Clears the widget from the internal queue. Normally only used\nduring interims disposes of one or a few widgets.</p>"}, "type": "desc"}]}]}, {"attributes": {}, "type": "constants", "children": [{"attributes": {"access": "private", "type": "Array", "name": "__queue", "value": "[]"}, "type": "constant", "children": [{"attributes": {"text": "<p>This contains all the queued widgets for the next flush.</p>"}, "type": "desc"}, {"attributes": {}, "type": "types", "children": [{"attributes": {"type": "Array"}, "type": "entry"}]}]}]}]}