{"attributes": {"packageName": "qx.ui.mobile.container", "type": "mixin", "fullName": "qx.ui.mobile.container.MNativeScroll", "name": "MNativeScroll"}, "type": "class", "children": [{"attributes": {"text": ""}, "type": "desc"}, {"attributes": {}, "type": "constructor", "children": [{"attributes": {"line": 31, "isCtor": true, "name": "ctor"}, "type": "method"}]}, {"attributes": {}, "type": "methods", "children": [{"attributes": {"access": "protected", "line": 136, "isMixin": true, "name": "_calcSnapPoints"}, "type": "method", "children": [{"attributes": {"text": "<p>Calculates the snapping points for the x/y axis.</p>"}, "type": "desc"}]}, {"attributes": {"access": "protected", "line": 209, "isMixin": true, "name": "_createScrollElement"}, "type": "method", "children": [{"attributes": {"text": "<p>Mixin method. Creates the scroll element.</p>"}, "type": "desc"}, {"attributes": {}, "type": "return", "children": [{"attributes": {"text": "<p>The scroll element</p>"}, "type": "desc"}, {"attributes": {}, "type": "types", "children": [{"attributes": {"type": "Element"}, "type": "entry"}]}]}]}, {"attributes": {"access": "protected", "line": 160, "isMixin": true, "name": "_determineSnapPoint"}, "type": "method", "children": [{"attributes": {}, "type": "params", "children": [{"attributes": {"name": "current"}, "type": "param", "children": [{"attributes": {"text": "<p>description</p>"}, "type": "desc"}, {"attributes": {}, "type": "types", "children": [{"attributes": {"type": "Integer"}, "type": "entry"}]}]}, {"attributes": {"name": "snapProperty"}, "type": "param", "children": [{"attributes": {"text": "<p>&#8220;top&#8221; or &#8220;left&#8221;</p>"}, "type": "desc"}, {"attributes": {}, "type": "types", "children": [{"attributes": {"type": "String"}, "type": "entry"}]}]}]}, {"attributes": {"text": "<p>Determines the next snap points for the passed current position.</p>"}, "type": "desc"}, {"attributes": {}, "type": "return", "children": [{"attributes": {"text": "<p>the determined snap point.</p>"}, "type": "desc"}, {"attributes": {}, "type": "types", "children": [{"attributes": {"type": "Integer"}, "type": "entry"}]}]}]}, {"attributes": {"access": "protected", "line": 218, "isMixin": true, "name": "_getPosition"}, "type": "method", "children": [{"attributes": {"text": "<p>Returns the current scroll position</p>"}, "type": "desc"}, {"attributes": {}, "type": "return", "children": [{"attributes": {"text": "<p>an array with <code>[scrollLeft,scrollTop]</code>.</p>"}, "type": "desc"}, {"attributes": {}, "type": "types", "children": [{"attributes": {"type": "Array"}, "type": "entry"}]}]}]}, {"attributes": {"access": "protected", "line": 228, "isMixin": true, "name": "_getScrollContentElement"}, "type": "method", "children": [{"attributes": {"text": "<p>Mixin method. Returns the scroll content element.</p>"}, "type": "desc"}, {"attributes": {}, "type": "return", "children": [{"attributes": {"text": "<p>The scroll content element</p>"}, "type": "desc"}, {"attributes": {}, "type": "types", "children": [{"attributes": {"type": "Element"}, "type": "entry"}]}]}]}, {"attributes": {"access": "protected", "line": 57, "isMixin": true, "name": "_onAppear"}, "type": "method", "children": [{"attributes": {"text": "<p>Event handler for <code>appear</code> event.</p>"}, "type": "desc"}]}, {"attributes": {"access": "protected", "line": 119, "isMixin": true, "name": "_onScroll"}, "type": "method", "children": [{"attributes": {"text": "<p>Event handler for <code>scroll</code> events.</p>"}, "type": "desc"}]}, {"attributes": {"access": "protected", "line": 67, "isMixin": true, "name": "_onTouchMove"}, "type": "method", "children": [{"attributes": {}, "type": "params", "children": [{"attributes": {"name": "evt"}, "type": "param", "children": [{"attributes": {"text": "<p>touchmove event.</p>"}, "type": "desc"}, {"attributes": {}, "type": "types", "children": [{"attributes": {"type": "qx.event.type.Touch"}, "type": "entry"}]}]}]}, {"attributes": {"text": "<p>Event handler for <code>touchmove</code> event.\nNeeded for preventing iOS page bounce.</p>"}, "type": "desc"}]}, {"attributes": {"access": "protected", "line": 104, "isMixin": true, "name": "_onTrackEnd"}, "type": "method", "children": [{"attributes": {}, "type": "params", "children": [{"attributes": {"name": "evt"}, "type": "param", "children": [{"attributes": {"text": "<p>the <code>track</code> event</p>"}, "type": "desc"}, {"attributes": {}, "type": "types", "children": [{"attributes": {"type": "qx.event.type.Track"}, "type": "entry"}]}]}]}, {"attributes": {"text": "<p>Event handler for <code>trackend</code> events.</p>"}, "type": "desc"}]}, {"attributes": {"access": "protected", "line": 80, "isMixin": true, "name": "_onTrackStart"}, "type": "method", "children": [{"attributes": {"text": "<p>Event handler for <code>trackstart</code> events.</p>"}, "type": "desc"}]}, {"attributes": {"access": "protected", "line": 199, "isMixin": true, "name": "_refresh"}, "type": "method", "children": [{"attributes": {"text": "<p>Refreshes the scroll container. Recalculates the snap points.</p>"}, "type": "desc"}]}, {"attributes": {"access": "protected", "line": 240, "isMixin": true, "name": "_scrollTo"}, "type": "method", "children": [{"attributes": {}, "type": "params", "children": [{"attributes": {"name": "x"}, "type": "param", "children": [{"attributes": {"text": "<p>X coordinate to scroll to.</p>"}, "type": "desc"}, {"attributes": {}, "type": "types", "children": [{"attributes": {"type": "Integer"}, "type": "entry"}]}]}, {"attributes": {"name": "y"}, "type": "param", "children": [{"attributes": {"text": "<p>Y coordinate to scroll to.</p>"}, "type": "desc"}, {"attributes": {}, "type": "types", "children": [{"attributes": {"type": "Integer"}, "type": "entry"}]}]}, {"attributes": {"name": "time"}, "type": "param", "children": [{"attributes": {"text": "<p>is always <code>0</code> for this mixin.</p>"}, "type": "desc"}, {"attributes": {}, "type": "types", "children": [{"attributes": {"type": "Integer"}, "type": "entry"}]}]}]}, {"attributes": {"text": "<p>Scrolls the wrapper contents to the x/y coordinates in a given period.</p>"}, "type": "desc"}]}, {"attributes": {"access": "protected", "line": 185, "isMixin": true, "name": "_snap"}, "type": "method", "children": [{"attributes": {"text": "<p>Snaps the scrolling area to the nearest snap point.</p>"}, "type": "desc"}]}]}]}