{"attributes": {"isAbstract": true, "name": "AbstractButton", "packageName": "qx.ui.menu", "mixins": "qx.ui.core.MExecutable", "superClass": "qx.ui.core.Widget", "childClasses": "qx.ui.menu.Button,qx.ui.menu.CheckBox,qx.ui.menu.RadioButton", "fullName": "qx.ui.menu.AbstractButton", "type": "class", "interfaces": "qx.ui.form.IExecutable"}, "type": "class", "children": [{"attributes": {"text": "<p>The abstract menu button class is used for all type of menu content\nfor example normal buttons, checkboxes or radiobuttons.</p>"}, "type": "desc"}, {"attributes": {}, "type": "childControls", "children": [{"attributes": {"name": "icon"}, "type": "childControl", "children": [{"attributes": {"text": "<p>icon of the button</p>"}, "type": "desc"}, {"attributes": {}, "type": "types", "children": [{"attributes": {"type": "qx.ui.basic.Image"}, "type": "entry"}]}]}, {"attributes": {"name": "label"}, "type": "childControl", "children": [{"attributes": {"text": "<p>label of the button</p>"}, "type": "desc"}, {"attributes": {}, "type": "types", "children": [{"attributes": {"type": "qx.ui.basic.Label"}, "type": "entry"}]}]}, {"attributes": {"name": "shortcut"}, "type": "childControl", "children": [{"attributes": {"text": "<p>shows if specified the shortcut</p>"}, "type": "desc"}, {"attributes": {}, "type": "types", "children": [{"attributes": {"type": "qx.ui.basic.Label"}, "type": "entry"}]}]}, {"attributes": {"name": "arrow"}, "type": "childControl", "children": [{"attributes": {"text": "<p>shows the arrow to show an additional widget (e.g. popup or submenu)</p>"}, "type": "desc"}, {"attributes": {}, "type": "types", "children": [{"attributes": {"type": "qx.ui.basic.Image"}, "type": "entry"}]}]}]}, {"attributes": {}, "type": "constructor", "children": [{"attributes": {"docFrom": "qx.core.Object", "line": 44, "isCtor": true, "overriddenFrom": "qx.ui.core.Widget", "name": "ctor"}, "type": "method"}]}, {"attributes": {}, "type": "properties", "children": [{"attributes": {"name": "blockToolTip", "docFrom": "qx.ui.core.Widget", "defaultValue": "true", "refine": "true", "propertyType": "new", "overriddenFrom": "qx.ui.core.Widget"}, "type": "property"}, {"attributes": {"name": "icon", "check": "String", "allowNull": "true", "propertyType": "new", "apply": "_applyIcon", "event": "changeIcon", "themeable": "true"}, "type": "property", "children": [{"attributes": {"text": "<p>The icon to use</p>"}, "type": "desc"}]}, {"attributes": {"name": "label", "check": "String", "allowNull": "true", "propertyType": "new", "apply": "_applyLabel", "event": "changeLabel"}, "type": "property", "children": [{"attributes": {"text": "<p>The label text of the button</p>"}, "type": "desc"}]}, {"attributes": {"name": "menu", "check": "qx.ui.menu.Menu", "allowNull": "true", "propertyType": "new", "apply": "_applyMenu", "event": "changeMenu"}, "type": "property", "children": [{"attributes": {"text": "<p>Whether a sub menu should be shown and which one</p>"}, "type": "desc"}]}, {"attributes": {"name": "showCommandLabel", "defaultValue": "true", "event": "changeShowCommandLabel", "propertyType": "new", "apply": "_applyShowCommandLabel", "check": "Boolean", "themeable": "true"}, "type": "property", "children": [{"attributes": {"text": "<p>Indicates whether the label for the command (shortcut) should be visible or not.</p>"}, "type": "desc"}]}]}, {"attributes": {}, "type": "events", "children": [{"attributes": {"name": "changeIcon"}, "type": "event", "children": [{"attributes": {"text": "Fired on change of the property {@link #icon}."}, "type": "desc"}, {"attributes": {}, "type": "types", "children": [{"attributes": {"type": "qx.event.type.Data"}, "type": "entry"}]}]}, {"attributes": {"name": "changeLabel"}, "type": "event", "children": [{"attributes": {"text": "Fired on change of the property {@link #label}."}, "type": "desc"}, {"attributes": {}, "type": "types", "children": [{"attributes": {"type": "qx.event.type.Data"}, "type": "entry"}]}]}, {"attributes": {"name": "changeMenu"}, "type": "event", "children": [{"attributes": {"text": "Fired on change of the property {@link #menu}."}, "type": "desc"}, {"attributes": {}, "type": "types", "children": [{"attributes": {"type": "qx.event.type.Data"}, "type": "entry"}]}]}, {"attributes": {"name": "changeShowCommandLabel"}, "type": "event", "children": [{"attributes": {"text": "Fired on change of the property {@link #showCommandLabel}."}, "type": "desc"}, {"attributes": {}, "type": "types", "children": [{"attributes": {"type": "qx.event.type.Data"}, "type": "entry"}]}]}]}, {"attributes": {}, "type": "methods", "children": [{"attributes": {"access": "protected", "line": 303, "name": "_applyIcon"}, "type": "method", "children": [{"attributes": {}, "type": "params", "children": [{"attributes": {"name": "value"}, "type": "param", "children": [{"attributes": {"text": "<p>new value of the property</p>"}, "type": "desc"}, {"attributes": {}, "type": "types", "children": [{"attributes": {"type": "String"}, "type": "entry"}]}]}, {"attributes": {"name": "old"}, "type": "param", "children": [{"attributes": {"text": "<p>previous value of the property (null if it was not yet set).</p>"}, "type": "desc"}, {"attributes": {}, "type": "types", "children": [{"attributes": {"type": "String"}, "type": "entry"}]}]}]}, {"attributes": {}, "type": "apply", "children": [{"attributes": {"applies": "qx.ui.menu.AbstractButton#icon"}, "type": "entry"}]}, {"attributes": {"text": "<p>Applies changes of the property value of the property <code>icon</code>.</p>\n\n<p>For further details take a look at the property definition: {@link #icon}.</p>"}, "type": "desc"}]}, {"attributes": {"access": "protected", "line": 313, "name": "_applyLabel"}, "type": "method", "children": [{"attributes": {}, "type": "params", "children": [{"attributes": {"name": "value"}, "type": "param", "children": [{"attributes": {"text": "<p>new value of the property</p>"}, "type": "desc"}, {"attributes": {}, "type": "types", "children": [{"attributes": {"type": "String"}, "type": "entry"}]}]}, {"attributes": {"name": "old"}, "type": "param", "children": [{"attributes": {"text": "<p>previous value of the property (null if it was not yet set).</p>"}, "type": "desc"}, {"attributes": {}, "type": "types", "children": [{"attributes": {"type": "String"}, "type": "entry"}]}]}]}, {"attributes": {}, "type": "apply", "children": [{"attributes": {"applies": "qx.ui.menu.AbstractButton#label"}, "type": "entry"}]}, {"attributes": {"text": "<p>Applies changes of the property value of the property <code>label</code>.</p>\n\n<p>For further details take a look at the property definition: {@link #label}.</p>"}, "type": "desc"}]}, {"attributes": {"access": "protected", "line": 323, "name": "_applyMenu"}, "type": "method", "children": [{"attributes": {}, "type": "params", "children": [{"attributes": {"name": "value"}, "type": "param", "children": [{"attributes": {"text": "<p>new value of the property</p>"}, "type": "desc"}, {"attributes": {}, "type": "types", "children": [{"attributes": {"type": "qx.ui.menu.Menu"}, "type": "entry"}]}]}, {"attributes": {"name": "old"}, "type": "param", "children": [{"attributes": {"text": "<p>previous value of the property (null if it was not yet set).</p>"}, "type": "desc"}, {"attributes": {}, "type": "types", "children": [{"attributes": {"type": "qx.ui.menu.Menu"}, "type": "entry"}]}]}]}, {"attributes": {}, "type": "apply", "children": [{"attributes": {"applies": "qx.ui.menu.AbstractButton#menu"}, "type": "entry"}]}, {"attributes": {"text": "<p>Applies changes of the property value of the property <code>menu</code>.</p>\n\n<p>For further details take a look at the property definition: {@link #menu}.</p>"}, "type": "desc"}]}, {"attributes": {"access": "protected", "line": 345, "name": "_applyShowCommandLabel"}, "type": "method", "children": [{"attributes": {}, "type": "params", "children": [{"attributes": {"name": "value"}, "type": "param", "children": [{"attributes": {"text": "<p>new value of the property</p>"}, "type": "desc"}, {"attributes": {}, "type": "types", "children": [{"attributes": {"type": "Boolean"}, "type": "entry"}]}]}, {"attributes": {"name": "old"}, "type": "param", "children": [{"attributes": {"text": "<p>previous value of the property (null if it was not yet set).</p>"}, "type": "desc"}, {"attributes": {}, "type": "types", "children": [{"attributes": {"type": "Boolean"}, "type": "entry"}]}]}]}, {"attributes": {}, "type": "apply", "children": [{"attributes": {"applies": "qx.ui.menu.AbstractButton#showCommandLabel"}, "type": "entry"}]}, {"attributes": {"text": "<p>Applies changes of the property value of the property <code>showCommandLabel</code>.</p>\n\n<p>For further details take a look at the property definition: {@link #showCommandLabel}.</p>"}, "type": "desc"}]}, {"attributes": {"access": "protected", "docFrom": "qx.ui.core.Widget", "line": 131, "overriddenFrom": "qx.ui.core.Widget", "name": "_createChildControlImpl"}, "type": "method", "children": [{"attributes": {}, "type": "params", "children": [{"attributes": {"name": "id"}, "type": "param"}, {"attributes": {"name": "hash"}, "type": "param"}]}]}, {"attributes": {"access": "protected", "line": 255, "name": "_onChangeCommand"}, "type": "method", "children": [{"attributes": {}, "type": "params", "children": [{"attributes": {"name": "e"}, "type": "param", "children": [{"attributes": {"text": "<p>Property change event</p>"}, "type": "desc"}, {"attributes": {}, "type": "types", "children": [{"attributes": {"type": "qx.event.type.Data"}, "type": "entry"}]}]}]}, {"attributes": {"text": "<p>Event listener for command changes. Updates the text of the shortcut.</p>"}, "type": "desc"}]}, {"attributes": {"access": "protected", "line": 245, "name": "_onKeyPress"}, "type": "method", "children": [{"attributes": {}, "type": "params", "children": [{"attributes": {"name": "e"}, "type": "param", "children": [{"attributes": {"text": "<p>keypress event</p>"}, "type": "desc"}, {"attributes": {}, "type": "types", "children": [{"attributes": {"type": "qx.event.type.KeySequence"}, "type": "entry"}]}]}]}, {"attributes": {"text": "<p>Event listener for keypress event</p>"}, "type": "desc"}]}, {"attributes": {"access": "protected", "line": 235, "name": "_onTap"}, "type": "method", "children": [{"attributes": {}, "type": "params", "children": [{"attributes": {"name": "e"}, "type": "param", "children": [{"attributes": {"text": "<p>pointer event</p>"}, "type": "desc"}, {"attributes": {}, "type": "types", "children": [{"attributes": {"type": "qx.event.type.Pointer"}, "type": "entry"}]}]}]}, {"attributes": {"text": "<p>Event listener for tap</p>"}, "type": "desc"}]}, {"attributes": {"line": 191, "name": "getChildrenSizes"}, "type": "method", "children": [{"attributes": {"text": "<p>Returns the dimensions of all children</p>"}, "type": "desc"}, {"attributes": {}, "type": "return", "children": [{"attributes": {"text": "<p>Preferred width of each child</p>"}, "type": "desc"}, {"attributes": {}, "type": "types", "children": [{"attributes": {"type": "Array"}, "type": "entry"}]}]}]}, {"attributes": {"name": "getIcon", "fromProperty": "icon"}, "type": "method", "children": [{"attributes": {"text": "<p>Returns the (computed) value of the property <code>icon</code>.</p>\n\n<p>For further details take a look at the property definition: {@link #icon}.</p>"}, "type": "desc"}, {"attributes": {}, "type": "return", "children": [{"attributes": {"text": "<p>(Computed) value of <code>icon</code>.</p>"}, "type": "desc"}, {"attributes": {}, "type": "types", "children": [{"attributes": {"type": "var"}, "type": "entry"}]}]}]}, {"attributes": {"name": "getLabel", "fromProperty": "label"}, "type": "method", "children": [{"attributes": {"text": "<p>Returns the (computed) value of the property <code>label</code>.</p>\n\n<p>For further details take a look at the property definition: {@link #label}.</p>"}, "type": "desc"}, {"attributes": {}, "type": "return", "children": [{"attributes": {"text": "<p>(Computed) value of <code>label</code>.</p>"}, "type": "desc"}, {"attributes": {}, "type": "types", "children": [{"attributes": {"type": "var"}, "type": "entry"}]}]}]}, {"attributes": {"name": "getMenu", "fromProperty": "menu"}, "type": "method", "children": [{"attributes": {"text": "<p>Returns the (computed) value of the property <code>menu</code>.</p>\n\n<p>For further details take a look at the property definition: {@link #menu}.</p>"}, "type": "desc"}, {"attributes": {}, "type": "return", "children": [{"attributes": {"text": "<p>(Computed) value of <code>menu</code>.</p>"}, "type": "desc"}, {"attributes": {}, "type": "types", "children": [{"attributes": {"type": "var"}, "type": "entry"}]}]}]}, {"attributes": {"name": "getShowCommandLabel", "fromProperty": "showCommandLabel"}, "type": "method", "children": [{"attributes": {"text": "<p>Returns the (computed) value of the property <code>showCommandLabel</code>.</p>\n\n<p>For further details take a look at the property definition: {@link #showCommandLabel}.</p>"}, "type": "desc"}, {"attributes": {}, "type": "return", "children": [{"attributes": {"text": "<p>(Computed) value of <code>showCommandLabel</code>.</p>"}, "type": "desc"}, {"attributes": {}, "type": "types", "children": [{"attributes": {"type": "var"}, "type": "entry"}]}]}]}, {"attributes": {"access": "protected", "name": "initIcon", "fromProperty": "icon"}, "type": "method", "children": [{"attributes": {}, "type": "params", "children": [{"attributes": {"name": "value"}, "type": "param", "children": [{"attributes": {"text": "<p>Initial value for property <code>icon</code>.</p>"}, "type": "desc"}, {"attributes": {}, "type": "types", "children": [{"attributes": {"type": "var"}, "type": "entry"}]}]}]}, {"attributes": {"text": "<p>Calls the apply method and dispatches the change event of the property <code>icon</code>\nwith the default value defined by the class developer. This function can\nonly be called from the constructor of a class.</p>\n\n<p>For further details take a look at the property definition: {@link #icon}.</p>"}, "type": "desc"}, {"attributes": {}, "type": "return", "children": [{"attributes": {"text": "<p>the default value</p>"}, "type": "desc"}, {"attributes": {}, "type": "types", "children": [{"attributes": {"type": "var"}, "type": "entry"}]}]}]}, {"attributes": {"access": "protected", "name": "initLabel", "fromProperty": "label"}, "type": "method", "children": [{"attributes": {}, "type": "params", "children": [{"attributes": {"name": "value"}, "type": "param", "children": [{"attributes": {"text": "<p>Initial value for property <code>label</code>.</p>"}, "type": "desc"}, {"attributes": {}, "type": "types", "children": [{"attributes": {"type": "var"}, "type": "entry"}]}]}]}, {"attributes": {"text": "<p>Calls the apply method and dispatches the change event of the property <code>label</code>\nwith the default value defined by the class developer. This function can\nonly be called from the constructor of a class.</p>\n\n<p>For further details take a look at the property definition: {@link #label}.</p>"}, "type": "desc"}, {"attributes": {}, "type": "return", "children": [{"attributes": {"text": "<p>the default value</p>"}, "type": "desc"}, {"attributes": {}, "type": "types", "children": [{"attributes": {"type": "var"}, "type": "entry"}]}]}]}, {"attributes": {"access": "protected", "name": "initMenu", "fromProperty": "menu"}, "type": "method", "children": [{"attributes": {}, "type": "params", "children": [{"attributes": {"name": "value"}, "type": "param", "children": [{"attributes": {"text": "<p>Initial value for property <code>menu</code>.</p>"}, "type": "desc"}, {"attributes": {}, "type": "types", "children": [{"attributes": {"type": "var"}, "type": "entry"}]}]}]}, {"attributes": {"text": "<p>Calls the apply method and dispatches the change event of the property <code>menu</code>\nwith the default value defined by the class developer. This function can\nonly be called from the constructor of a class.</p>\n\n<p>For further details take a look at the property definition: {@link #menu}.</p>"}, "type": "desc"}, {"attributes": {}, "type": "return", "children": [{"attributes": {"text": "<p>the default value</p>"}, "type": "desc"}, {"attributes": {}, "type": "types", "children": [{"attributes": {"type": "var"}, "type": "entry"}]}]}]}, {"attributes": {"access": "protected", "name": "initShowCommandLabel", "fromProperty": "showCommandLabel"}, "type": "method", "children": [{"attributes": {}, "type": "params", "children": [{"attributes": {"name": "value"}, "type": "param", "children": [{"attributes": {"text": "<p>Initial value for property <code>showCommandLabel</code>.</p>"}, "type": "desc"}, {"attributes": {}, "type": "types", "children": [{"attributes": {"type": "var"}, "type": "entry"}]}]}]}, {"attributes": {"text": "<p>Calls the apply method and dispatches the change event of the property <code>showCommandLabel</code>\nwith the default value defined by the class developer. This function can\nonly be called from the constructor of a class.</p>\n\n<p>For further details take a look at the property definition: {@link #showCommandLabel}.</p>"}, "type": "desc"}, {"attributes": {}, "type": "return", "children": [{"attributes": {"text": "<p>the default value</p>"}, "type": "desc"}, {"attributes": {}, "type": "types", "children": [{"attributes": {"type": "var"}, "type": "entry"}]}]}]}, {"attributes": {"name": "isShowCommandLabel", "fromProperty": "showCommandLabel"}, "type": "method", "children": [{"attributes": {"text": "<p>Check whether the (computed) value of the boolean property <code>showCommandLabel</code> equals <code>true</code>.</p>\n\n<p>For further details take a look at the property definition: {@link #showCommandLabel}.</p>"}, "type": "desc"}, {"attributes": {}, "type": "return", "children": [{"attributes": {"text": "<p>Whether the property equals <code>true</code>.</p>"}, "type": "desc"}, {"attributes": {}, "type": "types", "children": [{"attributes": {"type": "Boolean"}, "type": "entry"}]}]}]}, {"attributes": {"name": "resetIcon", "fromProperty": "icon"}, "type": "method", "children": [{"attributes": {"text": "<p>Resets the user value of the property <code>icon</code>.</p>\n\n<p>The computed value falls back to the next available value e.g. appearance, init or\ninheritance value depeneding on the property configuration and value availability.</p>\n\n<p>For further details take a look at the property definition: {@link #icon}.</p>"}, "type": "desc"}]}, {"attributes": {"name": "resetLabel", "fromProperty": "label"}, "type": "method", "children": [{"attributes": {"text": "<p>Resets the user value of the property <code>label</code>.</p>\n\n<p>The computed value falls back to the next available value e.g. appearance, init or\ninheritance value depeneding on the property configuration and value availability.</p>\n\n<p>For further details take a look at the property definition: {@link #label}.</p>"}, "type": "desc"}]}, {"attributes": {"name": "resetMenu", "fromProperty": "menu"}, "type": "method", "children": [{"attributes": {"text": "<p>Resets the user value of the property <code>menu</code>.</p>\n\n<p>The computed value falls back to the next available value e.g. appearance, init or\ninheritance value depeneding on the property configuration and value availability.</p>\n\n<p>For further details take a look at the property definition: {@link #menu}.</p>"}, "type": "desc"}]}, {"attributes": {"name": "resetShowCommandLabel", "fromProperty": "showCommandLabel"}, "type": "method", "children": [{"attributes": {"text": "<p>Resets the user value of the property <code>showCommandLabel</code>.</p>\n\n<p>The computed value falls back to the next available value e.g. appearance, init or\ninheritance value depeneding on the property configuration and value availability.</p>\n\n<p>For further details take a look at the property definition: {@link #showCommandLabel}.</p>"}, "type": "desc"}]}, {"attributes": {"name": "setIcon", "fromProperty": "icon"}, "type": "method", "children": [{"attributes": {}, "type": "params", "children": [{"attributes": {"name": "value"}, "type": "param", "children": [{"attributes": {"text": "<p>New value for property <code>icon</code>.</p>"}, "type": "desc"}, {"attributes": {}, "type": "types", "children": [{"attributes": {"type": "var"}, "type": "entry"}]}]}]}, {"attributes": {"text": "<p>Sets the user value of the property <code>icon</code>.</p>\n\n<p>For further details take a look at the property definition: {@link #icon}.</p>"}, "type": "desc"}, {"attributes": {}, "type": "return", "children": [{"attributes": {"text": "<p>The unmodified incoming value.</p>"}, "type": "desc"}, {"attributes": {}, "type": "types", "children": [{"attributes": {"type": "var"}, "type": "entry"}]}]}]}, {"attributes": {"name": "setLabel", "fromProperty": "label"}, "type": "method", "children": [{"attributes": {}, "type": "params", "children": [{"attributes": {"name": "value"}, "type": "param", "children": [{"attributes": {"text": "<p>New value for property <code>label</code>.</p>"}, "type": "desc"}, {"attributes": {}, "type": "types", "children": [{"attributes": {"type": "var"}, "type": "entry"}]}]}]}, {"attributes": {"text": "<p>Sets the user value of the property <code>label</code>.</p>\n\n<p>For further details take a look at the property definition: {@link #label}.</p>"}, "type": "desc"}, {"attributes": {}, "type": "return", "children": [{"attributes": {"text": "<p>The unmodified incoming value.</p>"}, "type": "desc"}, {"attributes": {}, "type": "types", "children": [{"attributes": {"type": "var"}, "type": "entry"}]}]}]}, {"attributes": {"name": "setMenu", "fromProperty": "menu"}, "type": "method", "children": [{"attributes": {}, "type": "params", "children": [{"attributes": {"name": "value"}, "type": "param", "children": [{"attributes": {"text": "<p>New value for property <code>menu</code>.</p>"}, "type": "desc"}, {"attributes": {}, "type": "types", "children": [{"attributes": {"type": "var"}, "type": "entry"}]}]}]}, {"attributes": {"text": "<p>Sets the user value of the property <code>menu</code>.</p>\n\n<p>For further details take a look at the property definition: {@link #menu}.</p>"}, "type": "desc"}, {"attributes": {}, "type": "return", "children": [{"attributes": {"text": "<p>The unmodified incoming value.</p>"}, "type": "desc"}, {"attributes": {}, "type": "types", "children": [{"attributes": {"type": "var"}, "type": "entry"}]}]}]}, {"attributes": {"name": "setShowCommandLabel", "fromProperty": "showCommandLabel"}, "type": "method", "children": [{"attributes": {}, "type": "params", "children": [{"attributes": {"name": "value"}, "type": "param", "children": [{"attributes": {"text": "<p>New value for property <code>showCommandLabel</code>.</p>"}, "type": "desc"}, {"attributes": {}, "type": "types", "children": [{"attributes": {"type": "var"}, "type": "entry"}]}]}]}, {"attributes": {"text": "<p>Sets the user value of the property <code>showCommandLabel</code>.</p>\n\n<p>For further details take a look at the property definition: {@link #showCommandLabel}.</p>"}, "type": "desc"}, {"attributes": {}, "type": "return", "children": [{"attributes": {"text": "<p>The unmodified incoming value.</p>"}, "type": "desc"}, {"attributes": {}, "type": "types", "children": [{"attributes": {"type": "var"}, "type": "entry"}]}]}]}, {"attributes": {"name": "toggleShowCommandLabel", "fromProperty": "showCommandLabel"}, "type": "method", "children": [{"attributes": {"text": "<p>Toggles the (computed) value of the boolean property <code>showCommandLabel</code>.</p>\n\n<p>For further details take a look at the property definition: {@link #showCommandLabel}.</p>"}, "type": "desc"}, {"attributes": {}, "type": "return", "children": [{"attributes": {"text": "<p>the new value</p>"}, "type": "desc"}, {"attributes": {}, "type": "types", "children": [{"attributes": {"type": "Boolean"}, "type": "entry"}]}]}]}]}]}