{"attributes": {"name": "GroupBox", "packageName": "qx.ui.groupbox", "mixins": "qx.ui.core.MRemoteChildrenHandling,qx.ui.core.MRemoteLayoutHandling,qx.ui.core.MContentPadding,qx.ui.form.MForm", "superClass": "qx.ui.core.Widget", "childClasses": "qx.ui.groupbox.CheckGroupBox,qx.ui.groupbox.RadioGroupBox", "fullName": "qx.ui.groupbox.GroupBox", "type": "class", "interfaces": "qx.ui.form.IForm"}, "type": "class", "children": [{"attributes": {"text": "<p>Group boxes are used to group a set of form elements.</p>"}, "type": "desc"}, {"attributes": {}, "type": "childControls", "children": [{"attributes": {"name": "frame"}, "type": "childControl", "children": [{"attributes": {"text": "<p>frame for the content widgets</p>"}, "type": "desc"}, {"attributes": {}, "type": "types", "children": [{"attributes": {"type": "qx.ui.container.Composite"}, "type": "entry"}]}]}, {"attributes": {"name": "legend"}, "type": "childControl", "children": [{"attributes": {"text": "<p>legend to show at top of the groupbox</p>"}, "type": "desc"}, {"attributes": {}, "type": "types", "children": [{"attributes": {"type": "qx.ui.basic.Atom"}, "type": "entry"}]}]}]}, {"attributes": {}, "type": "constructor", "children": [{"attributes": {"line": 52, "isCtor": true, "overriddenFrom": "qx.ui.core.Widget", "name": "ctor"}, "type": "method", "children": [{"attributes": {}, "type": "params", "children": [{"attributes": {"defaultValue": "\"\"", "optional": true, "name": "legend"}, "type": "param", "children": [{"attributes": {"text": "<p>The group boxes legend</p>"}, "type": "desc"}, {"attributes": {}, "type": "types", "children": [{"attributes": {"type": "String"}, "type": "entry"}]}]}, {"attributes": {"defaultValue": "\"\"", "optional": true, "name": "icon"}, "type": "param", "children": [{"attributes": {"text": "<p>The icon of the legend</p>"}, "type": "desc"}, {"attributes": {}, "type": "types", "children": [{"attributes": {"type": "String"}, "type": "entry"}]}]}]}, {"attributes": {"text": ""}, "type": "desc"}]}]}, {"attributes": {}, "type": "methods", "children": [{"attributes": {"access": "protected", "line": 167, "name": "_applyLegendPosition"}, "type": "method", "children": [{"attributes": {}, "type": "params", "children": [{"attributes": {"name": "e"}, "type": "param"}]}, {"attributes": {"text": "<p>Apply method for applying the legend position. It calls the\n{@link #_repositionFrame} method.</p>"}, "type": "desc"}, {"attributes": {}, "type": "apply", "children": [{"attributes": {"applies": "qx.ui.groupbox.GroupBox#legendPosition"}, "type": "entry"}]}]}, {"attributes": {"access": "protected", "docFrom": "qx.ui.core.Widget", "line": 125, "overriddenFrom": "qx.ui.core.Widget", "name": "_createChildControlImpl"}, "type": "method", "children": [{"attributes": {}, "type": "params", "children": [{"attributes": {"name": "id"}, "type": "param"}, {"attributes": {"name": "hash"}, "type": "param"}]}]}, {"attributes": {"access": "protected", "line": 152, "name": "_getContentPaddingTarget"}, "type": "method", "children": [{"attributes": {"text": "<p>Returns the element, to which the content padding should be applied.</p>"}, "type": "desc"}, {"attributes": {}, "type": "return", "children": [{"attributes": {"text": "<p>The content padding target.</p>"}, "type": "desc"}, {"attributes": {}, "type": "types", "children": [{"attributes": {"type": "qx.ui.core.Widget"}, "type": "entry"}]}]}]}, {"attributes": {"access": "protected", "line": 179, "name": "_repositionFrame"}, "type": "method", "children": [{"attributes": {"text": "<p>Repositions the frame of the group box dependent on the\n{@link #legendPosition} property.</p>"}, "type": "desc"}]}, {"attributes": {"line": 212, "overriddenFrom": "qx.ui.core.Widget", "name": "getChildrenContainer"}, "type": "method", "children": [{"attributes": {"text": "<p>The children container needed by the {@link qx.ui.core.MRemoteChildrenHandling}\nmixin</p>"}, "type": "desc"}, {"attributes": {}, "type": "return", "children": [{"attributes": {"text": "<p>pane sub widget</p>"}, "type": "desc"}, {"attributes": {}, "type": "types", "children": [{"attributes": {"type": "qx.ui.container.Composite"}, "type": "entry"}]}]}]}, {"attributes": {"line": 273, "name": "getIcon"}, "type": "method", "children": [{"attributes": {"text": "<p>Accessor method for the icon of the legend sub widget</p>"}, "type": "desc"}, {"attributes": {}, "type": "return", "children": [{"attributes": {"text": "<p>source of the new icon of the legend sub widget</p>"}, "type": "desc"}, {"attributes": {}, "type": "types", "children": [{"attributes": {"type": "String"}, "type": "entry"}]}]}]}, {"attributes": {"line": 253, "name": "getLegend"}, "type": "method", "children": [{"attributes": {"text": "<p>Accessor method for the label of the legend sub widget</p>"}, "type": "desc"}, {"attributes": {}, "type": "return", "children": [{"attributes": {"text": "<p>Label of the legend sub widget</p>"}, "type": "desc"}, {"attributes": {}, "type": "types", "children": [{"attributes": {"type": "String"}, "type": "entry"}]}]}]}, {"attributes": {"name": "getLegendPosition", "fromProperty": "legendPosition"}, "type": "method", "children": [{"attributes": {"text": "<p>Returns the (computed) value of the property <code>legendPosition</code>.</p>\n\n<p>For further details take a look at the property definition: {@link #legendPosition}.</p>"}, "type": "desc"}, {"attributes": {}, "type": "return", "children": [{"attributes": {"text": "<p>(Computed) value of <code>legendPosition</code>.</p>"}, "type": "desc"}, {"attributes": {}, "type": "types", "children": [{"attributes": {"type": "var"}, "type": "entry"}]}]}]}, {"attributes": {"access": "protected", "name": "initLegendPosition", "fromProperty": "legendPosition"}, "type": "method", "children": [{"attributes": {}, "type": "params", "children": [{"attributes": {"name": "value"}, "type": "param", "children": [{"attributes": {"text": "<p>Initial value for property <code>legendPosition</code>.</p>"}, "type": "desc"}, {"attributes": {}, "type": "types", "children": [{"attributes": {"type": "var"}, "type": "entry"}]}]}]}, {"attributes": {"text": "<p>Calls the apply method and dispatches the change event of the property <code>legendPosition</code>\nwith the default value defined by the class developer. This function can\nonly be called from the constructor of a class.</p>\n\n<p>For further details take a look at the property definition: {@link #legendPosition}.</p>"}, "type": "desc"}, {"attributes": {}, "type": "return", "children": [{"attributes": {"text": "<p>the default value</p>"}, "type": "desc"}, {"attributes": {}, "type": "types", "children": [{"attributes": {"type": "var"}, "type": "entry"}]}]}]}, {"attributes": {"name": "resetLegendPosition", "fromProperty": "legendPosition"}, "type": "method", "children": [{"attributes": {"text": "<p>Resets the user value of the property <code>legendPosition</code>.</p>\n\n<p>The computed value falls back to the next available value e.g. appearance, init or\ninheritance value depeneding on the property configuration and value availability.</p>\n\n<p>For further details take a look at the property definition: {@link #legendPosition}.</p>"}, "type": "desc"}]}, {"attributes": {"line": 263, "name": "setIcon"}, "type": "method", "children": [{"attributes": {}, "type": "params", "children": [{"attributes": {"name": "icon"}, "type": "param", "children": [{"attributes": {"text": "<p>source of the new icon of the legend sub widget</p>"}, "type": "desc"}, {"attributes": {}, "type": "types", "children": [{"attributes": {"type": "String"}, "type": "entry"}]}]}]}, {"attributes": {"text": "<p>Sets the icon of the legend sub widget.</p>"}, "type": "desc"}]}, {"attributes": {"line": 232, "name": "setLegend"}, "type": "method", "children": [{"attributes": {}, "type": "params", "children": [{"attributes": {"name": "legend"}, "type": "param", "children": [{"attributes": {"text": "<p>new label of the legend sub widget</p>"}, "type": "desc"}, {"attributes": {}, "type": "types", "children": [{"attributes": {"type": "String"}, "type": "entry"}]}]}]}, {"attributes": {"text": "<p>Sets the label of the legend sub widget if the given string is\nvalid. Otherwise the legend sub widget get not displayed.</p>"}, "type": "desc"}]}, {"attributes": {"name": "setLegendPosition", "fromProperty": "legendPosition"}, "type": "method", "children": [{"attributes": {}, "type": "params", "children": [{"attributes": {"name": "value"}, "type": "param", "children": [{"attributes": {"text": "<p>New value for property <code>legendPosition</code>.</p>"}, "type": "desc"}, {"attributes": {}, "type": "types", "children": [{"attributes": {"type": "var"}, "type": "entry"}]}]}]}, {"attributes": {"text": "<p>Sets the user value of the property <code>legendPosition</code>.</p>\n\n<p>For further details take a look at the property definition: {@link #legendPosition}.</p>"}, "type": "desc"}, {"attributes": {}, "type": "return", "children": [{"attributes": {"text": "<p>The unmodified incoming value.</p>"}, "type": "desc"}, {"attributes": {}, "type": "types", "children": [{"attributes": {"type": "var"}, "type": "entry"}]}]}]}]}, {"attributes": {}, "type": "properties", "children": [{"attributes": {"name": "appearance", "docFrom": "qx.ui.core.Widget", "defaultValue": "\"groupbox\"", "refine": "true", "propertyType": "new", "overriddenFrom": "qx.ui.core.Widget"}, "type": "property"}, {"attributes": {"name": "legendPosition", "defaultValue": "\"middle\"", "propertyType": "new", "possibleValues": "\"top\",\"middle\"", "apply": "_applyLegendPosition", "themeable": "true"}, "type": "property", "children": [{"attributes": {"text": "<p>Property for setting the position of the legend.</p>"}, "type": "desc"}]}]}]}