{"attributes": {"fullName": "qx.ui.virtual.cell.Date", "packageName": "qx.ui.virtual.cell", "type": "class", "name": "Date", "superClass": "qx.ui.virtual.cell.Cell"}, "type": "class", "children": [{"attributes": {"text": "<p>Date cell renderer.</p>\n\n<p>Renders a date according to the configured date formatter.</p>\n\n<p><span class=\"caps\">EXPERIMENTAL</span>!</p>"}, "type": "desc"}, {"attributes": {}, "type": "constructor", "children": [{"attributes": {"line": 36, "isCtor": true, "overriddenFrom": "qx.ui.virtual.cell.Cell", "name": "ctor"}, "type": "method", "children": [{"attributes": {}, "type": "params", "children": [{"attributes": {"name": "dateFormat"}, "type": "param", "children": [{"attributes": {"text": "<p>optional date formatter to use</p>"}, "type": "desc"}, {"attributes": {}, "type": "types", "children": [{"attributes": {"type": "qx.util.format.DateFormat"}, "type": "entry"}, {"attributes": {"type": "null"}, "type": "entry"}]}]}]}, {"attributes": {"text": ""}, "type": "desc"}]}]}, {"attributes": {}, "type": "properties", "children": [{"attributes": {"name": "appearance", "docFrom": "qx.ui.virtual.cell.Cell", "defaultValue": "\"cell-date\"", "refine": "true", "propertyType": "new", "overriddenFrom": "qx.ui.virtual.cell.Cell"}, "type": "property"}, {"attributes": {"propertyType": "new", "check": "qx.util.format.DateFormat", "name": "dateFormat"}, "type": "property", "children": [{"attributes": {"text": "<p>The date format used to render the cell</p>"}, "type": "desc"}]}]}, {"attributes": {}, "type": "methods", "children": [{"attributes": {"docFrom": "qx.ui.virtual.cell.Abstract", "line": 70, "overriddenFrom": "qx.ui.virtual.cell.Cell", "name": "getContent"}, "type": "method", "children": [{"attributes": {}, "type": "params", "children": [{"attributes": {"name": "value"}, "type": "param"}, {"attributes": {"name": "states"}, "type": "param"}]}]}, {"attributes": {"name": "getDateFormat", "fromProperty": "dateFormat"}, "type": "method", "children": [{"attributes": {"text": "<p>Returns the (computed) value of the property <code>dateFormat</code>.</p>\n\n<p>For further details take a look at the property definition: {@link #dateFormat}.</p>"}, "type": "desc"}, {"attributes": {}, "type": "return", "children": [{"attributes": {"text": "<p>(Computed) value of <code>dateFormat</code>.</p>"}, "type": "desc"}, {"attributes": {}, "type": "types", "children": [{"attributes": {"type": "var"}, "type": "entry"}]}]}]}, {"attributes": {"access": "protected", "name": "initDateFormat", "fromProperty": "dateFormat"}, "type": "method", "children": [{"attributes": {}, "type": "params", "children": [{"attributes": {"name": "value"}, "type": "param", "children": [{"attributes": {"text": "<p>Initial value for property <code>dateFormat</code>.</p>"}, "type": "desc"}, {"attributes": {}, "type": "types", "children": [{"attributes": {"type": "var"}, "type": "entry"}]}]}]}, {"attributes": {"text": "<p>Calls the apply method and dispatches the change event of the property <code>dateFormat</code>\nwith the default value defined by the class developer. This function can\nonly be called from the constructor of a class.</p>\n\n<p>For further details take a look at the property definition: {@link #dateFormat}.</p>"}, "type": "desc"}, {"attributes": {}, "type": "return", "children": [{"attributes": {"text": "<p>the default value</p>"}, "type": "desc"}, {"attributes": {}, "type": "types", "children": [{"attributes": {"type": "var"}, "type": "entry"}]}]}]}, {"attributes": {"name": "resetDateFormat", "fromProperty": "dateFormat"}, "type": "method", "children": [{"attributes": {"text": "<p>Resets the user value of the property <code>dateFormat</code>.</p>\n\n<p>The computed value falls back to the next available value e.g. appearance, init or\ninheritance value depeneding on the property configuration and value availability.</p>\n\n<p>For further details take a look at the property definition: {@link #dateFormat}.</p>"}, "type": "desc"}]}, {"attributes": {"name": "setDateFormat", "fromProperty": "dateFormat"}, "type": "method", "children": [{"attributes": {}, "type": "params", "children": [{"attributes": {"name": "value"}, "type": "param", "children": [{"attributes": {"text": "<p>New value for property <code>dateFormat</code>.</p>"}, "type": "desc"}, {"attributes": {}, "type": "types", "children": [{"attributes": {"type": "var"}, "type": "entry"}]}]}]}, {"attributes": {"text": "<p>Sets the user value of the property <code>dateFormat</code>.</p>\n\n<p>For further details take a look at the property definition: {@link #dateFormat}.</p>"}, "type": "desc"}, {"attributes": {}, "type": "return", "children": [{"attributes": {"text": "<p>The unmodified incoming value.</p>"}, "type": "desc"}, {"attributes": {}, "type": "types", "children": [{"attributes": {"type": "var"}, "type": "entry"}]}]}]}]}]}