{"attributes": {"name": "HoverButton", "packageName": "qx.ui.form", "mixins": "qx.ui.core.MExecutable", "superClass": "qx.ui.basic.Atom", "fullName": "qx.ui.form.HoverButton", "type": "class", "interfaces": "qx.ui.form.IExecutable"}, "type": "class", "children": [{"attributes": {"text": "<p>The HoverButton is an {@link qx.ui.basic.Atom}, which fires repeatedly\nexecute events while the pointer is over the widget.</p>\n\n<p>The rate at which the execute event is fired accelerates is the pointer keeps\ninside of the widget. The initial delay and the interval time can be set using\nthe properties {@link #firstInterval} and {@link #interval}. The\n{@link #execute} events will be fired in a shorter amount of time if the pointer\nremains over the widget, until the min {@link #minTimer} is reached.\nThe {@link #timerDecrease} property sets the amount of milliseconds which will\ndecreased after every firing.</p>\n\n<p><strong>Example</strong></p>\n\n<p>Here is a little example of how to use the widget.</p>\n\n<pre class=\"javascript\">\n  var button = new qx.ui.form.HoverButton(\"Hello World\");\n\n  button.addListener(\"execute\", function(e) {\n    alert(\"Button is hovered\");\n  }, this);\n\n  this.getRoot.add(button);\n</pre>\n\n<p>This example creates a button with the label &#8220;Hello World&#8221; and attaches an\nevent listener to the {@link #execute} event.</p>\n\n<p><strong>External Documentation</strong></p>\n\n<a href=\"http://manual.qooxdoo.org/4.0.1/pages/widget/hoverbutton.html\" target=\"_blank\">\nDocumentation of this widget in the qooxdoo manual.</a>"}, "type": "desc"}, {"attributes": {}, "type": "constructor", "children": [{"attributes": {"line": 64, "isCtor": true, "overriddenFrom": "qx.ui.basic.Atom", "name": "ctor"}, "type": "method", "children": [{"attributes": {}, "type": "params", "children": [{"attributes": {"name": "label"}, "type": "param", "children": [{"attributes": {"text": "<p>Label to use</p>"}, "type": "desc"}, {"attributes": {}, "type": "types", "children": [{"attributes": {"type": "String"}, "type": "entry"}]}]}, {"attributes": {"defaultValue": "null", "optional": true, "name": "icon"}, "type": "param", "children": [{"attributes": {"text": "<p>Icon to use</p>"}, "type": "desc"}, {"attributes": {}, "type": "types", "children": [{"attributes": {"type": "String"}, "type": "entry"}]}]}]}, {"attributes": {"text": ""}, "type": "desc"}]}]}, {"attributes": {}, "type": "methods", "children": [{"attributes": {"access": "protected", "line": 168, "name": "_onInterval"}, "type": "method", "children": [{"attributes": {"text": "<p>Fire execute event on timer interval event</p>"}, "type": "desc"}]}, {"attributes": {"access": "protected", "line": 154, "name": "_onPointerOut"}, "type": "method", "children": [{"attributes": {}, "type": "params", "children": [{"attributes": {"name": "e"}, "type": "param", "children": [{"attributes": {"text": "<p>The pointer event</p>"}, "type": "desc"}, {"attributes": {}, "type": "types", "children": [{"attributes": {"type": "qx.event.type.Pointer"}, "type": "entry"}]}]}]}, {"attributes": {"text": "<p>Stop timer on pointer out</p>"}, "type": "desc"}]}, {"attributes": {"access": "protected", "line": 132, "name": "_onPointerOver"}, "type": "method", "children": [{"attributes": {}, "type": "params", "children": [{"attributes": {"name": "e"}, "type": "param", "children": [{"attributes": {"text": "<p>The pointer event</p>"}, "type": "desc"}, {"attributes": {}, "type": "types", "children": [{"attributes": {"type": "qx.event.type.Pointer"}, "type": "entry"}]}]}]}, {"attributes": {"text": "<p>Start timer on pointer over</p>"}, "type": "desc"}]}, {"attributes": {"name": "getFirstInterval", "fromProperty": "firstInterval"}, "type": "method", "children": [{"attributes": {"text": "<p>Returns the (computed) value of the property <code>firstInterval</code>.</p>\n\n<p>For further details take a look at the property definition: {@link #firstInterval}.</p>"}, "type": "desc"}, {"attributes": {}, "type": "return", "children": [{"attributes": {"text": "<p>(Computed) value of <code>firstInterval</code>.</p>"}, "type": "desc"}, {"attributes": {}, "type": "types", "children": [{"attributes": {"type": "var"}, "type": "entry"}]}]}]}, {"attributes": {"name": "getInterval", "fromProperty": "interval"}, "type": "method", "children": [{"attributes": {"text": "<p>Returns the (computed) value of the property <code>interval</code>.</p>\n\n<p>For further details take a look at the property definition: {@link #interval}.</p>"}, "type": "desc"}, {"attributes": {}, "type": "return", "children": [{"attributes": {"text": "<p>(Computed) value of <code>interval</code>.</p>"}, "type": "desc"}, {"attributes": {}, "type": "types", "children": [{"attributes": {"type": "var"}, "type": "entry"}]}]}]}, {"attributes": {"name": "getMinTimer", "fromProperty": "minTimer"}, "type": "method", "children": [{"attributes": {"text": "<p>Returns the (computed) value of the property <code>minTimer</code>.</p>\n\n<p>For further details take a look at the property definition: {@link #minTimer}.</p>"}, "type": "desc"}, {"attributes": {}, "type": "return", "children": [{"attributes": {"text": "<p>(Computed) value of <code>minTimer</code>.</p>"}, "type": "desc"}, {"attributes": {}, "type": "types", "children": [{"attributes": {"type": "var"}, "type": "entry"}]}]}]}, {"attributes": {"name": "getTimerDecrease", "fromProperty": "timerDecrease"}, "type": "method", "children": [{"attributes": {"text": "<p>Returns the (computed) value of the property <code>timerDecrease</code>.</p>\n\n<p>For further details take a look at the property definition: {@link #timerDecrease}.</p>"}, "type": "desc"}, {"attributes": {}, "type": "return", "children": [{"attributes": {"text": "<p>(Computed) value of <code>timerDecrease</code>.</p>"}, "type": "desc"}, {"attributes": {}, "type": "types", "children": [{"attributes": {"type": "var"}, "type": "entry"}]}]}]}, {"attributes": {"access": "protected", "name": "initFirstInterval", "fromProperty": "firstInterval"}, "type": "method", "children": [{"attributes": {}, "type": "params", "children": [{"attributes": {"name": "value"}, "type": "param", "children": [{"attributes": {"text": "<p>Initial value for property <code>firstInterval</code>.</p>"}, "type": "desc"}, {"attributes": {}, "type": "types", "children": [{"attributes": {"type": "var"}, "type": "entry"}]}]}]}, {"attributes": {"text": "<p>Calls the apply method and dispatches the change event of the property <code>firstInterval</code>\nwith the default value defined by the class developer. This function can\nonly be called from the constructor of a class.</p>\n\n<p>For further details take a look at the property definition: {@link #firstInterval}.</p>"}, "type": "desc"}, {"attributes": {}, "type": "return", "children": [{"attributes": {"text": "<p>the default value</p>"}, "type": "desc"}, {"attributes": {}, "type": "types", "children": [{"attributes": {"type": "var"}, "type": "entry"}]}]}]}, {"attributes": {"access": "protected", "name": "initInterval", "fromProperty": "interval"}, "type": "method", "children": [{"attributes": {}, "type": "params", "children": [{"attributes": {"name": "value"}, "type": "param", "children": [{"attributes": {"text": "<p>Initial value for property <code>interval</code>.</p>"}, "type": "desc"}, {"attributes": {}, "type": "types", "children": [{"attributes": {"type": "var"}, "type": "entry"}]}]}]}, {"attributes": {"text": "<p>Calls the apply method and dispatches the change event of the property <code>interval</code>\nwith the default value defined by the class developer. This function can\nonly be called from the constructor of a class.</p>\n\n<p>For further details take a look at the property definition: {@link #interval}.</p>"}, "type": "desc"}, {"attributes": {}, "type": "return", "children": [{"attributes": {"text": "<p>the default value</p>"}, "type": "desc"}, {"attributes": {}, "type": "types", "children": [{"attributes": {"type": "var"}, "type": "entry"}]}]}]}, {"attributes": {"access": "protected", "name": "initMinTimer", "fromProperty": "minTimer"}, "type": "method", "children": [{"attributes": {}, "type": "params", "children": [{"attributes": {"name": "value"}, "type": "param", "children": [{"attributes": {"text": "<p>Initial value for property <code>minTimer</code>.</p>"}, "type": "desc"}, {"attributes": {}, "type": "types", "children": [{"attributes": {"type": "var"}, "type": "entry"}]}]}]}, {"attributes": {"text": "<p>Calls the apply method and dispatches the change event of the property <code>minTimer</code>\nwith the default value defined by the class developer. This function can\nonly be called from the constructor of a class.</p>\n\n<p>For further details take a look at the property definition: {@link #minTimer}.</p>"}, "type": "desc"}, {"attributes": {}, "type": "return", "children": [{"attributes": {"text": "<p>the default value</p>"}, "type": "desc"}, {"attributes": {}, "type": "types", "children": [{"attributes": {"type": "var"}, "type": "entry"}]}]}]}, {"attributes": {"access": "protected", "name": "initTimerDecrease", "fromProperty": "timerDecrease"}, "type": "method", "children": [{"attributes": {}, "type": "params", "children": [{"attributes": {"name": "value"}, "type": "param", "children": [{"attributes": {"text": "<p>Initial value for property <code>timerDecrease</code>.</p>"}, "type": "desc"}, {"attributes": {}, "type": "types", "children": [{"attributes": {"type": "var"}, "type": "entry"}]}]}]}, {"attributes": {"text": "<p>Calls the apply method and dispatches the change event of the property <code>timerDecrease</code>\nwith the default value defined by the class developer. This function can\nonly be called from the constructor of a class.</p>\n\n<p>For further details take a look at the property definition: {@link #timerDecrease}.</p>"}, "type": "desc"}, {"attributes": {}, "type": "return", "children": [{"attributes": {"text": "<p>the default value</p>"}, "type": "desc"}, {"attributes": {}, "type": "types", "children": [{"attributes": {"type": "var"}, "type": "entry"}]}]}]}, {"attributes": {"name": "resetFirstInterval", "fromProperty": "firstInterval"}, "type": "method", "children": [{"attributes": {"text": "<p>Resets the user value of the property <code>firstInterval</code>.</p>\n\n<p>The computed value falls back to the next available value e.g. appearance, init or\ninheritance value depeneding on the property configuration and value availability.</p>\n\n<p>For further details take a look at the property definition: {@link #firstInterval}.</p>"}, "type": "desc"}]}, {"attributes": {"name": "resetInterval", "fromProperty": "interval"}, "type": "method", "children": [{"attributes": {"text": "<p>Resets the user value of the property <code>interval</code>.</p>\n\n<p>The computed value falls back to the next available value e.g. appearance, init or\ninheritance value depeneding on the property configuration and value availability.</p>\n\n<p>For further details take a look at the property definition: {@link #interval}.</p>"}, "type": "desc"}]}, {"attributes": {"name": "resetMinTimer", "fromProperty": "minTimer"}, "type": "method", "children": [{"attributes": {"text": "<p>Resets the user value of the property <code>minTimer</code>.</p>\n\n<p>The computed value falls back to the next available value e.g. appearance, init or\ninheritance value depeneding on the property configuration and value availability.</p>\n\n<p>For further details take a look at the property definition: {@link #minTimer}.</p>"}, "type": "desc"}]}, {"attributes": {"name": "resetTimerDecrease", "fromProperty": "timerDecrease"}, "type": "method", "children": [{"attributes": {"text": "<p>Resets the user value of the property <code>timerDecrease</code>.</p>\n\n<p>The computed value falls back to the next available value e.g. appearance, init or\ninheritance value depeneding on the property configuration and value availability.</p>\n\n<p>For further details take a look at the property definition: {@link #timerDecrease}.</p>"}, "type": "desc"}]}, {"attributes": {"name": "setFirstInterval", "fromProperty": "firstInterval"}, "type": "method", "children": [{"attributes": {}, "type": "params", "children": [{"attributes": {"name": "value"}, "type": "param", "children": [{"attributes": {"text": "<p>New value for property <code>firstInterval</code>.</p>"}, "type": "desc"}, {"attributes": {}, "type": "types", "children": [{"attributes": {"type": "var"}, "type": "entry"}]}]}]}, {"attributes": {"text": "<p>Sets the user value of the property <code>firstInterval</code>.</p>\n\n<p>For further details take a look at the property definition: {@link #firstInterval}.</p>"}, "type": "desc"}, {"attributes": {}, "type": "return", "children": [{"attributes": {"text": "<p>The unmodified incoming value.</p>"}, "type": "desc"}, {"attributes": {}, "type": "types", "children": [{"attributes": {"type": "var"}, "type": "entry"}]}]}]}, {"attributes": {"name": "setInterval", "fromProperty": "interval"}, "type": "method", "children": [{"attributes": {}, "type": "params", "children": [{"attributes": {"name": "value"}, "type": "param", "children": [{"attributes": {"text": "<p>New value for property <code>interval</code>.</p>"}, "type": "desc"}, {"attributes": {}, "type": "types", "children": [{"attributes": {"type": "var"}, "type": "entry"}]}]}]}, {"attributes": {"text": "<p>Sets the user value of the property <code>interval</code>.</p>\n\n<p>For further details take a look at the property definition: {@link #interval}.</p>"}, "type": "desc"}, {"attributes": {}, "type": "return", "children": [{"attributes": {"text": "<p>The unmodified incoming value.</p>"}, "type": "desc"}, {"attributes": {}, "type": "types", "children": [{"attributes": {"type": "var"}, "type": "entry"}]}]}]}, {"attributes": {"name": "setMinTimer", "fromProperty": "minTimer"}, "type": "method", "children": [{"attributes": {}, "type": "params", "children": [{"attributes": {"name": "value"}, "type": "param", "children": [{"attributes": {"text": "<p>New value for property <code>minTimer</code>.</p>"}, "type": "desc"}, {"attributes": {}, "type": "types", "children": [{"attributes": {"type": "var"}, "type": "entry"}]}]}]}, {"attributes": {"text": "<p>Sets the user value of the property <code>minTimer</code>.</p>\n\n<p>For further details take a look at the property definition: {@link #minTimer}.</p>"}, "type": "desc"}, {"attributes": {}, "type": "return", "children": [{"attributes": {"text": "<p>The unmodified incoming value.</p>"}, "type": "desc"}, {"attributes": {}, "type": "types", "children": [{"attributes": {"type": "var"}, "type": "entry"}]}]}]}, {"attributes": {"name": "setTimerDecrease", "fromProperty": "timerDecrease"}, "type": "method", "children": [{"attributes": {}, "type": "params", "children": [{"attributes": {"name": "value"}, "type": "param", "children": [{"attributes": {"text": "<p>New value for property <code>timerDecrease</code>.</p>"}, "type": "desc"}, {"attributes": {}, "type": "types", "children": [{"attributes": {"type": "var"}, "type": "entry"}]}]}]}, {"attributes": {"text": "<p>Sets the user value of the property <code>timerDecrease</code>.</p>\n\n<p>For further details take a look at the property definition: {@link #timerDecrease}.</p>"}, "type": "desc"}, {"attributes": {}, "type": "return", "children": [{"attributes": {"text": "<p>The unmodified incoming value.</p>"}, "type": "desc"}, {"attributes": {}, "type": "types", "children": [{"attributes": {"type": "var"}, "type": "entry"}]}]}]}]}, {"attributes": {}, "type": "properties", "children": [{"attributes": {"name": "appearance", "docFrom": "qx.ui.core.Widget", "defaultValue": "\"hover-button\"", "refine": "true", "propertyType": "new", "overriddenFrom": "qx.ui.basic.Atom"}, "type": "property"}, {"attributes": {"defaultValue": "200", "propertyType": "new", "check": "Integer", "name": "firstInterval"}, "type": "property", "children": [{"attributes": {"text": "<p>Interval used for the first run of the timer. Usually a greater value\nthan the &#8220;interval&#8221; property value to a little delayed reaction at the first\ntime.</p>"}, "type": "desc"}]}, {"attributes": {"defaultValue": "80", "propertyType": "new", "check": "Integer", "name": "interval"}, "type": "property", "children": [{"attributes": {"text": "<p>Interval used after the first run of the timer. Usually a smaller value\nthan the &#8220;firstInterval&#8221; property value to get a faster reaction.</p>"}, "type": "desc"}]}, {"attributes": {"defaultValue": "20", "propertyType": "new", "check": "Integer", "name": "minTimer"}, "type": "property", "children": [{"attributes": {"text": "<p>This configures the minimum value for the timer interval.</p>"}, "type": "desc"}]}, {"attributes": {"defaultValue": "2", "propertyType": "new", "check": "Integer", "name": "timerDecrease"}, "type": "property", "children": [{"attributes": {"text": "<p>Decrease of the timer on each interval (for the next interval) until minTimer reached.</p>"}, "type": "desc"}]}]}]}