{"attributes": {"fullName": "qx.ui.embed.Iframe", "packageName": "qx.ui.embed", "type": "class", "name": "Iframe", "superClass": "qx.ui.embed.AbstractIframe"}, "type": "class", "children": [{"attributes": {"text": "<p>Container widget for internal frames (iframes).\nAn iframe can display any <span class=\"caps\">HTML</span> page inside the widget.</p>\n\n<p><strong>Example</strong></p>\n\n<p>Here is a little example of how to use the widget.</p>\n\n<pre class=\"javascript\">\nvar document = this.getRoot();\nvar iframe = new qx.ui.embed.Iframe(\"http://www.qooxdoo.org\");\ndocument.add(iframe);\n</pre>\n\n<p><strong>External Documentation</strong></p>\n\n<a href=\"http://manual.qooxdoo.org/4.0.1/pages/widget/iframe.html\" target=\"_blank\">\nDocumentation of this widget in the qooxdoo manual.</a>"}, "type": "desc"}, {"attributes": {}, "type": "constructor", "children": [{"attributes": {"line": 57, "isCtor": true, "overriddenFrom": "qx.ui.embed.AbstractIframe", "name": "ctor"}, "type": "method", "children": [{"attributes": {}, "type": "params", "children": [{"attributes": {"name": "source"}, "type": "param", "children": [{"attributes": {"text": "<p><span class=\"caps\">URL</span> which should initially set.</p>"}, "type": "desc"}, {"attributes": {}, "type": "types", "children": [{"attributes": {"type": "String"}, "type": "entry"}]}]}]}, {"attributes": {"text": ""}, "type": "desc"}]}]}, {"attributes": {}, "type": "methods", "children": [{"attributes": {"access": "protected", "line": 246, "overriddenFrom": "qx.ui.core.Widget", "name": "_applyNativeContextMenu"}, "type": "method", "children": [{"attributes": {}, "type": "params", "children": [{"attributes": {"name": "value"}, "type": "param", "children": [{"attributes": {"text": "<p>new value of the property</p>"}, "type": "desc"}, {"attributes": {}, "type": "types", "children": [{"attributes": {"type": "Boolean"}, "type": "entry"}]}]}, {"attributes": {"name": "old"}, "type": "param", "children": [{"attributes": {"text": "<p>previous value of the property (null if it was not yet set).</p>"}, "type": "desc"}, {"attributes": {}, "type": "types", "children": [{"attributes": {"type": "Boolean"}, "type": "entry"}]}]}]}, {"attributes": {}, "type": "apply", "children": [{"attributes": {"applies": "qx.ui.core.Widget#nativeContextMenu"}, "type": "entry"}]}, {"attributes": {"text": "<p>Applies changes of the property value of the property <code>nativeContextMenu</code>.</p>\n\n<p>For further details take a look at the property definition: {@link #nativeContextMenu}.</p>"}, "type": "desc"}]}, {"attributes": {"access": "protected", "line": 293, "name": "_applyNativeHelp"}, "type": "method", "children": [{"attributes": {}, "type": "params", "children": [{"attributes": {"name": "value"}, "type": "param", "children": [{"attributes": {"text": "<p>new value of the property</p>"}, "type": "desc"}, {"attributes": {}, "type": "types", "children": [{"attributes": {"type": "Boolean"}, "type": "entry"}]}]}, {"attributes": {"name": "old"}, "type": "param", "children": [{"attributes": {"text": "<p>previous value of the property (null if it was not yet set).</p>"}, "type": "desc"}, {"attributes": {}, "type": "types", "children": [{"attributes": {"type": "Boolean"}, "type": "entry"}]}]}]}, {"attributes": {}, "type": "apply", "children": [{"attributes": {"applies": "qx.ui.embed.Iframe#nativeHelp"}, "type": "entry"}]}, {"attributes": {"text": "<p>Applies changes of the property value of the property <code>nativeHelp</code>.</p>\n\n<p>For further details take a look at the property definition: {@link #nativeHelp}.</p>"}, "type": "desc"}]}, {"attributes": {"access": "protected", "line": 346, "name": "_applyScrollbar"}, "type": "method", "children": [{"attributes": {}, "type": "params", "children": [{"attributes": {"name": "value"}, "type": "param", "children": [{"attributes": {"text": "<p>new value of the property</p>"}, "type": "desc"}, {"attributes": {}, "type": "types", "children": [{"attributes": {"type": "var"}, "type": "entry"}]}]}, {"attributes": {"name": "old"}, "type": "param", "children": [{"attributes": {"text": "<p>previous value of the property (null if it was not yet set).</p>"}, "type": "desc"}, {"attributes": {}, "type": "types", "children": [{"attributes": {"type": "var"}, "type": "entry"}]}]}]}, {"attributes": {}, "type": "apply", "children": [{"attributes": {"applies": "qx.ui.embed.Iframe#scrollbar"}, "type": "entry"}]}, {"attributes": {"text": "<p>Applies changes of the property value of the property <code>scrollbar</code>.</p>\n\n<p>For further details take a look at the property definition: {@link #scrollbar}.</p>"}, "type": "desc"}]}, {"attributes": {"access": "protected", "line": 185, "name": "_createBlockerElement"}, "type": "method", "children": [{"attributes": {"text": "<p>Creates <div> element which is aligned over iframe node to avoid losing pointer events.</p>"}, "type": "desc"}, {"attributes": {}, "type": "return", "children": [{"attributes": {"text": "<p>Blocker element node</p>"}, "type": "desc"}, {"attributes": {}, "type": "types", "children": [{"attributes": {"type": "Object"}, "type": "entry"}]}]}]}, {"attributes": {"access": "protected", "docFrom": "qx.ui.core.Widget", "line": 166, "overriddenFrom": "qx.ui.core.Widget", "name": "_createContentElement"}, "type": "method"}, {"attributes": {"access": "protected", "docFrom": "qx.ui.embed.AbstractIframe", "line": 175, "overriddenFrom": "qx.ui.embed.AbstractIframe", "name": "_getIframeElement"}, "type": "method"}, {"attributes": {"access": "protected", "line": 202, "name": "_onIframeLoad"}, "type": "method", "children": [{"attributes": {}, "type": "params", "children": [{"attributes": {"name": "e"}, "type": "param", "children": [{"attributes": {"text": "<p>Native load event</p>"}, "type": "desc"}, {"attributes": {}, "type": "types", "children": [{"attributes": {"type": "qx.event.type.Event"}, "type": "entry"}]}]}]}, {"attributes": {"text": "<p>Reacts on native load event and redirects it to the widget.</p>"}, "type": "desc"}]}, {"attributes": {"access": "protected", "line": 287, "name": "_onNativeContextMenu"}, "type": "method", "children": [{"attributes": {}, "type": "params", "children": [{"attributes": {"name": "e"}, "type": "param", "children": [{"attributes": {"text": "<p>The event object</p>"}, "type": "desc"}, {"attributes": {}, "type": "types", "children": [{"attributes": {"type": "qx.event.type.Mouse"}, "type": "entry"}]}]}]}, {"attributes": {"text": "<p>Stops the <code>contextmenu</code> event from showing the native context menu</p>"}, "type": "desc"}]}, {"attributes": {"access": "protected", "line": 327, "name": "_syncSourceAfterDOMMove"}, "type": "method", "children": [{"attributes": {"text": "<p>Checks if the iframe element is out of sync. This can happen in Firefox\nif the iframe is moved around and the source is changed right after.\nThe root cause is that Firefox is reloading the iframe when its position\nin <span class=\"caps\">DOM</span> has changed.</p>"}, "type": "desc"}]}, {"attributes": {"line": 225, "name": "block"}, "type": "method", "children": [{"attributes": {"text": "<p>Cover the iframe with a transparent blocker div element. This prevents\npointer or key events to be handled by the iframe. To release the blocker\nuse {@link #release}.</p>"}, "type": "desc"}]}, {"attributes": {"name": "getNativeHelp", "fromProperty": "nativeHelp"}, "type": "method", "children": [{"attributes": {"text": "<p>Returns the (computed) value of the property <code>nativeHelp</code>.</p>\n\n<p>For further details take a look at the property definition: {@link #nativeHelp}.</p>"}, "type": "desc"}, {"attributes": {}, "type": "return", "children": [{"attributes": {"text": "<p>(Computed) value of <code>nativeHelp</code>.</p>"}, "type": "desc"}, {"attributes": {}, "type": "types", "children": [{"attributes": {"type": "var"}, "type": "entry"}]}]}]}, {"attributes": {"name": "getScrollbar", "fromProperty": "scrollbar"}, "type": "method", "children": [{"attributes": {"text": "<p>Returns the (computed) value of the property <code>scrollbar</code>.</p>\n\n<p>For further details take a look at the property definition: {@link #scrollbar}.</p>"}, "type": "desc"}, {"attributes": {}, "type": "return", "children": [{"attributes": {"text": "<p>(Computed) value of <code>scrollbar</code>.</p>"}, "type": "desc"}, {"attributes": {}, "type": "types", "children": [{"attributes": {"type": "var"}, "type": "entry"}]}]}]}, {"attributes": {"access": "protected", "name": "initNativeHelp", "fromProperty": "nativeHelp"}, "type": "method", "children": [{"attributes": {}, "type": "params", "children": [{"attributes": {"name": "value"}, "type": "param", "children": [{"attributes": {"text": "<p>Initial value for property <code>nativeHelp</code>.</p>"}, "type": "desc"}, {"attributes": {}, "type": "types", "children": [{"attributes": {"type": "var"}, "type": "entry"}]}]}]}, {"attributes": {"text": "<p>Calls the apply method and dispatches the change event of the property <code>nativeHelp</code>\nwith the default value defined by the class developer. This function can\nonly be called from the constructor of a class.</p>\n\n<p>For further details take a look at the property definition: {@link #nativeHelp}.</p>"}, "type": "desc"}, {"attributes": {}, "type": "return", "children": [{"attributes": {"text": "<p>the default value</p>"}, "type": "desc"}, {"attributes": {}, "type": "types", "children": [{"attributes": {"type": "var"}, "type": "entry"}]}]}]}, {"attributes": {"access": "protected", "name": "initScrollbar", "fromProperty": "scrollbar"}, "type": "method", "children": [{"attributes": {}, "type": "params", "children": [{"attributes": {"name": "value"}, "type": "param", "children": [{"attributes": {"text": "<p>Initial value for property <code>scrollbar</code>.</p>"}, "type": "desc"}, {"attributes": {}, "type": "types", "children": [{"attributes": {"type": "var"}, "type": "entry"}]}]}]}, {"attributes": {"text": "<p>Calls the apply method and dispatches the change event of the property <code>scrollbar</code>\nwith the default value defined by the class developer. This function can\nonly be called from the constructor of a class.</p>\n\n<p>For further details take a look at the property definition: {@link #scrollbar}.</p>"}, "type": "desc"}, {"attributes": {}, "type": "return", "children": [{"attributes": {"text": "<p>the default value</p>"}, "type": "desc"}, {"attributes": {}, "type": "types", "children": [{"attributes": {"type": "var"}, "type": "entry"}]}]}]}, {"attributes": {"name": "isNativeHelp", "fromProperty": "nativeHelp"}, "type": "method", "children": [{"attributes": {"text": "<p>Check whether the (computed) value of the boolean property <code>nativeHelp</code> equals <code>true</code>.</p>\n\n<p>For further details take a look at the property definition: {@link #nativeHelp}.</p>"}, "type": "desc"}, {"attributes": {}, "type": "return", "children": [{"attributes": {"text": "<p>Whether the property equals <code>true</code>.</p>"}, "type": "desc"}, {"attributes": {}, "type": "types", "children": [{"attributes": {"type": "Boolean"}, "type": "entry"}]}]}]}, {"attributes": {"line": 234, "name": "release"}, "type": "method", "children": [{"attributes": {"text": "<p>Release the blocker set by {@link #block}.</p>"}, "type": "desc"}]}, {"attributes": {"docFrom": "qx.ui.core.LayoutItem", "line": 149, "overriddenFrom": "qx.ui.core.Widget", "name": "renderLayout"}, "type": "method", "children": [{"attributes": {}, "type": "params", "children": [{"attributes": {"name": "left"}, "type": "param"}, {"attributes": {"name": "top"}, "type": "param"}, {"attributes": {"name": "width"}, "type": "param"}, {"attributes": {"name": "height"}, "type": "param"}]}]}, {"attributes": {"name": "resetNativeHelp", "fromProperty": "nativeHelp"}, "type": "method", "children": [{"attributes": {"text": "<p>Resets the user value of the property <code>nativeHelp</code>.</p>\n\n<p>The computed value falls back to the next available value e.g. appearance, init or\ninheritance value depeneding on the property configuration and value availability.</p>\n\n<p>For further details take a look at the property definition: {@link #nativeHelp}.</p>"}, "type": "desc"}]}, {"attributes": {"name": "resetScrollbar", "fromProperty": "scrollbar"}, "type": "method", "children": [{"attributes": {"text": "<p>Resets the user value of the property <code>scrollbar</code>.</p>\n\n<p>The computed value falls back to the next available value e.g. appearance, init or\ninheritance value depeneding on the property configuration and value availability.</p>\n\n<p>For further details take a look at the property definition: {@link #scrollbar}.</p>"}, "type": "desc"}]}, {"attributes": {"docFrom": "qx.ui.core.LayoutItem", "line": 352, "overriddenFrom": "qx.ui.core.Widget", "name": "setLayoutParent"}, "type": "method", "children": [{"attributes": {}, "type": "params", "children": [{"attributes": {"name": "parent"}, "type": "param"}]}]}, {"attributes": {"name": "setNativeHelp", "fromProperty": "nativeHelp"}, "type": "method", "children": [{"attributes": {}, "type": "params", "children": [{"attributes": {"name": "value"}, "type": "param", "children": [{"attributes": {"text": "<p>New value for property <code>nativeHelp</code>.</p>"}, "type": "desc"}, {"attributes": {}, "type": "types", "children": [{"attributes": {"type": "var"}, "type": "entry"}]}]}]}, {"attributes": {"text": "<p>Sets the user value of the property <code>nativeHelp</code>.</p>\n\n<p>For further details take a look at the property definition: {@link #nativeHelp}.</p>"}, "type": "desc"}, {"attributes": {}, "type": "return", "children": [{"attributes": {"text": "<p>The unmodified incoming value.</p>"}, "type": "desc"}, {"attributes": {}, "type": "types", "children": [{"attributes": {"type": "var"}, "type": "entry"}]}]}]}, {"attributes": {"name": "setScrollbar", "fromProperty": "scrollbar"}, "type": "method", "children": [{"attributes": {}, "type": "params", "children": [{"attributes": {"name": "value"}, "type": "param", "children": [{"attributes": {"text": "<p>New value for property <code>scrollbar</code>.</p>"}, "type": "desc"}, {"attributes": {}, "type": "types", "children": [{"attributes": {"type": "var"}, "type": "entry"}]}]}]}, {"attributes": {"text": "<p>Sets the user value of the property <code>scrollbar</code>.</p>\n\n<p>For further details take a look at the property definition: {@link #scrollbar}.</p>"}, "type": "desc"}, {"attributes": {}, "type": "return", "children": [{"attributes": {"text": "<p>The unmodified incoming value.</p>"}, "type": "desc"}, {"attributes": {}, "type": "types", "children": [{"attributes": {"type": "var"}, "type": "entry"}]}]}]}, {"attributes": {"name": "toggleNativeHelp", "fromProperty": "nativeHelp"}, "type": "method", "children": [{"attributes": {"text": "<p>Toggles the (computed) value of the boolean property <code>nativeHelp</code>.</p>\n\n<p>For further details take a look at the property definition: {@link #nativeHelp}.</p>"}, "type": "desc"}, {"attributes": {}, "type": "return", "children": [{"attributes": {"text": "<p>the new value</p>"}, "type": "desc"}, {"attributes": {}, "type": "types", "children": [{"attributes": {"type": "Boolean"}, "type": "entry"}]}]}]}]}, {"attributes": {}, "type": "properties", "children": [{"attributes": {"name": "appearance", "docFrom": "qx.ui.core.Widget", "defaultValue": "\"iframe\"", "refine": "true", "propertyType": "new", "overriddenFrom": "qx.ui.core.Widget"}, "type": "property"}, {"attributes": {"defaultValue": "false", "propertyType": "new", "overriddenFrom": "qx.ui.core.Widget", "refine": "true", "name": "nativeContextMenu"}, "type": "property", "children": [{"attributes": {"text": "<p>Whether to show the frame&#8217;s native context menu.</p>\n\n<p>Note: This only works if the iframe source is served from the same domain\nas the main application.</p>"}, "type": "desc"}]}, {"attributes": {"apply": "_applyNativeHelp", "defaultValue": "false", "propertyType": "new", "check": "Boolean", "name": "nativeHelp"}, "type": "property", "children": [{"attributes": {"text": "<p>If the user presses F1 in IE by default the onhelp event is fired and\nIE&#8217;s help window is opened. Setting this property to <code>false</code>\nprevents this behavior.</p>\n\n<p>Note: This only works if the iframe source is served from the same domain\nas the main application.</p>"}, "type": "desc"}]}, {"attributes": {"name": "scrollbar", "propertyType": "new", "allowNull": "true", "possibleValues": "\"auto\",\"no\",\"yes\"", "apply": "_applyScrollbar", "themeable": "true"}, "type": "property", "children": [{"attributes": {"text": "<p>Whether the widget should have scrollbars.</p>"}, "type": "desc"}]}]}]}