{"attributes": {"fullName": "qx.ui.virtual.cell.String", "packageName": "qx.ui.virtual.cell", "type": "class", "name": "String", "superClass": "qx.ui.virtual.cell.Cell"}, "type": "class", "children": [{"attributes": {"text": "<p><span class=\"caps\">EXPERIMENTAL</span>!</p>"}, "type": "desc"}, {"attributes": {}, "type": "constructor", "children": [{"attributes": {"docFrom": "qx.core.Object", "line": 28, "isCtor": true, "overriddenFrom": "qx.ui.virtual.cell.Cell", "name": "ctor"}, "type": "method"}]}, {"attributes": {}, "type": "properties", "children": [{"attributes": {"name": "appearance", "docFrom": "qx.ui.virtual.cell.Cell", "defaultValue": "\"cell-string\"", "refine": "true", "propertyType": "new", "overriddenFrom": "qx.ui.virtual.cell.Cell"}, "type": "property"}]}, {"attributes": {}, "type": "methods", "children": [{"attributes": {"docFrom": "qx.ui.virtual.cell.Abstract", "line": 65, "overriddenFrom": "qx.ui.virtual.cell.Cell", "name": "getContent"}, "type": "method", "children": [{"attributes": {}, "type": "params", "children": [{"attributes": {"name": "value"}, "type": "param"}, {"attributes": {"name": "states"}, "type": "param"}]}]}]}]}