{"attributes": {"packageName": "qx.ui.mobile.list", "type": "interface", "fullName": "qx.ui.mobile.list.IListDelegate", "name": "IListDelegate"}, "type": "class", "children": [{"attributes": {"text": "<p>Objects which are used as delegates for the {@link qx.ui.mobile.list.List#delegate} may\nimplement any of the methods described in this interface. The delegate does\nnot need to implement all the methods of this interface. If a method is not\nimplemented the {@link qx.ui.mobile.list.provider.Provider} provides a default\nimplementation.</p>\n\n<p>Note: This interface is meant to document the delegate but should not be\nlisted in the <code>implement</code> key of a class unless all methods are\nactually implemented.</p>"}, "type": "desc"}, {"attributes": {}, "type": "methods", "children": [{"attributes": {"line": 45, "name": "configureItem"}, "type": "method", "children": [{"attributes": {}, "type": "params", "children": [{"attributes": {"name": "item"}, "type": "param", "children": [{"attributes": {"text": "<p>Instance of list item renderer to modify</p>"}, "type": "desc"}, {"attributes": {}, "type": "types", "children": [{"attributes": {"type": "qx.ui.mobile.list.renderer.Abstract"}, "type": "entry"}]}]}, {"attributes": {"name": "data"}, "type": "param", "children": [{"attributes": {"text": "<p>The data of the row. Can be used to configure the given item.</p>"}, "type": "desc"}, {"attributes": {}, "type": "types", "children": [{"attributes": {"type": "var"}, "type": "entry"}]}]}, {"attributes": {"name": "row"}, "type": "param", "children": [{"attributes": {"text": "<p>The row index.</p>"}, "type": "desc"}, {"attributes": {}, "type": "types", "children": [{"attributes": {"type": "Integer"}, "type": "entry"}]}]}]}, {"attributes": {"text": "<p>Configure the list item renderer with the given data. Mandatory method.\nAt least this method has to be defined for the delegate.</p>"}, "type": "desc"}]}, {"attributes": {"line": 54, "name": "createItemRenderer"}, "type": "method", "children": [{"attributes": {"text": "<p>Creates an instance of the item renderer to use.</p>"}, "type": "desc"}, {"attributes": {}, "type": "return", "children": [{"attributes": {"text": "<p>An instance of the item renderer.</p>"}, "type": "desc"}, {"attributes": {}, "type": "types", "children": [{"attributes": {"type": "qx.ui.mobile.list.renderer.Abstract"}, "type": "entry"}]}]}]}]}]}