{"attributes": {"name": "Manager", "packageName": "qx.ui.table.selection", "superClass": "qx.core.Object", "childClasses": "qx.ui.treevirtual.SelectionManager", "fullName": "qx.ui.table.selection.Manager", "type": "class"}, "type": "class", "children": [{"attributes": {"text": "<p>A selection manager. This is a helper class that handles all selection\nrelated events and updates a SelectionModel.</p>\n\n<p>Widgets that support selection should use this manager. This way the only\nthing the widget has to do is mapping pointer or key events to indexes and\ncall the corresponding handler method.</p>"}, "type": "desc"}, {"attributes": {"name": "SelectionModel"}, "type": "see", "children": [{"attributes": {"text": ""}, "type": "desc"}]}, {"attributes": {}, "type": "constructor", "children": [{"attributes": {"docFrom": "qx.core.Object", "line": 43, "isCtor": true, "overriddenFrom": "qx.core.Object", "name": "ctor"}, "type": "method"}]}, {"attributes": {}, "type": "methods", "children": [{"attributes": {"access": "protected", "line": 170, "name": "_handleSelectEvent"}, "type": "method", "children": [{"attributes": {}, "type": "params", "children": [{"attributes": {"name": "index"}, "type": "param", "children": [{"attributes": {"text": "<p>the index the event is pointing at.</p>"}, "type": "desc"}, {"attributes": {}, "type": "types", "children": [{"attributes": {"type": "Integer"}, "type": "entry"}]}]}, {"attributes": {"name": "evt"}, "type": "param", "children": [{"attributes": {"text": "<p>the pointer event.</p>"}, "type": "desc"}, {"attributes": {}, "type": "types", "children": [{"attributes": {"type": "Map"}, "type": "entry"}]}]}]}, {"attributes": {"text": "<p>Handles a select event.</p>"}, "type": "desc"}]}, {"attributes": {"name": "getSelectionModel", "fromProperty": "selectionModel"}, "type": "method", "children": [{"attributes": {"text": "<p>Returns the (computed) value of the property <code>selectionModel</code>.</p>\n\n<p>For further details take a look at the property definition: {@link #selectionModel}.</p>"}, "type": "desc"}, {"attributes": {}, "type": "return", "children": [{"attributes": {"text": "<p>(Computed) value of <code>selectionModel</code>.</p>"}, "type": "desc"}, {"attributes": {}, "type": "types", "children": [{"attributes": {"type": "var"}, "type": "entry"}]}]}]}, {"attributes": {"line": 140, "name": "handleMoveKeyDown"}, "type": "method", "children": [{"attributes": {}, "type": "params", "children": [{"attributes": {"name": "index"}, "type": "param", "children": [{"attributes": {"text": "<p>the index that is currently focused.</p>"}, "type": "desc"}, {"attributes": {}, "type": "types", "children": [{"attributes": {"type": "Integer"}, "type": "entry"}]}]}, {"attributes": {"name": "evt"}, "type": "param", "children": [{"attributes": {"text": "<p>the key event.</p>"}, "type": "desc"}, {"attributes": {}, "type": "types", "children": [{"attributes": {"type": "Map"}, "type": "entry"}]}]}]}, {"attributes": {"text": "<p>Handles a key down event that moved the focus (E.g. up, down, home, end, ...).</p>"}, "type": "desc"}]}, {"attributes": {"line": 129, "name": "handleSelectKeyDown"}, "type": "method", "children": [{"attributes": {}, "type": "params", "children": [{"attributes": {"name": "index"}, "type": "param", "children": [{"attributes": {"text": "<p>the index that is currently focused.</p>"}, "type": "desc"}, {"attributes": {}, "type": "types", "children": [{"attributes": {"type": "Integer"}, "type": "entry"}]}]}, {"attributes": {"name": "evt"}, "type": "param", "children": [{"attributes": {"text": "<p>the key event.</p>"}, "type": "desc"}, {"attributes": {}, "type": "types", "children": [{"attributes": {"type": "Map"}, "type": "entry"}]}]}]}, {"attributes": {"text": "<p>Handles the key down event that is used as replacement for pointer taps\n(Normally space).</p>"}, "type": "desc"}]}, {"attributes": {"line": 87, "name": "handleTap"}, "type": "method", "children": [{"attributes": {}, "type": "params", "children": [{"attributes": {"name": "index"}, "type": "param", "children": [{"attributes": {"text": "<p>the index the pointer is pointing at.</p>"}, "type": "desc"}, {"attributes": {}, "type": "types", "children": [{"attributes": {"type": "Integer"}, "type": "entry"}]}]}, {"attributes": {"name": "evt"}, "type": "param", "children": [{"attributes": {"text": "<p>the pointer event.</p>"}, "type": "desc"}, {"attributes": {}, "type": "types", "children": [{"attributes": {"type": "qx.event.type.Tap"}, "type": "entry"}]}]}]}, {"attributes": {"text": "<p>Handles the tap event.</p>"}, "type": "desc"}]}, {"attributes": {"access": "protected", "name": "initSelectionModel", "fromProperty": "selectionModel"}, "type": "method", "children": [{"attributes": {}, "type": "params", "children": [{"attributes": {"name": "value"}, "type": "param", "children": [{"attributes": {"text": "<p>Initial value for property <code>selectionModel</code>.</p>"}, "type": "desc"}, {"attributes": {}, "type": "types", "children": [{"attributes": {"type": "var"}, "type": "entry"}]}]}]}, {"attributes": {"text": "<p>Calls the apply method and dispatches the change event of the property <code>selectionModel</code>\nwith the default value defined by the class developer. This function can\nonly be called from the constructor of a class.</p>\n\n<p>For further details take a look at the property definition: {@link #selectionModel}.</p>"}, "type": "desc"}, {"attributes": {}, "type": "return", "children": [{"attributes": {"text": "<p>the default value</p>"}, "type": "desc"}, {"attributes": {}, "type": "types", "children": [{"attributes": {"type": "var"}, "type": "entry"}]}]}]}, {"attributes": {"name": "resetSelectionModel", "fromProperty": "selectionModel"}, "type": "method", "children": [{"attributes": {"text": "<p>Resets the user value of the property <code>selectionModel</code>.</p>\n\n<p>The computed value falls back to the next available value e.g. appearance, init or\ninheritance value depeneding on the property configuration and value availability.</p>\n\n<p>For further details take a look at the property definition: {@link #selectionModel}.</p>"}, "type": "desc"}]}, {"attributes": {"name": "setSelectionModel", "fromProperty": "selectionModel"}, "type": "method", "children": [{"attributes": {}, "type": "params", "children": [{"attributes": {"name": "value"}, "type": "param", "children": [{"attributes": {"text": "<p>New value for property <code>selectionModel</code>.</p>"}, "type": "desc"}, {"attributes": {}, "type": "types", "children": [{"attributes": {"type": "var"}, "type": "entry"}]}]}]}, {"attributes": {"text": "<p>Sets the user value of the property <code>selectionModel</code>.</p>\n\n<p>For further details take a look at the property definition: {@link #selectionModel}.</p>"}, "type": "desc"}, {"attributes": {}, "type": "return", "children": [{"attributes": {"text": "<p>The unmodified incoming value.</p>"}, "type": "desc"}, {"attributes": {}, "type": "types", "children": [{"attributes": {"type": "var"}, "type": "entry"}]}]}]}]}, {"attributes": {}, "type": "properties", "children": [{"attributes": {"propertyType": "new", "check": "qx.ui.table.selection.Model", "name": "selectionModel"}, "type": "property", "children": [{"attributes": {"text": "<p>The selection model where to set the selection changes.</p>"}, "type": "desc"}]}]}]}