{"attributes": {"name": "Resetter", "packageName": "qx.ui.form", "superClass": "qx.core.Object", "childClasses": "qx.ui.mobile.form.Resetter", "fullName": "qx.ui.form.Resetter", "type": "class"}, "type": "class", "children": [{"attributes": {"text": "<p>The resetter is responsible for managing a set of items and resetting these\nitems on a {@link #reset} call. It can handle all form items supplying a\nvalue property and all widgets implementing the single selection linked list\nor select box.</p>"}, "type": "desc"}, {"attributes": {}, "type": "constructor", "children": [{"attributes": {"docFrom": "qx.core.Object", "line": 30, "isCtor": true, "overriddenFrom": "qx.core.Object", "name": "ctor"}, "type": "method"}]}, {"attributes": {}, "type": "methods", "children": [{"attributes": {"access": "private", "line": 192, "name": "__getCurrentValue"}, "type": "method", "children": [{"attributes": {}, "type": "params", "children": [{"attributes": {"name": "item"}, "type": "param", "children": [{"attributes": {"text": "<p>The item to access.</p>"}, "type": "desc"}, {"attributes": {}, "type": "types", "children": [{"attributes": {"type": "qx.ui.core.Widget"}, "type": "entry"}]}]}]}, {"attributes": {"text": "<p>Internal helper top access the value of a given item.</p>"}, "type": "desc"}, {"attributes": {}, "type": "return", "children": [{"attributes": {"text": "<p>The item&#8217;s value</p>"}, "type": "desc"}, {"attributes": {}, "type": "types", "children": [{"attributes": {"type": "var"}, "type": "entry"}]}]}]}, {"attributes": {"access": "private", "line": 131, "name": "__setItem"}, "type": "method", "children": [{"attributes": {}, "type": "params", "children": [{"attributes": {"name": "item"}, "type": "param", "children": [{"attributes": {"text": "<p>The item to reset.</p>"}, "type": "desc"}, {"attributes": {}, "type": "types", "children": [{"attributes": {"type": "qx.ui.core.Widget"}, "type": "entry"}]}]}, {"attributes": {"name": "init"}, "type": "param", "children": [{"attributes": {"text": "<p>The value to set.</p>"}, "type": "desc"}, {"attributes": {}, "type": "types", "children": [{"attributes": {"type": "var"}, "type": "entry"}]}]}]}, {"attributes": {"text": "<p>Internal helper for setting an item to a given init value. It checks\nfor the supported APIs and uses the fitting <span class=\"caps\">API</span>.</p>"}, "type": "desc"}]}, {"attributes": {"access": "private", "line": 227, "name": "__supportsDataBindingSelection"}, "type": "method", "children": [{"attributes": {}, "type": "params", "children": [{"attributes": {"name": "formItem"}, "type": "param", "children": [{"attributes": {"text": "<p>The item to check.</p>"}, "type": "desc"}, {"attributes": {}, "type": "types", "children": [{"attributes": {"type": "qx.core.Object"}, "type": "entry"}]}]}]}, {"attributes": {"text": "<p>Returns true, if the given item implements the\n{@link qx.data.controller.ISelection} interface.</p>"}, "type": "desc"}, {"attributes": {}, "type": "return", "children": [{"attributes": {"text": "<p>true, if the given item implements the necessary interface.</p>"}, "type": "desc"}, {"attributes": {}, "type": "types", "children": [{"attributes": {"type": "Boolean"}, "type": "entry"}]}]}]}, {"attributes": {"access": "private", "line": 213, "name": "__supportsSingleSelection"}, "type": "method", "children": [{"attributes": {}, "type": "params", "children": [{"attributes": {"name": "formItem"}, "type": "param", "children": [{"attributes": {"text": "<p>The item to check.</p>"}, "type": "desc"}, {"attributes": {}, "type": "types", "children": [{"attributes": {"type": "qx.core.Object"}, "type": "entry"}]}]}]}, {"attributes": {"text": "<p>Returns true, if the given item implements the\n{@link qx.ui.core.ISingleSelection} interface.</p>"}, "type": "desc"}, {"attributes": {}, "type": "return", "children": [{"attributes": {"text": "<p>true, if the given item implements the necessary interface.</p>"}, "type": "desc"}, {"attributes": {}, "type": "types", "children": [{"attributes": {"type": "Boolean"}, "type": "entry"}]}]}]}, {"attributes": {"access": "protected", "line": 240, "name": "_supportsValue"}, "type": "method", "children": [{"attributes": {}, "type": "params", "children": [{"attributes": {"name": "formItem"}, "type": "param", "children": [{"attributes": {"text": "<p>The item to check.</p>"}, "type": "desc"}, {"attributes": {}, "type": "types", "children": [{"attributes": {"type": "qx.core.Object"}, "type": "entry"}]}]}]}, {"attributes": {"text": "<p>Returns true, if the value property is supplied by the form item.</p>"}, "type": "desc"}, {"attributes": {}, "type": "return", "children": [{"attributes": {"text": "<p>true, if the given item implements the necessary interface.</p>"}, "type": "desc"}, {"attributes": {}, "type": "types", "children": [{"attributes": {"type": "Boolean"}, "type": "entry"}]}]}]}, {"attributes": {"line": 49, "name": "add"}, "type": "method", "children": [{"attributes": {}, "type": "params", "children": [{"attributes": {"name": "item"}, "type": "param", "children": [{"attributes": {"text": "<p>The widget which should be added.</p>"}, "type": "desc"}, {"attributes": {}, "type": "types", "children": [{"attributes": {"type": "qx.ui.core.Widget"}, "type": "entry"}]}]}]}, {"attributes": {"text": "<p>Adding a widget to the reseter will get its current value and store\nit for resetting. To access the value, the given item needs to specify\na value property or implement the {@link qx.ui.core.ISingleSelection}\ninterface.</p>"}, "type": "desc"}]}, {"attributes": {"line": 149, "name": "redefine"}, "type": "method", "children": [{"attributes": {"text": "<p>Takes the current values of all added items and uses these values as\ninit values for resetting.</p>"}, "type": "desc"}]}, {"attributes": {"line": 165, "name": "redefineItem"}, "type": "method", "children": [{"attributes": {}, "type": "params", "children": [{"attributes": {"name": "item"}, "type": "param", "children": [{"attributes": {"text": "<p>The item to redefine.</p>"}, "type": "desc"}, {"attributes": {}, "type": "types", "children": [{"attributes": {"type": "qx.ui.core.Widget"}, "type": "entry"}]}]}]}, {"attributes": {"text": "<p>Takes the current value of the given item and stores this value as init\nvalue for resetting.</p>"}, "type": "desc"}]}, {"attributes": {"line": 71, "name": "remove"}, "type": "method", "children": [{"attributes": {}, "type": "params", "children": [{"attributes": {"name": "item"}, "type": "param", "children": [{"attributes": {"text": "<p>The widget which should be removed.</p>"}, "type": "desc"}, {"attributes": {}, "type": "types", "children": [{"attributes": {"type": "qx.ui.core.Widget"}, "type": "entry"}]}]}]}, {"attributes": {"text": "<p>Removes a widget to the reseter</p>"}, "type": "desc"}, {"attributes": {}, "type": "return", "children": [{"attributes": {"text": "<code>true</code>, if the widget has been removed."}, "type": "desc"}, {"attributes": {}, "type": "types", "children": [{"attributes": {"type": "Boolean"}, "type": "entry"}]}]}]}, {"attributes": {"line": 87, "name": "reset"}, "type": "method", "children": [{"attributes": {"text": "<p>Resets all added form items to their initial value. The initial value\nis the value in the widget during the {@link #add}.</p>"}, "type": "desc"}]}, {"attributes": {"line": 103, "name": "resetItem"}, "type": "method", "children": [{"attributes": {}, "type": "params", "children": [{"attributes": {"name": "item"}, "type": "param", "children": [{"attributes": {"text": "<p>The widget, which should be resetted.</p>"}, "type": "desc"}, {"attributes": {}, "type": "types", "children": [{"attributes": {"type": "qx.ui.core.Widget"}, "type": "entry"}]}]}]}, {"attributes": {"text": "<p>Resets a single given item. The item has to be added to the resetter\ninstance before. Otherwise, an error is thrown.</p>"}, "type": "desc"}]}]}]}