{"attributes": {"fullName": "qx.ui.form.PasswordField", "packageName": "qx.ui.form", "type": "class", "name": "PasswordField", "superClass": "qx.ui.form.TextField"}, "type": "class", "children": [{"attributes": {"text": "<p>A password input field, which hides the entered text.</p>"}, "type": "desc"}, {"attributes": {}, "type": "methods", "children": [{"attributes": {"access": "protected", "docFrom": "qx.ui.form.AbstractField", "line": 31, "overriddenFrom": "qx.ui.form.AbstractField", "name": "_createInputElement"}, "type": "method"}]}]}