{"attributes": {"packageName": "qx.ui.treevirtual", "type": "mixin", "fullName": "qx.ui.treevirtual.MNode", "name": "MNode"}, "type": "class", "children": [{"attributes": {"text": "<p>Utility functions for working with nodes.  These methods allow reference\nto a node by either the object itself or the object&#8217;s node id.</p>"}, "type": "desc"}, {"attributes": {}, "type": "methods", "children": [{"attributes": {"line": 41, "isMixin": true, "name": "nodeGet"}, "type": "method", "children": [{"attributes": {}, "type": "params", "children": [{"attributes": {"name": "nodeReference"}, "type": "param", "children": [{"attributes": {"text": "<p>The node to have its opened/closed state toggled.  The node can be represented either by the node object, or the node id (as would have been returned by addBranch(), addLeaf(), etc.).</p>"}, "type": "desc"}, {"attributes": {}, "type": "types", "children": [{"attributes": {"type": "Object"}, "type": "entry"}, {"attributes": {"type": "Integer"}, "type": "entry"}]}]}]}, {"attributes": {"text": "<p>Get a node object given its node id.</p>"}, "type": "desc"}, {"attributes": {}, "type": "return", "children": [{"attributes": {"text": "<p>If the nodeReference is a node object itself, that same node object is returned (identity).  Otherwise, the node object is looked up using the specified node id.</p>"}, "type": "desc"}, {"attributes": {}, "type": "types", "children": [{"attributes": {"type": "Object"}, "type": "entry"}]}]}]}, {"attributes": {"line": 409, "isMixin": true, "name": "nodeGetCellStyle"}, "type": "method", "children": [{"attributes": {}, "type": "params", "children": [{"attributes": {"name": "nodeReference"}, "type": "param", "children": [{"attributes": {"text": "<p>The node for which the cell style is being retrieved.  The node can be represented either by the node object, or the node id (as would have been returned by addBranch(), addLeaf(), etc.)</p>"}, "type": "desc"}, {"attributes": {}, "type": "types", "children": [{"attributes": {"type": "Object"}, "type": "entry"}, {"attributes": {"type": "Integer"}, "type": "entry"}]}]}]}, {"attributes": {"text": "<p>Get the cell style for a node</p>"}, "type": "desc"}, {"attributes": {}, "type": "return", "children": [{"attributes": {"text": "<p>The <span class=\"caps\">CSS</span> style being applied for the tree column cell for this node.</p>"}, "type": "desc"}, {"attributes": {}, "type": "types", "children": [{"attributes": {"type": "String"}, "type": "entry"}]}]}]}, {"attributes": {"line": 285, "isMixin": true, "name": "nodeGetHideOpenClose"}, "type": "method", "children": [{"attributes": {}, "type": "params", "children": [{"attributes": {"name": "nodeReference"}, "type": "param", "children": [{"attributes": {"text": "<p>The node for which the hideOpenClose state is being retrieved.  The node can be represented either by the node object, or the node id (as would have been returned by addBranch(), addLeaf(), etc.)</p>"}, "type": "desc"}, {"attributes": {}, "type": "types", "children": [{"attributes": {"type": "Object"}, "type": "entry"}, {"attributes": {"type": "Integer"}, "type": "entry"}]}]}]}, {"attributes": {"text": "<p>Get the hideOpenClose state for a node.</p>"}, "type": "desc"}, {"attributes": {}, "type": "return", "children": [{"attributes": {"text": "<p>The new hideOpenClose state for the specified node.</p>"}, "type": "desc"}, {"attributes": {}, "type": "types", "children": [{"attributes": {"type": "Boolean"}, "type": "entry"}]}]}]}, {"attributes": {"line": 322, "isMixin": true, "name": "nodeGetIcon"}, "type": "method", "children": [{"attributes": {}, "type": "params", "children": [{"attributes": {"name": "nodeReference"}, "type": "param", "children": [{"attributes": {"text": "<p>The node for which the icon is being retrieved.  The node can be represented either by the node object, or the node id (as would have been returned by addBranch(), addLeaf(), etc.)</p>"}, "type": "desc"}, {"attributes": {}, "type": "types", "children": [{"attributes": {"type": "Object"}, "type": "entry"}, {"attributes": {"type": "Integer"}, "type": "entry"}]}]}]}, {"attributes": {"text": "<p>Get the icon for a node when in its unselected (normal) state.</p>"}, "type": "desc"}, {"attributes": {}, "type": "return", "children": [{"attributes": {"text": "<p>The path to the icon to be used when the node is not selected, if a path has been previously provided (i.e. not using the default icon).</p>"}, "type": "desc"}, {"attributes": {}, "type": "types", "children": [{"attributes": {"type": "String"}, "type": "entry"}]}]}]}, {"attributes": {"line": 156, "isMixin": true, "name": "nodeGetLabel"}, "type": "method", "children": [{"attributes": {}, "type": "params", "children": [{"attributes": {"name": "nodeReference"}, "type": "param", "children": [{"attributes": {"text": "<p>The node for which the label is being retrieved.  The node can be represented either by the node object, or the node id (as would have been returned by addBranch(), addLeaf(), etc.)</p>"}, "type": "desc"}, {"attributes": {}, "type": "types", "children": [{"attributes": {"type": "Object"}, "type": "entry"}, {"attributes": {"type": "Integer"}, "type": "entry"}]}]}]}, {"attributes": {"text": "<p>Get the label for a node.</p>"}, "type": "desc"}, {"attributes": {}, "type": "return", "children": [{"attributes": {"text": "<p>The label for the specified node</p>"}, "type": "desc"}, {"attributes": {}, "type": "types", "children": [{"attributes": {"type": "String"}, "type": "entry"}]}]}]}, {"attributes": {"line": 446, "isMixin": true, "name": "nodeGetLabelStyle"}, "type": "method", "children": [{"attributes": {}, "type": "params", "children": [{"attributes": {"name": "nodeReference"}, "type": "param", "children": [{"attributes": {"text": "<p>The node for which the label style is being retrieved.  The node can be represented either by the node object, or the node id (as would have been returned by addBranch(), addLeaf(), etc.)</p>"}, "type": "desc"}, {"attributes": {}, "type": "types", "children": [{"attributes": {"type": "Object"}, "type": "entry"}, {"attributes": {"type": "Integer"}, "type": "entry"}]}]}]}, {"attributes": {"text": "<p>Get the label style for a node</p>"}, "type": "desc"}, {"attributes": {}, "type": "return", "children": [{"attributes": {"text": "<p>The <span class=\"caps\">CSS</span> style being applied for the label for this node, if a style has been previously provided (i.e. not using the default style).</p>"}, "type": "desc"}, {"attributes": {}, "type": "types", "children": [{"attributes": {"type": "String"}, "type": "entry"}]}]}]}, {"attributes": {"line": 249, "isMixin": true, "name": "nodeGetOpened"}, "type": "method", "children": [{"attributes": {}, "type": "params", "children": [{"attributes": {"name": "nodeReference"}, "type": "param", "children": [{"attributes": {"text": "<p>The node for which the opened state is being retrieved.  The node can be represented either by the node object, or the node id (as would have been returned by addBranch(), addLeaf(), etc.)</p>"}, "type": "desc"}, {"attributes": {}, "type": "types", "children": [{"attributes": {"type": "Object"}, "type": "entry"}, {"attributes": {"type": "Integer"}, "type": "entry"}]}]}]}, {"attributes": {"text": "<p>Get the opened state for a node.</p>"}, "type": "desc"}, {"attributes": {}, "type": "return", "children": [{"attributes": {"text": "<p>The opened state for the specified node.</p>"}, "type": "desc"}, {"attributes": {}, "type": "types", "children": [{"attributes": {"type": "Boolean"}, "type": "entry"}]}]}]}, {"attributes": {"line": 192, "isMixin": true, "name": "nodeGetSelected"}, "type": "method", "children": [{"attributes": {}, "type": "params", "children": [{"attributes": {"name": "nodeReference"}, "type": "param", "children": [{"attributes": {"text": "<p>The node for which the selected state is being retrieved.  The node can be represented either by the node object, or the node id (as would have been returned by addBranch(), addLeaf(), etc.)</p>"}, "type": "desc"}, {"attributes": {}, "type": "types", "children": [{"attributes": {"type": "Object"}, "type": "entry"}, {"attributes": {"type": "Integer"}, "type": "entry"}]}]}]}, {"attributes": {"text": "<p>Get the selected state for a node.</p>"}, "type": "desc"}, {"attributes": {}, "type": "return", "children": [{"attributes": {"text": "<p>The selected state for the specified node.</p>"}, "type": "desc"}, {"attributes": {}, "type": "types", "children": [{"attributes": {"type": "Boolean"}, "type": "entry"}]}]}]}, {"attributes": {"line": 370, "isMixin": true, "name": "nodeGetSelectedIcon"}, "type": "method", "children": [{"attributes": {}, "type": "params", "children": [{"attributes": {"name": "nodeReference"}, "type": "param", "children": [{"attributes": {"text": "<p>The node for which the icon is being retrieved.  The node can be represented either by the node object, or the node id (as would have been returned by addBranch(), addLeaf(), etc.)</p>"}, "type": "desc"}, {"attributes": {}, "type": "types", "children": [{"attributes": {"type": "Object"}, "type": "entry"}, {"attributes": {"type": "Integer"}, "type": "entry"}]}]}]}, {"attributes": {"text": "<p>Get the icon for a node when in its selected state.</p>"}, "type": "desc"}, {"attributes": {}, "type": "return", "children": [{"attributes": {"text": "<p>The path to the icon to be used when the node is selected, if a path has been previously provided (i.e. not using the default icon).</p>"}, "type": "desc"}, {"attributes": {}, "type": "types", "children": [{"attributes": {"type": "String"}, "type": "entry"}]}]}]}, {"attributes": {"line": 392, "isMixin": true, "name": "nodeSetCellStyle"}, "type": "method", "children": [{"attributes": {}, "type": "params", "children": [{"attributes": {"name": "nodeReference"}, "type": "param", "children": [{"attributes": {"text": "<p>The node for which the cell style is being set.  The node can be represented either by the node object, or the node id (as would have been returned by addBranch(), addLeaf(), etc.)</p>"}, "type": "desc"}, {"attributes": {}, "type": "types", "children": [{"attributes": {"type": "Object"}, "type": "entry"}, {"attributes": {"type": "Integer"}, "type": "entry"}]}]}, {"attributes": {"name": "style"}, "type": "param", "children": [{"attributes": {"text": "<p>The <span class=\"caps\">CSS</span> style to be applied for the tree column cell for this node, if a style has been previously provided (i.e. not using the default style).</p>"}, "type": "desc"}, {"attributes": {}, "type": "types", "children": [{"attributes": {"type": "String"}, "type": "entry"}]}]}]}, {"attributes": {"text": "<p>Set the cell style for a node</p>"}, "type": "desc"}]}, {"attributes": {"line": 268, "isMixin": true, "name": "nodeSetHideOpenClose"}, "type": "method", "children": [{"attributes": {}, "type": "params", "children": [{"attributes": {"name": "nodeReference"}, "type": "param", "children": [{"attributes": {"text": "<p>The node for which the hideOpenClose state is being set.  The node can be represented either by the node object, or the node id (as would have been returned by addBranch(), addLeaf(), etc.)</p>"}, "type": "desc"}, {"attributes": {}, "type": "types", "children": [{"attributes": {"type": "Object"}, "type": "entry"}, {"attributes": {"type": "Integer"}, "type": "entry"}]}]}, {"attributes": {"name": "b"}, "type": "param", "children": [{"attributes": {"text": "<p>The new hideOpenClose state for the specified node.</p>"}, "type": "desc"}, {"attributes": {}, "type": "types", "children": [{"attributes": {"type": "Boolean"}, "type": "entry"}]}]}]}, {"attributes": {"text": "<p>Set the hideOpenClose state for a node.</p>"}, "type": "desc"}]}, {"attributes": {"line": 304, "isMixin": true, "name": "nodeSetIcon"}, "type": "method", "children": [{"attributes": {}, "type": "params", "children": [{"attributes": {"name": "nodeReference"}, "type": "param", "children": [{"attributes": {"text": "<p>The node for which the icon is being set.  The node can be represented either by the node object, or the node id (as would have been returned by addBranch(), addLeaf(), etc.)</p>"}, "type": "desc"}, {"attributes": {}, "type": "types", "children": [{"attributes": {"type": "Object"}, "type": "entry"}, {"attributes": {"type": "Integer"}, "type": "entry"}]}]}, {"attributes": {"name": "path"}, "type": "param", "children": [{"attributes": {"text": "<p>The path to the icon to be used when the node is not selected</p>"}, "type": "desc"}, {"attributes": {}, "type": "types", "children": [{"attributes": {"type": "String"}, "type": "entry"}]}]}]}, {"attributes": {"text": "<p>Set the icon for a node when in its unselected (normal) state.</p>"}, "type": "desc"}]}, {"attributes": {"line": 139, "isMixin": true, "name": "nodeSetLabel"}, "type": "method", "children": [{"attributes": {}, "type": "params", "children": [{"attributes": {"name": "nodeReference"}, "type": "param", "children": [{"attributes": {"text": "<p>The node for which the label is being set.  The node can be represented either by the node object, or the node id (as would have been returned by addBranch(), addLeaf(), etc.)</p>"}, "type": "desc"}, {"attributes": {}, "type": "types", "children": [{"attributes": {"type": "Object"}, "type": "entry"}, {"attributes": {"type": "Integer"}, "type": "entry"}]}]}, {"attributes": {"name": "label"}, "type": "param", "children": [{"attributes": {"text": "<p>The new label for the specified node</p>"}, "type": "desc"}, {"attributes": {}, "type": "types", "children": [{"attributes": {"type": "String"}, "type": "entry"}]}]}]}, {"attributes": {"text": "<p>Set the label for a node.</p>"}, "type": "desc"}]}, {"attributes": {"line": 428, "isMixin": true, "name": "nodeSetLabelStyle"}, "type": "method", "children": [{"attributes": {}, "type": "params", "children": [{"attributes": {"name": "nodeReference"}, "type": "param", "children": [{"attributes": {"text": "<p>The node for which the label style is being set.  The node can be represented either by the node object, or the node id (as would have been returned by addBranch(), addLeaf(), etc.)</p>"}, "type": "desc"}, {"attributes": {}, "type": "types", "children": [{"attributes": {"type": "Object"}, "type": "entry"}, {"attributes": {"type": "Integer"}, "type": "entry"}]}]}, {"attributes": {"name": "style"}, "type": "param", "children": [{"attributes": {"text": "<p>The <span class=\"caps\">CSS</span> style to be applied for the label for this node.</p>"}, "type": "desc"}, {"attributes": {}, "type": "types", "children": [{"attributes": {"type": "String"}, "type": "entry"}]}]}]}, {"attributes": {"text": "<p>Set the label style for a node</p>"}, "type": "desc"}]}, {"attributes": {"line": 212, "isMixin": true, "name": "nodeSetOpened"}, "type": "method", "children": [{"attributes": {}, "type": "params", "children": [{"attributes": {"name": "nodeReference"}, "type": "param", "children": [{"attributes": {"text": "<p>The node for which the opened state is being set.  The node can be represented either by the node object, or the node id (as would have been returned by addBranch(), addLeaf(), etc.)</p>"}, "type": "desc"}, {"attributes": {}, "type": "types", "children": [{"attributes": {"type": "Object"}, "type": "entry"}, {"attributes": {"type": "Integer"}, "type": "entry"}]}]}, {"attributes": {"name": "b"}, "type": "param", "children": [{"attributes": {"text": "<p>The new opened state for the specified node.</p>"}, "type": "desc"}, {"attributes": {}, "type": "types", "children": [{"attributes": {"type": "Boolean"}, "type": "entry"}]}]}]}, {"attributes": {"text": "<p>Set the opened state for a node.  (Note that this method has no effect\nif the requested state is the same as the current state.)</p>"}, "type": "desc"}]}, {"attributes": {"line": 175, "isMixin": true, "name": "nodeSetSelected"}, "type": "method", "children": [{"attributes": {}, "type": "params", "children": [{"attributes": {"name": "nodeReference"}, "type": "param", "children": [{"attributes": {"text": "<p>The node for which the selected state is being set.  The node can be represented either by the node object, or the node id (as would have been returned by addBranch(), addLeaf(), etc.)</p>"}, "type": "desc"}, {"attributes": {}, "type": "types", "children": [{"attributes": {"type": "Object"}, "type": "entry"}, {"attributes": {"type": "Integer"}, "type": "entry"}]}]}, {"attributes": {"name": "b"}, "type": "param", "children": [{"attributes": {"text": "<p>The new selected state for the specified node.</p>"}, "type": "desc"}, {"attributes": {}, "type": "types", "children": [{"attributes": {"type": "Boolean"}, "type": "entry"}]}]}]}, {"attributes": {"text": "<p>Set the selected state for a node.</p>"}, "type": "desc"}]}, {"attributes": {"line": 352, "isMixin": true, "name": "nodeSetSelectedIcon"}, "type": "method", "children": [{"attributes": {}, "type": "params", "children": [{"attributes": {"name": "nodeReference"}, "type": "param", "children": [{"attributes": {"text": "<p>The node for which the icon is being set.  The node can be represented either by the node object, or the node id (as would have been returned by addBranch(), addLeaf(), etc.)</p>"}, "type": "desc"}, {"attributes": {}, "type": "types", "children": [{"attributes": {"type": "Object"}, "type": "entry"}, {"attributes": {"type": "Integer"}, "type": "entry"}]}]}, {"attributes": {"name": "path"}, "type": "param", "children": [{"attributes": {"text": "<p>The path to the icon to be used when the node is selected</p>"}, "type": "desc"}, {"attributes": {}, "type": "types", "children": [{"attributes": {"type": "String"}, "type": "entry"}]}]}]}, {"attributes": {"text": "<p>Set the icon for a node when in its selected state.</p>\n\n<p><span class=\"caps\">NOTE</span>: As of 13 Mar 2009, this feature is disabled by default, by\n      virtue of the fact that the tree&#8217;s &#8220;alwaysUpdateCells&#8221; property\n      has a setting of &#8216;false&#8217; now instead of &#8216;true&#8217;. Setting this\n      property to true allows the icon to change upon selection, but\n      causes problems such as single clicks not always selecting a\n      row, and, in IE, double click operations failing\n      completely. (For more information, see bugs 605 and 2021.) To\n      re-enable the option to have an unique icon that is displayed\n      when the node is selected, issue\n      <code>tree.setAlwaysUpdateCells(true);</code></p>"}, "type": "desc"}]}, {"attributes": {"line": 106, "isMixin": true, "name": "nodeSetState"}, "type": "method", "children": [{"attributes": {}, "type": "params", "children": [{"attributes": {"name": "nodeReference"}, "type": "param", "children": [{"attributes": {"text": "<p>The node for which attributes are being set.  The node can be represented either by the node object, or the node id (as would have been returned by addBranch(), addLeaf(), etc.)</p>"}, "type": "desc"}, {"attributes": {}, "type": "types", "children": [{"attributes": {"type": "Object"}, "type": "entry"}, {"attributes": {"type": "Integer"}, "type": "entry"}]}]}, {"attributes": {"name": "attributes"}, "type": "param", "children": [{"attributes": {"text": "<p>Map with the node properties to be set.  The map may contain any of the properties described in {@link qx.ui.treevirtual.SimpleTreeDataModel}</p>"}, "type": "desc"}, {"attributes": {}, "type": "types", "children": [{"attributes": {"type": "Map"}, "type": "entry"}]}]}]}, {"attributes": {"text": "<p>Set state attributes of a tree node.</p>"}, "type": "desc"}]}, {"attributes": {"line": 68, "isMixin": true, "name": "nodeToggleOpened"}, "type": "method", "children": [{"attributes": {}, "type": "params", "children": [{"attributes": {"name": "nodeReference"}, "type": "param", "children": [{"attributes": {"text": "<p>The node to have its opened/closed state toggled.  The node can be represented either by the node object, or the node id (as would have been returned by addBranch(), addLeaf(), etc.)</p>"}, "type": "desc"}, {"attributes": {}, "type": "types", "children": [{"attributes": {"type": "Object"}, "type": "entry"}, {"attributes": {"type": "Integer"}, "type": "entry"}]}]}]}, {"attributes": {"text": "<p>Toggle the opened state of the node: if the node is opened, close\nit; if it is closed, open it.</p>"}, "type": "desc"}]}]}]}