{"attributes": {"name": "WidgetCell", "packageName": "qx.ui.virtual.layer", "mixins": "qx.ui.core.MChildrenHandling", "superClass": "qx.ui.virtual.layer.Abstract", "fullName": "qx.ui.virtual.layer.WidgetCell", "type": "class"}, "type": "class", "children": [{"attributes": {"text": "<p><span class=\"caps\">EXPERIMENTAL</span>!</p>\n\n<p>The WidgetCell layer renders each cell with a qooxdoo widget. The concrete\nwidget instance for each cell is provided by a cell provider.</p>"}, "type": "desc"}, {"attributes": {}, "type": "constructor", "children": [{"attributes": {"line": 41, "isCtor": true, "overriddenFrom": "qx.ui.virtual.layer.Abstract", "name": "ctor"}, "type": "method", "children": [{"attributes": {}, "type": "params", "children": [{"attributes": {"name": "widgetCellProvider"}, "type": "param", "children": [{"attributes": {"text": "<p>This class manages the life cycle of the cell widgets.</p>"}, "type": "desc"}, {"attributes": {}, "type": "types", "children": [{"attributes": {"type": "qx.ui.virtual.core.IWidgetCellProvider"}, "type": "entry"}]}]}]}, {"attributes": {"text": ""}, "type": "desc"}]}]}, {"attributes": {}, "type": "properties", "children": [{"attributes": {"name": "anonymous", "docFrom": "qx.ui.core.Widget", "defaultValue": "false", "refine": "true", "propertyType": "new", "overriddenFrom": "qx.ui.virtual.layer.Abstract"}, "type": "property"}]}, {"attributes": {}, "type": "events", "children": [{"attributes": {"name": "updated"}, "type": "event", "children": [{"attributes": {"text": "<p>Is fired when the {@link #_fullUpdate} or the\n{@link #_updateLayerWindow} is finished.</p>"}, "type": "desc"}, {"attributes": {}, "type": "types", "children": [{"attributes": {"type": "qx.event.type.Event"}, "type": "entry"}]}]}]}, {"attributes": {}, "type": "methods", "children": [{"attributes": {"access": "protected", "line": 152, "name": "_activateNotEmptyChild"}, "type": "method", "children": [{"attributes": {}, "type": "params", "children": [{"attributes": {"name": "elementToPool"}, "type": "param", "children": [{"attributes": {"text": "<p>The widget which gets pooled.</p>"}, "type": "desc"}, {"attributes": {}, "type": "types", "children": [{"attributes": {"type": "qx.ui.core.Widget"}, "type": "entry"}]}]}]}, {"attributes": {"text": "<p>Activates one of the still not empty items.</p>"}, "type": "desc"}]}, {"attributes": {"access": "protected", "docFrom": "qx.ui.virtual.layer.Abstract", "line": 171, "overriddenFrom": "qx.ui.virtual.layer.Abstract", "name": "_fullUpdate"}, "type": "method", "children": [{"attributes": {}, "type": "params", "children": [{"attributes": {"name": "firstRow"}, "type": "param"}, {"attributes": {"name": "firstColumn"}, "type": "param"}, {"attributes": {"name": "rowSizes"}, "type": "param"}, {"attributes": {"name": "columnSizes"}, "type": "param"}]}]}, {"attributes": {"access": "protected", "line": 136, "name": "_getSpacer"}, "type": "method", "children": [{"attributes": {"text": "<p>Get the spacer widget, for empty cells</p>"}, "type": "desc"}, {"attributes": {}, "type": "return", "children": [{"attributes": {"text": "<p>The spacer widget.</p>"}, "type": "desc"}, {"attributes": {}, "type": "types", "children": [{"attributes": {"type": "qx.ui.core.Spacer"}, "type": "entry"}]}]}]}, {"attributes": {"access": "protected", "docFrom": "qx.ui.virtual.layer.Abstract", "line": 215, "overriddenFrom": "qx.ui.virtual.layer.Abstract", "name": "_updateLayerWindow"}, "type": "method", "children": [{"attributes": {}, "type": "params", "children": [{"attributes": {"name": "firstRow"}, "type": "param"}, {"attributes": {"name": "firstColumn"}, "type": "param"}, {"attributes": {"name": "rowSizes"}, "type": "param"}, {"attributes": {"name": "columnSizes"}, "type": "param"}]}]}, {"attributes": {"line": 103, "name": "getRenderedCellWidget"}, "type": "method", "children": [{"attributes": {}, "type": "params", "children": [{"attributes": {"name": "row"}, "type": "param", "children": [{"attributes": {"text": "<p>The cell&#8217;s row index</p>"}, "type": "desc"}, {"attributes": {}, "type": "types", "children": [{"attributes": {"type": "Integer"}, "type": "entry"}]}]}, {"attributes": {"name": "column"}, "type": "param", "children": [{"attributes": {"text": "<p>The cell&#8217;s column index</p>"}, "type": "desc"}, {"attributes": {}, "type": "types", "children": [{"attributes": {"type": "Integer"}, "type": "entry"}]}]}]}, {"attributes": {"text": "<p>Returns the widget used to render the given cell. May return null if the\ncell isn&#8217;t rendered currently rendered.</p>"}, "type": "desc"}, {"attributes": {}, "type": "return", "children": [{"attributes": {"text": "<p>the widget used to render the given cell or <code>null</code></p>"}, "type": "desc"}, {"attributes": {}, "type": "types", "children": [{"attributes": {"type": "qx.ui.core.LayoutItem"}, "type": "entry"}, {"attributes": {"type": "null"}, "type": "entry"}]}]}]}]}]}