{"attributes": {"isAbstract": true, "name": "Abstract", "packageName": "qx.ui.table.model", "superClass": "qx.core.Object", "childClasses": "qx.ui.table.model.Remote,qx.ui.table.model.Simple,qx.ui.treevirtual.SimpleTreeDataModel", "fullName": "qx.ui.table.model.Abstract", "type": "class", "interfaces": "qx.ui.table.ITableModel"}, "type": "class", "children": [{"attributes": {"text": "<p>An abstract table model that performs the column handling, so subclasses only\nneed to care for row handling.</p>"}, "type": "desc"}, {"attributes": {}, "type": "events", "children": [{"attributes": {"name": "dataChanged"}, "type": "event", "children": [{"attributes": {"text": "<p>Fired when the table data changed (the stuff shown in the table body).\nThe data property of the event will be a map having the following\nattributes:\n<ul>\n  <li>firstRow: The index of the first row that has changed.</li>\n  <li>lastRow: The index of the last row that has changed.</li>\n  <li>firstColumn: The model index of the first column that has changed.</li>\n  <li>lastColumn: The model index of the last column that has changed.</li>\n</ul></p>\n\n<p>Additionally, if the data changed as a result of rows being removed\nfrom the data model, then these additional attributes will be in the\ndata:\n<ul>\n  <li>removeStart: The model index of the first row that was removed.</li>\n  <li>removeCount: The number of rows that were removed.</li>\n</ul></p>"}, "type": "desc"}, {"attributes": {}, "type": "types", "children": [{"attributes": {"type": "qx.event.type.Data"}, "type": "entry"}]}]}, {"attributes": {"name": "metaDataChanged"}, "type": "event", "children": [{"attributes": {"text": "<p>Fired when the meta data changed (the stuff shown in the table header).</p>"}, "type": "desc"}, {"attributes": {}, "type": "types", "children": [{"attributes": {"type": "qx.event.type.Event"}, "type": "entry"}]}]}, {"attributes": {"name": "sorted"}, "type": "event", "children": [{"attributes": {"text": "<p>Fired after the table is sorted (but before the metaDataChanged event)</p>"}, "type": "desc"}, {"attributes": {}, "type": "types", "children": [{"attributes": {"type": "qx.event.type.Data"}, "type": "entry"}]}]}]}, {"attributes": {}, "type": "constructor", "children": [{"attributes": {"docFrom": "qx.core.Object", "line": 66, "isCtor": true, "overriddenFrom": "qx.core.Object", "name": "ctor"}, "type": "method"}]}, {"attributes": {}, "type": "methods", "children": [{"attributes": {"docFrom": "qx.ui.table.ITableModel", "line": 167, "name": "getColumnCount"}, "type": "method"}, {"attributes": {"docFrom": "qx.ui.table.ITableModel", "line": 177, "name": "getColumnId"}, "type": "method", "children": [{"attributes": {}, "type": "params", "children": [{"attributes": {"name": "columnIndex"}, "type": "param"}]}]}, {"attributes": {"docFrom": "qx.ui.table.ITableModel", "line": 172, "name": "getColumnIndexById"}, "type": "method", "children": [{"attributes": {}, "type": "params", "children": [{"attributes": {"name": "columnId"}, "type": "param"}]}]}, {"attributes": {"docFrom": "qx.ui.table.ITableModel", "line": 182, "name": "getColumnName"}, "type": "method", "children": [{"attributes": {}, "type": "params", "children": [{"attributes": {"name": "columnIndex"}, "type": "param"}]}]}, {"attributes": {"line": 103, "name": "getRowCount"}, "type": "method", "children": [{"attributes": {"text": "<p>Abstract method</p>"}, "type": "desc"}, {"attributes": {}, "type": "throws", "children": [{"attributes": {"text": "<p>An error if this method is called.</p>", "type": "Error"}, "type": "desc"}]}]}, {"attributes": {"docFrom": "qx.ui.table.ITableModel", "line": 107, "name": "getRowData"}, "type": "method", "children": [{"attributes": {}, "type": "params", "children": [{"attributes": {"name": "rowIndex"}, "type": "param"}]}]}, {"attributes": {"docFrom": "qx.ui.table.ITableModel", "line": 122, "name": "getSortColumnIndex"}, "type": "method"}, {"attributes": {"line": 141, "name": "getValue"}, "type": "method", "children": [{"attributes": {}, "type": "params", "children": [{"attributes": {"name": "columnIndex"}, "type": "param", "children": [{"attributes": {"text": "<p>the index of the column</p>"}, "type": "desc"}, {"attributes": {}, "type": "types", "children": [{"attributes": {"type": "Integer"}, "type": "entry"}]}]}, {"attributes": {"name": "rowIndex"}, "type": "param", "children": [{"attributes": {"text": "<p>the index of the row</p>"}, "type": "desc"}, {"attributes": {}, "type": "types", "children": [{"attributes": {"type": "Integer"}, "type": "entry"}]}]}]}, {"attributes": {"text": "<p>Abstract method</p>"}, "type": "desc"}, {"attributes": {}, "type": "throws", "children": [{"attributes": {"text": "<p>An error if this method is called.</p>", "type": "Error"}, "type": "desc"}]}]}, {"attributes": {"docFrom": "qx.ui.table.ITableModel", "line": 145, "name": "getValueById"}, "type": "method", "children": [{"attributes": {}, "type": "params", "children": [{"attributes": {"name": "columnId"}, "type": "param"}, {"attributes": {"name": "rowIndex"}, "type": "param"}]}]}, {"attributes": {"line": 95, "name": "init"}, "type": "method", "children": [{"attributes": {}, "type": "params", "children": [{"attributes": {"name": "table"}, "type": "param", "children": [{"attributes": {"text": "<p>The table to which this model is attached</p>"}, "type": "desc"}, {"attributes": {}, "type": "types", "children": [{"attributes": {"type": "qx.ui.table.Table"}, "type": "entry"}]}]}]}, {"attributes": {"text": "<p>Initialize the table model <--> table interaction. The table model is\npassed to the table constructor, but the table model doesn&#8217;t otherwise\nknow anything about the table nor can it operate on table\nproperties. This function provides the capability for the table model\nto specify characteristics of the table. It is called when the table\nmodel is applied to the table.</p>"}, "type": "desc"}]}, {"attributes": {"docFrom": "qx.ui.table.ITableModel", "line": 111, "name": "isColumnEditable"}, "type": "method", "children": [{"attributes": {}, "type": "params", "children": [{"attributes": {"name": "columnIndex"}, "type": "param"}]}]}, {"attributes": {"docFrom": "qx.ui.table.ITableModel", "line": 115, "name": "isColumnSortable"}, "type": "method", "children": [{"attributes": {}, "type": "params", "children": [{"attributes": {"name": "columnIndex"}, "type": "param"}]}]}, {"attributes": {"docFrom": "qx.ui.table.ITableModel", "line": 126, "name": "isSortAscending"}, "type": "method"}, {"attributes": {"docFrom": "qx.ui.table.ITableModel", "line": 130, "name": "prefetchRows"}, "type": "method", "children": [{"attributes": {}, "type": "params", "children": [{"attributes": {"name": "firstRowIndex"}, "type": "param"}, {"attributes": {"name": "lastRowIndex"}, "type": "param"}]}]}, {"attributes": {"line": 197, "name": "setColumnIds"}, "type": "method", "children": [{"attributes": {}, "type": "params", "children": [{"attributes": {"name": "columnIdArr"}, "type": "param", "children": [{"attributes": {"text": "<p>the IDs of the columns.</p>"}, "type": "desc"}, {"attributes": {}, "type": "types", "children": [{"attributes": {"type": "String", "dimensions": 1}, "type": "entry"}]}]}]}, {"attributes": {"text": "<p>Sets the column IDs. These IDs may be used internally to identify a\ncolumn.</p>\n\n<p>Note: This will clear previously set column names.</p>"}, "type": "desc"}, {"attributes": {"name": "#setColumns"}, "type": "see", "children": [{"attributes": {"text": ""}, "type": "desc"}]}]}, {"attributes": {"line": 250, "name": "setColumnNamesById"}, "type": "method", "children": [{"attributes": {}, "type": "params", "children": [{"attributes": {"name": "columnNameMap"}, "type": "param", "children": [{"attributes": {"text": "<p>a map containing the column IDs as keys and the column name as values.</p>"}, "type": "desc"}, {"attributes": {}, "type": "types", "children": [{"attributes": {"type": "Map"}, "type": "entry"}]}]}]}, {"attributes": {"text": "<p>Sets the column names. These names will be shown to the user.</p>\n\n<p>Note: The column IDs have to be defined before.</p>"}, "type": "desc"}, {"attributes": {"name": "#setColumnIds"}, "type": "see", "children": [{"attributes": {"text": ""}, "type": "desc"}]}]}, {"attributes": {"line": 227, "name": "setColumnNamesByIndex"}, "type": "method", "children": [{"attributes": {}, "type": "params", "children": [{"attributes": {"name": "columnNameArr"}, "type": "param", "children": [{"attributes": {"text": "<p>the names of the columns.</p>"}, "type": "desc"}, {"attributes": {}, "type": "types", "children": [{"attributes": {"type": "String", "dimensions": 1}, "type": "entry"}]}]}]}, {"attributes": {"text": "<p>Sets the column names. These names will be shown to the user.</p>\n\n<p>Note: The column IDs have to be defined before.</p>"}, "type": "desc"}, {"attributes": {}, "type": "throws", "children": [{"attributes": {"text": "<p>If the amount of given columns is different from the table.</p>", "type": "Error"}, "type": "desc"}]}, {"attributes": {"name": "#setColumnIds"}, "type": "see", "children": [{"attributes": {"text": ""}, "type": "desc"}]}]}, {"attributes": {"line": 281, "name": "setColumns"}, "type": "method", "children": [{"attributes": {}, "type": "params", "children": [{"attributes": {"name": "columnNameArr"}, "type": "param", "children": [{"attributes": {"text": "<p>The column names. These names will be shown to the user.</p>"}, "type": "desc"}, {"attributes": {}, "type": "types", "children": [{"attributes": {"type": "String", "dimensions": 1}, "type": "entry"}]}]}, {"attributes": {"defaultValue": "null", "optional": true, "name": "columnIdArr"}, "type": "param", "children": [{"attributes": {"text": "<p>The column IDs. These IDs may be used internally to identify a column. If null, the column names are used as IDs unless ID values have already been set. If ID values have already been set, they will continue to be used if no ID values are explicitly provided here.</p>"}, "type": "desc"}, {"attributes": {}, "type": "types", "children": [{"attributes": {"type": "String", "dimensions": 1}, "type": "entry"}]}]}]}, {"attributes": {"text": "<p>Sets the column names (and optionally IDs)</p>\n\n<p>Note: You can not change the <em>number</em> of columns this way.  The number\n      of columns is highly intertwined in the entire table operation,\n      and dynamically changing it would require as much work as just\n      recreating your table.  If you must change the number of columns\n      in a table then you should remove the table and add a new one.</p>"}, "type": "desc"}, {"attributes": {}, "type": "throws", "children": [{"attributes": {"text": "<p>If the amount of given columns is different from the table.</p>", "type": "Error"}, "type": "desc"}]}]}, {"attributes": {"line": 158, "name": "setValue"}, "type": "method", "children": [{"attributes": {}, "type": "params", "children": [{"attributes": {"name": "columnIndex"}, "type": "param", "children": [{"attributes": {"text": "<p>index of the column</p>"}, "type": "desc"}, {"attributes": {}, "type": "types", "children": [{"attributes": {"type": "Integer"}, "type": "entry"}]}]}, {"attributes": {"name": "rowIndex"}, "type": "param", "children": [{"attributes": {"text": "<p>index of the row</p>"}, "type": "desc"}, {"attributes": {}, "type": "types", "children": [{"attributes": {"type": "Integer"}, "type": "entry"}]}]}, {"attributes": {"name": "value"}, "type": "param", "children": [{"attributes": {"text": "<p>Value to be set</p>"}, "type": "desc"}, {"attributes": {}, "type": "types", "children": [{"attributes": {"type": "var"}, "type": "entry"}]}]}]}, {"attributes": {"text": "<p>Abstract method</p>"}, "type": "desc"}, {"attributes": {}, "type": "throws", "children": [{"attributes": {"text": "<p>An error if this method is called.</p>", "type": "Error"}, "type": "desc"}]}]}, {"attributes": {"docFrom": "qx.ui.table.ITableModel", "line": 162, "name": "setValueById"}, "type": "method", "children": [{"attributes": {}, "type": "params", "children": [{"attributes": {"name": "columnId"}, "type": "param"}, {"attributes": {"name": "rowIndex"}, "type": "param"}, {"attributes": {"name": "value"}, "type": "param"}]}]}, {"attributes": {"docFrom": "qx.ui.table.ITableModel", "line": 119, "name": "sortByColumn"}, "type": "method", "children": [{"attributes": {}, "type": "params", "children": [{"attributes": {"name": "columnIndex"}, "type": "param"}, {"attributes": {"name": "ascending"}, "type": "param"}]}]}]}]}