{"attributes": {"packageName": "qx.ui.virtual.core", "type": "interface", "fullName": "qx.ui.virtual.core.IHtmlCellProvider", "name": "IHtmlCellProvider"}, "type": "class", "children": [{"attributes": {"text": "<p><span class=\"caps\">EXPERIMENTAL</span>!</p>\n\n<p>A <span class=\"caps\">HTML</span> cell provider provides the {@link qx.ui.virtual.layer.HtmlCell}\nwith <span class=\"caps\">HTML</span> fragments to render the cells.</p>"}, "type": "desc"}, {"attributes": {}, "type": "methods", "children": [{"attributes": {"line": 46, "name": "getCellProperties"}, "type": "method", "children": [{"attributes": {}, "type": "params", "children": [{"attributes": {"name": "row"}, "type": "param", "children": [{"attributes": {"text": "<p>The cell&#8217;s row index.</p>"}, "type": "desc"}, {"attributes": {}, "type": "types", "children": [{"attributes": {"type": "Integer"}, "type": "entry"}]}]}, {"attributes": {"name": "column"}, "type": "param", "children": [{"attributes": {"text": "<p>The cell&#8217;s column index.</p>"}, "type": "desc"}, {"attributes": {}, "type": "types", "children": [{"attributes": {"type": "Integer"}, "type": "entry"}]}]}]}, {"attributes": {"text": "<p>Returns all relevant properties of the cell:\n<ul>\n<li>classes (String): Space separated class names</li>\n<li>style (String): <span class=\"caps\">CSS</span> styles</li>\n<li>attributes (String): Space separated attributes</li>\n<li>content (String): <span class=\"caps\">HTML</span> fragment of the innerHTML of the cell</li>\n<li>insets (Array): insets (padding + border) of the cell as\ntwo-dimensional array.</li>\n</ul></p>"}, "type": "desc"}, {"attributes": {}, "type": "return", "children": [{"attributes": {"text": "<p>Cell properties (see above.)</p>"}, "type": "desc"}, {"attributes": {}, "type": "types", "children": [{"attributes": {"type": "Map"}, "type": "entry"}]}]}]}]}]}