{"attributes": {"name": "NavigationPage", "packageName": "qx.ui.mobile.page", "superClass": "qx.ui.mobile.page.Page", "fullName": "qx.ui.mobile.page.NavigationPage", "type": "class", "interfaces": "qx.ui.mobile.container.INavigation"}, "type": "class", "children": [{"attributes": {"text": "<p>Specialized page. This page includes already a {@link qx.ui.mobile.navigationbar.NavigationBar}\nand and a {@link qx.ui.mobile.container.Scroll} container.\nThe NavigationPage can only be used with a page manager {@link qx.ui.mobile.page.Manager}.</p>\n\n<p><strong>Example</strong></p>\n\n<p>Here is a little example of how to use the widget.</p>\n\n<pre class=\"javascript\">\n\n var manager = new qx.ui.mobile.page.Manager();\n var page = new qx.ui.mobile.page.NavigationPage();\n page.setTitle(\"Page Title\");\n page.setShowBackButton(true);\n page.setBackButtonText(\"Back\")\n page.addListener(\"initialize\", function()\n {\n   var button = new qx.ui.mobile.form.Button(\"Next Page\");\n   page.getContent().add(button);\n },this);\n\n page.addListener(\"back\", function()\n {\n   otherPage.show({animation:\"cube\", reverse:true});\n },this);\n\n manager.addDetail(page);\n page.show();\n</pre>\n\n<p>This example creates a NavigationPage with a title and a back button. In the\n<code>initialize</code> lifecycle method a button is added.</p>"}, "type": "desc"}, {"attributes": {}, "type": "constructor", "children": [{"attributes": {"line": 70, "isCtor": true, "overriddenFrom": "qx.ui.mobile.page.Page", "name": "ctor"}, "type": "method", "children": [{"attributes": {}, "type": "params", "children": [{"attributes": {"name": "wrapContentByGroup"}, "type": "param", "children": [{"attributes": {"text": "<p>Defines whether a group box should wrap the content. This can be used for defining a page margin.</p>"}, "type": "desc"}, {"attributes": {}, "type": "types", "children": [{"attributes": {"type": "Boolean"}, "type": "entry"}]}]}, {"attributes": {"name": "layout"}, "type": "param", "children": [{"attributes": {"text": "<p>The layout of this page.</p>"}, "type": "desc"}, {"attributes": {}, "type": "types", "children": [{"attributes": {"type": "qx.ui.mobile.layout.Abstract"}, "type": "entry"}]}]}]}, {"attributes": {"text": ""}, "type": "desc"}]}]}, {"attributes": {}, "type": "events", "children": [{"attributes": {"name": "action"}, "type": "event", "children": [{"attributes": {"text": "<p>Fired when the user tapped on the navigation button</p>"}, "type": "desc"}, {"attributes": {}, "type": "types", "children": [{"attributes": {"type": "qx.event.type.Event"}, "type": "entry"}]}]}, {"attributes": {"name": "changeTitle"}, "type": "event", "children": [{"attributes": {"text": "Fired on change of the property {@link #title}."}, "type": "desc"}, {"attributes": {}, "type": "types", "children": [{"attributes": {"type": "qx.event.type.Data"}, "type": "entry"}]}]}]}, {"attributes": {}, "type": "methods", "children": [{"attributes": {"access": "protected", "line": 465, "name": "_applyActionButtonIcon"}, "type": "method", "children": [{"attributes": {}, "type": "params", "children": [{"attributes": {"name": "value"}, "type": "param", "children": [{"attributes": {"text": "<p>new value of the property</p>"}, "type": "desc"}, {"attributes": {}, "type": "types", "children": [{"attributes": {"type": "String"}, "type": "entry"}]}]}, {"attributes": {"name": "old"}, "type": "param", "children": [{"attributes": {"text": "<p>previous value of the property (null if it was not yet set).</p>"}, "type": "desc"}, {"attributes": {}, "type": "types", "children": [{"attributes": {"type": "String"}, "type": "entry"}]}]}]}, {"attributes": {}, "type": "apply", "children": [{"attributes": {"applies": "qx.ui.mobile.page.NavigationPage#buttonIcon"}, "type": "entry"}]}, {"attributes": {"text": "<p>Applies changes of the property value of the property <code>buttonIcon</code>.</p>\n\n<p>For further details take a look at the property definition: {@link #buttonIcon}.</p>"}, "type": "desc"}]}, {"attributes": {"access": "protected", "line": 456, "name": "_applyActionButtonText"}, "type": "method", "children": [{"attributes": {}, "type": "params", "children": [{"attributes": {"name": "value"}, "type": "param", "children": [{"attributes": {"text": "<p>new value of the property</p>"}, "type": "desc"}, {"attributes": {}, "type": "types", "children": [{"attributes": {"type": "String"}, "type": "entry"}]}]}, {"attributes": {"name": "old"}, "type": "param", "children": [{"attributes": {"text": "<p>previous value of the property (null if it was not yet set).</p>"}, "type": "desc"}, {"attributes": {}, "type": "types", "children": [{"attributes": {"type": "String"}, "type": "entry"}]}]}]}, {"attributes": {}, "type": "apply", "children": [{"attributes": {"applies": "qx.ui.mobile.page.NavigationPage#buttonText"}, "type": "entry"}]}, {"attributes": {"text": "<p>Applies changes of the property value of the property <code>buttonText</code>.</p>\n\n<p>For further details take a look at the property definition: {@link #buttonText}.</p>"}, "type": "desc"}]}, {"attributes": {"access": "protected", "line": 447, "name": "_applyBackButtonText"}, "type": "method", "children": [{"attributes": {}, "type": "params", "children": [{"attributes": {"name": "value"}, "type": "param", "children": [{"attributes": {"text": "<p>new value of the property</p>"}, "type": "desc"}, {"attributes": {}, "type": "types", "children": [{"attributes": {"type": "String"}, "type": "entry"}]}]}, {"attributes": {"name": "old"}, "type": "param", "children": [{"attributes": {"text": "<p>previous value of the property (null if it was not yet set).</p>"}, "type": "desc"}, {"attributes": {}, "type": "types", "children": [{"attributes": {"type": "String"}, "type": "entry"}]}]}]}, {"attributes": {}, "type": "apply", "children": [{"attributes": {"applies": "qx.ui.mobile.page.NavigationPage#backButtonText"}, "type": "entry"}]}, {"attributes": {"text": "<p>Applies changes of the property value of the property <code>backButtonText</code>.</p>\n\n<p>For further details take a look at the property definition: {@link #backButtonText}.</p>"}, "type": "desc"}]}, {"attributes": {"access": "protected", "line": 488, "name": "_applyContentCssClass"}, "type": "method", "children": [{"attributes": {}, "type": "params", "children": [{"attributes": {"name": "value"}, "type": "param", "children": [{"attributes": {"text": "<p>new value of the property</p>"}, "type": "desc"}, {"attributes": {}, "type": "types", "children": [{"attributes": {"type": "String"}, "type": "entry"}]}]}, {"attributes": {"name": "old"}, "type": "param", "children": [{"attributes": {"text": "<p>previous value of the property (null if it was not yet set).</p>"}, "type": "desc"}, {"attributes": {}, "type": "types", "children": [{"attributes": {"type": "String"}, "type": "entry"}]}]}]}, {"attributes": {}, "type": "apply", "children": [{"attributes": {"applies": "qx.ui.mobile.page.NavigationPage#contentCssClass"}, "type": "entry"}]}, {"attributes": {"text": "<p>Applies changes of the property value of the property <code>contentCssClass</code>.</p>\n\n<p>For further details take a look at the property definition: {@link #contentCssClass}.</p>"}, "type": "desc"}]}, {"attributes": {"access": "protected", "line": 474, "name": "_applyShowBackButton"}, "type": "method", "children": [{"attributes": {}, "type": "params", "children": [{"attributes": {"name": "value"}, "type": "param", "children": [{"attributes": {"text": "<p>new value of the property</p>"}, "type": "desc"}, {"attributes": {}, "type": "types", "children": [{"attributes": {"type": "Boolean"}, "type": "entry"}]}]}, {"attributes": {"name": "old"}, "type": "param", "children": [{"attributes": {"text": "<p>previous value of the property (null if it was not yet set).</p>"}, "type": "desc"}, {"attributes": {}, "type": "types", "children": [{"attributes": {"type": "Boolean"}, "type": "entry"}]}]}]}, {"attributes": {}, "type": "apply", "children": [{"attributes": {"applies": "qx.ui.mobile.page.NavigationPage#showBackButton"}, "type": "entry"}]}, {"attributes": {"text": "<p>Applies changes of the property value of the property <code>showBackButton</code>.</p>\n\n<p>For further details take a look at the property definition: {@link #showBackButton}.</p>"}, "type": "desc"}]}, {"attributes": {"access": "protected", "line": 481, "name": "_applyShowButton"}, "type": "method", "children": [{"attributes": {}, "type": "params", "children": [{"attributes": {"name": "value"}, "type": "param", "children": [{"attributes": {"text": "<p>new value of the property</p>"}, "type": "desc"}, {"attributes": {}, "type": "types", "children": [{"attributes": {"type": "Boolean"}, "type": "entry"}]}]}, {"attributes": {"name": "old"}, "type": "param", "children": [{"attributes": {"text": "<p>previous value of the property (null if it was not yet set).</p>"}, "type": "desc"}, {"attributes": {}, "type": "types", "children": [{"attributes": {"type": "Boolean"}, "type": "entry"}]}]}]}, {"attributes": {}, "type": "apply", "children": [{"attributes": {"applies": "qx.ui.mobile.page.NavigationPage#showButton"}, "type": "entry"}]}, {"attributes": {"text": "<p>Applies changes of the property value of the property <code>showButton</code>.</p>\n\n<p>For further details take a look at the property definition: {@link #showButton}.</p>"}, "type": "desc"}]}, {"attributes": {"access": "protected", "line": 245, "name": "_applyTitle"}, "type": "method", "children": [{"attributes": {}, "type": "params", "children": [{"attributes": {"name": "value"}, "type": "param", "children": [{"attributes": {"text": "<p>new value of the property</p>"}, "type": "desc"}, {"attributes": {}, "type": "types", "children": [{"attributes": {"type": "String"}, "type": "entry"}]}]}, {"attributes": {"name": "old"}, "type": "param", "children": [{"attributes": {"text": "<p>previous value of the property (null if it was not yet set).</p>"}, "type": "desc"}, {"attributes": {}, "type": "types", "children": [{"attributes": {"type": "String"}, "type": "entry"}]}]}]}, {"attributes": {}, "type": "apply", "children": [{"attributes": {"applies": "qx.ui.mobile.page.NavigationPage#title"}, "type": "entry"}]}, {"attributes": {"text": "<p>Applies changes of the property value of the property <code>title</code>.</p>\n\n<p>For further details take a look at the property definition: {@link #title}.</p>"}, "type": "desc"}]}, {"attributes": {"access": "protected", "line": 310, "name": "_createBackButton"}, "type": "method", "children": [{"attributes": {"text": "<p>Creates the navigation bar back button.\nCreates the scroll container.</p>"}, "type": "desc"}, {"attributes": {}, "type": "return", "children": [{"attributes": {"text": "<p>The created back button widget</p>"}, "type": "desc"}, {"attributes": {}, "type": "types", "children": [{"attributes": {"type": "qx.ui.mobile.navigationbar.BackButton"}, "type": "entry"}]}]}]}, {"attributes": {"access": "protected", "line": 322, "name": "_createButton"}, "type": "method", "children": [{"attributes": {"text": "<p>Creates the navigation bar button.\nCreates the content container.</p>"}, "type": "desc"}, {"attributes": {}, "type": "return", "children": [{"attributes": {"text": "<p>The created button widget</p>"}, "type": "desc"}, {"attributes": {}, "type": "types", "children": [{"attributes": {"type": "qx.ui.mobile.navigationbar.Button"}, "type": "entry"}]}]}]}, {"attributes": {"access": "protected", "line": 561, "name": "_createContent"}, "type": "method", "children": [{"attributes": {"text": "<p>Creates the content container.</p>"}, "type": "desc"}, {"attributes": {}, "type": "return", "children": [{"attributes": {"text": "<p>The created content container</p>"}, "type": "desc"}, {"attributes": {}, "type": "types", "children": [{"attributes": {"type": "qx.ui.mobile.container.Composite"}, "type": "entry"}]}]}]}, {"attributes": {"access": "protected", "line": 275, "name": "_createLeftContainer"}, "type": "method", "children": [{"attributes": {"text": "<p>Creates the left container for the navigation bar.</p>"}, "type": "desc"}, {"attributes": {}, "type": "return", "children": [{"attributes": {"text": "<p>Creates the left container for the navigation bar.</p>"}, "type": "desc"}, {"attributes": {}, "type": "types", "children": [{"attributes": {"type": "qx.ui.mobile.container.Composite"}, "type": "entry"}]}]}]}, {"attributes": {"access": "protected", "line": 292, "name": "_createRightContainer"}, "type": "method", "children": [{"attributes": {"text": "<p>Creates the right container for the navigation bar.</p>"}, "type": "desc"}, {"attributes": {}, "type": "return", "children": [{"attributes": {"text": "<p>Creates the right container for the navigation bar.</p>"}, "type": "desc"}, {"attributes": {}, "type": "types", "children": [{"attributes": {"type": "qx.ui.mobile.container.Composite"}, "type": "entry"}]}]}]}, {"attributes": {"access": "protected", "line": 550, "name": "_createScrollContainer"}, "type": "method", "children": [{"attributes": {"text": "<p>Creates the scroll container.</p>"}, "type": "desc"}, {"attributes": {}, "type": "return", "children": [{"attributes": {"text": "<p>The created scroll container</p>"}, "type": "desc"}, {"attributes": {}, "type": "types", "children": [{"attributes": {"type": "qx.ui.mobile.container.Scroll"}, "type": "entry"}]}]}]}, {"attributes": {"access": "protected", "line": 238, "name": "_createTitleWidget"}, "type": "method", "children": [{"attributes": {"text": "<p>Creates the navigation bar title.</p>"}, "type": "desc"}, {"attributes": {}, "type": "return", "children": [{"attributes": {"text": "<p>The created title widget</p>"}, "type": "desc"}, {"attributes": {}, "type": "types", "children": [{"attributes": {"type": "qx.ui.mobile.navigationbar.Title"}, "type": "entry"}]}]}]}, {"attributes": {"access": "protected", "line": 388, "name": "_getBackButton"}, "type": "method", "children": [{"attributes": {"text": "<p>Returns the back button widget.</p>"}, "type": "desc"}, {"attributes": {}, "type": "return", "children": [{"attributes": {"text": "<p>The back button widget</p>"}, "type": "desc"}, {"attributes": {}, "type": "types", "children": [{"attributes": {"type": "qx.ui.mobile.navigationbar.BackButton"}, "type": "entry"}]}]}]}, {"attributes": {"access": "protected", "line": 399, "name": "_getButton"}, "type": "method", "children": [{"attributes": {"text": "<p>Returns the action button widget.</p>"}, "type": "desc"}, {"attributes": {}, "type": "return", "children": [{"attributes": {"text": "<p>The action button widget</p>"}, "type": "desc"}, {"attributes": {}, "type": "types", "children": [{"attributes": {"type": "qx.ui.mobile.navigationbar.Button"}, "type": "entry"}]}]}]}, {"attributes": {"access": "protected", "line": 428, "name": "_getScrollContainer"}, "type": "method", "children": [{"attributes": {"text": "<p>Returns the scroll container.</p>"}, "type": "desc"}, {"attributes": {}, "type": "return", "children": [{"attributes": {"text": "<p>The scroll container</p>"}, "type": "desc"}, {"attributes": {}, "type": "types", "children": [{"attributes": {"type": "qx.ui.mobile.container.Scroll"}, "type": "entry"}]}]}]}, {"attributes": {"access": "protected", "docFrom": "qx.ui.mobile.page.Page", "line": 529, "overriddenFrom": "qx.ui.mobile.page.Page", "name": "_initialize"}, "type": "method"}, {"attributes": {"access": "protected", "line": 579, "name": "_onBackButtonTap"}, "type": "method", "children": [{"attributes": {}, "type": "params", "children": [{"attributes": {"name": "evt"}, "type": "param", "children": [{"attributes": {"text": "<p>The tap event</p>"}, "type": "desc"}, {"attributes": {}, "type": "types", "children": [{"attributes": {"type": "qx.event.type.Tap"}, "type": "entry"}]}]}]}, {"attributes": {"text": "<p>Event handler. Called when the tap event occurs on the back button.</p>"}, "type": "desc"}]}, {"attributes": {"access": "protected", "line": 590, "name": "_onButtonTap"}, "type": "method", "children": [{"attributes": {}, "type": "params", "children": [{"attributes": {"name": "evt"}, "type": "param", "children": [{"attributes": {"text": "<p>The tap event</p>"}, "type": "desc"}, {"attributes": {}, "type": "types", "children": [{"attributes": {"type": "qx.event.type.Tap"}, "type": "entry"}]}]}]}, {"attributes": {"text": "<p>Event handler. Called when the tap event occurs on the button.</p>"}, "type": "desc"}]}, {"attributes": {"access": "protected", "line": 499, "name": "_showBackButton"}, "type": "method", "children": [{"attributes": {"text": "<p>Helper method to show the back button.</p>"}, "type": "desc"}]}, {"attributes": {"access": "protected", "line": 515, "name": "_showButton"}, "type": "method", "children": [{"attributes": {"text": "<p>Helper method to show the button.</p>"}, "type": "desc"}]}, {"attributes": {"line": 439, "name": "addAfterNavigationBar"}, "type": "method", "children": [{"attributes": {}, "type": "params", "children": [{"attributes": {"name": "widget"}, "type": "param", "children": [{"attributes": {"text": "<p>The widget to add, after NavigationBar.</p>"}, "type": "desc"}, {"attributes": {}, "type": "types", "children": [{"attributes": {"type": "qx.ui.mobile.core.Widget"}, "type": "entry"}]}]}]}, {"attributes": {"text": "<p>Adds a widget, below the NavigationBar.</p>"}, "type": "desc"}]}, {"attributes": {"name": "getBackButtonText", "fromProperty": "backButtonText"}, "type": "method", "children": [{"attributes": {"text": "<p>Returns the (computed) value of the property <code>backButtonText</code>.</p>\n\n<p>For further details take a look at the property definition: {@link #backButtonText}.</p>"}, "type": "desc"}, {"attributes": {}, "type": "return", "children": [{"attributes": {"text": "<p>(Computed) value of <code>backButtonText</code>.</p>"}, "type": "desc"}, {"attributes": {}, "type": "types", "children": [{"attributes": {"type": "var"}, "type": "entry"}]}]}]}, {"attributes": {"name": "getButtonIcon", "fromProperty": "buttonIcon"}, "type": "method", "children": [{"attributes": {"text": "<p>Returns the (computed) value of the property <code>buttonIcon</code>.</p>\n\n<p>For further details take a look at the property definition: {@link #buttonIcon}.</p>"}, "type": "desc"}, {"attributes": {}, "type": "return", "children": [{"attributes": {"text": "<p>(Computed) value of <code>buttonIcon</code>.</p>"}, "type": "desc"}, {"attributes": {}, "type": "types", "children": [{"attributes": {"type": "var"}, "type": "entry"}]}]}]}, {"attributes": {"name": "getButtonText", "fromProperty": "buttonText"}, "type": "method", "children": [{"attributes": {"text": "<p>Returns the (computed) value of the property <code>buttonText</code>.</p>\n\n<p>For further details take a look at the property definition: {@link #buttonText}.</p>"}, "type": "desc"}, {"attributes": {}, "type": "return", "children": [{"attributes": {"text": "<p>(Computed) value of <code>buttonText</code>.</p>"}, "type": "desc"}, {"attributes": {}, "type": "types", "children": [{"attributes": {"type": "var"}, "type": "entry"}]}]}]}, {"attributes": {"line": 377, "name": "getContent"}, "type": "method", "children": [{"attributes": {"text": "<p>Returns the content container. Add all your widgets to this container.</p>"}, "type": "desc"}, {"attributes": {}, "type": "return", "children": [{"attributes": {"text": "<p>The content container</p>"}, "type": "desc"}, {"attributes": {}, "type": "types", "children": [{"attributes": {"type": "qx.ui.mobile.container.Composite"}, "type": "entry"}]}]}]}, {"attributes": {"name": "getContentCssClass", "fromProperty": "contentCssClass"}, "type": "method", "children": [{"attributes": {"text": "<p>Returns the (computed) value of the property <code>contentCssClass</code>.</p>\n\n<p>For further details take a look at the property definition: {@link #contentCssClass}.</p>"}, "type": "desc"}, {"attributes": {}, "type": "return", "children": [{"attributes": {"text": "<p>(Computed) value of <code>contentCssClass</code>.</p>"}, "type": "desc"}, {"attributes": {}, "type": "types", "children": [{"attributes": {"type": "var"}, "type": "entry"}]}]}]}, {"attributes": {"docFrom": "qx.ui.mobile.container.INavigation", "line": 253, "name": "getLeftContainer"}, "type": "method"}, {"attributes": {"name": "getNavigationBarHidden", "fromProperty": "navigationBarHidden"}, "type": "method", "children": [{"attributes": {"text": "<p>Returns the (computed) value of the property <code>navigationBarHidden</code>.</p>\n\n<p>For further details take a look at the property definition: {@link #navigationBarHidden}.</p>"}, "type": "desc"}, {"attributes": {}, "type": "return", "children": [{"attributes": {"text": "<p>(Computed) value of <code>navigationBarHidden</code>.</p>"}, "type": "desc"}, {"attributes": {}, "type": "types", "children": [{"attributes": {"type": "var"}, "type": "entry"}]}]}]}, {"attributes": {"name": "getNavigationBarToggleDuration", "fromProperty": "navigationBarToggleDuration"}, "type": "method", "children": [{"attributes": {"text": "<p>Returns the (computed) value of the property <code>navigationBarToggleDuration</code>.</p>\n\n<p>For further details take a look at the property definition: {@link #navigationBarToggleDuration}.</p>"}, "type": "desc"}, {"attributes": {}, "type": "return", "children": [{"attributes": {"text": "<p>(Computed) value of <code>navigationBarToggleDuration</code>.</p>"}, "type": "desc"}, {"attributes": {}, "type": "types", "children": [{"attributes": {"type": "var"}, "type": "entry"}]}]}]}, {"attributes": {"docFrom": "qx.ui.mobile.container.INavigation", "line": 262, "name": "getRightContainer"}, "type": "method"}, {"attributes": {"name": "getShowBackButton", "fromProperty": "showBackButton"}, "type": "method", "children": [{"attributes": {"text": "<p>Returns the (computed) value of the property <code>showBackButton</code>.</p>\n\n<p>For further details take a look at the property definition: {@link #showBackButton}.</p>"}, "type": "desc"}, {"attributes": {}, "type": "return", "children": [{"attributes": {"text": "<p>(Computed) value of <code>showBackButton</code>.</p>"}, "type": "desc"}, {"attributes": {}, "type": "types", "children": [{"attributes": {"type": "var"}, "type": "entry"}]}]}]}, {"attributes": {"name": "getShowBackButtonOnTablet", "fromProperty": "showBackButtonOnTablet"}, "type": "method", "children": [{"attributes": {"text": "<p>Returns the (computed) value of the property <code>showBackButtonOnTablet</code>.</p>\n\n<p>For further details take a look at the property definition: {@link #showBackButtonOnTablet}.</p>"}, "type": "desc"}, {"attributes": {}, "type": "return", "children": [{"attributes": {"text": "<p>(Computed) value of <code>showBackButtonOnTablet</code>.</p>"}, "type": "desc"}, {"attributes": {}, "type": "types", "children": [{"attributes": {"type": "var"}, "type": "entry"}]}]}]}, {"attributes": {"name": "getShowButton", "fromProperty": "showButton"}, "type": "method", "children": [{"attributes": {"text": "<p>Returns the (computed) value of the property <code>showButton</code>.</p>\n\n<p>For further details take a look at the property definition: {@link #showButton}.</p>"}, "type": "desc"}, {"attributes": {}, "type": "return", "children": [{"attributes": {"text": "<p>(Computed) value of <code>showButton</code>.</p>"}, "type": "desc"}, {"attributes": {}, "type": "types", "children": [{"attributes": {"type": "var"}, "type": "entry"}]}]}]}, {"attributes": {"name": "getTitle", "fromProperty": "title"}, "type": "method", "children": [{"attributes": {"text": "<p>Returns the (computed) value of the property <code>title</code>.</p>\n\n<p>For further details take a look at the property definition: {@link #title}.</p>"}, "type": "desc"}, {"attributes": {}, "type": "return", "children": [{"attributes": {"text": "<p>(Computed) value of <code>title</code>.</p>"}, "type": "desc"}, {"attributes": {}, "type": "types", "children": [{"attributes": {"type": "var"}, "type": "entry"}]}]}]}, {"attributes": {"docFrom": "qx.ui.mobile.container.INavigation", "line": 225, "name": "getTitleWidget"}, "type": "method"}, {"attributes": {"access": "protected", "name": "initBackButtonText", "fromProperty": "backButtonText"}, "type": "method", "children": [{"attributes": {}, "type": "params", "children": [{"attributes": {"name": "value"}, "type": "param", "children": [{"attributes": {"text": "<p>Initial value for property <code>backButtonText</code>.</p>"}, "type": "desc"}, {"attributes": {}, "type": "types", "children": [{"attributes": {"type": "var"}, "type": "entry"}]}]}]}, {"attributes": {"text": "<p>Calls the apply method and dispatches the change event of the property <code>backButtonText</code>\nwith the default value defined by the class developer. This function can\nonly be called from the constructor of a class.</p>\n\n<p>For further details take a look at the property definition: {@link #backButtonText}.</p>"}, "type": "desc"}, {"attributes": {}, "type": "return", "children": [{"attributes": {"text": "<p>the default value</p>"}, "type": "desc"}, {"attributes": {}, "type": "types", "children": [{"attributes": {"type": "var"}, "type": "entry"}]}]}]}, {"attributes": {"access": "protected", "name": "initButtonIcon", "fromProperty": "buttonIcon"}, "type": "method", "children": [{"attributes": {}, "type": "params", "children": [{"attributes": {"name": "value"}, "type": "param", "children": [{"attributes": {"text": "<p>Initial value for property <code>buttonIcon</code>.</p>"}, "type": "desc"}, {"attributes": {}, "type": "types", "children": [{"attributes": {"type": "var"}, "type": "entry"}]}]}]}, {"attributes": {"text": "<p>Calls the apply method and dispatches the change event of the property <code>buttonIcon</code>\nwith the default value defined by the class developer. This function can\nonly be called from the constructor of a class.</p>\n\n<p>For further details take a look at the property definition: {@link #buttonIcon}.</p>"}, "type": "desc"}, {"attributes": {}, "type": "return", "children": [{"attributes": {"text": "<p>the default value</p>"}, "type": "desc"}, {"attributes": {}, "type": "types", "children": [{"attributes": {"type": "var"}, "type": "entry"}]}]}]}, {"attributes": {"access": "protected", "name": "initButtonText", "fromProperty": "buttonText"}, "type": "method", "children": [{"attributes": {}, "type": "params", "children": [{"attributes": {"name": "value"}, "type": "param", "children": [{"attributes": {"text": "<p>Initial value for property <code>buttonText</code>.</p>"}, "type": "desc"}, {"attributes": {}, "type": "types", "children": [{"attributes": {"type": "var"}, "type": "entry"}]}]}]}, {"attributes": {"text": "<p>Calls the apply method and dispatches the change event of the property <code>buttonText</code>\nwith the default value defined by the class developer. This function can\nonly be called from the constructor of a class.</p>\n\n<p>For further details take a look at the property definition: {@link #buttonText}.</p>"}, "type": "desc"}, {"attributes": {}, "type": "return", "children": [{"attributes": {"text": "<p>the default value</p>"}, "type": "desc"}, {"attributes": {}, "type": "types", "children": [{"attributes": {"type": "var"}, "type": "entry"}]}]}]}, {"attributes": {"access": "protected", "name": "initContentCssClass", "fromProperty": "contentCssClass"}, "type": "method", "children": [{"attributes": {}, "type": "params", "children": [{"attributes": {"name": "value"}, "type": "param", "children": [{"attributes": {"text": "<p>Initial value for property <code>contentCssClass</code>.</p>"}, "type": "desc"}, {"attributes": {}, "type": "types", "children": [{"attributes": {"type": "var"}, "type": "entry"}]}]}]}, {"attributes": {"text": "<p>Calls the apply method and dispatches the change event of the property <code>contentCssClass</code>\nwith the default value defined by the class developer. This function can\nonly be called from the constructor of a class.</p>\n\n<p>For further details take a look at the property definition: {@link #contentCssClass}.</p>"}, "type": "desc"}, {"attributes": {}, "type": "return", "children": [{"attributes": {"text": "<p>the default value</p>"}, "type": "desc"}, {"attributes": {}, "type": "types", "children": [{"attributes": {"type": "var"}, "type": "entry"}]}]}]}, {"attributes": {"access": "protected", "name": "initNavigationBarHidden", "fromProperty": "navigationBarHidden"}, "type": "method", "children": [{"attributes": {}, "type": "params", "children": [{"attributes": {"name": "value"}, "type": "param", "children": [{"attributes": {"text": "<p>Initial value for property <code>navigationBarHidden</code>.</p>"}, "type": "desc"}, {"attributes": {}, "type": "types", "children": [{"attributes": {"type": "var"}, "type": "entry"}]}]}]}, {"attributes": {"text": "<p>Calls the apply method and dispatches the change event of the property <code>navigationBarHidden</code>\nwith the default value defined by the class developer. This function can\nonly be called from the constructor of a class.</p>\n\n<p>For further details take a look at the property definition: {@link #navigationBarHidden}.</p>"}, "type": "desc"}, {"attributes": {}, "type": "return", "children": [{"attributes": {"text": "<p>the default value</p>"}, "type": "desc"}, {"attributes": {}, "type": "types", "children": [{"attributes": {"type": "var"}, "type": "entry"}]}]}]}, {"attributes": {"access": "protected", "name": "initNavigationBarToggleDuration", "fromProperty": "navigationBarToggleDuration"}, "type": "method", "children": [{"attributes": {}, "type": "params", "children": [{"attributes": {"name": "value"}, "type": "param", "children": [{"attributes": {"text": "<p>Initial value for property <code>navigationBarToggleDuration</code>.</p>"}, "type": "desc"}, {"attributes": {}, "type": "types", "children": [{"attributes": {"type": "var"}, "type": "entry"}]}]}]}, {"attributes": {"text": "<p>Calls the apply method and dispatches the change event of the property <code>navigationBarToggleDuration</code>\nwith the default value defined by the class developer. This function can\nonly be called from the constructor of a class.</p>\n\n<p>For further details take a look at the property definition: {@link #navigationBarToggleDuration}.</p>"}, "type": "desc"}, {"attributes": {}, "type": "return", "children": [{"attributes": {"text": "<p>the default value</p>"}, "type": "desc"}, {"attributes": {}, "type": "types", "children": [{"attributes": {"type": "var"}, "type": "entry"}]}]}]}, {"attributes": {"access": "protected", "name": "initShowBackButton", "fromProperty": "showBackButton"}, "type": "method", "children": [{"attributes": {}, "type": "params", "children": [{"attributes": {"name": "value"}, "type": "param", "children": [{"attributes": {"text": "<p>Initial value for property <code>showBackButton</code>.</p>"}, "type": "desc"}, {"attributes": {}, "type": "types", "children": [{"attributes": {"type": "var"}, "type": "entry"}]}]}]}, {"attributes": {"text": "<p>Calls the apply method and dispatches the change event of the property <code>showBackButton</code>\nwith the default value defined by the class developer. This function can\nonly be called from the constructor of a class.</p>\n\n<p>For further details take a look at the property definition: {@link #showBackButton}.</p>"}, "type": "desc"}, {"attributes": {}, "type": "return", "children": [{"attributes": {"text": "<p>the default value</p>"}, "type": "desc"}, {"attributes": {}, "type": "types", "children": [{"attributes": {"type": "var"}, "type": "entry"}]}]}]}, {"attributes": {"access": "protected", "name": "initShowBackButtonOnTablet", "fromProperty": "showBackButtonOnTablet"}, "type": "method", "children": [{"attributes": {}, "type": "params", "children": [{"attributes": {"name": "value"}, "type": "param", "children": [{"attributes": {"text": "<p>Initial value for property <code>showBackButtonOnTablet</code>.</p>"}, "type": "desc"}, {"attributes": {}, "type": "types", "children": [{"attributes": {"type": "var"}, "type": "entry"}]}]}]}, {"attributes": {"text": "<p>Calls the apply method and dispatches the change event of the property <code>showBackButtonOnTablet</code>\nwith the default value defined by the class developer. This function can\nonly be called from the constructor of a class.</p>\n\n<p>For further details take a look at the property definition: {@link #showBackButtonOnTablet}.</p>"}, "type": "desc"}, {"attributes": {}, "type": "return", "children": [{"attributes": {"text": "<p>the default value</p>"}, "type": "desc"}, {"attributes": {}, "type": "types", "children": [{"attributes": {"type": "var"}, "type": "entry"}]}]}]}, {"attributes": {"access": "protected", "name": "initShowButton", "fromProperty": "showButton"}, "type": "method", "children": [{"attributes": {}, "type": "params", "children": [{"attributes": {"name": "value"}, "type": "param", "children": [{"attributes": {"text": "<p>Initial value for property <code>showButton</code>.</p>"}, "type": "desc"}, {"attributes": {}, "type": "types", "children": [{"attributes": {"type": "var"}, "type": "entry"}]}]}]}, {"attributes": {"text": "<p>Calls the apply method and dispatches the change event of the property <code>showButton</code>\nwith the default value defined by the class developer. This function can\nonly be called from the constructor of a class.</p>\n\n<p>For further details take a look at the property definition: {@link #showButton}.</p>"}, "type": "desc"}, {"attributes": {}, "type": "return", "children": [{"attributes": {"text": "<p>the default value</p>"}, "type": "desc"}, {"attributes": {}, "type": "types", "children": [{"attributes": {"type": "var"}, "type": "entry"}]}]}]}, {"attributes": {"access": "protected", "name": "initTitle", "fromProperty": "title"}, "type": "method", "children": [{"attributes": {}, "type": "params", "children": [{"attributes": {"name": "value"}, "type": "param", "children": [{"attributes": {"text": "<p>Initial value for property <code>title</code>.</p>"}, "type": "desc"}, {"attributes": {}, "type": "types", "children": [{"attributes": {"type": "var"}, "type": "entry"}]}]}]}, {"attributes": {"text": "<p>Calls the apply method and dispatches the change event of the property <code>title</code>\nwith the default value defined by the class developer. This function can\nonly be called from the constructor of a class.</p>\n\n<p>For further details take a look at the property definition: {@link #title}.</p>"}, "type": "desc"}, {"attributes": {}, "type": "return", "children": [{"attributes": {"text": "<p>the default value</p>"}, "type": "desc"}, {"attributes": {}, "type": "types", "children": [{"attributes": {"type": "var"}, "type": "entry"}]}]}]}, {"attributes": {"name": "isNavigationBarHidden", "fromProperty": "navigationBarHidden"}, "type": "method", "children": [{"attributes": {"text": "<p>Check whether the (computed) value of the boolean property <code>navigationBarHidden</code> equals <code>true</code>.</p>\n\n<p>For further details take a look at the property definition: {@link #navigationBarHidden}.</p>"}, "type": "desc"}, {"attributes": {}, "type": "return", "children": [{"attributes": {"text": "<p>Whether the property equals <code>true</code>.</p>"}, "type": "desc"}, {"attributes": {}, "type": "types", "children": [{"attributes": {"type": "Boolean"}, "type": "entry"}]}]}]}, {"attributes": {"name": "isShowBackButton", "fromProperty": "showBackButton"}, "type": "method", "children": [{"attributes": {"text": "<p>Check whether the (computed) value of the boolean property <code>showBackButton</code> equals <code>true</code>.</p>\n\n<p>For further details take a look at the property definition: {@link #showBackButton}.</p>"}, "type": "desc"}, {"attributes": {}, "type": "return", "children": [{"attributes": {"text": "<p>Whether the property equals <code>true</code>.</p>"}, "type": "desc"}, {"attributes": {}, "type": "types", "children": [{"attributes": {"type": "Boolean"}, "type": "entry"}]}]}]}, {"attributes": {"name": "isShowBackButtonOnTablet", "fromProperty": "showBackButtonOnTablet"}, "type": "method", "children": [{"attributes": {"text": "<p>Check whether the (computed) value of the boolean property <code>showBackButtonOnTablet</code> equals <code>true</code>.</p>\n\n<p>For further details take a look at the property definition: {@link #showBackButtonOnTablet}.</p>"}, "type": "desc"}, {"attributes": {}, "type": "return", "children": [{"attributes": {"text": "<p>Whether the property equals <code>true</code>.</p>"}, "type": "desc"}, {"attributes": {}, "type": "types", "children": [{"attributes": {"type": "Boolean"}, "type": "entry"}]}]}]}, {"attributes": {"name": "isShowButton", "fromProperty": "showButton"}, "type": "method", "children": [{"attributes": {"text": "<p>Check whether the (computed) value of the boolean property <code>showButton</code> equals <code>true</code>.</p>\n\n<p>For further details take a look at the property definition: {@link #showButton}.</p>"}, "type": "desc"}, {"attributes": {}, "type": "return", "children": [{"attributes": {"text": "<p>Whether the property equals <code>true</code>.</p>"}, "type": "desc"}, {"attributes": {}, "type": "types", "children": [{"attributes": {"type": "Boolean"}, "type": "entry"}]}]}]}, {"attributes": {"line": 418, "name": "isTablet"}, "type": "method", "children": [{"attributes": {"text": "<p>Returns the isTablet flag.</p>"}, "type": "desc"}, {"attributes": {}, "type": "return", "children": [{"attributes": {"text": "<p>the isTablet flag of this page.</p>"}, "type": "desc"}, {"attributes": {}, "type": "types", "children": [{"attributes": {"type": "Boolean"}, "type": "entry"}]}]}]}, {"attributes": {"name": "resetBackButtonText", "fromProperty": "backButtonText"}, "type": "method", "children": [{"attributes": {"text": "<p>Resets the user value of the property <code>backButtonText</code>.</p>\n\n<p>The computed value falls back to the next available value e.g. appearance, init or\ninheritance value depeneding on the property configuration and value availability.</p>\n\n<p>For further details take a look at the property definition: {@link #backButtonText}.</p>"}, "type": "desc"}]}, {"attributes": {"name": "resetButtonIcon", "fromProperty": "buttonIcon"}, "type": "method", "children": [{"attributes": {"text": "<p>Resets the user value of the property <code>buttonIcon</code>.</p>\n\n<p>The computed value falls back to the next available value e.g. appearance, init or\ninheritance value depeneding on the property configuration and value availability.</p>\n\n<p>For further details take a look at the property definition: {@link #buttonIcon}.</p>"}, "type": "desc"}]}, {"attributes": {"name": "resetButtonText", "fromProperty": "buttonText"}, "type": "method", "children": [{"attributes": {"text": "<p>Resets the user value of the property <code>buttonText</code>.</p>\n\n<p>The computed value falls back to the next available value e.g. appearance, init or\ninheritance value depeneding on the property configuration and value availability.</p>\n\n<p>For further details take a look at the property definition: {@link #buttonText}.</p>"}, "type": "desc"}]}, {"attributes": {"name": "resetContentCssClass", "fromProperty": "contentCssClass"}, "type": "method", "children": [{"attributes": {"text": "<p>Resets the user value of the property <code>contentCssClass</code>.</p>\n\n<p>The computed value falls back to the next available value e.g. appearance, init or\ninheritance value depeneding on the property configuration and value availability.</p>\n\n<p>For further details take a look at the property definition: {@link #contentCssClass}.</p>"}, "type": "desc"}]}, {"attributes": {"name": "resetNavigationBarHidden", "fromProperty": "navigationBarHidden"}, "type": "method", "children": [{"attributes": {"text": "<p>Resets the user value of the property <code>navigationBarHidden</code>.</p>\n\n<p>The computed value falls back to the next available value e.g. appearance, init or\ninheritance value depeneding on the property configuration and value availability.</p>\n\n<p>For further details take a look at the property definition: {@link #navigationBarHidden}.</p>"}, "type": "desc"}]}, {"attributes": {"name": "resetNavigationBarToggleDuration", "fromProperty": "navigationBarToggleDuration"}, "type": "method", "children": [{"attributes": {"text": "<p>Resets the user value of the property <code>navigationBarToggleDuration</code>.</p>\n\n<p>The computed value falls back to the next available value e.g. appearance, init or\ninheritance value depeneding on the property configuration and value availability.</p>\n\n<p>For further details take a look at the property definition: {@link #navigationBarToggleDuration}.</p>"}, "type": "desc"}]}, {"attributes": {"name": "resetShowBackButton", "fromProperty": "showBackButton"}, "type": "method", "children": [{"attributes": {"text": "<p>Resets the user value of the property <code>showBackButton</code>.</p>\n\n<p>The computed value falls back to the next available value e.g. appearance, init or\ninheritance value depeneding on the property configuration and value availability.</p>\n\n<p>For further details take a look at the property definition: {@link #showBackButton}.</p>"}, "type": "desc"}]}, {"attributes": {"name": "resetShowBackButtonOnTablet", "fromProperty": "showBackButtonOnTablet"}, "type": "method", "children": [{"attributes": {"text": "<p>Resets the user value of the property <code>showBackButtonOnTablet</code>.</p>\n\n<p>The computed value falls back to the next available value e.g. appearance, init or\ninheritance value depeneding on the property configuration and value availability.</p>\n\n<p>For further details take a look at the property definition: {@link #showBackButtonOnTablet}.</p>"}, "type": "desc"}]}, {"attributes": {"name": "resetShowButton", "fromProperty": "showButton"}, "type": "method", "children": [{"attributes": {"text": "<p>Resets the user value of the property <code>showButton</code>.</p>\n\n<p>The computed value falls back to the next available value e.g. appearance, init or\ninheritance value depeneding on the property configuration and value availability.</p>\n\n<p>For further details take a look at the property definition: {@link #showButton}.</p>"}, "type": "desc"}]}, {"attributes": {"name": "resetTitle", "fromProperty": "title"}, "type": "method", "children": [{"attributes": {"text": "<p>Resets the user value of the property <code>title</code>.</p>\n\n<p>The computed value falls back to the next available value e.g. appearance, init or\ninheritance value depeneding on the property configuration and value availability.</p>\n\n<p>For further details take a look at the property definition: {@link #title}.</p>"}, "type": "desc"}]}, {"attributes": {"line": 339, "name": "scrollTo"}, "type": "method", "children": [{"attributes": {}, "type": "params", "children": [{"attributes": {"name": "x"}, "type": "param", "children": [{"attributes": {"text": "<p>X coordinate to scroll to.</p>"}, "type": "desc"}, {"attributes": {}, "type": "types", "children": [{"attributes": {"type": "Integer"}, "type": "entry"}]}]}, {"attributes": {"name": "y"}, "type": "param", "children": [{"attributes": {"text": "<p>Y coordinate to scroll to.</p>"}, "type": "desc"}, {"attributes": {}, "type": "types", "children": [{"attributes": {"type": "Integer"}, "type": "entry"}]}]}, {"attributes": {"name": "time"}, "type": "param", "children": [{"attributes": {"text": "<p>Time slice in which scrolling should be done.</p>"}, "type": "desc"}, {"attributes": {}, "type": "types", "children": [{"attributes": {"type": "Integer"}, "type": "entry"}]}]}]}, {"attributes": {}, "type": "deprecated", "children": [{"attributes": {"text": "<p>This method was moved to qx.ui.mobile.container.Scroll Scrolls the wrapper contents to the x/y coordinates in a given period.</p>"}, "type": "desc"}]}, {"attributes": {"text": ""}, "type": "desc"}]}, {"attributes": {"line": 360, "name": "scrollToWidget"}, "type": "method", "children": [{"attributes": {}, "type": "params", "children": [{"attributes": {"name": "widget"}, "type": "param", "children": [{"attributes": {"text": "<p>the widget, the scroll container should scroll to.</p>"}, "type": "desc"}, {"attributes": {}, "type": "types", "children": [{"attributes": {"type": "qx.ui.mobile.core.Widget"}, "type": "entry"}]}]}, {"attributes": {"name": "time"}, "type": "param", "children": [{"attributes": {"text": "<p>Time slice in which scrolling should be done.</p>"}, "type": "desc"}, {"attributes": {}, "type": "types", "children": [{"attributes": {"type": "Integer"}, "type": "entry"}]}]}]}, {"attributes": {}, "type": "deprecated", "children": [{"attributes": {"text": "<p>This method was moved to qx.ui.mobile.container.Scroll Scrolls the wrapper contents to the widgets coordinates in a given period.</p>"}, "type": "desc"}]}, {"attributes": {"text": ""}, "type": "desc"}]}, {"attributes": {"name": "setBackButtonText", "fromProperty": "backButtonText"}, "type": "method", "children": [{"attributes": {}, "type": "params", "children": [{"attributes": {"name": "value"}, "type": "param", "children": [{"attributes": {"text": "<p>New value for property <code>backButtonText</code>.</p>"}, "type": "desc"}, {"attributes": {}, "type": "types", "children": [{"attributes": {"type": "var"}, "type": "entry"}]}]}]}, {"attributes": {"text": "<p>Sets the user value of the property <code>backButtonText</code>.</p>\n\n<p>For further details take a look at the property definition: {@link #backButtonText}.</p>"}, "type": "desc"}, {"attributes": {}, "type": "return", "children": [{"attributes": {"text": "<p>The unmodified incoming value.</p>"}, "type": "desc"}, {"attributes": {}, "type": "types", "children": [{"attributes": {"type": "var"}, "type": "entry"}]}]}]}, {"attributes": {"name": "setButtonIcon", "fromProperty": "buttonIcon"}, "type": "method", "children": [{"attributes": {}, "type": "params", "children": [{"attributes": {"name": "value"}, "type": "param", "children": [{"attributes": {"text": "<p>New value for property <code>buttonIcon</code>.</p>"}, "type": "desc"}, {"attributes": {}, "type": "types", "children": [{"attributes": {"type": "var"}, "type": "entry"}]}]}]}, {"attributes": {"text": "<p>Sets the user value of the property <code>buttonIcon</code>.</p>\n\n<p>For further details take a look at the property definition: {@link #buttonIcon}.</p>"}, "type": "desc"}, {"attributes": {}, "type": "return", "children": [{"attributes": {"text": "<p>The unmodified incoming value.</p>"}, "type": "desc"}, {"attributes": {}, "type": "types", "children": [{"attributes": {"type": "var"}, "type": "entry"}]}]}]}, {"attributes": {"name": "setButtonText", "fromProperty": "buttonText"}, "type": "method", "children": [{"attributes": {}, "type": "params", "children": [{"attributes": {"name": "value"}, "type": "param", "children": [{"attributes": {"text": "<p>New value for property <code>buttonText</code>.</p>"}, "type": "desc"}, {"attributes": {}, "type": "types", "children": [{"attributes": {"type": "var"}, "type": "entry"}]}]}]}, {"attributes": {"text": "<p>Sets the user value of the property <code>buttonText</code>.</p>\n\n<p>For further details take a look at the property definition: {@link #buttonText}.</p>"}, "type": "desc"}, {"attributes": {}, "type": "return", "children": [{"attributes": {"text": "<p>The unmodified incoming value.</p>"}, "type": "desc"}, {"attributes": {}, "type": "types", "children": [{"attributes": {"type": "var"}, "type": "entry"}]}]}]}, {"attributes": {"name": "setContentCssClass", "fromProperty": "contentCssClass"}, "type": "method", "children": [{"attributes": {}, "type": "params", "children": [{"attributes": {"name": "value"}, "type": "param", "children": [{"attributes": {"text": "<p>New value for property <code>contentCssClass</code>.</p>"}, "type": "desc"}, {"attributes": {}, "type": "types", "children": [{"attributes": {"type": "var"}, "type": "entry"}]}]}]}, {"attributes": {"text": "<p>Sets the user value of the property <code>contentCssClass</code>.</p>\n\n<p>For further details take a look at the property definition: {@link #contentCssClass}.</p>"}, "type": "desc"}, {"attributes": {}, "type": "return", "children": [{"attributes": {"text": "<p>The unmodified incoming value.</p>"}, "type": "desc"}, {"attributes": {}, "type": "types", "children": [{"attributes": {"type": "var"}, "type": "entry"}]}]}]}, {"attributes": {"line": 409, "name": "setIsTablet"}, "type": "method", "children": [{"attributes": {}, "type": "params", "children": [{"attributes": {"name": "isTablet"}, "type": "param", "children": [{"attributes": {"text": "<p>value of the isTablet flag.</p>"}, "type": "desc"}, {"attributes": {}, "type": "types", "children": [{"attributes": {"type": "Boolean"}, "type": "entry"}]}]}]}, {"attributes": {"text": "<p>Sets the isTablet flag.</p>"}, "type": "desc"}]}, {"attributes": {"name": "setNavigationBarHidden", "fromProperty": "navigationBarHidden"}, "type": "method", "children": [{"attributes": {}, "type": "params", "children": [{"attributes": {"name": "value"}, "type": "param", "children": [{"attributes": {"text": "<p>New value for property <code>navigationBarHidden</code>.</p>"}, "type": "desc"}, {"attributes": {}, "type": "types", "children": [{"attributes": {"type": "var"}, "type": "entry"}]}]}]}, {"attributes": {"text": "<p>Sets the user value of the property <code>navigationBarHidden</code>.</p>\n\n<p>For further details take a look at the property definition: {@link #navigationBarHidden}.</p>"}, "type": "desc"}, {"attributes": {}, "type": "return", "children": [{"attributes": {"text": "<p>The unmodified incoming value.</p>"}, "type": "desc"}, {"attributes": {}, "type": "types", "children": [{"attributes": {"type": "var"}, "type": "entry"}]}]}]}, {"attributes": {"name": "setNavigationBarToggleDuration", "fromProperty": "navigationBarToggleDuration"}, "type": "method", "children": [{"attributes": {}, "type": "params", "children": [{"attributes": {"name": "value"}, "type": "param", "children": [{"attributes": {"text": "<p>New value for property <code>navigationBarToggleDuration</code>.</p>"}, "type": "desc"}, {"attributes": {}, "type": "types", "children": [{"attributes": {"type": "var"}, "type": "entry"}]}]}]}, {"attributes": {"text": "<p>Sets the user value of the property <code>navigationBarToggleDuration</code>.</p>\n\n<p>For further details take a look at the property definition: {@link #navigationBarToggleDuration}.</p>"}, "type": "desc"}, {"attributes": {}, "type": "return", "children": [{"attributes": {"text": "<p>The unmodified incoming value.</p>"}, "type": "desc"}, {"attributes": {}, "type": "types", "children": [{"attributes": {"type": "var"}, "type": "entry"}]}]}]}, {"attributes": {"name": "setShowBackButton", "fromProperty": "showBackButton"}, "type": "method", "children": [{"attributes": {}, "type": "params", "children": [{"attributes": {"name": "value"}, "type": "param", "children": [{"attributes": {"text": "<p>New value for property <code>showBackButton</code>.</p>"}, "type": "desc"}, {"attributes": {}, "type": "types", "children": [{"attributes": {"type": "var"}, "type": "entry"}]}]}]}, {"attributes": {"text": "<p>Sets the user value of the property <code>showBackButton</code>.</p>\n\n<p>For further details take a look at the property definition: {@link #showBackButton}.</p>"}, "type": "desc"}, {"attributes": {}, "type": "return", "children": [{"attributes": {"text": "<p>The unmodified incoming value.</p>"}, "type": "desc"}, {"attributes": {}, "type": "types", "children": [{"attributes": {"type": "var"}, "type": "entry"}]}]}]}, {"attributes": {"name": "setShowBackButtonOnTablet", "fromProperty": "showBackButtonOnTablet"}, "type": "method", "children": [{"attributes": {}, "type": "params", "children": [{"attributes": {"name": "value"}, "type": "param", "children": [{"attributes": {"text": "<p>New value for property <code>showBackButtonOnTablet</code>.</p>"}, "type": "desc"}, {"attributes": {}, "type": "types", "children": [{"attributes": {"type": "var"}, "type": "entry"}]}]}]}, {"attributes": {"text": "<p>Sets the user value of the property <code>showBackButtonOnTablet</code>.</p>\n\n<p>For further details take a look at the property definition: {@link #showBackButtonOnTablet}.</p>"}, "type": "desc"}, {"attributes": {}, "type": "return", "children": [{"attributes": {"text": "<p>The unmodified incoming value.</p>"}, "type": "desc"}, {"attributes": {}, "type": "types", "children": [{"attributes": {"type": "var"}, "type": "entry"}]}]}]}, {"attributes": {"name": "setShowButton", "fromProperty": "showButton"}, "type": "method", "children": [{"attributes": {}, "type": "params", "children": [{"attributes": {"name": "value"}, "type": "param", "children": [{"attributes": {"text": "<p>New value for property <code>showButton</code>.</p>"}, "type": "desc"}, {"attributes": {}, "type": "types", "children": [{"attributes": {"type": "var"}, "type": "entry"}]}]}]}, {"attributes": {"text": "<p>Sets the user value of the property <code>showButton</code>.</p>\n\n<p>For further details take a look at the property definition: {@link #showButton}.</p>"}, "type": "desc"}, {"attributes": {}, "type": "return", "children": [{"attributes": {"text": "<p>The unmodified incoming value.</p>"}, "type": "desc"}, {"attributes": {}, "type": "types", "children": [{"attributes": {"type": "var"}, "type": "entry"}]}]}]}, {"attributes": {"name": "setTitle", "fromProperty": "title"}, "type": "method", "children": [{"attributes": {}, "type": "params", "children": [{"attributes": {"name": "value"}, "type": "param", "children": [{"attributes": {"text": "<p>New value for property <code>title</code>.</p>"}, "type": "desc"}, {"attributes": {}, "type": "types", "children": [{"attributes": {"type": "var"}, "type": "entry"}]}]}]}, {"attributes": {"text": "<p>Sets the user value of the property <code>title</code>.</p>\n\n<p>For further details take a look at the property definition: {@link #title}.</p>"}, "type": "desc"}, {"attributes": {}, "type": "return", "children": [{"attributes": {"text": "<p>The unmodified incoming value.</p>"}, "type": "desc"}, {"attributes": {}, "type": "types", "children": [{"attributes": {"type": "var"}, "type": "entry"}]}]}]}, {"attributes": {"name": "toggleNavigationBarHidden", "fromProperty": "navigationBarHidden"}, "type": "method", "children": [{"attributes": {"text": "<p>Toggles the (computed) value of the boolean property <code>navigationBarHidden</code>.</p>\n\n<p>For further details take a look at the property definition: {@link #navigationBarHidden}.</p>"}, "type": "desc"}, {"attributes": {}, "type": "return", "children": [{"attributes": {"text": "<p>the new value</p>"}, "type": "desc"}, {"attributes": {}, "type": "types", "children": [{"attributes": {"type": "Boolean"}, "type": "entry"}]}]}]}, {"attributes": {"name": "toggleShowBackButton", "fromProperty": "showBackButton"}, "type": "method", "children": [{"attributes": {"text": "<p>Toggles the (computed) value of the boolean property <code>showBackButton</code>.</p>\n\n<p>For further details take a look at the property definition: {@link #showBackButton}.</p>"}, "type": "desc"}, {"attributes": {}, "type": "return", "children": [{"attributes": {"text": "<p>the new value</p>"}, "type": "desc"}, {"attributes": {}, "type": "types", "children": [{"attributes": {"type": "Boolean"}, "type": "entry"}]}]}]}, {"attributes": {"name": "toggleShowBackButtonOnTablet", "fromProperty": "showBackButtonOnTablet"}, "type": "method", "children": [{"attributes": {"text": "<p>Toggles the (computed) value of the boolean property <code>showBackButtonOnTablet</code>.</p>\n\n<p>For further details take a look at the property definition: {@link #showBackButtonOnTablet}.</p>"}, "type": "desc"}, {"attributes": {}, "type": "return", "children": [{"attributes": {"text": "<p>the new value</p>"}, "type": "desc"}, {"attributes": {}, "type": "types", "children": [{"attributes": {"type": "Boolean"}, "type": "entry"}]}]}]}, {"attributes": {"name": "toggleShowButton", "fromProperty": "showButton"}, "type": "method", "children": [{"attributes": {"text": "<p>Toggles the (computed) value of the boolean property <code>showButton</code>.</p>\n\n<p>For further details take a look at the property definition: {@link #showButton}.</p>"}, "type": "desc"}, {"attributes": {}, "type": "return", "children": [{"attributes": {"text": "<p>the new value</p>"}, "type": "desc"}, {"attributes": {}, "type": "types", "children": [{"attributes": {"type": "Boolean"}, "type": "entry"}]}]}]}]}, {"attributes": {}, "type": "properties", "children": [{"attributes": {"apply": "_applyBackButtonText", "defaultValue": "\"\"", "propertyType": "new", "check": "String", "name": "backButtonText"}, "type": "property", "children": [{"attributes": {"text": "<p>The back button text</p>"}, "type": "desc"}]}, {"attributes": {"name": "buttonIcon", "defaultValue": "null", "allowNull": "true", "propertyType": "new", "apply": "_applyActionButtonIcon", "check": "String"}, "type": "property", "children": [{"attributes": {"text": "<p>The action button icon</p>"}, "type": "desc"}]}, {"attributes": {"apply": "_applyActionButtonText", "defaultValue": "\"\"", "propertyType": "new", "check": "String", "name": "buttonText"}, "type": "property", "children": [{"attributes": {"text": "<p>The action button text</p>"}, "type": "desc"}]}, {"attributes": {"name": "contentCssClass", "defaultValue": "\"content\"", "allowNull": "true", "propertyType": "new", "apply": "_applyContentCssClass", "check": "String"}, "type": "property", "children": [{"attributes": {"text": "<p>The <span class=\"caps\">CSS</span> class to add to the content per default.</p>"}, "type": "desc"}]}, {"attributes": {"defaultValue": "false", "propertyType": "new", "check": "Boolean", "name": "navigationBarHidden"}, "type": "property", "children": [{"attributes": {"text": "<p>Toggles visibility of NavigationBar in\nwrapping container {@link qx.ui.mobile.container.Navigation}</p>"}, "type": "desc"}]}, {"attributes": {"defaultValue": "0.8", "propertyType": "new", "check": "Number", "name": "navigationBarToggleDuration"}, "type": "property", "children": [{"attributes": {"text": "<p>Sets the transition duration (in seconds) for the effect when hiding/showing\nthe NavigationBar through boolean property navigationBarHidden.</p>"}, "type": "desc"}]}, {"attributes": {"apply": "_applyShowBackButton", "defaultValue": "false", "propertyType": "new", "check": "Boolean", "name": "showBackButton"}, "type": "property", "children": [{"attributes": {"text": "<p>Whether to show the back button.</p>"}, "type": "desc"}]}, {"attributes": {"defaultValue": "false", "propertyType": "new", "check": "Boolean", "name": "showBackButtonOnTablet"}, "type": "property", "children": [{"attributes": {"text": "<p>Indicates whether the back button should be shown on tablet.</p>"}, "type": "desc"}]}, {"attributes": {"apply": "_applyShowButton", "defaultValue": "false", "propertyType": "new", "check": "Boolean", "name": "showButton"}, "type": "property", "children": [{"attributes": {"text": "<p>Whether to show the action button.</p>"}, "type": "desc"}]}, {"attributes": {"name": "title", "defaultValue": "\"\"", "event": "changeTitle", "propertyType": "new", "apply": "_applyTitle", "check": "String"}, "type": "property", "children": [{"attributes": {"text": "<p>The title of the page</p>"}, "type": "desc"}]}]}]}