{"attributes": {"fullName": "qx.ui.table.pane.Header", "packageName": "qx.ui.table.pane", "type": "class", "name": "Header", "superClass": "qx.ui.core.Widget"}, "type": "class", "children": [{"attributes": {"text": "<p>Shows the header of a table.</p>"}, "type": "desc"}, {"attributes": {}, "type": "constructor", "children": [{"attributes": {"line": 39, "isCtor": true, "overriddenFrom": "qx.ui.core.Widget", "name": "ctor"}, "type": "method", "children": [{"attributes": {}, "type": "params", "children": [{"attributes": {"name": "paneScroller"}, "type": "param", "children": [{"attributes": {"text": "<p>the TablePaneScroller the header belongs to.</p>"}, "type": "desc"}, {"attributes": {}, "type": "types", "children": [{"attributes": {"type": "qx.ui.table.pane.Scroller"}, "type": "entry"}]}]}]}, {"attributes": {"text": ""}, "type": "desc"}]}]}, {"attributes": {}, "type": "methods", "children": [{"attributes": {"access": "protected", "line": 346, "name": "_cleanUpCells"}, "type": "method", "children": [{"attributes": {"text": "<p>Cleans up all header cells.</p>"}, "type": "desc"}]}, {"attributes": {"access": "protected", "line": 266, "name": "_updateContent"}, "type": "method", "children": [{"attributes": {}, "type": "params", "children": [{"attributes": {"name": "completeUpdate"}, "type": "param", "children": [{"attributes": {"text": "<p>if true a complete update is performed. On a complete update all header widgets are recreated.</p>"}, "type": "desc"}, {"attributes": {}, "type": "types", "children": [{"attributes": {"type": "Boolean"}, "type": "entry"}]}]}]}, {"attributes": {"text": "<p>Updates the content of the header.</p>"}, "type": "desc"}]}, {"attributes": {"line": 92, "name": "getBlocker"}, "type": "method", "children": [{"attributes": {"text": "<p>Returns the blocker of the header.</p>"}, "type": "desc"}, {"attributes": {}, "type": "return", "children": [{"attributes": {"text": "<p>the blocker.</p>"}, "type": "desc"}, {"attributes": {}, "type": "types", "children": [{"attributes": {"type": "qx.ui.core.Blocker"}, "type": "entry"}]}]}]}, {"attributes": {"line": 180, "name": "getHeaderWidgetAtColumn"}, "type": "method", "children": [{"attributes": {}, "type": "params", "children": [{"attributes": {"name": "col"}, "type": "param", "children": [{"attributes": {"text": "<p>The column number</p>"}, "type": "desc"}, {"attributes": {}, "type": "types", "children": [{"attributes": {"type": "Integer"}, "type": "entry"}]}]}]}, {"attributes": {"text": "<p>Get the header widget for the given column</p>"}, "type": "desc"}, {"attributes": {}, "type": "return", "children": [{"attributes": {"text": "<p>The header cell widget</p>"}, "type": "desc"}, {"attributes": {}, "type": "types", "children": [{"attributes": {"type": "qx.ui.table.headerrenderer.HeaderCell"}, "type": "entry"}]}]}]}, {"attributes": {"line": 73, "name": "getPaneScroller"}, "type": "method", "children": [{"attributes": {"text": "<p>Returns the TablePaneScroller this header belongs to.</p>"}, "type": "desc"}, {"attributes": {}, "type": "return", "children": [{"attributes": {"text": "<p>the TablePaneScroller.</p>"}, "type": "desc"}, {"attributes": {}, "type": "types", "children": [{"attributes": {"type": "qx.ui.table.pane.Scroller"}, "type": "entry"}]}]}]}, {"attributes": {"line": 83, "name": "getTable"}, "type": "method", "children": [{"attributes": {"text": "<p>Returns the table this header belongs to.</p>"}, "type": "desc"}, {"attributes": {}, "type": "return", "children": [{"attributes": {"text": "<p>the table.</p>"}, "type": "desc"}, {"attributes": {}, "type": "types", "children": [{"attributes": {"type": "qx.ui.table.Table"}, "type": "entry"}]}]}]}, {"attributes": {"line": 239, "name": "hideColumnMoveFeedback"}, "type": "method", "children": [{"attributes": {"text": "<p>Hides the feedback shown while a column is moved by the user.</p>"}, "type": "desc"}]}, {"attributes": {"line": 255, "name": "isShowingColumnMoveFeedback"}, "type": "method", "children": [{"attributes": {"text": "<p>Returns whether the column move feedback is currently shown.</p>"}, "type": "desc"}, {"attributes": {}, "type": "return", "children": [{"attributes": {"text": "<code>true</code> whether the column move feedback is currently shown, <code>false</code> otherwise."}, "type": "desc"}, {"attributes": {}, "type": "types", "children": [{"attributes": {"type": "Boolean"}, "type": "entry"}]}]}]}, {"attributes": {"line": 100, "name": "onColOrderChanged"}, "type": "method", "children": [{"attributes": {"text": "<p>Event handler. Called the column order has changed.</p>"}, "type": "desc"}]}, {"attributes": {"line": 108, "name": "onPaneModelChanged"}, "type": "method", "children": [{"attributes": {"text": "<p>Event handler. Called when the pane model has changed.</p>"}, "type": "desc"}]}, {"attributes": {"line": 117, "name": "onTableModelMetaDataChanged"}, "type": "method", "children": [{"attributes": {"text": "<p>Event handler. Called when the table model meta data has changed.</p>"}, "type": "desc"}]}, {"attributes": {"line": 136, "name": "setColumnWidth"}, "type": "method", "children": [{"attributes": {}, "type": "params", "children": [{"attributes": {"name": "col"}, "type": "param", "children": [{"attributes": {"text": "<p>The column to change the width for.</p>"}, "type": "desc"}, {"attributes": {}, "type": "types", "children": [{"attributes": {"type": "Integer"}, "type": "entry"}]}]}, {"attributes": {"name": "width"}, "type": "param", "children": [{"attributes": {"text": "<p>The new width.</p>"}, "type": "desc"}, {"attributes": {}, "type": "types", "children": [{"attributes": {"type": "Integer"}, "type": "entry"}]}]}, {"attributes": {"name": "isPointerAction"}, "type": "param", "children": [{"attributes": {"text": "<i>true</i> if the column width is being changed as a result of a pointer drag in the header; false or undefined otherwise."}, "type": "desc"}, {"attributes": {}, "type": "types", "children": [{"attributes": {"type": "Boolean"}, "type": "entry"}]}]}]}, {"attributes": {"text": "<p>Sets the column width. This overrides the width from the column model.</p>"}, "type": "desc"}]}, {"attributes": {"line": 152, "name": "setPointerOverColumn"}, "type": "method", "children": [{"attributes": {}, "type": "params", "children": [{"attributes": {"name": "col"}, "type": "param", "children": [{"attributes": {"text": "<p>the model index of the column the pointer is currently over or null if the pointer is over no column.</p>"}, "type": "desc"}, {"attributes": {}, "type": "types", "children": [{"attributes": {"type": "Integer"}, "type": "entry"}]}]}]}, {"attributes": {"text": "<p>Sets the column the pointer is currently over.</p>"}, "type": "desc"}]}, {"attributes": {"line": 194, "name": "showColumnMoveFeedback"}, "type": "method", "children": [{"attributes": {}, "type": "params", "children": [{"attributes": {"name": "col"}, "type": "param", "children": [{"attributes": {"text": "<p>the model index of the column to show the move feedback for.</p>"}, "type": "desc"}, {"attributes": {}, "type": "types", "children": [{"attributes": {"type": "Integer"}, "type": "entry"}]}]}, {"attributes": {"name": "x"}, "type": "param", "children": [{"attributes": {"text": "<p>the x position the left side of the feeback should have (in pixels, relative to the left side of the header).</p>"}, "type": "desc"}, {"attributes": {}, "type": "types", "children": [{"attributes": {"type": "Integer"}, "type": "entry"}]}]}]}, {"attributes": {"text": "<p>Shows the feedback shown while a column is moved by the user.</p>"}, "type": "desc"}]}]}]}