{"attributes": {"name": "AbstractIframe", "packageName": "qx.ui.embed", "superClass": "qx.ui.core.Widget", "childClasses": "qx.ui.embed.Iframe,qx.ui.embed.ThemedIframe", "fullName": "qx.ui.embed.AbstractIframe", "type": "class"}, "type": "class", "children": [{"attributes": {"text": "<p>Abstract base class for iframe widgets.</p>"}, "type": "desc"}, {"attributes": {}, "type": "constructor", "children": [{"attributes": {"line": 34, "isCtor": true, "overriddenFrom": "qx.ui.core.Widget", "name": "ctor"}, "type": "method", "children": [{"attributes": {}, "type": "params", "children": [{"attributes": {"name": "source"}, "type": "param", "children": [{"attributes": {"text": "<p><span class=\"caps\">URL</span> which should initally set.</p>"}, "type": "desc"}, {"attributes": {}, "type": "types", "children": [{"attributes": {"type": "String"}, "type": "entry"}]}]}]}, {"attributes": {"text": ""}, "type": "desc"}]}]}, {"attributes": {}, "type": "events", "children": [{"attributes": {"name": "load"}, "type": "event", "children": [{"attributes": {"text": "<p>The &#8220;load&#8221; event is fired after the iframe content has successfully been loaded.</p>"}, "type": "desc"}, {"attributes": {}, "type": "types", "children": [{"attributes": {"type": "qx.event.type.Event"}, "type": "entry"}]}]}, {"attributes": {"name": "navigate"}, "type": "event", "children": [{"attributes": {"text": "<p>The &#8220;navigate&#8221; event is fired whenever the location of the iframe\nchanges.</p>\n\n<p>Useful to track user navigation and internally used to keep the source\nproperty in sync. Only works when the destination source is of same\norigin than the page embedding the iframe.</p>"}, "type": "desc"}, {"attributes": {}, "type": "types", "children": [{"attributes": {"type": "qx.event.type.Data"}, "type": "entry"}]}]}]}, {"attributes": {}, "type": "methods", "children": [{"attributes": {"access": "private", "line": 168, "name": "__onNavigate"}, "type": "method", "children": [{"attributes": {}, "type": "params", "children": [{"attributes": {"name": "e"}, "type": "param", "children": [{"attributes": {"text": "<p>navigate event</p>"}, "type": "desc"}, {"attributes": {}, "type": "types", "children": [{"attributes": {"type": "qx.event.type.Data"}, "type": "entry"}]}]}]}, {"attributes": {"text": "<p>Handle user navigation. Sync actual <span class=\"caps\">URL</span> of iframe with source property.</p>"}, "type": "desc"}]}, {"attributes": {"access": "protected", "line": 109, "name": "_applyFrameName"}, "type": "method", "children": [{"attributes": {}, "type": "params", "children": [{"attributes": {"name": "value"}, "type": "param", "children": [{"attributes": {"text": "<p>new value of the property</p>"}, "type": "desc"}, {"attributes": {}, "type": "types", "children": [{"attributes": {"type": "String"}, "type": "entry"}]}]}, {"attributes": {"name": "old"}, "type": "param", "children": [{"attributes": {"text": "<p>previous value of the property (null if it was not yet set).</p>"}, "type": "desc"}, {"attributes": {}, "type": "types", "children": [{"attributes": {"type": "String"}, "type": "entry"}]}]}]}, {"attributes": {}, "type": "apply", "children": [{"attributes": {"applies": "qx.ui.embed.AbstractIframe#frameName"}, "type": "entry"}]}, {"attributes": {"text": "<p>Applies changes of the property value of the property <code>frameName</code>.</p>\n\n<p>For further details take a look at the property definition: {@link #frameName}.</p>"}, "type": "desc"}]}, {"attributes": {"access": "protected", "line": 103, "name": "_applySource"}, "type": "method", "children": [{"attributes": {}, "type": "params", "children": [{"attributes": {"name": "value"}, "type": "param", "children": [{"attributes": {"text": "<p>new value of the property</p>"}, "type": "desc"}, {"attributes": {}, "type": "types", "children": [{"attributes": {"type": "String"}, "type": "entry"}]}]}, {"attributes": {"name": "old"}, "type": "param", "children": [{"attributes": {"text": "<p>previous value of the property (null if it was not yet set).</p>"}, "type": "desc"}, {"attributes": {}, "type": "types", "children": [{"attributes": {"type": "String"}, "type": "entry"}]}]}]}, {"attributes": {}, "type": "apply", "children": [{"attributes": {"applies": "qx.ui.embed.AbstractIframe#source"}, "type": "entry"}]}, {"attributes": {"text": "<p>Applies changes of the property value of the property <code>source</code>.</p>\n\n<p>For further details take a look at the property definition: {@link #source}.</p>"}, "type": "desc"}]}, {"attributes": {"access": "protected", "isAbstract": true, "line": 97, "name": "_getIframeElement"}, "type": "method", "children": [{"attributes": {"text": "<p>Get the Element wrapper for the iframe</p>"}, "type": "desc"}, {"attributes": {}, "type": "return", "children": [{"attributes": {"text": "<p>the iframe element wrapper</p>"}, "type": "desc"}, {"attributes": {}, "type": "types", "children": [{"attributes": {"type": "qx.html.Iframe"}, "type": "entry"}]}]}]}, {"attributes": {"line": 140, "name": "getBody"}, "type": "method", "children": [{"attributes": {"text": "<p>Get the <span class=\"caps\">HTML</span> body element of the iframe.</p>"}, "type": "desc"}, {"attributes": {}, "type": "return", "children": [{"attributes": {"text": "<p>The <span class=\"caps\">DOM</span> node of the <code>body</code> element of the iframe.</p>"}, "type": "desc"}, {"attributes": {}, "type": "types", "children": [{"attributes": {"type": "Element"}, "type": "entry"}]}]}]}, {"attributes": {"line": 130, "name": "getDocument"}, "type": "method", "children": [{"attributes": {"text": "<p>Get the <span class=\"caps\">DOM</span> document object of an iframe.</p>"}, "type": "desc"}, {"attributes": {}, "type": "return", "children": [{"attributes": {"text": "<p>The <span class=\"caps\">DOM</span> document object of the iframe.</p>"}, "type": "desc"}, {"attributes": {}, "type": "types", "children": [{"attributes": {"type": "Document"}, "type": "entry"}]}]}]}, {"attributes": {"name": "getFrameName", "fromProperty": "frameName"}, "type": "method", "children": [{"attributes": {"text": "<p>Returns the (computed) value of the property <code>frameName</code>.</p>\n\n<p>For further details take a look at the property definition: {@link #frameName}.</p>"}, "type": "desc"}, {"attributes": {}, "type": "return", "children": [{"attributes": {"text": "<p>(Computed) value of <code>frameName</code>.</p>"}, "type": "desc"}, {"attributes": {}, "type": "types", "children": [{"attributes": {"type": "var"}, "type": "entry"}]}]}]}, {"attributes": {"line": 150, "name": "getName"}, "type": "method", "children": [{"attributes": {"text": "<p>Get the current name.</p>"}, "type": "desc"}, {"attributes": {}, "type": "return", "children": [{"attributes": {"text": "<p>The iframe&#8217;s name.</p>"}, "type": "desc"}, {"attributes": {}, "type": "types", "children": [{"attributes": {"type": "String"}, "type": "entry"}]}]}]}, {"attributes": {"name": "getSource", "fromProperty": "source"}, "type": "method", "children": [{"attributes": {"text": "<p>Returns the (computed) value of the property <code>source</code>.</p>\n\n<p>For further details take a look at the property definition: {@link #source}.</p>"}, "type": "desc"}, {"attributes": {}, "type": "return", "children": [{"attributes": {"text": "<p>(Computed) value of <code>source</code>.</p>"}, "type": "desc"}, {"attributes": {}, "type": "types", "children": [{"attributes": {"type": "var"}, "type": "entry"}]}]}]}, {"attributes": {"line": 120, "name": "getWindow"}, "type": "method", "children": [{"attributes": {"text": "<p>Get the <span class=\"caps\">DOM</span> window object of an iframe.</p>"}, "type": "desc"}, {"attributes": {}, "type": "return", "children": [{"attributes": {"text": "<p>The <span class=\"caps\">DOM</span> window object of the iframe.</p>"}, "type": "desc"}, {"attributes": {}, "type": "types", "children": [{"attributes": {"type": "Window"}, "type": "entry"}]}]}]}, {"attributes": {"access": "protected", "name": "initFrameName", "fromProperty": "frameName"}, "type": "method", "children": [{"attributes": {}, "type": "params", "children": [{"attributes": {"name": "value"}, "type": "param", "children": [{"attributes": {"text": "<p>Initial value for property <code>frameName</code>.</p>"}, "type": "desc"}, {"attributes": {}, "type": "types", "children": [{"attributes": {"type": "var"}, "type": "entry"}]}]}]}, {"attributes": {"text": "<p>Calls the apply method and dispatches the change event of the property <code>frameName</code>\nwith the default value defined by the class developer. This function can\nonly be called from the constructor of a class.</p>\n\n<p>For further details take a look at the property definition: {@link #frameName}.</p>"}, "type": "desc"}, {"attributes": {}, "type": "return", "children": [{"attributes": {"text": "<p>the default value</p>"}, "type": "desc"}, {"attributes": {}, "type": "types", "children": [{"attributes": {"type": "var"}, "type": "entry"}]}]}]}, {"attributes": {"access": "protected", "name": "initSource", "fromProperty": "source"}, "type": "method", "children": [{"attributes": {}, "type": "params", "children": [{"attributes": {"name": "value"}, "type": "param", "children": [{"attributes": {"text": "<p>Initial value for property <code>source</code>.</p>"}, "type": "desc"}, {"attributes": {}, "type": "types", "children": [{"attributes": {"type": "var"}, "type": "entry"}]}]}]}, {"attributes": {"text": "<p>Calls the apply method and dispatches the change event of the property <code>source</code>\nwith the default value defined by the class developer. This function can\nonly be called from the constructor of a class.</p>\n\n<p>For further details take a look at the property definition: {@link #source}.</p>"}, "type": "desc"}, {"attributes": {}, "type": "return", "children": [{"attributes": {"text": "<p>the default value</p>"}, "type": "desc"}, {"attributes": {}, "type": "types", "children": [{"attributes": {"type": "var"}, "type": "entry"}]}]}]}, {"attributes": {"line": 159, "name": "reload"}, "type": "method", "children": [{"attributes": {"text": "<p>Reload the contents of the iframe.</p>"}, "type": "desc"}]}, {"attributes": {"name": "resetFrameName", "fromProperty": "frameName"}, "type": "method", "children": [{"attributes": {"text": "<p>Resets the user value of the property <code>frameName</code>.</p>\n\n<p>The computed value falls back to the next available value e.g. appearance, init or\ninheritance value depeneding on the property configuration and value availability.</p>\n\n<p>For further details take a look at the property definition: {@link #frameName}.</p>"}, "type": "desc"}]}, {"attributes": {"name": "resetSource", "fromProperty": "source"}, "type": "method", "children": [{"attributes": {"text": "<p>Resets the user value of the property <code>source</code>.</p>\n\n<p>The computed value falls back to the next available value e.g. appearance, init or\ninheritance value depeneding on the property configuration and value availability.</p>\n\n<p>For further details take a look at the property definition: {@link #source}.</p>"}, "type": "desc"}]}, {"attributes": {"name": "setFrameName", "fromProperty": "frameName"}, "type": "method", "children": [{"attributes": {}, "type": "params", "children": [{"attributes": {"name": "value"}, "type": "param", "children": [{"attributes": {"text": "<p>New value for property <code>frameName</code>.</p>"}, "type": "desc"}, {"attributes": {}, "type": "types", "children": [{"attributes": {"type": "var"}, "type": "entry"}]}]}]}, {"attributes": {"text": "<p>Sets the user value of the property <code>frameName</code>.</p>\n\n<p>For further details take a look at the property definition: {@link #frameName}.</p>"}, "type": "desc"}, {"attributes": {}, "type": "return", "children": [{"attributes": {"text": "<p>The unmodified incoming value.</p>"}, "type": "desc"}, {"attributes": {}, "type": "types", "children": [{"attributes": {"type": "var"}, "type": "entry"}]}]}]}, {"attributes": {"name": "setSource", "fromProperty": "source"}, "type": "method", "children": [{"attributes": {}, "type": "params", "children": [{"attributes": {"name": "value"}, "type": "param", "children": [{"attributes": {"text": "<p>New value for property <code>source</code>.</p>"}, "type": "desc"}, {"attributes": {}, "type": "types", "children": [{"attributes": {"type": "var"}, "type": "entry"}]}]}]}, {"attributes": {"text": "<p>Sets the user value of the property <code>source</code>.</p>\n\n<p>For further details take a look at the property definition: {@link #source}.</p>"}, "type": "desc"}, {"attributes": {}, "type": "return", "children": [{"attributes": {"text": "<p>The unmodified incoming value.</p>"}, "type": "desc"}, {"attributes": {}, "type": "types", "children": [{"attributes": {"type": "var"}, "type": "entry"}]}]}]}]}, {"attributes": {}, "type": "properties", "children": [{"attributes": {"apply": "_applyFrameName", "defaultValue": "\"\"", "propertyType": "new", "check": "String", "name": "frameName"}, "type": "property", "children": [{"attributes": {"text": "<p>Name of the iframe.</p>"}, "type": "desc"}]}, {"attributes": {"apply": "_applySource", "defaultValue": "\"about:blank\"", "propertyType": "new", "check": "String", "name": "source"}, "type": "property", "children": [{"attributes": {"text": "<p>Source <span class=\"caps\">URL</span> of the iframe.</p>"}, "type": "desc"}]}]}]}