{"attributes": {"fullName": "qx.ui.decoration.MLinearBackgroundGradient", "packageName": "qx.ui.decoration", "type": "mixin", "name": "MLinearBackgroundGradient", "includer": "qx.ui.decoration.Decorator"}, "type": "class", "children": [{"attributes": {"text": "<p>Mixin for the linear background gradient <span class=\"caps\">CSS</span> property.\nThis mixin is usually used by {@link qx.ui.decoration.Decorator}.</p>\n\n<p>Keep in mind that this is not supported by all browsers:</p>\n\n<ul>\n<li>Safari 4.0+</li>\n<li>Chrome 4.0+</li>\n<li>Firefox 3.6+</li>\n<li>Opera 11.1+</li>\n<li>IE 10+</li>\n<li>IE 5.5+ (with limitations)</li>\n</ul>\n\n<p>For IE 5.5 to IE 8,this class uses the filter rules to create the gradient. This\nhas some limitations: The start and end position property can not be used. For\nmore details, see the original documentation:\n<a href=\"http://msdn.microsoft.com/en-us/library/ms532997\">http://msdn.microsoft.com/en-us/library/ms532997</a>(v=vs.85).aspx</p>\n\n<p>For IE9, we create a gradient in a canvas element and render this gradient\nas background image. Due to restrictions in the <code>background-image</code>\ncss property, we can not allow negative start values in that case.</p>"}, "type": "desc"}, {"attributes": {}, "type": "methods", "children": [{"attributes": {"access": "private", "line": 301, "isMixin": true, "name": "__getColors"}, "type": "method", "children": [{"attributes": {"text": "<p>Helper to get start and end color.</p>"}, "type": "desc"}, {"attributes": {}, "type": "return", "children": [{"attributes": {"text": "<p>A map containing start and end color.</p>"}, "type": "desc"}, {"attributes": {}, "type": "types", "children": [{"attributes": {"type": "Map"}, "type": "entry"}]}]}]}, {"attributes": {"access": "protected", "line": 363, "isMixin": true, "name": "_applyLinearBackgroundGradient"}, "type": "method", "children": [{"attributes": {}, "type": "apply", "children": [{"attributes": {"applies": "qx.ui.decoration.MLinearBackgroundGradient#startColorPosition"}, "type": "entry"}, {"attributes": {"applies": "qx.ui.decoration.MLinearBackgroundGradient#orientation"}, "type": "entry"}, {"attributes": {"applies": "qx.ui.decoration.MLinearBackgroundGradient#endColorPosition"}, "type": "entry"}, {"attributes": {"applies": "qx.ui.decoration.MLinearBackgroundGradient#endColor"}, "type": "entry"}, {"attributes": {"applies": "qx.ui.decoration.MLinearBackgroundGradient#startColor"}, "type": "entry"}, {"attributes": {"applies": "qx.ui.decoration.MLinearBackgroundGradient#colorPositionUnit"}, "type": "entry"}]}, {"attributes": {}, "type": "params", "children": [{"attributes": {"name": "value"}, "type": "param", "children": [{"attributes": {"text": "<p>new value of the property</p>"}, "type": "desc"}, {"attributes": {}, "type": "types", "children": [{"attributes": {"type": "var"}, "type": "entry"}]}]}, {"attributes": {"name": "old"}, "type": "param", "children": [{"attributes": {"text": "<p>previous value of the property (null if it was not yet set).</p>"}, "type": "desc"}, {"attributes": {}, "type": "types", "children": [{"attributes": {"type": "var"}, "type": "entry"}]}]}]}, {"attributes": {"text": "<p>Applies changes of the property value of the properties <code>colorPositionUnit</code>, <code>endColor</code>, <code>endColorPosition</code>, <code>orientation</code>, <code>startColor</code> and <code>startColorPosition</code>.</p>\n\n<p>For further details take a look at the property definitions: {@link #colorPositionUnit}, {@link #endColor}, {@link #endColorPosition}, {@link #orientation}, {@link #startColor} and {@link #startColorPosition}.</p>"}, "type": "desc"}]}, {"attributes": {"access": "protected", "line": 323, "isMixin": true, "name": "_getContent"}, "type": "method", "children": [{"attributes": {"text": "<p>Helper for IE which applies the filter used for the gradient to a separate\n<span class=\"caps\">DIV</span> element which will be put into the decorator. This is necessary in case\nthe decorator has rounded corners.</p>"}, "type": "desc"}, {"attributes": {}, "type": "return", "children": [{"attributes": {"text": "<p>The <span class=\"caps\">HTML</span> for the inner gradient <span class=\"caps\">DIV</span>.</p>"}, "type": "desc"}, {"attributes": {}, "type": "types", "children": [{"attributes": {"type": "String"}, "type": "entry"}]}]}]}, {"attributes": {"access": "protected", "line": 128, "isMixin": true, "name": "_styleLinearBackgroundGradient"}, "type": "method", "children": [{"attributes": {}, "type": "params", "children": [{"attributes": {"name": "styles"}, "type": "param", "children": [{"attributes": {"text": "<p>A map to add the styles.</p>"}, "type": "desc"}, {"attributes": {}, "type": "types", "children": [{"attributes": {"type": "Map"}, "type": "entry"}]}]}]}, {"attributes": {"text": "<p>Takes a styles map and adds the linear background styles in place to the\ngiven map. This is the needed behavior for\n{@link qx.ui.decoration.Decorator}.</p>"}, "type": "desc"}]}, {"attributes": {"name": "getColorPositionUnit", "fromProperty": "colorPositionUnit"}, "type": "method", "children": [{"attributes": {"text": "<p>Returns the (computed) value of the property <code>colorPositionUnit</code>.</p>\n\n<p>For further details take a look at the property definition: {@link #colorPositionUnit}.</p>"}, "type": "desc"}, {"attributes": {}, "type": "return", "children": [{"attributes": {"text": "<p>(Computed) value of <code>colorPositionUnit</code>.</p>"}, "type": "desc"}, {"attributes": {}, "type": "types", "children": [{"attributes": {"type": "var"}, "type": "entry"}]}]}]}, {"attributes": {"name": "getEndColor", "fromProperty": "endColor"}, "type": "method", "children": [{"attributes": {"text": "<p>Returns the (computed) value of the property <code>endColor</code>.</p>\n\n<p>For further details take a look at the property definition: {@link #endColor}.</p>"}, "type": "desc"}, {"attributes": {}, "type": "return", "children": [{"attributes": {"text": "<p>(Computed) value of <code>endColor</code>.</p>"}, "type": "desc"}, {"attributes": {}, "type": "types", "children": [{"attributes": {"type": "var"}, "type": "entry"}]}]}]}, {"attributes": {"name": "getEndColorPosition", "fromProperty": "endColorPosition"}, "type": "method", "children": [{"attributes": {"text": "<p>Returns the (computed) value of the property <code>endColorPosition</code>.</p>\n\n<p>For further details take a look at the property definition: {@link #endColorPosition}.</p>"}, "type": "desc"}, {"attributes": {}, "type": "return", "children": [{"attributes": {"text": "<p>(Computed) value of <code>endColorPosition</code>.</p>"}, "type": "desc"}, {"attributes": {}, "type": "types", "children": [{"attributes": {"type": "var"}, "type": "entry"}]}]}]}, {"attributes": {"name": "getOrientation", "fromProperty": "orientation"}, "type": "method", "children": [{"attributes": {"text": "<p>Returns the (computed) value of the property <code>orientation</code>.</p>\n\n<p>For further details take a look at the property definition: {@link #orientation}.</p>"}, "type": "desc"}, {"attributes": {}, "type": "return", "children": [{"attributes": {"text": "<p>(Computed) value of <code>orientation</code>.</p>"}, "type": "desc"}, {"attributes": {}, "type": "types", "children": [{"attributes": {"type": "var"}, "type": "entry"}]}]}]}, {"attributes": {"name": "getStartColor", "fromProperty": "startColor"}, "type": "method", "children": [{"attributes": {"text": "<p>Returns the (computed) value of the property <code>startColor</code>.</p>\n\n<p>For further details take a look at the property definition: {@link #startColor}.</p>"}, "type": "desc"}, {"attributes": {}, "type": "return", "children": [{"attributes": {"text": "<p>(Computed) value of <code>startColor</code>.</p>"}, "type": "desc"}, {"attributes": {}, "type": "types", "children": [{"attributes": {"type": "var"}, "type": "entry"}]}]}]}, {"attributes": {"name": "getStartColorPosition", "fromProperty": "startColorPosition"}, "type": "method", "children": [{"attributes": {"text": "<p>Returns the (computed) value of the property <code>startColorPosition</code>.</p>\n\n<p>For further details take a look at the property definition: {@link #startColorPosition}.</p>"}, "type": "desc"}, {"attributes": {}, "type": "return", "children": [{"attributes": {"text": "<p>(Computed) value of <code>startColorPosition</code>.</p>"}, "type": "desc"}, {"attributes": {}, "type": "types", "children": [{"attributes": {"type": "var"}, "type": "entry"}]}]}]}, {"attributes": {"access": "protected", "name": "initColorPositionUnit", "fromProperty": "colorPositionUnit"}, "type": "method", "children": [{"attributes": {}, "type": "params", "children": [{"attributes": {"name": "value"}, "type": "param", "children": [{"attributes": {"text": "<p>Initial value for property <code>colorPositionUnit</code>.</p>"}, "type": "desc"}, {"attributes": {}, "type": "types", "children": [{"attributes": {"type": "var"}, "type": "entry"}]}]}]}, {"attributes": {"text": "<p>Calls the apply method and dispatches the change event of the property <code>colorPositionUnit</code>\nwith the default value defined by the class developer. This function can\nonly be called from the constructor of a class.</p>\n\n<p>For further details take a look at the property definition: {@link #colorPositionUnit}.</p>"}, "type": "desc"}, {"attributes": {}, "type": "return", "children": [{"attributes": {"text": "<p>the default value</p>"}, "type": "desc"}, {"attributes": {}, "type": "types", "children": [{"attributes": {"type": "var"}, "type": "entry"}]}]}]}, {"attributes": {"access": "protected", "name": "initEndColor", "fromProperty": "endColor"}, "type": "method", "children": [{"attributes": {}, "type": "params", "children": [{"attributes": {"name": "value"}, "type": "param", "children": [{"attributes": {"text": "<p>Initial value for property <code>endColor</code>.</p>"}, "type": "desc"}, {"attributes": {}, "type": "types", "children": [{"attributes": {"type": "var"}, "type": "entry"}]}]}]}, {"attributes": {"text": "<p>Calls the apply method and dispatches the change event of the property <code>endColor</code>\nwith the default value defined by the class developer. This function can\nonly be called from the constructor of a class.</p>\n\n<p>For further details take a look at the property definition: {@link #endColor}.</p>"}, "type": "desc"}, {"attributes": {}, "type": "return", "children": [{"attributes": {"text": "<p>the default value</p>"}, "type": "desc"}, {"attributes": {}, "type": "types", "children": [{"attributes": {"type": "var"}, "type": "entry"}]}]}]}, {"attributes": {"access": "protected", "name": "initEndColorPosition", "fromProperty": "endColorPosition"}, "type": "method", "children": [{"attributes": {}, "type": "params", "children": [{"attributes": {"name": "value"}, "type": "param", "children": [{"attributes": {"text": "<p>Initial value for property <code>endColorPosition</code>.</p>"}, "type": "desc"}, {"attributes": {}, "type": "types", "children": [{"attributes": {"type": "var"}, "type": "entry"}]}]}]}, {"attributes": {"text": "<p>Calls the apply method and dispatches the change event of the property <code>endColorPosition</code>\nwith the default value defined by the class developer. This function can\nonly be called from the constructor of a class.</p>\n\n<p>For further details take a look at the property definition: {@link #endColorPosition}.</p>"}, "type": "desc"}, {"attributes": {}, "type": "return", "children": [{"attributes": {"text": "<p>the default value</p>"}, "type": "desc"}, {"attributes": {}, "type": "types", "children": [{"attributes": {"type": "var"}, "type": "entry"}]}]}]}, {"attributes": {"access": "protected", "name": "initOrientation", "fromProperty": "orientation"}, "type": "method", "children": [{"attributes": {}, "type": "params", "children": [{"attributes": {"name": "value"}, "type": "param", "children": [{"attributes": {"text": "<p>Initial value for property <code>orientation</code>.</p>"}, "type": "desc"}, {"attributes": {}, "type": "types", "children": [{"attributes": {"type": "var"}, "type": "entry"}]}]}]}, {"attributes": {"text": "<p>Calls the apply method and dispatches the change event of the property <code>orientation</code>\nwith the default value defined by the class developer. This function can\nonly be called from the constructor of a class.</p>\n\n<p>For further details take a look at the property definition: {@link #orientation}.</p>"}, "type": "desc"}, {"attributes": {}, "type": "return", "children": [{"attributes": {"text": "<p>the default value</p>"}, "type": "desc"}, {"attributes": {}, "type": "types", "children": [{"attributes": {"type": "var"}, "type": "entry"}]}]}]}, {"attributes": {"access": "protected", "name": "initStartColor", "fromProperty": "startColor"}, "type": "method", "children": [{"attributes": {}, "type": "params", "children": [{"attributes": {"name": "value"}, "type": "param", "children": [{"attributes": {"text": "<p>Initial value for property <code>startColor</code>.</p>"}, "type": "desc"}, {"attributes": {}, "type": "types", "children": [{"attributes": {"type": "var"}, "type": "entry"}]}]}]}, {"attributes": {"text": "<p>Calls the apply method and dispatches the change event of the property <code>startColor</code>\nwith the default value defined by the class developer. This function can\nonly be called from the constructor of a class.</p>\n\n<p>For further details take a look at the property definition: {@link #startColor}.</p>"}, "type": "desc"}, {"attributes": {}, "type": "return", "children": [{"attributes": {"text": "<p>the default value</p>"}, "type": "desc"}, {"attributes": {}, "type": "types", "children": [{"attributes": {"type": "var"}, "type": "entry"}]}]}]}, {"attributes": {"access": "protected", "name": "initStartColorPosition", "fromProperty": "startColorPosition"}, "type": "method", "children": [{"attributes": {}, "type": "params", "children": [{"attributes": {"name": "value"}, "type": "param", "children": [{"attributes": {"text": "<p>Initial value for property <code>startColorPosition</code>.</p>"}, "type": "desc"}, {"attributes": {}, "type": "types", "children": [{"attributes": {"type": "var"}, "type": "entry"}]}]}]}, {"attributes": {"text": "<p>Calls the apply method and dispatches the change event of the property <code>startColorPosition</code>\nwith the default value defined by the class developer. This function can\nonly be called from the constructor of a class.</p>\n\n<p>For further details take a look at the property definition: {@link #startColorPosition}.</p>"}, "type": "desc"}, {"attributes": {}, "type": "return", "children": [{"attributes": {"text": "<p>the default value</p>"}, "type": "desc"}, {"attributes": {}, "type": "types", "children": [{"attributes": {"type": "var"}, "type": "entry"}]}]}]}, {"attributes": {"name": "resetColorPositionUnit", "fromProperty": "colorPositionUnit"}, "type": "method", "children": [{"attributes": {"text": "<p>Resets the user value of the property <code>colorPositionUnit</code>.</p>\n\n<p>The computed value falls back to the next available value e.g. appearance, init or\ninheritance value depeneding on the property configuration and value availability.</p>\n\n<p>For further details take a look at the property definition: {@link #colorPositionUnit}.</p>"}, "type": "desc"}]}, {"attributes": {"name": "resetEndColor", "fromProperty": "endColor"}, "type": "method", "children": [{"attributes": {"text": "<p>Resets the user value of the property <code>endColor</code>.</p>\n\n<p>The computed value falls back to the next available value e.g. appearance, init or\ninheritance value depeneding on the property configuration and value availability.</p>\n\n<p>For further details take a look at the property definition: {@link #endColor}.</p>"}, "type": "desc"}]}, {"attributes": {"name": "resetEndColorPosition", "fromProperty": "endColorPosition"}, "type": "method", "children": [{"attributes": {"text": "<p>Resets the user value of the property <code>endColorPosition</code>.</p>\n\n<p>The computed value falls back to the next available value e.g. appearance, init or\ninheritance value depeneding on the property configuration and value availability.</p>\n\n<p>For further details take a look at the property definition: {@link #endColorPosition}.</p>"}, "type": "desc"}]}, {"attributes": {"name": "resetGradientEnd", "fromProperty": "gradientEnd"}, "type": "method", "children": [{"attributes": {"text": "<p>Resets the user value of the property <code>gradientEnd</code>.</p>\n\n<p>The computed value falls back to the next available value e.g. appearance, init or\ninheritance value depeneding on the property configuration and value availability.</p>\n\n<p>For further details take a look at the property definition: {@link #gradientEnd}.</p>"}, "type": "desc"}]}, {"attributes": {"name": "resetGradientStart", "fromProperty": "gradientStart"}, "type": "method", "children": [{"attributes": {"text": "<p>Resets the user value of the property <code>gradientStart</code>.</p>\n\n<p>The computed value falls back to the next available value e.g. appearance, init or\ninheritance value depeneding on the property configuration and value availability.</p>\n\n<p>For further details take a look at the property definition: {@link #gradientStart}.</p>"}, "type": "desc"}]}, {"attributes": {"name": "resetOrientation", "fromProperty": "orientation"}, "type": "method", "children": [{"attributes": {"text": "<p>Resets the user value of the property <code>orientation</code>.</p>\n\n<p>The computed value falls back to the next available value e.g. appearance, init or\ninheritance value depeneding on the property configuration and value availability.</p>\n\n<p>For further details take a look at the property definition: {@link #orientation}.</p>"}, "type": "desc"}]}, {"attributes": {"name": "resetStartColor", "fromProperty": "startColor"}, "type": "method", "children": [{"attributes": {"text": "<p>Resets the user value of the property <code>startColor</code>.</p>\n\n<p>The computed value falls back to the next available value e.g. appearance, init or\ninheritance value depeneding on the property configuration and value availability.</p>\n\n<p>For further details take a look at the property definition: {@link #startColor}.</p>"}, "type": "desc"}]}, {"attributes": {"name": "resetStartColorPosition", "fromProperty": "startColorPosition"}, "type": "method", "children": [{"attributes": {"text": "<p>Resets the user value of the property <code>startColorPosition</code>.</p>\n\n<p>The computed value falls back to the next available value e.g. appearance, init or\ninheritance value depeneding on the property configuration and value availability.</p>\n\n<p>For further details take a look at the property definition: {@link #startColorPosition}.</p>"}, "type": "desc"}]}, {"attributes": {"name": "setColorPositionUnit", "fromProperty": "colorPositionUnit"}, "type": "method", "children": [{"attributes": {}, "type": "params", "children": [{"attributes": {"name": "value"}, "type": "param", "children": [{"attributes": {"text": "<p>New value for property <code>colorPositionUnit</code>.</p>"}, "type": "desc"}, {"attributes": {}, "type": "types", "children": [{"attributes": {"type": "var"}, "type": "entry"}]}]}]}, {"attributes": {"text": "<p>Sets the user value of the property <code>colorPositionUnit</code>.</p>\n\n<p>For further details take a look at the property definition: {@link #colorPositionUnit}.</p>"}, "type": "desc"}, {"attributes": {}, "type": "return", "children": [{"attributes": {"text": "<p>The unmodified incoming value.</p>"}, "type": "desc"}, {"attributes": {}, "type": "types", "children": [{"attributes": {"type": "var"}, "type": "entry"}]}]}]}, {"attributes": {"name": "setEndColor", "fromProperty": "endColor"}, "type": "method", "children": [{"attributes": {}, "type": "params", "children": [{"attributes": {"name": "value"}, "type": "param", "children": [{"attributes": {"text": "<p>New value for property <code>endColor</code>.</p>"}, "type": "desc"}, {"attributes": {}, "type": "types", "children": [{"attributes": {"type": "var"}, "type": "entry"}]}]}]}, {"attributes": {"text": "<p>Sets the user value of the property <code>endColor</code>.</p>\n\n<p>For further details take a look at the property definition: {@link #endColor}.</p>"}, "type": "desc"}, {"attributes": {}, "type": "return", "children": [{"attributes": {"text": "<p>The unmodified incoming value.</p>"}, "type": "desc"}, {"attributes": {}, "type": "types", "children": [{"attributes": {"type": "var"}, "type": "entry"}]}]}]}, {"attributes": {"name": "setEndColorPosition", "fromProperty": "endColorPosition"}, "type": "method", "children": [{"attributes": {}, "type": "params", "children": [{"attributes": {"name": "value"}, "type": "param", "children": [{"attributes": {"text": "<p>New value for property <code>endColorPosition</code>.</p>"}, "type": "desc"}, {"attributes": {}, "type": "types", "children": [{"attributes": {"type": "var"}, "type": "entry"}]}]}]}, {"attributes": {"text": "<p>Sets the user value of the property <code>endColorPosition</code>.</p>\n\n<p>For further details take a look at the property definition: {@link #endColorPosition}.</p>"}, "type": "desc"}, {"attributes": {}, "type": "return", "children": [{"attributes": {"text": "<p>The unmodified incoming value.</p>"}, "type": "desc"}, {"attributes": {}, "type": "types", "children": [{"attributes": {"type": "var"}, "type": "entry"}]}]}]}, {"attributes": {"line": 11, "name": "setGradientEnd", "fromProperty": "gradientEnd"}, "type": "method", "children": [{"attributes": {}, "type": "params", "children": [{"attributes": {"name": "endColor"}, "type": "param", "children": [{"attributes": {"text": "<p>Sets the value of the property {@link #endColor}.</p>"}, "type": "desc"}, {"attributes": {}, "type": "types", "children": [{"attributes": {"type": "var"}, "type": "entry"}]}]}, {"attributes": {"name": "endColorPosition"}, "type": "param", "children": [{"attributes": {"text": "<p>Sets the value of the property {@link #endColorPosition}.</p>"}, "type": "desc"}, {"attributes": {}, "type": "types", "children": [{"attributes": {"type": "var"}, "type": "entry"}]}]}]}, {"attributes": {"text": "<p>Sets the values of the property group <code>gradientEnd</code>.</p>\n\n<p>This setter supports a shorthand mode compatible with the way margins and paddins are set in <span class=\"caps\">CSS</span>.</p>\n\n<p>For further details take a look at the property definition: {@link #gradientEnd}.</p>"}, "type": "desc"}]}, {"attributes": {"line": 11, "name": "setGradientStart", "fromProperty": "gradientStart"}, "type": "method", "children": [{"attributes": {}, "type": "params", "children": [{"attributes": {"name": "startColor"}, "type": "param", "children": [{"attributes": {"text": "<p>Sets the value of the property {@link #startColor}.</p>"}, "type": "desc"}, {"attributes": {}, "type": "types", "children": [{"attributes": {"type": "var"}, "type": "entry"}]}]}, {"attributes": {"name": "startColorPosition"}, "type": "param", "children": [{"attributes": {"text": "<p>Sets the value of the property {@link #startColorPosition}.</p>"}, "type": "desc"}, {"attributes": {}, "type": "types", "children": [{"attributes": {"type": "var"}, "type": "entry"}]}]}]}, {"attributes": {"text": "<p>Sets the values of the property group <code>gradientStart</code>.</p>\n\n<p>This setter supports a shorthand mode compatible with the way margins and paddins are set in <span class=\"caps\">CSS</span>.</p>\n\n<p>For further details take a look at the property definition: {@link #gradientStart}.</p>"}, "type": "desc"}]}, {"attributes": {"name": "setOrientation", "fromProperty": "orientation"}, "type": "method", "children": [{"attributes": {}, "type": "params", "children": [{"attributes": {"name": "value"}, "type": "param", "children": [{"attributes": {"text": "<p>New value for property <code>orientation</code>.</p>"}, "type": "desc"}, {"attributes": {}, "type": "types", "children": [{"attributes": {"type": "var"}, "type": "entry"}]}]}]}, {"attributes": {"text": "<p>Sets the user value of the property <code>orientation</code>.</p>\n\n<p>For further details take a look at the property definition: {@link #orientation}.</p>"}, "type": "desc"}, {"attributes": {}, "type": "return", "children": [{"attributes": {"text": "<p>The unmodified incoming value.</p>"}, "type": "desc"}, {"attributes": {}, "type": "types", "children": [{"attributes": {"type": "var"}, "type": "entry"}]}]}]}, {"attributes": {"name": "setStartColor", "fromProperty": "startColor"}, "type": "method", "children": [{"attributes": {}, "type": "params", "children": [{"attributes": {"name": "value"}, "type": "param", "children": [{"attributes": {"text": "<p>New value for property <code>startColor</code>.</p>"}, "type": "desc"}, {"attributes": {}, "type": "types", "children": [{"attributes": {"type": "var"}, "type": "entry"}]}]}]}, {"attributes": {"text": "<p>Sets the user value of the property <code>startColor</code>.</p>\n\n<p>For further details take a look at the property definition: {@link #startColor}.</p>"}, "type": "desc"}, {"attributes": {}, "type": "return", "children": [{"attributes": {"text": "<p>The unmodified incoming value.</p>"}, "type": "desc"}, {"attributes": {}, "type": "types", "children": [{"attributes": {"type": "var"}, "type": "entry"}]}]}]}, {"attributes": {"name": "setStartColorPosition", "fromProperty": "startColorPosition"}, "type": "method", "children": [{"attributes": {}, "type": "params", "children": [{"attributes": {"name": "value"}, "type": "param", "children": [{"attributes": {"text": "<p>New value for property <code>startColorPosition</code>.</p>"}, "type": "desc"}, {"attributes": {}, "type": "types", "children": [{"attributes": {"type": "var"}, "type": "entry"}]}]}]}, {"attributes": {"text": "<p>Sets the user value of the property <code>startColorPosition</code>.</p>\n\n<p>For further details take a look at the property definition: {@link #startColorPosition}.</p>"}, "type": "desc"}, {"attributes": {}, "type": "return", "children": [{"attributes": {"text": "<p>The unmodified incoming value.</p>"}, "type": "desc"}, {"attributes": {}, "type": "types", "children": [{"attributes": {"type": "var"}, "type": "entry"}]}]}]}]}, {"attributes": {}, "type": "properties", "children": [{"attributes": {"name": "colorPositionUnit", "defaultValue": "\"%\"", "propertyType": "new", "possibleValues": "\"px\",\"%\"", "apply": "_applyLinearBackgroundGradient", "isMixin": true}, "type": "property", "children": [{"attributes": {"text": "<p>Defines if the given positions are in % or px.</p>"}, "type": "desc"}]}, {"attributes": {"name": "endColor", "allowNull": "true", "propertyType": "new", "apply": "_applyLinearBackgroundGradient", "isMixin": true, "check": "Color"}, "type": "property", "children": [{"attributes": {"text": "<p>End color of the background gradient.\nNote that alpha transparency (rgba) is not supported in IE 8.</p>"}, "type": "desc"}]}, {"attributes": {"name": "endColorPosition", "defaultValue": "100", "propertyType": "new", "apply": "_applyLinearBackgroundGradient", "isMixin": true, "check": "Number"}, "type": "property", "children": [{"attributes": {"text": "<p>Position in percent where to start the color.</p>"}, "type": "desc"}]}, {"attributes": {"isMixin": true, "propertyType": "group", "group": "\"endColor\",\"endColorPosition\"", "mode": "shorthand", "name": "gradientEnd"}, "type": "property", "children": [{"attributes": {"text": "<p>Property group to set the end color including its end position.</p>"}, "type": "desc"}]}, {"attributes": {"isMixin": true, "propertyType": "group", "group": "\"startColor\",\"startColorPosition\"", "mode": "shorthand", "name": "gradientStart"}, "type": "property", "children": [{"attributes": {"text": "<p>Property group to set the start color including its start position.</p>"}, "type": "desc"}]}, {"attributes": {"name": "orientation", "defaultValue": "\"vertical\"", "propertyType": "new", "possibleValues": "\"horizontal\",\"vertical\"", "apply": "_applyLinearBackgroundGradient", "isMixin": true}, "type": "property", "children": [{"attributes": {"text": "<p>The orientation of the gradient.</p>"}, "type": "desc"}]}, {"attributes": {"name": "startColor", "allowNull": "true", "propertyType": "new", "apply": "_applyLinearBackgroundGradient", "isMixin": true, "check": "Color"}, "type": "property", "children": [{"attributes": {"text": "<p>Start color of the background gradient.\nNote that alpha transparency (rgba) is not supported in IE 8.</p>"}, "type": "desc"}]}, {"attributes": {"name": "startColorPosition", "defaultValue": "0", "propertyType": "new", "apply": "_applyLinearBackgroundGradient", "isMixin": true, "check": "Number"}, "type": "property", "children": [{"attributes": {"text": "<p>Position in percent where to start the color.</p>"}, "type": "desc"}]}]}]}