{"attributes": {"name": "Scroller", "packageName": "qx.ui.table.pane", "mixins": "qx.ui.core.scroll.MScrollBarFactory", "superClass": "qx.ui.core.Widget", "fullName": "qx.ui.table.pane.Scroller", "type": "class"}, "type": "class", "children": [{"attributes": {"text": "<p>Shows a whole meta column. This includes a {@link Header},\na {@link Pane} and the needed scroll bars. This class handles the\nvirtual scrolling and does all the pointer event handling.</p>"}, "type": "desc"}, {"attributes": {}, "type": "childControls", "children": [{"attributes": {"name": "header"}, "type": "childControl", "children": [{"attributes": {"text": "<p>header pane</p>"}, "type": "desc"}, {"attributes": {}, "type": "types", "children": [{"attributes": {"type": "qx.ui.table.pane.Header"}, "type": "entry"}]}]}, {"attributes": {"name": "pane"}, "type": "childControl", "children": [{"attributes": {"text": "<p>table pane to show the data</p>"}, "type": "desc"}, {"attributes": {}, "type": "types", "children": [{"attributes": {"type": "qx.ui.table.pane.Pane"}, "type": "entry"}]}]}, {"attributes": {"name": "focus-indicator"}, "type": "childControl", "children": [{"attributes": {"text": "<p>shows the current focused cell</p>"}, "type": "desc"}, {"attributes": {}, "type": "types", "children": [{"attributes": {"type": "qx.ui.table.pane.FocusIndicator"}, "type": "entry"}]}]}, {"attributes": {"name": "resize-line"}, "type": "childControl", "children": [{"attributes": {"text": "<p>resize line widget</p>"}, "type": "desc"}, {"attributes": {}, "type": "types", "children": [{"attributes": {"type": "qx.ui.core.Widget"}, "type": "entry"}]}]}, {"attributes": {"name": "scrollbar-x"}, "type": "childControl", "children": [{"attributes": {"text": "<p>horizontal scrollbar widget (depends on the &#8220;qx.nativeScrollBars&#8221; setting which implementation is used)</p>"}, "type": "desc"}, {"attributes": {}, "type": "types", "children": [{"attributes": {"type": "qx.ui.core.scroll.ScrollBar"}, "type": "entry"}]}]}, {"attributes": {"name": "scrollbar-y"}, "type": "childControl", "children": [{"attributes": {"text": "<p>vertical scrollbar widget (depends on the &#8220;qx.nativeScrollBars&#8221; setting which implementation is used)</p>"}, "type": "desc"}, {"attributes": {}, "type": "types", "children": [{"attributes": {"type": "qx.ui.core.scroll.ScrollBar"}, "type": "entry"}]}]}]}, {"attributes": {}, "type": "constructor", "children": [{"attributes": {"line": 51, "isCtor": true, "overriddenFrom": "qx.ui.core.Widget", "name": "ctor"}, "type": "method", "children": [{"attributes": {}, "type": "params", "children": [{"attributes": {"name": "table"}, "type": "param", "children": [{"attributes": {"text": "<p>the table the scroller belongs to.</p>"}, "type": "desc"}, {"attributes": {}, "type": "types", "children": [{"attributes": {"type": "qx.ui.table.Table"}, "type": "entry"}]}]}]}, {"attributes": {"text": ""}, "type": "desc"}]}]}, {"attributes": {}, "type": "constants", "children": [{"attributes": {"type": "Number", "name": "MIN_COLUMN_WIDTH", "value": "10"}, "type": "constant", "children": [{"attributes": {"text": "<p>The minimum width a column could get in pixels.</p>"}, "type": "desc"}, {"attributes": {}, "type": "types", "children": [{"attributes": {"type": "int"}, "type": "entry"}]}]}, {"attributes": {"type": "Number", "name": "RESIZE_REGION_RADIUS", "value": "5"}, "type": "constant", "children": [{"attributes": {"text": "<p>The radius of the resize region in pixels.</p>"}, "type": "desc"}, {"attributes": {}, "type": "types", "children": [{"attributes": {"type": "int"}, "type": "entry"}]}]}, {"attributes": {"type": "Number", "name": "VERTICAL_SCROLLBAR", "value": "2"}, "type": "constant", "children": [{"attributes": {"text": "<p>(int) The mask for the vertical scroll bar.\nMay be combined with {@link #HORIZONTAL_SCROLLBAR}.</p>"}, "type": "desc"}]}, {"attributes": {"type": "Number", "name": "TAP_TOLERANCE", "value": "5"}, "type": "constant", "children": [{"attributes": {"text": "<p>(int) The number of pixels the pointer may move between pointer down and pointer up\nin order to count as a tap.</p>"}, "type": "desc"}]}, {"attributes": {"type": "Number", "name": "HORIZONTAL_SCROLLBAR", "value": "1"}, "type": "constant", "children": [{"attributes": {"text": "<p>(int) The mask for the horizontal scroll bar.\nMay be combined with {@link #VERTICAL_SCROLLBAR}.</p>"}, "type": "desc"}]}]}, {"attributes": {}, "type": "events", "children": [{"attributes": {"name": "beforeSort"}, "type": "event", "children": [{"attributes": {"text": "<p>Dispatched when a sortable header was tapped</p>"}, "type": "desc"}, {"attributes": {}, "type": "types", "children": [{"attributes": {"type": "qx.event.type.Data"}, "type": "entry"}]}]}, {"attributes": {"name": "cellContextmenu"}, "type": "event", "children": [{"attributes": {"text": "<p>See {@link qx.ui.table.Table#cellContextmenu}.</p>"}, "type": "desc"}, {"attributes": {}, "type": "types", "children": [{"attributes": {"type": "qx.ui.table.pane.CellEvent"}, "type": "entry"}]}]}, {"attributes": {"name": "cellDbltap"}, "type": "event", "children": [{"attributes": {"text": "<p>See {@link qx.ui.table.Table#cellDbltap}.</p>"}, "type": "desc"}, {"attributes": {}, "type": "types", "children": [{"attributes": {"type": "qx.ui.table.pane.CellEvent"}, "type": "entry"}]}]}, {"attributes": {"name": "cellTap"}, "type": "event", "children": [{"attributes": {"text": "<p>See {@link qx.ui.table.Table#cellTap}.</p>"}, "type": "desc"}, {"attributes": {}, "type": "types", "children": [{"attributes": {"type": "qx.ui.table.pane.CellEvent"}, "type": "entry"}]}]}, {"attributes": {"name": "changeHorizontalScrollBarVisible"}, "type": "event", "children": [{"attributes": {"text": "Fired on change of the property {@link #horizontalScrollBarVisible}."}, "type": "desc"}, {"attributes": {}, "type": "types", "children": [{"attributes": {"type": "qx.event.type.Data"}, "type": "entry"}]}]}, {"attributes": {"name": "changeScrollX"}, "type": "event", "children": [{"attributes": {"text": "<p>Dispatched if the pane is scrolled vertically</p>"}, "type": "desc"}, {"attributes": {}, "type": "types", "children": [{"attributes": {"type": "qx.event.type.Data"}, "type": "entry"}]}]}, {"attributes": {"name": "changeScrollY"}, "type": "event", "children": [{"attributes": {"text": "<p>Dispatched if the pane is scolled horizontally</p>"}, "type": "desc"}, {"attributes": {}, "type": "types", "children": [{"attributes": {"type": "qx.event.type.Data"}, "type": "entry"}]}]}, {"attributes": {"name": "changeTablePaneModel"}, "type": "event", "children": [{"attributes": {"text": "Fired on change of the property {@link #tablePaneModel}."}, "type": "desc"}, {"attributes": {}, "type": "types", "children": [{"attributes": {"type": "qx.event.type.Data"}, "type": "entry"}]}]}, {"attributes": {"name": "changeVerticalScrollBarVisible"}, "type": "event", "children": [{"attributes": {"text": "Fired on change of the property {@link #verticalScrollBarVisible}."}, "type": "desc"}, {"attributes": {}, "type": "types", "children": [{"attributes": {"type": "qx.event.type.Data"}, "type": "entry"}]}]}]}, {"attributes": {}, "type": "methods", "children": [{"attributes": {"access": "private", "line": 963, "name": "__handleMoveColumn"}, "type": "method", "children": [{"attributes": {}, "type": "params", "children": [{"attributes": {"name": "pageX"}, "type": "param", "children": [{"attributes": {"text": "<p>the current pointer x position.</p>"}, "type": "desc"}, {"attributes": {}, "type": "types", "children": [{"attributes": {"type": "Integer"}, "type": "entry"}]}]}]}, {"attributes": {"text": "<p>Common column move logic.</p>"}, "type": "desc"}]}, {"attributes": {"access": "private", "line": 933, "name": "__handleResizeColumn"}, "type": "method", "children": [{"attributes": {}, "type": "params", "children": [{"attributes": {"name": "pageX"}, "type": "param", "children": [{"attributes": {"text": "<p>the current pointer x position.</p>"}, "type": "desc"}, {"attributes": {}, "type": "types", "children": [{"attributes": {"type": "Integer"}, "type": "entry"}]}]}]}, {"attributes": {"text": "<p>Common column resize logic.</p>"}, "type": "desc"}]}, {"attributes": {"access": "private", "line": 922, "name": "__isAtEdge"}, "type": "method", "children": [{"attributes": {}, "type": "params", "children": [{"attributes": {"name": "scrollBar"}, "type": "param", "children": [{"attributes": {"text": "<p>The scrollbar to check</p>"}, "type": "desc"}, {"attributes": {}, "type": "types", "children": [{"attributes": {"type": "qx.ui.core.scroll.IScrollBar"}, "type": "entry"}]}]}, {"attributes": {"name": "delta"}, "type": "param", "children": [{"attributes": {"text": "<p>The scroll delta.</p>"}, "type": "desc"}, {"attributes": {}, "type": "types", "children": [{"attributes": {"type": "Number"}, "type": "entry"}]}]}]}, {"attributes": {"text": "<p>Checks if the table has been scrolled.</p>"}, "type": "desc"}, {"attributes": {}, "type": "return", "children": [{"attributes": {"text": "<code>true</code>, if the scrolling is a the edge"}, "type": "desc"}, {"attributes": {}, "type": "types", "children": [{"attributes": {"type": "Boolean"}, "type": "entry"}]}]}]}, {"attributes": {"access": "protected", "line": 490, "name": "_applyHorizontalScrollBarVisible"}, "type": "method", "children": [{"attributes": {}, "type": "params", "children": [{"attributes": {"name": "value"}, "type": "param", "children": [{"attributes": {"text": "<p>new value of the property</p>"}, "type": "desc"}, {"attributes": {}, "type": "types", "children": [{"attributes": {"type": "Boolean"}, "type": "entry"}]}]}, {"attributes": {"name": "old"}, "type": "param", "children": [{"attributes": {"text": "<p>previous value of the property (null if it was not yet set).</p>"}, "type": "desc"}, {"attributes": {}, "type": "types", "children": [{"attributes": {"type": "Boolean"}, "type": "entry"}]}]}]}, {"attributes": {}, "type": "apply", "children": [{"attributes": {"applies": "qx.ui.table.pane.Scroller#horizontalScrollBarVisible"}, "type": "entry"}]}, {"attributes": {"text": "<p>Applies changes of the property value of the property <code>horizontalScrollBarVisible</code>.</p>\n\n<p>For further details take a look at the property definition: {@link #horizontalScrollBarVisible}.</p>"}, "type": "desc"}]}, {"attributes": {"access": "protected", "line": 2265, "name": "_applyScrollTimeout"}, "type": "method", "children": [{"attributes": {}, "type": "params", "children": [{"attributes": {"name": "value"}, "type": "param", "children": [{"attributes": {"text": "<p>new value of the property</p>"}, "type": "desc"}, {"attributes": {}, "type": "types", "children": [{"attributes": {"type": "Integer"}, "type": "entry"}]}]}, {"attributes": {"name": "old"}, "type": "param", "children": [{"attributes": {"text": "<p>previous value of the property (null if it was not yet set).</p>"}, "type": "desc"}, {"attributes": {}, "type": "types", "children": [{"attributes": {"type": "Integer"}, "type": "entry"}]}]}]}, {"attributes": {}, "type": "apply", "children": [{"attributes": {"applies": "qx.ui.table.pane.Scroller#scrollTimeout"}, "type": "entry"}]}, {"attributes": {"text": "<p>Applies changes of the property value of the property <code>scrollTimeout</code>.</p>\n\n<p>For further details take a look at the property definition: {@link #scrollTimeout}.</p>"}, "type": "desc"}]}, {"attributes": {"access": "protected", "line": 513, "name": "_applyShowCellFocusIndicator"}, "type": "method", "children": [{"attributes": {}, "type": "params", "children": [{"attributes": {"name": "value"}, "type": "param", "children": [{"attributes": {"text": "<p>new value of the property</p>"}, "type": "desc"}, {"attributes": {}, "type": "types", "children": [{"attributes": {"type": "Boolean"}, "type": "entry"}]}]}, {"attributes": {"name": "old"}, "type": "param", "children": [{"attributes": {"text": "<p>previous value of the property (null if it was not yet set).</p>"}, "type": "desc"}, {"attributes": {}, "type": "types", "children": [{"attributes": {"type": "Boolean"}, "type": "entry"}]}]}]}, {"attributes": {}, "type": "apply", "children": [{"attributes": {"applies": "qx.ui.table.pane.Scroller#showCellFocusIndicator"}, "type": "entry"}]}, {"attributes": {"text": "<p>Applies changes of the property value of the property <code>showCellFocusIndicator</code>.</p>\n\n<p>For further details take a look at the property definition: {@link #showCellFocusIndicator}.</p>"}, "type": "desc"}]}, {"attributes": {"access": "protected", "line": 502, "name": "_applyTablePaneModel"}, "type": "method", "children": [{"attributes": {}, "type": "params", "children": [{"attributes": {"name": "value"}, "type": "param", "children": [{"attributes": {"text": "<p>new value of the property</p>"}, "type": "desc"}, {"attributes": {}, "type": "types", "children": [{"attributes": {"type": "qx.ui.table.pane.Model"}, "type": "entry"}]}]}, {"attributes": {"name": "old"}, "type": "param", "children": [{"attributes": {"text": "<p>previous value of the property (null if it was not yet set).</p>"}, "type": "desc"}, {"attributes": {}, "type": "types", "children": [{"attributes": {"type": "qx.ui.table.pane.Model"}, "type": "entry"}]}]}]}, {"attributes": {}, "type": "apply", "children": [{"attributes": {"applies": "qx.ui.table.pane.Scroller#tablePaneModel"}, "type": "entry"}]}, {"attributes": {"text": "<p>Applies changes of the property value of the property <code>tablePaneModel</code>.</p>\n\n<p>For further details take a look at the property definition: {@link #tablePaneModel}.</p>"}, "type": "desc"}]}, {"attributes": {"access": "protected", "line": 496, "name": "_applyVerticalScrollBarVisible"}, "type": "method", "children": [{"attributes": {}, "type": "params", "children": [{"attributes": {"name": "value"}, "type": "param", "children": [{"attributes": {"text": "<p>new value of the property</p>"}, "type": "desc"}, {"attributes": {}, "type": "types", "children": [{"attributes": {"type": "Boolean"}, "type": "entry"}]}]}, {"attributes": {"name": "old"}, "type": "param", "children": [{"attributes": {"text": "<p>previous value of the property (null if it was not yet set).</p>"}, "type": "desc"}, {"attributes": {}, "type": "types", "children": [{"attributes": {"type": "Boolean"}, "type": "entry"}]}]}]}, {"attributes": {}, "type": "apply", "children": [{"attributes": {"applies": "qx.ui.table.pane.Scroller#verticalScrollBarVisible"}, "type": "entry"}]}, {"attributes": {"text": "<p>Applies changes of the property value of the property <code>verticalScrollBarVisible</code>.</p>\n\n<p>For further details take a look at the property definition: {@link #verticalScrollBarVisible}.</p>"}, "type": "desc"}]}, {"attributes": {"access": "protected", "docFrom": "qx.ui.core.Widget", "line": 428, "overriddenFrom": "qx.ui.core.Widget", "name": "_createChildControlImpl"}, "type": "method", "children": [{"attributes": {}, "type": "params", "children": [{"attributes": {"name": "id"}, "type": "param"}, {"attributes": {"name": "hash"}, "type": "param"}]}]}, {"attributes": {"access": "protected", "line": 599, "name": "_createHeaderClipper"}, "type": "method", "children": [{"attributes": {"text": "<p>Creates and returns an instance of header clipper.</p>"}, "type": "desc"}, {"attributes": {}, "type": "return", "children": [{"attributes": {"text": "<p>pane clipper.</p>"}, "type": "desc"}, {"attributes": {}, "type": "types", "children": [{"attributes": {"type": "qx.ui.table.pane.Clipper"}, "type": "entry"}]}]}]}, {"attributes": {"access": "protected", "line": 588, "name": "_createPaneClipper"}, "type": "method", "children": [{"attributes": {"text": "<p>Creates and returns an instance of pane clipper.</p>"}, "type": "desc"}, {"attributes": {}, "type": "return", "children": [{"attributes": {"text": "<p>pane clipper.</p>"}, "type": "desc"}, {"attributes": {}, "type": "types", "children": [{"attributes": {"type": "qx.ui.table.pane.Clipper"}, "type": "entry"}]}]}]}, {"attributes": {"access": "protected", "line": 1693, "name": "_focusCellAtPagePos"}, "type": "method", "children": [{"attributes": {}, "type": "params", "children": [{"attributes": {"name": "pageX"}, "type": "param", "children": [{"attributes": {"text": "<p>the x position in the page (in pixels).</p>"}, "type": "desc"}, {"attributes": {}, "type": "types", "children": [{"attributes": {"type": "Integer"}, "type": "entry"}]}]}, {"attributes": {"name": "pageY"}, "type": "param", "children": [{"attributes": {"text": "<p>the y position in the page (in pixels).</p>"}, "type": "desc"}, {"attributes": {}, "type": "types", "children": [{"attributes": {"type": "Integer"}, "type": "entry"}]}]}]}, {"attributes": {"text": "<p>Sets the focus to the cell that&#8217;s located at the page position\n<code>pageX</code>/<code>pageY</code>. If there is no cell at that position,\nnothing happens.</p>"}, "type": "desc"}]}, {"attributes": {"access": "protected", "line": 1997, "name": "_getColumnForPageX"}, "type": "method", "children": [{"attributes": {}, "type": "params", "children": [{"attributes": {"name": "pageX"}, "type": "param", "children": [{"attributes": {"text": "<p>the x position of the pointer in the page (in pixels).</p>"}, "type": "desc"}, {"attributes": {}, "type": "types", "children": [{"attributes": {"type": "Integer"}, "type": "entry"}]}]}]}, {"attributes": {"text": "<p>Returns the model index of the column the pointer is over or null if the pointer\nis not over a column.</p>"}, "type": "desc"}, {"attributes": {}, "type": "return", "children": [{"attributes": {"text": "<p>the model index of the column the pointer is over.</p>"}, "type": "desc"}, {"attributes": {}, "type": "types", "children": [{"attributes": {"type": "Integer"}, "type": "entry"}]}]}]}, {"attributes": {"access": "protected", "line": 2026, "name": "_getResizeColumnForPageX"}, "type": "method", "children": [{"attributes": {}, "type": "params", "children": [{"attributes": {"name": "pageX"}, "type": "param", "children": [{"attributes": {"text": "<p>the x position of the pointer in the page (in pixels).</p>"}, "type": "desc"}, {"attributes": {}, "type": "types", "children": [{"attributes": {"type": "Integer"}, "type": "entry"}]}]}]}, {"attributes": {"text": "<p>Returns the model index of the column that should be resized when dragging\nstarts here. Returns -1 if the pointer is in no resize region of any column.</p>"}, "type": "desc"}, {"attributes": {}, "type": "return", "children": [{"attributes": {"text": "<p>the column index.</p>"}, "type": "desc"}, {"attributes": {}, "type": "types", "children": [{"attributes": {"type": "Integer"}, "type": "entry"}]}]}]}, {"attributes": {"access": "protected", "line": 2058, "name": "_getRowForPagePos"}, "type": "method", "children": [{"attributes": {}, "type": "params", "children": [{"attributes": {"name": "pageX"}, "type": "param", "children": [{"attributes": {"text": "<p>the pointer x position in the page.</p>"}, "type": "desc"}, {"attributes": {}, "type": "types", "children": [{"attributes": {"type": "Integer"}, "type": "entry"}]}]}, {"attributes": {"name": "pageY"}, "type": "param", "children": [{"attributes": {"text": "<p>the pointer y position in the page.</p>"}, "type": "desc"}, {"attributes": {}, "type": "types", "children": [{"attributes": {"type": "Integer"}, "type": "entry"}]}]}]}, {"attributes": {"text": "<p>Returns the model index of the row the pointer is currently over. Returns -1 if\nthe pointer is over the header. Returns null if the pointer is not over any\ncolumn.</p>"}, "type": "desc"}, {"attributes": {}, "type": "return", "children": [{"attributes": {"text": "<p>the model index of the row the pointer is currently over.</p>"}, "type": "desc"}, {"attributes": {}, "type": "types", "children": [{"attributes": {"type": "Integer"}, "type": "entry"}]}]}]}, {"attributes": {"access": "protected", "line": 1626, "name": "_hideResizeLine"}, "type": "method", "children": [{"attributes": {"text": "<p>Hides the resize line.</p>"}, "type": "desc"}]}, {"attributes": {"access": "protected", "line": 823, "name": "_onAppear"}, "type": "method", "children": [{"attributes": {"text": "<p>Event handler for the scroller&#8217;s appear event</p>"}, "type": "desc"}]}, {"attributes": {"access": "protected", "line": 1985, "name": "_onCellEditorModalWindowClose"}, "type": "method", "children": [{"attributes": {}, "type": "params", "children": [{"attributes": {"name": "e"}, "type": "param", "children": [{"attributes": {"text": "<p>the event.</p>"}, "type": "desc"}, {"attributes": {}, "type": "types", "children": [{"attributes": {"type": "Map"}, "type": "entry"}]}]}]}, {"attributes": {"text": "<p>Event handler. Called when the modal window of the cell editor closes.</p>"}, "type": "desc"}]}, {"attributes": {"access": "protected", "line": 1250, "name": "_onChangeCaptureHeader"}, "type": "method", "children": [{"attributes": {}, "type": "params", "children": [{"attributes": {"name": "e"}, "type": "param", "children": [{"attributes": {"text": "<p>The data event</p>"}, "type": "desc"}, {"attributes": {}, "type": "types", "children": [{"attributes": {"type": "qx.event.type.Data"}, "type": "entry"}]}]}]}, {"attributes": {"text": "<p>Event handler. Called when the event capturing of the header changed.\nStops/finishes an active header resize/move session if it lost capturing\nduring the session to stay in a stable state.</p>"}, "type": "desc"}]}, {"attributes": {"access": "protected", "line": 1487, "name": "_onContextMenu"}, "type": "method", "children": [{"attributes": {}, "type": "params", "children": [{"attributes": {"name": "e"}, "type": "param", "children": [{"attributes": {"text": "<p>the event.</p>"}, "type": "desc"}, {"attributes": {}, "type": "types", "children": [{"attributes": {"type": "qx.event.type.Pointer"}, "type": "entry"}]}]}]}, {"attributes": {"text": "<p>Event handler. Called when a context menu is invoked in a cell.</p>"}, "type": "desc"}]}, {"attributes": {"access": "protected", "docFrom": "qx.ui.core.Widget", "line": 1541, "overriddenFrom": "qx.ui.core.Widget", "name": "_onContextMenuOpen"}, "type": "method", "children": [{"attributes": {}, "type": "params", "children": [{"attributes": {"name": "e"}, "type": "param"}]}]}, {"attributes": {"access": "protected", "line": 1556, "name": "_onDbltapPane"}, "type": "method", "children": [{"attributes": {}, "type": "params", "children": [{"attributes": {"name": "e"}, "type": "param", "children": [{"attributes": {"text": "<p>the event.</p>"}, "type": "desc"}, {"attributes": {}, "type": "types", "children": [{"attributes": {"type": "Map"}, "type": "entry"}]}]}]}, {"attributes": {"text": "<p>Event handler. Called when the user double tapped a pointer button over the pane.</p>"}, "type": "desc"}]}, {"attributes": {"access": "protected", "line": 832, "name": "_onDisappear"}, "type": "method", "children": [{"attributes": {"text": "<p>Event handler for the disappear event</p>"}, "type": "desc"}]}, {"attributes": {"access": "protected", "line": 1, "name": "_oninterval"}, "type": "method", "children": [{"attributes": {"text": "<p>Timer event handler. Periodically checks whether a table update is\nrequired. The update interval is controlled by the {@link #scrollTimeout}\nproperty.</p>"}, "type": "desc"}]}, {"attributes": {"access": "protected", "line": 711, "name": "_onPaneModelChanged"}, "type": "method", "children": [{"attributes": {"text": "<p>Event handler. Called when the pane model has changed.</p>"}, "type": "desc"}]}, {"attributes": {"access": "protected", "line": 1097, "name": "_onPointerdownHeader"}, "type": "method", "children": [{"attributes": {}, "type": "params", "children": [{"attributes": {"name": "e"}, "type": "param", "children": [{"attributes": {"text": "<p>the event.</p>"}, "type": "desc"}, {"attributes": {}, "type": "types", "children": [{"attributes": {"type": "Map"}, "type": "entry"}]}]}]}, {"attributes": {"text": "<p>Event handler. Called when the user pressed a pointer button over the header.</p>"}, "type": "desc"}]}, {"attributes": {"access": "protected", "line": 1166, "name": "_onPointerdownPane"}, "type": "method", "children": [{"attributes": {}, "type": "params", "children": [{"attributes": {"name": "e"}, "type": "param", "children": [{"attributes": {"text": "<p>the event.</p>"}, "type": "desc"}, {"attributes": {}, "type": "types", "children": [{"attributes": {"type": "Map"}, "type": "entry"}]}]}]}, {"attributes": {"text": "<p>Event handler. Called when the user pressed a pointer button over the pane.</p>"}, "type": "desc"}]}, {"attributes": {"access": "protected", "line": 1001, "name": "_onPointermoveHeader"}, "type": "method", "children": [{"attributes": {}, "type": "params", "children": [{"attributes": {"name": "e"}, "type": "param", "children": [{"attributes": {"text": "<p>the event.</p>"}, "type": "desc"}, {"attributes": {}, "type": "types", "children": [{"attributes": {"type": "Map"}, "type": "entry"}]}]}]}, {"attributes": {"text": "<p>Event handler. Called when the user moved the pointer over the header.</p>"}, "type": "desc"}]}, {"attributes": {"access": "protected", "line": 1063, "name": "_onPointermovePane"}, "type": "method", "children": [{"attributes": {}, "type": "params", "children": [{"attributes": {"name": "e"}, "type": "param", "children": [{"attributes": {"text": "<p>the event.</p>"}, "type": "desc"}, {"attributes": {}, "type": "types", "children": [{"attributes": {"type": "Map"}, "type": "entry"}]}]}]}, {"attributes": {"text": "<p>Event handler. Called when the user moved the pointer over the pane.</p>"}, "type": "desc"}]}, {"attributes": {"access": "protected", "line": 1579, "name": "_onPointerout"}, "type": "method", "children": [{"attributes": {}, "type": "params", "children": [{"attributes": {"name": "e"}, "type": "param", "children": [{"attributes": {"text": "<p>the event.</p>"}, "type": "desc"}, {"attributes": {}, "type": "types", "children": [{"attributes": {"type": "Map"}, "type": "entry"}]}]}]}, {"attributes": {"text": "<p>Event handler. Called when the pointer moved out.</p>"}, "type": "desc"}]}, {"attributes": {"access": "protected", "line": 1217, "name": "_onPointerupFocusIndicator"}, "type": "method", "children": [{"attributes": {}, "type": "params", "children": [{"attributes": {"name": "e"}, "type": "param", "children": [{"attributes": {"text": "<p>The pointer event</p>"}, "type": "desc"}, {"attributes": {}, "type": "types", "children": [{"attributes": {"type": "qx.event.type.Pointer"}, "type": "entry"}]}]}]}, {"attributes": {"text": "<p>Event handler for the focus indicator&#8217;s pointerup event</p>"}, "type": "desc"}]}, {"attributes": {"access": "protected", "line": 1346, "name": "_onPointerupHeader"}, "type": "method", "children": [{"attributes": {}, "type": "params", "children": [{"attributes": {"name": "e"}, "type": "param", "children": [{"attributes": {"text": "<p>the event.</p>"}, "type": "desc"}, {"attributes": {}, "type": "types", "children": [{"attributes": {"type": "Map"}, "type": "entry"}]}]}]}, {"attributes": {"text": "<p>Event handler. Called when the user released a pointer button over the header.</p>"}, "type": "desc"}]}, {"attributes": {"access": "protected", "line": 721, "name": "_onResizePane"}, "type": "method", "children": [{"attributes": {"text": "<p>Event listener for the pane clipper&#8217;s resize event</p>"}, "type": "desc"}]}, {"attributes": {"access": "protected", "line": 871, "name": "_onRoll"}, "type": "method", "children": [{"attributes": {}, "type": "params", "children": [{"attributes": {"name": "e"}, "type": "param", "children": [{"attributes": {"text": "<p>the event.</p>"}, "type": "desc"}, {"attributes": {}, "type": "types", "children": [{"attributes": {"type": "qx.event.type.Roll"}, "type": "entry"}]}]}]}, {"attributes": {"text": "<p>Event handler. Called when the user moved the mouse wheel.</p>"}, "type": "desc"}]}, {"attributes": {"access": "protected", "line": 844, "name": "_onScrollX"}, "type": "method", "children": [{"attributes": {}, "type": "params", "children": [{"attributes": {"name": "e"}, "type": "param", "children": [{"attributes": {"text": "<p>the event.</p>"}, "type": "desc"}, {"attributes": {}, "type": "types", "children": [{"attributes": {"type": "Map"}, "type": "entry"}]}]}]}, {"attributes": {"text": "<p>Event handler. Called when the horizontal scroll bar moved.</p>"}, "type": "desc"}]}, {"attributes": {"access": "protected", "line": 859, "name": "_onScrollY"}, "type": "method", "children": [{"attributes": {}, "type": "params", "children": [{"attributes": {"name": "e"}, "type": "param", "children": [{"attributes": {"text": "<p>the event.</p>"}, "type": "desc"}, {"attributes": {}, "type": "types", "children": [{"attributes": {"type": "Map"}, "type": "entry"}]}]}]}, {"attributes": {"text": "<p>Event handler. Called when the vertical scroll bar moved.</p>"}, "type": "desc"}]}, {"attributes": {"access": "protected", "line": 1373, "name": "_onTapHeader"}, "type": "method", "children": [{"attributes": {}, "type": "params", "children": [{"attributes": {"name": "e"}, "type": "param", "children": [{"attributes": {"text": "<p>the event.</p>"}, "type": "desc"}, {"attributes": {}, "type": "types", "children": [{"attributes": {"type": "Map"}, "type": "entry"}]}]}]}, {"attributes": {"text": "<p>Event handler. Called when the user tapped a pointer button over the header.</p>"}, "type": "desc"}]}, {"attributes": {"access": "protected", "line": 1436, "name": "_onTapPane"}, "type": "method", "children": [{"attributes": {}, "type": "params", "children": [{"attributes": {"name": "e"}, "type": "param", "children": [{"attributes": {"text": "<p>the event.</p>"}, "type": "desc"}, {"attributes": {}, "type": "types", "children": [{"attributes": {"type": "Map"}, "type": "entry"}]}]}]}, {"attributes": {"text": "<p>Event handler. Called when the user tapped a pointer button over the pane.</p>"}, "type": "desc"}]}, {"attributes": {"access": "protected", "line": 2296, "name": "_postponedUpdateContent"}, "type": "method", "children": [{"attributes": {"text": "<p>Does a postponed update of the content.</p>"}, "type": "desc"}, {"attributes": {"name": "#_updateContent"}, "type": "see", "children": [{"attributes": {"text": ""}, "type": "desc"}]}]}, {"attributes": {"access": "protected", "line": 1611, "name": "_showResizeLine"}, "type": "method", "children": [{"attributes": {}, "type": "params", "children": [{"attributes": {"name": "x"}, "type": "param", "children": [{"attributes": {"text": "<p>the position where to show the line (in pixels, relative to the left side of the pane).</p>"}, "type": "desc"}, {"attributes": {}, "type": "types", "children": [{"attributes": {"type": "Integer"}, "type": "entry"}]}]}]}, {"attributes": {"text": "<p>Shows the resize line.</p>"}, "type": "desc"}]}, {"attributes": {"access": "protected", "line": 2275, "name": "_startInterval"}, "type": "method", "children": [{"attributes": {}, "type": "params", "children": [{"attributes": {"name": "timeout"}, "type": "param", "children": [{"attributes": {"text": "<p>The timeout between two table updates</p>"}, "type": "desc"}, {"attributes": {}, "type": "types", "children": [{"attributes": {"type": "Integer"}, "type": "entry"}]}]}]}, {"attributes": {"text": "<p>Starts the current running interval</p>"}, "type": "desc"}]}, {"attributes": {"access": "protected", "line": 1150, "name": "_startMoveHeader"}, "type": "method", "children": [{"attributes": {}, "type": "params", "children": [{"attributes": {"name": "moveCol"}, "type": "param", "children": [{"attributes": {"text": "<p>the column index</p>"}, "type": "desc"}, {"attributes": {}, "type": "types", "children": [{"attributes": {"type": "Integer"}, "type": "entry"}]}]}, {"attributes": {"name": "pageX"}, "type": "param", "children": [{"attributes": {"text": "<p>x coordinate of the pointer event</p>"}, "type": "desc"}, {"attributes": {}, "type": "types", "children": [{"attributes": {"type": "Integer"}, "type": "entry"}]}]}]}, {"attributes": {"text": "<p>Start a move session of the header.</p>"}, "type": "desc"}]}, {"attributes": {"access": "protected", "line": 1132, "name": "_startResizeHeader"}, "type": "method", "children": [{"attributes": {}, "type": "params", "children": [{"attributes": {"name": "resizeCol"}, "type": "param", "children": [{"attributes": {"text": "<p>the column index</p>"}, "type": "desc"}, {"attributes": {}, "type": "types", "children": [{"attributes": {"type": "Integer"}, "type": "entry"}]}]}, {"attributes": {"name": "pageX"}, "type": "param", "children": [{"attributes": {"text": "<p>x coordinate of the pointer event</p>"}, "type": "desc"}, {"attributes": {}, "type": "types", "children": [{"attributes": {"type": "Integer"}, "type": "entry"}]}]}]}, {"attributes": {"text": "<p>Start a resize session of the header.</p>"}, "type": "desc"}]}, {"attributes": {"access": "protected", "line": 2285, "name": "_stopInterval"}, "type": "method", "children": [{"attributes": {"text": "<p>stops the current running interval</p>"}, "type": "desc"}]}, {"attributes": {"access": "protected", "line": 1296, "name": "_stopMoveHeader"}, "type": "method", "children": [{"attributes": {"text": "<p>Stop a move session of the header.</p>"}, "type": "desc"}]}, {"attributes": {"access": "protected", "line": 1266, "name": "_stopResizeHeader"}, "type": "method", "children": [{"attributes": {"text": "<p>Stop a resize session of the header.</p>"}, "type": "desc"}]}, {"attributes": {"access": "protected", "line": 2324, "name": "_updateContent"}, "type": "method", "children": [{"attributes": {"text": "<p>Updates the content. Sets the right section the table pane should show and\ndoes the scrolling.</p>"}, "type": "desc"}]}, {"attributes": {"access": "protected", "line": 2374, "name": "_updateFocusIndicator"}, "type": "method", "children": [{"attributes": {"text": "<p>Updates the location and the visibility of the focus indicator.</p>"}, "type": "desc"}]}, {"attributes": {"line": 1957, "name": "cancelEditing"}, "type": "method", "children": [{"attributes": {"text": "<p>Stops editing without writing the editor&#8217;s value to the model.</p>"}, "type": "desc"}]}, {"attributes": {"line": 1932, "name": "flushEditor"}, "type": "method", "children": [{"attributes": {"text": "<p>Writes the editor&#8217;s value to the model.</p>"}, "type": "desc"}]}, {"attributes": {"name": "getContextMenuFromDataCellsOnly", "fromProperty": "contextMenuFromDataCellsOnly"}, "type": "method", "children": [{"attributes": {"text": "<p>Returns the (computed) value of the property <code>contextMenuFromDataCellsOnly</code>.</p>\n\n<p>For further details take a look at the property definition: {@link #contextMenuFromDataCellsOnly}.</p>"}, "type": "desc"}, {"attributes": {}, "type": "return", "children": [{"attributes": {"text": "<p>(Computed) value of <code>contextMenuFromDataCellsOnly</code>.</p>"}, "type": "desc"}, {"attributes": {}, "type": "types", "children": [{"attributes": {"type": "var"}, "type": "entry"}]}]}]}, {"attributes": {"name": "getFocusCellOnPointerMove", "fromProperty": "focusCellOnPointerMove"}, "type": "method", "children": [{"attributes": {"text": "<p>Returns the (computed) value of the property <code>focusCellOnPointerMove</code>.</p>\n\n<p>For further details take a look at the property definition: {@link #focusCellOnPointerMove}.</p>"}, "type": "desc"}, {"attributes": {}, "type": "return", "children": [{"attributes": {"text": "<p>(Computed) value of <code>focusCellOnPointerMove</code>.</p>"}, "type": "desc"}, {"attributes": {}, "type": "types", "children": [{"attributes": {"type": "var"}, "type": "entry"}]}]}]}, {"attributes": {"line": 1731, "name": "getFocusedColumn"}, "type": "method", "children": [{"attributes": {"text": "<p>Returns the column of currently focused cell.</p>"}, "type": "desc"}, {"attributes": {}, "type": "return", "children": [{"attributes": {"text": "<p>the model index of the focused cell&#8217;s column.</p>"}, "type": "desc"}, {"attributes": {}, "type": "types", "children": [{"attributes": {"type": "Integer"}, "type": "entry"}]}]}]}, {"attributes": {"line": 1741, "name": "getFocusedRow"}, "type": "method", "children": [{"attributes": {"text": "<p>Returns the row of currently focused cell.</p>"}, "type": "desc"}, {"attributes": {}, "type": "return", "children": [{"attributes": {"text": "<p>the model index of the focused cell&#8217;s column.</p>"}, "type": "desc"}, {"attributes": {}, "type": "types", "children": [{"attributes": {"type": "Integer"}, "type": "entry"}]}]}]}, {"attributes": {"line": 2142, "name": "getHeader"}, "type": "method", "children": [{"attributes": {"text": "<p>Returns the header.</p>"}, "type": "desc"}, {"attributes": {}, "type": "return", "children": [{"attributes": {"text": "<p>the header.</p>"}, "type": "desc"}, {"attributes": {}, "type": "types", "children": [{"attributes": {"type": "qx.ui.table.pane.Header"}, "type": "entry"}]}]}]}, {"attributes": {"name": "getHorizontalScrollBarVisible", "fromProperty": "horizontalScrollBarVisible"}, "type": "method", "children": [{"attributes": {"text": "<p>Returns the (computed) value of the property <code>horizontalScrollBarVisible</code>.</p>\n\n<p>For further details take a look at the property definition: {@link #horizontalScrollBarVisible}.</p>"}, "type": "desc"}, {"attributes": {}, "type": "return", "children": [{"attributes": {"text": "<p>(Computed) value of <code>horizontalScrollBarVisible</code>.</p>"}, "type": "desc"}, {"attributes": {}, "type": "types", "children": [{"attributes": {"type": "var"}, "type": "entry"}]}]}]}, {"attributes": {"name": "getLiveResize", "fromProperty": "liveResize"}, "type": "method", "children": [{"attributes": {"text": "<p>Returns the (computed) value of the property <code>liveResize</code>.</p>\n\n<p>For further details take a look at the property definition: {@link #liveResize}.</p>"}, "type": "desc"}, {"attributes": {}, "type": "return", "children": [{"attributes": {"text": "<p>(Computed) value of <code>liveResize</code>.</p>"}, "type": "desc"}, {"attributes": {}, "type": "types", "children": [{"attributes": {"type": "var"}, "type": "entry"}]}]}]}, {"attributes": {"line": 2182, "name": "getNeededScrollBars"}, "type": "method", "children": [{"attributes": {}, "type": "params", "children": [{"attributes": {"defaultValue": "false", "optional": true, "name": "forceHorizontal"}, "type": "param", "children": [{"attributes": {"text": "<p>Whether to show the horizontal scrollbar always.</p>"}, "type": "desc"}, {"attributes": {}, "type": "types", "children": [{"attributes": {"type": "Boolean"}, "type": "entry"}]}]}, {"attributes": {"defaultValue": "false", "optional": true, "name": "preventVertical"}, "type": "param", "children": [{"attributes": {"text": "<p>Whether to show the vertical scrollbar never.</p>"}, "type": "desc"}, {"attributes": {}, "type": "types", "children": [{"attributes": {"type": "Boolean"}, "type": "entry"}]}]}]}, {"attributes": {"text": "<p>Returns which scrollbars are needed.</p>"}, "type": "desc"}, {"attributes": {}, "type": "return", "children": [{"attributes": {"text": "<p>which scrollbars are needed. This may be any combination of {@link #HORIZONTAL_SCROLLBAR} or {@link #VERTICAL_SCROLLBAR} (combined by OR).</p>"}, "type": "desc"}, {"attributes": {}, "type": "types", "children": [{"attributes": {"type": "Integer"}, "type": "entry"}]}]}]}, {"attributes": {"line": 2245, "name": "getPaneClipper"}, "type": "method", "children": [{"attributes": {"text": "<p>Return the pane clipper. It is sometimes required for special activities\nsuch as tracking events for drag&amp;drop.</p>"}, "type": "desc"}, {"attributes": {}, "type": "return", "children": [{"attributes": {"text": "<p>The pane clipper for this scroller.</p>"}, "type": "desc"}, {"attributes": {}, "type": "types", "children": [{"attributes": {"type": "qx.ui.table.pane.Clipper"}, "type": "entry"}]}]}]}, {"attributes": {"line": 396, "name": "getPaneInsetRight"}, "type": "method", "children": [{"attributes": {"text": "<p>The right inset of the pane. The right inset is the maximum of the\ntop right widget width and the scrollbar width (if visible).</p>"}, "type": "desc"}, {"attributes": {}, "type": "return", "children": [{"attributes": {"text": "<p>The right inset of the pane</p>"}, "type": "desc"}, {"attributes": {}, "type": "types", "children": [{"attributes": {"type": "Integer"}, "type": "entry"}]}]}]}, {"attributes": {"name": "getResetSelectionOnHeaderTap", "fromProperty": "resetSelectionOnHeaderTap"}, "type": "method", "children": [{"attributes": {"text": "<p>Returns the (computed) value of the property <code>resetSelectionOnHeaderTap</code>.</p>\n\n<p>For further details take a look at the property definition: {@link #resetSelectionOnHeaderTap}.</p>"}, "type": "desc"}, {"attributes": {}, "type": "return", "children": [{"attributes": {"text": "<p>(Computed) value of <code>resetSelectionOnHeaderTap</code>.</p>"}, "type": "desc"}, {"attributes": {}, "type": "types", "children": [{"attributes": {"type": "var"}, "type": "entry"}]}]}]}, {"attributes": {"line": 2259, "name": "getScrollAreaContainer"}, "type": "method", "children": [{"attributes": {"text": "<p>Returns the scroll area container widget (which enables more precise\noperations e.g. bounds retrieval for drag session scrolling).</p>"}, "type": "desc"}, {"attributes": {"name": "qx.ui.core.MDragDropScrolling#_getBounds"}, "type": "see", "children": [{"attributes": {"text": ""}, "type": "desc"}]}, {"attributes": {}, "type": "return", "children": [{"attributes": {"text": "<p>The pane clipper for this scroller.</p>"}, "type": "desc"}, {"attributes": {}, "type": "types", "children": [{"attributes": {"type": "qx.ui.table.pane.Clipper"}, "type": "entry"}]}]}]}, {"attributes": {"name": "getScrollTimeout", "fromProperty": "scrollTimeout"}, "type": "method", "children": [{"attributes": {"text": "<p>Returns the (computed) value of the property <code>scrollTimeout</code>.</p>\n\n<p>For further details take a look at the property definition: {@link #scrollTimeout}.</p>"}, "type": "desc"}, {"attributes": {}, "type": "return", "children": [{"attributes": {"text": "<p>(Computed) value of <code>scrollTimeout</code>.</p>"}, "type": "desc"}, {"attributes": {}, "type": "types", "children": [{"attributes": {"type": "var"}, "type": "entry"}]}]}]}, {"attributes": {"line": 558, "name": "getScrollX"}, "type": "method", "children": [{"attributes": {"text": "<p>Get the current position of the vertical scroll bar.</p>"}, "type": "desc"}, {"attributes": {}, "type": "return", "children": [{"attributes": {"text": "<p>The current scroll position.</p>"}, "type": "desc"}, {"attributes": {}, "type": "types", "children": [{"attributes": {"type": "Integer"}, "type": "entry"}]}]}]}, {"attributes": {"line": 532, "name": "getScrollY"}, "type": "method", "children": [{"attributes": {"text": "<p>Get the current position of the vertical scroll bar.</p>"}, "type": "desc"}, {"attributes": {}, "type": "return", "children": [{"attributes": {"text": "<p>The current scroll position.</p>"}, "type": "desc"}, {"attributes": {}, "type": "types", "children": [{"attributes": {"type": "Integer"}, "type": "entry"}]}]}]}, {"attributes": {"name": "getSelectBeforeFocus", "fromProperty": "selectBeforeFocus"}, "type": "method", "children": [{"attributes": {"text": "<p>Returns the (computed) value of the property <code>selectBeforeFocus</code>.</p>\n\n<p>For further details take a look at the property definition: {@link #selectBeforeFocus}.</p>"}, "type": "desc"}, {"attributes": {}, "type": "return", "children": [{"attributes": {"text": "<p>(Computed) value of <code>selectBeforeFocus</code>.</p>"}, "type": "desc"}, {"attributes": {}, "type": "types", "children": [{"attributes": {"type": "var"}, "type": "entry"}]}]}]}, {"attributes": {"name": "getShowCellFocusIndicator", "fromProperty": "showCellFocusIndicator"}, "type": "method", "children": [{"attributes": {"text": "<p>Returns the (computed) value of the property <code>showCellFocusIndicator</code>.</p>\n\n<p>For further details take a look at the property definition: {@link #showCellFocusIndicator}.</p>"}, "type": "desc"}, {"attributes": {}, "type": "return", "children": [{"attributes": {"text": "<p>(Computed) value of <code>showCellFocusIndicator</code>.</p>"}, "type": "desc"}, {"attributes": {}, "type": "types", "children": [{"attributes": {"type": "var"}, "type": "entry"}]}]}]}, {"attributes": {"line": 578, "name": "getTable"}, "type": "method", "children": [{"attributes": {"text": "<p>Returns the table this scroller belongs to.</p>"}, "type": "desc"}, {"attributes": {}, "type": "return", "children": [{"attributes": {"text": "<p>the table.</p>"}, "type": "desc"}, {"attributes": {}, "type": "types", "children": [{"attributes": {"type": "qx.ui.table.Table"}, "type": "entry"}]}]}]}, {"attributes": {"line": 2152, "name": "getTablePane"}, "type": "method", "children": [{"attributes": {"text": "<p>Returns the table pane.</p>"}, "type": "desc"}, {"attributes": {}, "type": "return", "children": [{"attributes": {"text": "<p>the table pane.</p>"}, "type": "desc"}, {"attributes": {}, "type": "types", "children": [{"attributes": {"type": "qx.ui.table.pane.Pane"}, "type": "entry"}]}]}]}, {"attributes": {"name": "getTablePaneModel", "fromProperty": "tablePaneModel"}, "type": "method", "children": [{"attributes": {"text": "<p>Returns the (computed) value of the property <code>tablePaneModel</code>.</p>\n\n<p>For further details take a look at the property definition: {@link #tablePaneModel}.</p>"}, "type": "desc"}, {"attributes": {}, "type": "return", "children": [{"attributes": {"text": "<p>(Computed) value of <code>tablePaneModel</code>.</p>"}, "type": "desc"}, {"attributes": {}, "type": "types", "children": [{"attributes": {"type": "var"}, "type": "entry"}]}]}]}, {"attributes": {"line": 2132, "name": "getTopRightWidget"}, "type": "method", "children": [{"attributes": {"text": "<p>Get the top right widget</p>"}, "type": "desc"}, {"attributes": {}, "type": "return", "children": [{"attributes": {"text": "<p>The top right widget.</p>"}, "type": "desc"}, {"attributes": {}, "type": "types", "children": [{"attributes": {"type": "qx.ui.core.Widget"}, "type": "entry"}]}]}]}, {"attributes": {"name": "getVerticalScrollBarVisible", "fromProperty": "verticalScrollBarVisible"}, "type": "method", "children": [{"attributes": {"text": "<p>Returns the (computed) value of the property <code>verticalScrollBarVisible</code>.</p>\n\n<p>For further details take a look at the property definition: {@link #verticalScrollBarVisible}.</p>"}, "type": "desc"}, {"attributes": {}, "type": "return", "children": [{"attributes": {"text": "<p>(Computed) value of <code>verticalScrollBarVisible</code>.</p>"}, "type": "desc"}, {"attributes": {}, "type": "types", "children": [{"attributes": {"type": "var"}, "type": "entry"}]}]}]}, {"attributes": {"access": "internal", "isInternal": true, "line": 2164, "name": "getVerticalScrollBarWidth"}, "type": "method", "children": [{"attributes": {"text": "<p>Get the rendered width of the vertical scroll bar. The return value is\n<code>0</code> if the scroll bar is invisible or not yet rendered.</p>"}, "type": "desc"}, {"attributes": {}, "type": "return", "children": [{"attributes": {"text": "<p>The width of the vertical scroll bar</p>"}, "type": "desc"}, {"attributes": {}, "type": "types", "children": [{"attributes": {"type": "Integer"}, "type": "entry"}]}]}]}, {"attributes": {"line": 1680, "name": "hideColumnMoveFeedback"}, "type": "method", "children": [{"attributes": {"text": "<p>Hides the feedback shown while a column is moved by the user.</p>"}, "type": "desc"}]}, {"attributes": {"access": "protected", "name": "initContextMenuFromDataCellsOnly", "fromProperty": "contextMenuFromDataCellsOnly"}, "type": "method", "children": [{"attributes": {}, "type": "params", "children": [{"attributes": {"name": "value"}, "type": "param", "children": [{"attributes": {"text": "<p>Initial value for property <code>contextMenuFromDataCellsOnly</code>.</p>"}, "type": "desc"}, {"attributes": {}, "type": "types", "children": [{"attributes": {"type": "var"}, "type": "entry"}]}]}]}, {"attributes": {"text": "<p>Calls the apply method and dispatches the change event of the property <code>contextMenuFromDataCellsOnly</code>\nwith the default value defined by the class developer. This function can\nonly be called from the constructor of a class.</p>\n\n<p>For further details take a look at the property definition: {@link #contextMenuFromDataCellsOnly}.</p>"}, "type": "desc"}, {"attributes": {}, "type": "return", "children": [{"attributes": {"text": "<p>the default value</p>"}, "type": "desc"}, {"attributes": {}, "type": "types", "children": [{"attributes": {"type": "var"}, "type": "entry"}]}]}]}, {"attributes": {"access": "protected", "name": "initFocusCellOnPointerMove", "fromProperty": "focusCellOnPointerMove"}, "type": "method", "children": [{"attributes": {}, "type": "params", "children": [{"attributes": {"name": "value"}, "type": "param", "children": [{"attributes": {"text": "<p>Initial value for property <code>focusCellOnPointerMove</code>.</p>"}, "type": "desc"}, {"attributes": {}, "type": "types", "children": [{"attributes": {"type": "var"}, "type": "entry"}]}]}]}, {"attributes": {"text": "<p>Calls the apply method and dispatches the change event of the property <code>focusCellOnPointerMove</code>\nwith the default value defined by the class developer. This function can\nonly be called from the constructor of a class.</p>\n\n<p>For further details take a look at the property definition: {@link #focusCellOnPointerMove}.</p>"}, "type": "desc"}, {"attributes": {}, "type": "return", "children": [{"attributes": {"text": "<p>the default value</p>"}, "type": "desc"}, {"attributes": {}, "type": "types", "children": [{"attributes": {"type": "var"}, "type": "entry"}]}]}]}, {"attributes": {"access": "protected", "name": "initHorizontalScrollBarVisible", "fromProperty": "horizontalScrollBarVisible"}, "type": "method", "children": [{"attributes": {}, "type": "params", "children": [{"attributes": {"name": "value"}, "type": "param", "children": [{"attributes": {"text": "<p>Initial value for property <code>horizontalScrollBarVisible</code>.</p>"}, "type": "desc"}, {"attributes": {}, "type": "types", "children": [{"attributes": {"type": "var"}, "type": "entry"}]}]}]}, {"attributes": {"text": "<p>Calls the apply method and dispatches the change event of the property <code>horizontalScrollBarVisible</code>\nwith the default value defined by the class developer. This function can\nonly be called from the constructor of a class.</p>\n\n<p>For further details take a look at the property definition: {@link #horizontalScrollBarVisible}.</p>"}, "type": "desc"}, {"attributes": {}, "type": "return", "children": [{"attributes": {"text": "<p>the default value</p>"}, "type": "desc"}, {"attributes": {}, "type": "types", "children": [{"attributes": {"type": "var"}, "type": "entry"}]}]}]}, {"attributes": {"access": "protected", "name": "initLiveResize", "fromProperty": "liveResize"}, "type": "method", "children": [{"attributes": {}, "type": "params", "children": [{"attributes": {"name": "value"}, "type": "param", "children": [{"attributes": {"text": "<p>Initial value for property <code>liveResize</code>.</p>"}, "type": "desc"}, {"attributes": {}, "type": "types", "children": [{"attributes": {"type": "var"}, "type": "entry"}]}]}]}, {"attributes": {"text": "<p>Calls the apply method and dispatches the change event of the property <code>liveResize</code>\nwith the default value defined by the class developer. This function can\nonly be called from the constructor of a class.</p>\n\n<p>For further details take a look at the property definition: {@link #liveResize}.</p>"}, "type": "desc"}, {"attributes": {}, "type": "return", "children": [{"attributes": {"text": "<p>the default value</p>"}, "type": "desc"}, {"attributes": {}, "type": "types", "children": [{"attributes": {"type": "var"}, "type": "entry"}]}]}]}, {"attributes": {"access": "protected", "name": "initResetSelectionOnHeaderTap", "fromProperty": "resetSelectionOnHeaderTap"}, "type": "method", "children": [{"attributes": {}, "type": "params", "children": [{"attributes": {"name": "value"}, "type": "param", "children": [{"attributes": {"text": "<p>Initial value for property <code>resetSelectionOnHeaderTap</code>.</p>"}, "type": "desc"}, {"attributes": {}, "type": "types", "children": [{"attributes": {"type": "var"}, "type": "entry"}]}]}]}, {"attributes": {"text": "<p>Calls the apply method and dispatches the change event of the property <code>resetSelectionOnHeaderTap</code>\nwith the default value defined by the class developer. This function can\nonly be called from the constructor of a class.</p>\n\n<p>For further details take a look at the property definition: {@link #resetSelectionOnHeaderTap}.</p>"}, "type": "desc"}, {"attributes": {}, "type": "return", "children": [{"attributes": {"text": "<p>the default value</p>"}, "type": "desc"}, {"attributes": {}, "type": "types", "children": [{"attributes": {"type": "var"}, "type": "entry"}]}]}]}, {"attributes": {"access": "protected", "name": "initScrollTimeout", "fromProperty": "scrollTimeout"}, "type": "method", "children": [{"attributes": {}, "type": "params", "children": [{"attributes": {"name": "value"}, "type": "param", "children": [{"attributes": {"text": "<p>Initial value for property <code>scrollTimeout</code>.</p>"}, "type": "desc"}, {"attributes": {}, "type": "types", "children": [{"attributes": {"type": "var"}, "type": "entry"}]}]}]}, {"attributes": {"text": "<p>Calls the apply method and dispatches the change event of the property <code>scrollTimeout</code>\nwith the default value defined by the class developer. This function can\nonly be called from the constructor of a class.</p>\n\n<p>For further details take a look at the property definition: {@link #scrollTimeout}.</p>"}, "type": "desc"}, {"attributes": {}, "type": "return", "children": [{"attributes": {"text": "<p>the default value</p>"}, "type": "desc"}, {"attributes": {}, "type": "types", "children": [{"attributes": {"type": "var"}, "type": "entry"}]}]}]}, {"attributes": {"access": "protected", "name": "initSelectBeforeFocus", "fromProperty": "selectBeforeFocus"}, "type": "method", "children": [{"attributes": {}, "type": "params", "children": [{"attributes": {"name": "value"}, "type": "param", "children": [{"attributes": {"text": "<p>Initial value for property <code>selectBeforeFocus</code>.</p>"}, "type": "desc"}, {"attributes": {}, "type": "types", "children": [{"attributes": {"type": "var"}, "type": "entry"}]}]}]}, {"attributes": {"text": "<p>Calls the apply method and dispatches the change event of the property <code>selectBeforeFocus</code>\nwith the default value defined by the class developer. This function can\nonly be called from the constructor of a class.</p>\n\n<p>For further details take a look at the property definition: {@link #selectBeforeFocus}.</p>"}, "type": "desc"}, {"attributes": {}, "type": "return", "children": [{"attributes": {"text": "<p>the default value</p>"}, "type": "desc"}, {"attributes": {}, "type": "types", "children": [{"attributes": {"type": "var"}, "type": "entry"}]}]}]}, {"attributes": {"access": "protected", "name": "initShowCellFocusIndicator", "fromProperty": "showCellFocusIndicator"}, "type": "method", "children": [{"attributes": {}, "type": "params", "children": [{"attributes": {"name": "value"}, "type": "param", "children": [{"attributes": {"text": "<p>Initial value for property <code>showCellFocusIndicator</code>.</p>"}, "type": "desc"}, {"attributes": {}, "type": "types", "children": [{"attributes": {"type": "var"}, "type": "entry"}]}]}]}, {"attributes": {"text": "<p>Calls the apply method and dispatches the change event of the property <code>showCellFocusIndicator</code>\nwith the default value defined by the class developer. This function can\nonly be called from the constructor of a class.</p>\n\n<p>For further details take a look at the property definition: {@link #showCellFocusIndicator}.</p>"}, "type": "desc"}, {"attributes": {}, "type": "return", "children": [{"attributes": {"text": "<p>the default value</p>"}, "type": "desc"}, {"attributes": {}, "type": "types", "children": [{"attributes": {"type": "var"}, "type": "entry"}]}]}]}, {"attributes": {"access": "protected", "name": "initTablePaneModel", "fromProperty": "tablePaneModel"}, "type": "method", "children": [{"attributes": {}, "type": "params", "children": [{"attributes": {"name": "value"}, "type": "param", "children": [{"attributes": {"text": "<p>Initial value for property <code>tablePaneModel</code>.</p>"}, "type": "desc"}, {"attributes": {}, "type": "types", "children": [{"attributes": {"type": "var"}, "type": "entry"}]}]}]}, {"attributes": {"text": "<p>Calls the apply method and dispatches the change event of the property <code>tablePaneModel</code>\nwith the default value defined by the class developer. This function can\nonly be called from the constructor of a class.</p>\n\n<p>For further details take a look at the property definition: {@link #tablePaneModel}.</p>"}, "type": "desc"}, {"attributes": {}, "type": "return", "children": [{"attributes": {"text": "<p>the default value</p>"}, "type": "desc"}, {"attributes": {}, "type": "types", "children": [{"attributes": {"type": "var"}, "type": "entry"}]}]}]}, {"attributes": {"access": "protected", "name": "initVerticalScrollBarVisible", "fromProperty": "verticalScrollBarVisible"}, "type": "method", "children": [{"attributes": {}, "type": "params", "children": [{"attributes": {"name": "value"}, "type": "param", "children": [{"attributes": {"text": "<p>Initial value for property <code>verticalScrollBarVisible</code>.</p>"}, "type": "desc"}, {"attributes": {}, "type": "types", "children": [{"attributes": {"type": "var"}, "type": "entry"}]}]}]}, {"attributes": {"text": "<p>Calls the apply method and dispatches the change event of the property <code>verticalScrollBarVisible</code>\nwith the default value defined by the class developer. This function can\nonly be called from the constructor of a class.</p>\n\n<p>For further details take a look at the property definition: {@link #verticalScrollBarVisible}.</p>"}, "type": "desc"}, {"attributes": {}, "type": "return", "children": [{"attributes": {"text": "<p>the default value</p>"}, "type": "desc"}, {"attributes": {}, "type": "types", "children": [{"attributes": {"type": "var"}, "type": "entry"}]}]}]}, {"attributes": {"name": "isContextMenuFromDataCellsOnly", "fromProperty": "contextMenuFromDataCellsOnly"}, "type": "method", "children": [{"attributes": {"text": "<p>Check whether the (computed) value of the boolean property <code>contextMenuFromDataCellsOnly</code> equals <code>true</code>.</p>\n\n<p>For further details take a look at the property definition: {@link #contextMenuFromDataCellsOnly}.</p>"}, "type": "desc"}, {"attributes": {}, "type": "return", "children": [{"attributes": {"text": "<p>Whether the property equals <code>true</code>.</p>"}, "type": "desc"}, {"attributes": {}, "type": "types", "children": [{"attributes": {"type": "Boolean"}, "type": "entry"}]}]}]}, {"attributes": {"line": 1796, "name": "isEditing"}, "type": "method", "children": [{"attributes": {"text": "<p>Returns whether currently a cell is editing.</p>"}, "type": "desc"}, {"attributes": {}, "type": "return", "children": [{"attributes": {"text": "<p>whether currently a cell is editing.</p>"}, "type": "desc"}, {"attributes": {}, "type": "types", "children": [{"attributes": {"type": "var"}, "type": "entry"}]}]}]}, {"attributes": {"name": "isFocusCellOnPointerMove", "fromProperty": "focusCellOnPointerMove"}, "type": "method", "children": [{"attributes": {"text": "<p>Check whether the (computed) value of the boolean property <code>focusCellOnPointerMove</code> equals <code>true</code>.</p>\n\n<p>For further details take a look at the property definition: {@link #focusCellOnPointerMove}.</p>"}, "type": "desc"}, {"attributes": {}, "type": "return", "children": [{"attributes": {"text": "<p>Whether the property equals <code>true</code>.</p>"}, "type": "desc"}, {"attributes": {}, "type": "types", "children": [{"attributes": {"type": "Boolean"}, "type": "entry"}]}]}]}, {"attributes": {"name": "isHorizontalScrollBarVisible", "fromProperty": "horizontalScrollBarVisible"}, "type": "method", "children": [{"attributes": {"text": "<p>Check whether the (computed) value of the boolean property <code>horizontalScrollBarVisible</code> equals <code>true</code>.</p>\n\n<p>For further details take a look at the property definition: {@link #horizontalScrollBarVisible}.</p>"}, "type": "desc"}, {"attributes": {}, "type": "return", "children": [{"attributes": {"text": "<p>Whether the property equals <code>true</code>.</p>"}, "type": "desc"}, {"attributes": {}, "type": "types", "children": [{"attributes": {"type": "Boolean"}, "type": "entry"}]}]}]}, {"attributes": {"name": "isLiveResize", "fromProperty": "liveResize"}, "type": "method", "children": [{"attributes": {"text": "<p>Check whether the (computed) value of the boolean property <code>liveResize</code> equals <code>true</code>.</p>\n\n<p>For further details take a look at the property definition: {@link #liveResize}.</p>"}, "type": "desc"}, {"attributes": {}, "type": "return", "children": [{"attributes": {"text": "<p>Whether the property equals <code>true</code>.</p>"}, "type": "desc"}, {"attributes": {}, "type": "types", "children": [{"attributes": {"type": "Boolean"}, "type": "entry"}]}]}]}, {"attributes": {"name": "isResetSelectionOnHeaderTap", "fromProperty": "resetSelectionOnHeaderTap"}, "type": "method", "children": [{"attributes": {"text": "<p>Check whether the (computed) value of the boolean property <code>resetSelectionOnHeaderTap</code> equals <code>true</code>.</p>\n\n<p>For further details take a look at the property definition: {@link #resetSelectionOnHeaderTap}.</p>"}, "type": "desc"}, {"attributes": {}, "type": "return", "children": [{"attributes": {"text": "<p>Whether the property equals <code>true</code>.</p>"}, "type": "desc"}, {"attributes": {}, "type": "types", "children": [{"attributes": {"type": "Boolean"}, "type": "entry"}]}]}]}, {"attributes": {"name": "isSelectBeforeFocus", "fromProperty": "selectBeforeFocus"}, "type": "method", "children": [{"attributes": {"text": "<p>Check whether the (computed) value of the boolean property <code>selectBeforeFocus</code> equals <code>true</code>.</p>\n\n<p>For further details take a look at the property definition: {@link #selectBeforeFocus}.</p>"}, "type": "desc"}, {"attributes": {}, "type": "return", "children": [{"attributes": {"text": "<p>Whether the property equals <code>true</code>.</p>"}, "type": "desc"}, {"attributes": {}, "type": "types", "children": [{"attributes": {"type": "Boolean"}, "type": "entry"}]}]}]}, {"attributes": {"name": "isShowCellFocusIndicator", "fromProperty": "showCellFocusIndicator"}, "type": "method", "children": [{"attributes": {"text": "<p>Check whether the (computed) value of the boolean property <code>showCellFocusIndicator</code> equals <code>true</code>.</p>\n\n<p>For further details take a look at the property definition: {@link #showCellFocusIndicator}.</p>"}, "type": "desc"}, {"attributes": {}, "type": "return", "children": [{"attributes": {"text": "<p>Whether the property equals <code>true</code>.</p>"}, "type": "desc"}, {"attributes": {}, "type": "types", "children": [{"attributes": {"type": "Boolean"}, "type": "entry"}]}]}]}, {"attributes": {"name": "isVerticalScrollBarVisible", "fromProperty": "verticalScrollBarVisible"}, "type": "method", "children": [{"attributes": {"text": "<p>Check whether the (computed) value of the boolean property <code>verticalScrollBarVisible</code> equals <code>true</code>.</p>\n\n<p>For further details take a look at the property definition: {@link #verticalScrollBarVisible}.</p>"}, "type": "desc"}, {"attributes": {}, "type": "return", "children": [{"attributes": {"text": "<p>Whether the property equals <code>true</code>.</p>"}, "type": "desc"}, {"attributes": {}, "type": "types", "children": [{"attributes": {"type": "Boolean"}, "type": "entry"}]}]}]}, {"attributes": {"line": 642, "name": "onColOrderChanged"}, "type": "method", "children": [{"attributes": {"text": "<p>Event handler. Called when the column order has changed.</p>"}, "type": "desc"}]}, {"attributes": {"line": 608, "name": "onColVisibilityChanged"}, "type": "method", "children": [{"attributes": {"text": "<p>Event handler. Called when the visibility of a column has changed.</p>"}, "type": "desc"}]}, {"attributes": {"line": 692, "name": "onFocusChanged"}, "type": "method", "children": [{"attributes": {"text": "<p>Event handler. Called when the table gets or looses the focus.</p>"}, "type": "desc"}]}, {"attributes": {"line": 813, "name": "onKeepFirstVisibleRowCompleteChanged"}, "type": "method", "children": [{"attributes": {"text": "<p>Event handler. Called when the table property &#8220;keepFirstVisibleRowComplete&#8221;\nchanged.</p>"}, "type": "desc"}]}, {"attributes": {"line": 684, "name": "onSelectionChanged"}, "type": "method", "children": [{"attributes": {"text": "<p>Event handler. Called when the selection has changed.</p>"}, "type": "desc"}]}, {"attributes": {"line": 659, "name": "onTableModelDataChanged"}, "type": "method", "children": [{"attributes": {}, "type": "params", "children": [{"attributes": {"name": "firstRow"}, "type": "param", "children": [{"attributes": {"text": "<p>The index of the first row that has changed.</p>"}, "type": "desc"}, {"attributes": {}, "type": "types", "children": [{"attributes": {"type": "Integer"}, "type": "entry"}]}]}, {"attributes": {"name": "lastRow"}, "type": "param", "children": [{"attributes": {"text": "<p>The index of the last row that has changed.</p>"}, "type": "desc"}, {"attributes": {}, "type": "types", "children": [{"attributes": {"type": "Integer"}, "type": "entry"}]}]}, {"attributes": {"name": "firstColumn"}, "type": "param", "children": [{"attributes": {"text": "<p>The model index of the first column that has changed.</p>"}, "type": "desc"}, {"attributes": {}, "type": "types", "children": [{"attributes": {"type": "Integer"}, "type": "entry"}]}]}, {"attributes": {"name": "lastColumn"}, "type": "param", "children": [{"attributes": {"text": "<p>The model index of the last column that has changed.</p>"}, "type": "desc"}, {"attributes": {}, "type": "types", "children": [{"attributes": {"type": "Integer"}, "type": "entry"}]}]}]}, {"attributes": {"text": "<p>Event handler. Called when the table model has changed.</p>"}, "type": "desc"}]}, {"attributes": {"line": 701, "name": "onTableModelMetaDataChanged"}, "type": "method", "children": [{"attributes": {"text": "<p>Event handler. Called when the table model meta data has changed.</p>"}, "type": "desc"}]}, {"attributes": {"name": "resetContextMenuFromDataCellsOnly", "fromProperty": "contextMenuFromDataCellsOnly"}, "type": "method", "children": [{"attributes": {"text": "<p>Resets the user value of the property <code>contextMenuFromDataCellsOnly</code>.</p>\n\n<p>The computed value falls back to the next available value e.g. appearance, init or\ninheritance value depeneding on the property configuration and value availability.</p>\n\n<p>For further details take a look at the property definition: {@link #contextMenuFromDataCellsOnly}.</p>"}, "type": "desc"}]}, {"attributes": {"name": "resetFocusCellOnPointerMove", "fromProperty": "focusCellOnPointerMove"}, "type": "method", "children": [{"attributes": {"text": "<p>Resets the user value of the property <code>focusCellOnPointerMove</code>.</p>\n\n<p>The computed value falls back to the next available value e.g. appearance, init or\ninheritance value depeneding on the property configuration and value availability.</p>\n\n<p>For further details take a look at the property definition: {@link #focusCellOnPointerMove}.</p>"}, "type": "desc"}]}, {"attributes": {"name": "resetHorizontalScrollBarVisible", "fromProperty": "horizontalScrollBarVisible"}, "type": "method", "children": [{"attributes": {"text": "<p>Resets the user value of the property <code>horizontalScrollBarVisible</code>.</p>\n\n<p>The computed value falls back to the next available value e.g. appearance, init or\ninheritance value depeneding on the property configuration and value availability.</p>\n\n<p>For further details take a look at the property definition: {@link #horizontalScrollBarVisible}.</p>"}, "type": "desc"}]}, {"attributes": {"name": "resetLiveResize", "fromProperty": "liveResize"}, "type": "method", "children": [{"attributes": {"text": "<p>Resets the user value of the property <code>liveResize</code>.</p>\n\n<p>The computed value falls back to the next available value e.g. appearance, init or\ninheritance value depeneding on the property configuration and value availability.</p>\n\n<p>For further details take a look at the property definition: {@link #liveResize}.</p>"}, "type": "desc"}]}, {"attributes": {"name": "resetResetSelectionOnHeaderTap", "fromProperty": "resetSelectionOnHeaderTap"}, "type": "method", "children": [{"attributes": {"text": "<p>Resets the user value of the property <code>resetSelectionOnHeaderTap</code>.</p>\n\n<p>The computed value falls back to the next available value e.g. appearance, init or\ninheritance value depeneding on the property configuration and value availability.</p>\n\n<p>For further details take a look at the property definition: {@link #resetSelectionOnHeaderTap}.</p>"}, "type": "desc"}]}, {"attributes": {"name": "resetScrollTimeout", "fromProperty": "scrollTimeout"}, "type": "method", "children": [{"attributes": {"text": "<p>Resets the user value of the property <code>scrollTimeout</code>.</p>\n\n<p>The computed value falls back to the next available value e.g. appearance, init or\ninheritance value depeneding on the property configuration and value availability.</p>\n\n<p>For further details take a look at the property definition: {@link #scrollTimeout}.</p>"}, "type": "desc"}]}, {"attributes": {"name": "resetSelectBeforeFocus", "fromProperty": "selectBeforeFocus"}, "type": "method", "children": [{"attributes": {"text": "<p>Resets the user value of the property <code>selectBeforeFocus</code>.</p>\n\n<p>The computed value falls back to the next available value e.g. appearance, init or\ninheritance value depeneding on the property configuration and value availability.</p>\n\n<p>For further details take a look at the property definition: {@link #selectBeforeFocus}.</p>"}, "type": "desc"}]}, {"attributes": {"name": "resetShowCellFocusIndicator", "fromProperty": "showCellFocusIndicator"}, "type": "method", "children": [{"attributes": {"text": "<p>Resets the user value of the property <code>showCellFocusIndicator</code>.</p>\n\n<p>The computed value falls back to the next available value e.g. appearance, init or\ninheritance value depeneding on the property configuration and value availability.</p>\n\n<p>For further details take a look at the property definition: {@link #showCellFocusIndicator}.</p>"}, "type": "desc"}]}, {"attributes": {"name": "resetTablePaneModel", "fromProperty": "tablePaneModel"}, "type": "method", "children": [{"attributes": {"text": "<p>Resets the user value of the property <code>tablePaneModel</code>.</p>\n\n<p>The computed value falls back to the next available value e.g. appearance, init or\ninheritance value depeneding on the property configuration and value availability.</p>\n\n<p>For further details take a look at the property definition: {@link #tablePaneModel}.</p>"}, "type": "desc"}]}, {"attributes": {"name": "resetVerticalScrollBarVisible", "fromProperty": "verticalScrollBarVisible"}, "type": "method", "children": [{"attributes": {"text": "<p>Resets the user value of the property <code>verticalScrollBarVisible</code>.</p>\n\n<p>The computed value falls back to the next available value e.g. appearance, init or\ninheritance value depeneding on the property configuration and value availability.</p>\n\n<p>For further details take a look at the property definition: {@link #verticalScrollBarVisible}.</p>"}, "type": "desc"}]}, {"attributes": {"line": 1752, "name": "scrollCellVisible"}, "type": "method", "children": [{"attributes": {}, "type": "params", "children": [{"attributes": {"name": "col"}, "type": "param", "children": [{"attributes": {"text": "<p>the model index of the column the cell belongs to.</p>"}, "type": "desc"}, {"attributes": {}, "type": "types", "children": [{"attributes": {"type": "Integer"}, "type": "entry"}]}]}, {"attributes": {"name": "row"}, "type": "param", "children": [{"attributes": {"text": "<p>the model index of the row the cell belongs to.</p>"}, "type": "desc"}, {"attributes": {}, "type": "types", "children": [{"attributes": {"type": "Integer"}, "type": "entry"}]}]}]}, {"attributes": {"text": "<p>Scrolls a cell visible.</p>"}, "type": "desc"}]}, {"attributes": {"line": 621, "name": "setColumnWidth"}, "type": "method", "children": [{"attributes": {}, "type": "params", "children": [{"attributes": {"name": "col"}, "type": "param", "children": [{"attributes": {"text": "<p>the column to change the width for.</p>"}, "type": "desc"}, {"attributes": {}, "type": "types", "children": [{"attributes": {"type": "Integer"}, "type": "entry"}]}]}, {"attributes": {"name": "width"}, "type": "param", "children": [{"attributes": {"text": "<p>the new width.</p>"}, "type": "desc"}, {"attributes": {}, "type": "types", "children": [{"attributes": {"type": "Integer"}, "type": "entry"}]}]}]}, {"attributes": {"text": "<p>Sets the column width.</p>"}, "type": "desc"}]}, {"attributes": {"name": "setContextMenuFromDataCellsOnly", "fromProperty": "contextMenuFromDataCellsOnly"}, "type": "method", "children": [{"attributes": {}, "type": "params", "children": [{"attributes": {"name": "value"}, "type": "param", "children": [{"attributes": {"text": "<p>New value for property <code>contextMenuFromDataCellsOnly</code>.</p>"}, "type": "desc"}, {"attributes": {}, "type": "types", "children": [{"attributes": {"type": "var"}, "type": "entry"}]}]}]}, {"attributes": {"text": "<p>Sets the user value of the property <code>contextMenuFromDataCellsOnly</code>.</p>\n\n<p>For further details take a look at the property definition: {@link #contextMenuFromDataCellsOnly}.</p>"}, "type": "desc"}, {"attributes": {}, "type": "return", "children": [{"attributes": {"text": "<p>The unmodified incoming value.</p>"}, "type": "desc"}, {"attributes": {}, "type": "types", "children": [{"attributes": {"type": "var"}, "type": "entry"}]}]}]}, {"attributes": {"name": "setFocusCellOnPointerMove", "fromProperty": "focusCellOnPointerMove"}, "type": "method", "children": [{"attributes": {}, "type": "params", "children": [{"attributes": {"name": "value"}, "type": "param", "children": [{"attributes": {"text": "<p>New value for property <code>focusCellOnPointerMove</code>.</p>"}, "type": "desc"}, {"attributes": {}, "type": "types", "children": [{"attributes": {"type": "var"}, "type": "entry"}]}]}]}, {"attributes": {"text": "<p>Sets the user value of the property <code>focusCellOnPointerMove</code>.</p>\n\n<p>For further details take a look at the property definition: {@link #focusCellOnPointerMove}.</p>"}, "type": "desc"}, {"attributes": {}, "type": "return", "children": [{"attributes": {"text": "<p>The unmodified incoming value.</p>"}, "type": "desc"}, {"attributes": {}, "type": "types", "children": [{"attributes": {"type": "var"}, "type": "entry"}]}]}]}, {"attributes": {"line": 1712, "name": "setFocusedCell"}, "type": "method", "children": [{"attributes": {}, "type": "params", "children": [{"attributes": {"name": "col"}, "type": "param", "children": [{"attributes": {"text": "<p>the model index of the focused cell&#8217;s column.</p>"}, "type": "desc"}, {"attributes": {}, "type": "types", "children": [{"attributes": {"type": "Integer"}, "type": "entry"}]}]}, {"attributes": {"name": "row"}, "type": "param", "children": [{"attributes": {"text": "<p>the model index of the focused cell&#8217;s row.</p>"}, "type": "desc"}, {"attributes": {}, "type": "types", "children": [{"attributes": {"type": "Integer"}, "type": "entry"}]}]}]}, {"attributes": {"text": "<p>Sets the currently focused cell.</p>"}, "type": "desc"}]}, {"attributes": {"name": "setHorizontalScrollBarVisible", "fromProperty": "horizontalScrollBarVisible"}, "type": "method", "children": [{"attributes": {}, "type": "params", "children": [{"attributes": {"name": "value"}, "type": "param", "children": [{"attributes": {"text": "<p>New value for property <code>horizontalScrollBarVisible</code>.</p>"}, "type": "desc"}, {"attributes": {}, "type": "types", "children": [{"attributes": {"type": "var"}, "type": "entry"}]}]}]}, {"attributes": {"text": "<p>Sets the user value of the property <code>horizontalScrollBarVisible</code>.</p>\n\n<p>For further details take a look at the property definition: {@link #horizontalScrollBarVisible}.</p>"}, "type": "desc"}, {"attributes": {}, "type": "return", "children": [{"attributes": {"text": "<p>The unmodified incoming value.</p>"}, "type": "desc"}, {"attributes": {}, "type": "types", "children": [{"attributes": {"type": "var"}, "type": "entry"}]}]}]}, {"attributes": {"name": "setLiveResize", "fromProperty": "liveResize"}, "type": "method", "children": [{"attributes": {}, "type": "params", "children": [{"attributes": {"name": "value"}, "type": "param", "children": [{"attributes": {"text": "<p>New value for property <code>liveResize</code>.</p>"}, "type": "desc"}, {"attributes": {}, "type": "types", "children": [{"attributes": {"type": "var"}, "type": "entry"}]}]}]}, {"attributes": {"text": "<p>Sets the user value of the property <code>liveResize</code>.</p>\n\n<p>For further details take a look at the property definition: {@link #liveResize}.</p>"}, "type": "desc"}, {"attributes": {}, "type": "return", "children": [{"attributes": {"text": "<p>The unmodified incoming value.</p>"}, "type": "desc"}, {"attributes": {}, "type": "types", "children": [{"attributes": {"type": "var"}, "type": "entry"}]}]}]}, {"attributes": {"line": 418, "name": "setPaneWidth"}, "type": "method", "children": [{"attributes": {}, "type": "params", "children": [{"attributes": {"name": "width"}, "type": "param", "children": [{"attributes": {"text": "<p>The pane&#8217;s width</p>"}, "type": "desc"}, {"attributes": {}, "type": "types", "children": [{"attributes": {"type": "Integer"}, "type": "entry"}]}]}]}, {"attributes": {"text": "<p>Set the pane&#8217;s width</p>"}, "type": "desc"}]}, {"attributes": {"name": "setResetSelectionOnHeaderTap", "fromProperty": "resetSelectionOnHeaderTap"}, "type": "method", "children": [{"attributes": {}, "type": "params", "children": [{"attributes": {"name": "value"}, "type": "param", "children": [{"attributes": {"text": "<p>New value for property <code>resetSelectionOnHeaderTap</code>.</p>"}, "type": "desc"}, {"attributes": {}, "type": "types", "children": [{"attributes": {"type": "var"}, "type": "entry"}]}]}]}, {"attributes": {"text": "<p>Sets the user value of the property <code>resetSelectionOnHeaderTap</code>.</p>\n\n<p>For further details take a look at the property definition: {@link #resetSelectionOnHeaderTap}.</p>"}, "type": "desc"}, {"attributes": {}, "type": "return", "children": [{"attributes": {"text": "<p>The unmodified incoming value.</p>"}, "type": "desc"}, {"attributes": {}, "type": "types", "children": [{"attributes": {"type": "var"}, "type": "entry"}]}]}]}, {"attributes": {"name": "setScrollTimeout", "fromProperty": "scrollTimeout"}, "type": "method", "children": [{"attributes": {}, "type": "params", "children": [{"attributes": {"name": "value"}, "type": "param", "children": [{"attributes": {"text": "<p>New value for property <code>scrollTimeout</code>.</p>"}, "type": "desc"}, {"attributes": {}, "type": "types", "children": [{"attributes": {"type": "var"}, "type": "entry"}]}]}]}, {"attributes": {"text": "<p>Sets the user value of the property <code>scrollTimeout</code>.</p>\n\n<p>For further details take a look at the property definition: {@link #scrollTimeout}.</p>"}, "type": "desc"}, {"attributes": {}, "type": "return", "children": [{"attributes": {"text": "<p>The unmodified incoming value.</p>"}, "type": "desc"}, {"attributes": {}, "type": "types", "children": [{"attributes": {"type": "var"}, "type": "entry"}]}]}]}, {"attributes": {"line": 568, "name": "setScrollX"}, "type": "method", "children": [{"attributes": {}, "type": "params", "children": [{"attributes": {"name": "scrollX"}, "type": "param", "children": [{"attributes": {"text": "<p>The new scroll position.</p>"}, "type": "desc"}, {"attributes": {}, "type": "types", "children": [{"attributes": {"type": "Integer"}, "type": "entry"}]}]}]}, {"attributes": {"text": "<p>Set the current position of the vertical scroll bar.</p>"}, "type": "desc"}]}, {"attributes": {"line": 544, "name": "setScrollY"}, "type": "method", "children": [{"attributes": {}, "type": "params", "children": [{"attributes": {"name": "scrollY"}, "type": "param", "children": [{"attributes": {"text": "<p>The new scroll position.</p>"}, "type": "desc"}, {"attributes": {}, "type": "types", "children": [{"attributes": {"type": "Integer"}, "type": "entry"}]}]}, {"attributes": {"defaultValue": "false", "optional": true, "name": "renderSync"}, "type": "param", "children": [{"attributes": {"text": "<p>Whether the table update should be performed synchonously.</p>"}, "type": "desc"}, {"attributes": {}, "type": "types", "children": [{"attributes": {"type": "Boolean"}, "type": "entry"}]}]}]}, {"attributes": {"text": "<p>Set the current position of the vertical scroll bar.</p>"}, "type": "desc"}]}, {"attributes": {"name": "setSelectBeforeFocus", "fromProperty": "selectBeforeFocus"}, "type": "method", "children": [{"attributes": {}, "type": "params", "children": [{"attributes": {"name": "value"}, "type": "param", "children": [{"attributes": {"text": "<p>New value for property <code>selectBeforeFocus</code>.</p>"}, "type": "desc"}, {"attributes": {}, "type": "types", "children": [{"attributes": {"type": "var"}, "type": "entry"}]}]}]}, {"attributes": {"text": "<p>Sets the user value of the property <code>selectBeforeFocus</code>.</p>\n\n<p>For further details take a look at the property definition: {@link #selectBeforeFocus}.</p>"}, "type": "desc"}, {"attributes": {}, "type": "return", "children": [{"attributes": {"text": "<p>The unmodified incoming value.</p>"}, "type": "desc"}, {"attributes": {}, "type": "types", "children": [{"attributes": {"type": "var"}, "type": "entry"}]}]}]}, {"attributes": {"name": "setShowCellFocusIndicator", "fromProperty": "showCellFocusIndicator"}, "type": "method", "children": [{"attributes": {}, "type": "params", "children": [{"attributes": {"name": "value"}, "type": "param", "children": [{"attributes": {"text": "<p>New value for property <code>showCellFocusIndicator</code>.</p>"}, "type": "desc"}, {"attributes": {}, "type": "types", "children": [{"attributes": {"type": "var"}, "type": "entry"}]}]}]}, {"attributes": {"text": "<p>Sets the user value of the property <code>showCellFocusIndicator</code>.</p>\n\n<p>For further details take a look at the property definition: {@link #showCellFocusIndicator}.</p>"}, "type": "desc"}, {"attributes": {}, "type": "return", "children": [{"attributes": {"text": "<p>The unmodified incoming value.</p>"}, "type": "desc"}, {"attributes": {}, "type": "types", "children": [{"attributes": {"type": "var"}, "type": "entry"}]}]}]}, {"attributes": {"name": "setTablePaneModel", "fromProperty": "tablePaneModel"}, "type": "method", "children": [{"attributes": {}, "type": "params", "children": [{"attributes": {"name": "value"}, "type": "param", "children": [{"attributes": {"text": "<p>New value for property <code>tablePaneModel</code>.</p>"}, "type": "desc"}, {"attributes": {}, "type": "types", "children": [{"attributes": {"type": "var"}, "type": "entry"}]}]}]}, {"attributes": {"text": "<p>Sets the user value of the property <code>tablePaneModel</code>.</p>\n\n<p>For further details take a look at the property definition: {@link #tablePaneModel}.</p>"}, "type": "desc"}, {"attributes": {}, "type": "return", "children": [{"attributes": {"text": "<p>The unmodified incoming value.</p>"}, "type": "desc"}, {"attributes": {}, "type": "types", "children": [{"attributes": {"type": "var"}, "type": "entry"}]}]}]}, {"attributes": {"line": 2111, "name": "setTopRightWidget"}, "type": "method", "children": [{"attributes": {}, "type": "params", "children": [{"attributes": {"name": "widget"}, "type": "param", "children": [{"attributes": {"text": "<p>The widget to set. May be null.</p>"}, "type": "desc"}, {"attributes": {}, "type": "types", "children": [{"attributes": {"type": "qx.ui.core.Widget"}, "type": "entry"}]}]}]}, {"attributes": {"text": "<p>Sets the widget that should be shown in the top right corner.</p>\n\n<p>The widget will not be disposed, when this table scroller is disposed. So the\ncaller has to dispose it.</p>"}, "type": "desc"}]}, {"attributes": {"name": "setVerticalScrollBarVisible", "fromProperty": "verticalScrollBarVisible"}, "type": "method", "children": [{"attributes": {}, "type": "params", "children": [{"attributes": {"name": "value"}, "type": "param", "children": [{"attributes": {"text": "<p>New value for property <code>verticalScrollBarVisible</code>.</p>"}, "type": "desc"}, {"attributes": {}, "type": "types", "children": [{"attributes": {"type": "var"}, "type": "entry"}]}]}]}, {"attributes": {"text": "<p>Sets the user value of the property <code>verticalScrollBarVisible</code>.</p>\n\n<p>For further details take a look at the property definition: {@link #verticalScrollBarVisible}.</p>"}, "type": "desc"}, {"attributes": {}, "type": "return", "children": [{"attributes": {"text": "<p>The unmodified incoming value.</p>"}, "type": "desc"}, {"attributes": {}, "type": "types", "children": [{"attributes": {"type": "var"}, "type": "entry"}]}]}]}, {"attributes": {"line": 1637, "name": "showColumnMoveFeedback"}, "type": "method", "children": [{"attributes": {}, "type": "params", "children": [{"attributes": {"name": "pageX"}, "type": "param", "children": [{"attributes": {"text": "<p>the x position of the pointer in the page (in pixels).</p>"}, "type": "desc"}, {"attributes": {}, "type": "types", "children": [{"attributes": {"type": "Integer"}, "type": "entry"}]}]}]}, {"attributes": {"text": "<p>Shows the feedback shown while a column is moved by the user.</p>"}, "type": "desc"}, {"attributes": {}, "type": "return", "children": [{"attributes": {"text": "<p>the visible x position of the column in the whole table.</p>"}, "type": "desc"}, {"attributes": {}, "type": "types", "children": [{"attributes": {"type": "Integer"}, "type": "entry"}]}]}]}, {"attributes": {"line": 1808, "name": "startEditing"}, "type": "method", "children": [{"attributes": {"text": "<p>Starts editing the currently focused cell. Does nothing if already\nediting, if the column is not editable, or if the cell editor for the\ncolumn ascertains that the particular cell is not editable.</p>"}, "type": "desc"}, {"attributes": {}, "type": "return", "children": [{"attributes": {"text": "<p>whether editing was started</p>"}, "type": "desc"}, {"attributes": {}, "type": "types", "children": [{"attributes": {"type": "Boolean"}, "type": "entry"}]}]}]}, {"attributes": {"line": 1915, "name": "stopEditing"}, "type": "method", "children": [{"attributes": {"text": "<p>Stops editing and writes the editor&#8217;s value to the model.</p>"}, "type": "desc"}]}, {"attributes": {"name": "toggleContextMenuFromDataCellsOnly", "fromProperty": "contextMenuFromDataCellsOnly"}, "type": "method", "children": [{"attributes": {"text": "<p>Toggles the (computed) value of the boolean property <code>contextMenuFromDataCellsOnly</code>.</p>\n\n<p>For further details take a look at the property definition: {@link #contextMenuFromDataCellsOnly}.</p>"}, "type": "desc"}, {"attributes": {}, "type": "return", "children": [{"attributes": {"text": "<p>the new value</p>"}, "type": "desc"}, {"attributes": {}, "type": "types", "children": [{"attributes": {"type": "Boolean"}, "type": "entry"}]}]}]}, {"attributes": {"name": "toggleFocusCellOnPointerMove", "fromProperty": "focusCellOnPointerMove"}, "type": "method", "children": [{"attributes": {"text": "<p>Toggles the (computed) value of the boolean property <code>focusCellOnPointerMove</code>.</p>\n\n<p>For further details take a look at the property definition: {@link #focusCellOnPointerMove}.</p>"}, "type": "desc"}, {"attributes": {}, "type": "return", "children": [{"attributes": {"text": "<p>the new value</p>"}, "type": "desc"}, {"attributes": {}, "type": "types", "children": [{"attributes": {"type": "Boolean"}, "type": "entry"}]}]}]}, {"attributes": {"name": "toggleHorizontalScrollBarVisible", "fromProperty": "horizontalScrollBarVisible"}, "type": "method", "children": [{"attributes": {"text": "<p>Toggles the (computed) value of the boolean property <code>horizontalScrollBarVisible</code>.</p>\n\n<p>For further details take a look at the property definition: {@link #horizontalScrollBarVisible}.</p>"}, "type": "desc"}, {"attributes": {}, "type": "return", "children": [{"attributes": {"text": "<p>the new value</p>"}, "type": "desc"}, {"attributes": {}, "type": "types", "children": [{"attributes": {"type": "Boolean"}, "type": "entry"}]}]}]}, {"attributes": {"name": "toggleLiveResize", "fromProperty": "liveResize"}, "type": "method", "children": [{"attributes": {"text": "<p>Toggles the (computed) value of the boolean property <code>liveResize</code>.</p>\n\n<p>For further details take a look at the property definition: {@link #liveResize}.</p>"}, "type": "desc"}, {"attributes": {}, "type": "return", "children": [{"attributes": {"text": "<p>the new value</p>"}, "type": "desc"}, {"attributes": {}, "type": "types", "children": [{"attributes": {"type": "Boolean"}, "type": "entry"}]}]}]}, {"attributes": {"name": "toggleResetSelectionOnHeaderTap", "fromProperty": "resetSelectionOnHeaderTap"}, "type": "method", "children": [{"attributes": {"text": "<p>Toggles the (computed) value of the boolean property <code>resetSelectionOnHeaderTap</code>.</p>\n\n<p>For further details take a look at the property definition: {@link #resetSelectionOnHeaderTap}.</p>"}, "type": "desc"}, {"attributes": {}, "type": "return", "children": [{"attributes": {"text": "<p>the new value</p>"}, "type": "desc"}, {"attributes": {}, "type": "types", "children": [{"attributes": {"type": "Boolean"}, "type": "entry"}]}]}]}, {"attributes": {"name": "toggleSelectBeforeFocus", "fromProperty": "selectBeforeFocus"}, "type": "method", "children": [{"attributes": {"text": "<p>Toggles the (computed) value of the boolean property <code>selectBeforeFocus</code>.</p>\n\n<p>For further details take a look at the property definition: {@link #selectBeforeFocus}.</p>"}, "type": "desc"}, {"attributes": {}, "type": "return", "children": [{"attributes": {"text": "<p>the new value</p>"}, "type": "desc"}, {"attributes": {}, "type": "types", "children": [{"attributes": {"type": "Boolean"}, "type": "entry"}]}]}]}, {"attributes": {"name": "toggleShowCellFocusIndicator", "fromProperty": "showCellFocusIndicator"}, "type": "method", "children": [{"attributes": {"text": "<p>Toggles the (computed) value of the boolean property <code>showCellFocusIndicator</code>.</p>\n\n<p>For further details take a look at the property definition: {@link #showCellFocusIndicator}.</p>"}, "type": "desc"}, {"attributes": {}, "type": "return", "children": [{"attributes": {"text": "<p>the new value</p>"}, "type": "desc"}, {"attributes": {}, "type": "types", "children": [{"attributes": {"type": "Boolean"}, "type": "entry"}]}]}]}, {"attributes": {"name": "toggleVerticalScrollBarVisible", "fromProperty": "verticalScrollBarVisible"}, "type": "method", "children": [{"attributes": {"text": "<p>Toggles the (computed) value of the boolean property <code>verticalScrollBarVisible</code>.</p>\n\n<p>For further details take a look at the property definition: {@link #verticalScrollBarVisible}.</p>"}, "type": "desc"}, {"attributes": {}, "type": "return", "children": [{"attributes": {"text": "<p>the new value</p>"}, "type": "desc"}, {"attributes": {}, "type": "types", "children": [{"attributes": {"type": "Boolean"}, "type": "entry"}]}]}]}, {"attributes": {"line": 737, "name": "updateHorScrollBarMaximum"}, "type": "method", "children": [{"attributes": {"text": "<p>Updates the maximum of the horizontal scroll bar, so it corresponds to the\ntotal width of the columns in the table pane.</p>"}, "type": "desc"}]}, {"attributes": {"line": 771, "name": "updateVerScrollBarMaximum"}, "type": "method", "children": [{"attributes": {"text": "<p>Updates the maximum of the vertical scroll bar, so it corresponds to the\nnumber of rows in the table.</p>"}, "type": "desc"}]}]}, {"attributes": {}, "type": "properties", "children": [{"attributes": {"name": "appearance", "docFrom": "qx.ui.core.Widget", "defaultValue": "\"table-scroller\"", "refine": "true", "propertyType": "new", "overriddenFrom": "qx.ui.core.Widget"}, "type": "property"}, {"attributes": {"defaultValue": "true", "propertyType": "new", "check": "Boolean", "name": "contextMenuFromDataCellsOnly"}, "type": "property", "children": [{"attributes": {"text": "<p>By default, the &#8220;cellContextmenu&#8221; event is fired only when a data cell\nis right-clicked. It is not fired when a right-click occurs in the\nempty area of the table below the last data row. By turning on this\nproperty, &#8220;cellContextMenu&#8221; events will also be generated when a\nright-click occurs in that empty area. In such a case, row identifier\nin the event data will be null, so event handlers can check (row ===\nnull) to handle this case.</p>"}, "type": "desc"}]}, {"attributes": {"defaultValue": "false", "propertyType": "new", "check": "Boolean", "name": "focusCellOnPointerMove"}, "type": "property", "children": [{"attributes": {"text": "<p>Whether the focus should moved when the pointer is moved over a cell. If false\nthe focus is only moved on pointer taps.</p>"}, "type": "desc"}]}, {"attributes": {"name": "horizontalScrollBarVisible", "defaultValue": "false", "event": "changeHorizontalScrollBarVisible", "propertyType": "new", "apply": "_applyHorizontalScrollBarVisible", "check": "Boolean"}, "type": "property", "children": [{"attributes": {"text": "<p>Whether to show the horizontal scroll bar</p>"}, "type": "desc"}]}, {"attributes": {"defaultValue": "false", "propertyType": "new", "check": "Boolean", "name": "liveResize"}, "type": "property", "children": [{"attributes": {"text": "<p>Whether column resize should be live. If false, during resize only a line is\nshown and the real resize happens when the user releases the pointer button.</p>"}, "type": "desc"}]}, {"attributes": {"defaultValue": "true", "propertyType": "new", "check": "Boolean", "name": "resetSelectionOnHeaderTap"}, "type": "property", "children": [{"attributes": {"text": "<p>Whether to reset the selection when a header cell is tapped. Since\nmost data models do not have provisions to retain a selection after\nsorting, the default is to reset the selection in this case. Some data\nmodels, however, do have the capability to retain the selection, so\nwhen using those, this property should be set to false.</p>"}, "type": "desc"}]}, {"attributes": {"apply": "_applyScrollTimeout", "defaultValue": "100", "propertyType": "new", "check": "Integer", "name": "scrollTimeout"}, "type": "property", "children": [{"attributes": {"text": "<p>Interval time (in milliseconds) for the table update timer.\nSetting this to 0 clears the timer.</p>"}, "type": "desc"}]}, {"attributes": {"defaultValue": "false", "propertyType": "new", "check": "Boolean", "name": "selectBeforeFocus"}, "type": "property", "children": [{"attributes": {"text": "<p>Whether to handle selections via the selection manager before setting the\nfocus.  The traditional behavior is to handle selections after setting the\nfocus, but setting the focus means redrawing portions of the table, and\nsome subclasses may want to modify the data to be displayed based on the\nselection.</p>"}, "type": "desc"}]}, {"attributes": {"apply": "_applyShowCellFocusIndicator", "defaultValue": "true", "propertyType": "new", "check": "Boolean", "name": "showCellFocusIndicator"}, "type": "property", "children": [{"attributes": {"text": "<p>Whether the cell focus indicator should be shown</p>"}, "type": "desc"}]}, {"attributes": {"apply": "_applyTablePaneModel", "propertyType": "new", "event": "changeTablePaneModel", "name": "tablePaneModel", "check": "qx.ui.table.pane.Model"}, "type": "property", "children": [{"attributes": {"text": "<p>The table pane model.</p>"}, "type": "desc"}]}, {"attributes": {"name": "verticalScrollBarVisible", "defaultValue": "false", "event": "changeVerticalScrollBarVisible", "propertyType": "new", "apply": "_applyVerticalScrollBarVisible", "check": "Boolean"}, "type": "property", "children": [{"attributes": {"text": "<p>Whether to show the vertical scroll bar</p>"}, "type": "desc"}]}]}]}