{"attributes": {"name": "RadioGroupBox", "interfaces": "qx.ui.form.IRadioItem,qx.ui.form.IExecutable,qx.ui.form.IBooleanForm,qx.ui.form.IModel", "mixins": "qx.ui.form.MModelProperty", "superClass": "qx.ui.groupbox.GroupBox", "fullName": "qx.ui.groupbox.RadioGroupBox", "type": "class", "packageName": "qx.ui.groupbox"}, "type": "class", "children": [{"attributes": {"text": "<p>A group box, which has a radio button near the legend.</p>"}, "type": "desc"}, {"attributes": {}, "type": "childControls", "children": [{"attributes": {"name": "legend"}, "type": "childControl", "children": [{"attributes": {"text": "<p>radio button to en-/disable the groupbox content</p>"}, "type": "desc"}, {"attributes": {}, "type": "types", "children": [{"attributes": {"type": "qx.ui.form.RadioButton"}, "type": "entry"}]}]}]}, {"attributes": {}, "type": "properties", "children": [{"attributes": {"name": "appearance", "docFrom": "qx.ui.core.Widget", "defaultValue": "\"radio-groupbox\"", "refine": "true", "propertyType": "new", "overriddenFrom": "qx.ui.groupbox.GroupBox"}, "type": "property"}]}, {"attributes": {}, "type": "events", "children": [{"attributes": {"name": "changeValue"}, "type": "event", "children": [{"attributes": {"text": "<p>Fired when the included radiobutton changed its value</p>"}, "type": "desc"}, {"attributes": {}, "type": "types", "children": [{"attributes": {"type": "qx.event.type.Data"}, "type": "entry"}]}]}, {"attributes": {"name": "execute"}, "type": "event", "children": [{"attributes": {"text": "<p>Fired if the {@link #execute} method is invoked.</p>"}, "type": "desc"}, {"attributes": {}, "type": "types", "children": [{"attributes": {"type": "qx.event.type.Event"}, "type": "entry"}]}]}]}, {"attributes": {}, "type": "methods", "children": [{"attributes": {"access": "protected", "line": 112, "overriddenFrom": "qx.ui.core.Widget", "name": "_applyEnabled"}, "type": "method", "children": [{"attributes": {}, "type": "params", "children": [{"attributes": {"name": "value"}, "type": "param", "children": [{"attributes": {"text": "<p>new value of the property</p>"}, "type": "desc"}, {"attributes": {}, "type": "types", "children": [{"attributes": {"type": "Boolean"}, "type": "entry"}]}]}, {"attributes": {"name": "old"}, "type": "param", "children": [{"attributes": {"text": "<p>previous value of the property (null if it was not yet set).</p>"}, "type": "desc"}, {"attributes": {}, "type": "types", "children": [{"attributes": {"type": "Boolean"}, "type": "entry"}]}]}]}, {"attributes": {}, "type": "apply", "children": [{"attributes": {"applies": "qx.ui.core.Widget#enabled"}, "type": "entry"}]}, {"attributes": {"text": "<p>Applies changes of the property value of the property <code>enabled</code>.</p>\n\n<p>For further details take a look at the property definition: {@link #enabled}.</p>"}, "type": "desc"}]}, {"attributes": {"access": "protected", "docFrom": "qx.ui.core.Widget", "line": 89, "overriddenFrom": "qx.ui.groupbox.GroupBox", "name": "_createChildControlImpl"}, "type": "method", "children": [{"attributes": {}, "type": "params", "children": [{"attributes": {"name": "id"}, "type": "param"}, {"attributes": {"name": "hash"}, "type": "param"}]}]}, {"attributes": {"access": "protected", "line": 133, "name": "_onExecute"}, "type": "method", "children": [{"attributes": {}, "type": "params", "children": [{"attributes": {"name": "e"}, "type": "param", "children": [{"attributes": {"text": "<p>Event which holds the current status</p>"}, "type": "desc"}, {"attributes": {}, "type": "types", "children": [{"attributes": {"type": "qx.event.type.Event"}, "type": "entry"}]}]}]}, {"attributes": {"text": "<p>Event listener for execute event of checkbox.</p>"}, "type": "desc"}]}, {"attributes": {"access": "protected", "line": 143, "name": "_onRadioChangeValue"}, "type": "method", "children": [{"attributes": {}, "type": "params", "children": [{"attributes": {"name": "e"}, "type": "param", "children": [{"attributes": {"text": "<p>Data event which holds the current status</p>"}, "type": "desc"}, {"attributes": {}, "type": "types", "children": [{"attributes": {"type": "qx.event.type.Data"}, "type": "entry"}]}]}]}, {"attributes": {"text": "<p>Event listener for changeValue event of radio button</p>"}, "type": "desc"}]}, {"attributes": {"docFrom": "qx.ui.form.IExecutable", "line": 163, "name": "execute"}, "type": "method"}, {"attributes": {"docFrom": "qx.ui.form.IExecutable", "line": 175, "name": "getCommand"}, "type": "method"}, {"attributes": {"line": 185, "name": "getGroup"}, "type": "method", "children": [{"attributes": {"text": "<p>Returns the radio group</p>"}, "type": "desc"}, {"attributes": {}, "type": "return", "children": [{"attributes": {"text": "<p>The radio manager</p>"}, "type": "desc"}, {"attributes": {}, "type": "types", "children": [{"attributes": {"type": "qx.ui.form.RadioGroup"}, "type": "entry"}]}]}]}, {"attributes": {"line": 237, "name": "getLabel"}, "type": "method", "children": [{"attributes": {"text": "<p>Returns the configured legend. Only used for RadioManager compatibility.</p>"}, "type": "desc"}, {"attributes": {}, "type": "return", "children": [{"attributes": {"text": "<p>The configured legend.</p>"}, "type": "desc"}, {"attributes": {}, "type": "types", "children": [{"attributes": {"type": "String"}, "type": "entry"}]}]}]}, {"attributes": {"line": 209, "name": "getValue"}, "type": "method", "children": [{"attributes": {"text": "<p>The value of the groupbox</p>"}, "type": "desc"}, {"attributes": {}, "type": "return", "children": [{"attributes": {"text": "<code>true</code> when enabled."}, "type": "desc"}, {"attributes": {}, "type": "types", "children": [{"attributes": {"type": "Boolean"}, "type": "entry"}]}]}]}, {"attributes": {"line": 227, "name": "resetValue"}, "type": "method", "children": [{"attributes": {"text": "<p>Resets the value.</p>"}, "type": "desc"}]}, {"attributes": {"docFrom": "qx.ui.form.IExecutable", "line": 169, "name": "setCommand"}, "type": "method", "children": [{"attributes": {}, "type": "params", "children": [{"attributes": {"name": "command"}, "type": "param"}]}]}, {"attributes": {"line": 195, "name": "setGroup"}, "type": "method", "children": [{"attributes": {}, "type": "params", "children": [{"attributes": {"name": "value"}, "type": "param", "children": [{"attributes": {"text": "<p>The radio group to use</p>"}, "type": "desc"}, {"attributes": {}, "type": "types", "children": [{"attributes": {"type": "qx.ui.form.RadioGroup"}, "type": "entry"}]}]}]}, {"attributes": {"text": "<p>Sets the radio group to use</p>"}, "type": "desc"}]}, {"attributes": {"line": 219, "name": "setValue"}, "type": "method", "children": [{"attributes": {}, "type": "params", "children": [{"attributes": {"name": "value"}, "type": "param", "children": [{"attributes": {"text": "<code>true</code> when enabled."}, "type": "desc"}, {"attributes": {}, "type": "types", "children": [{"attributes": {"type": "Boolean"}, "type": "entry"}]}]}]}, {"attributes": {"text": "<p>Configures the value of the groupbox.</p>"}, "type": "desc"}]}]}]}