{"attributes": {"fullName": "qx.ui.core.scroll.MScrollBarFactory", "packageName": "qx.ui.core.scroll", "type": "mixin", "name": "MScrollBarFactory", "includer": "qx.ui.core.scroll.AbstractScrollArea,qx.ui.table.pane.Scroller"}, "type": "class", "children": [{"attributes": {"text": "<p>Include this widget if you want to create scrollbars depending on the global\n&#8220;qx.nativeScrollBars&#8221; setting.</p>"}, "type": "desc"}, {"attributes": {}, "type": "methods", "children": [{"attributes": {"access": "protected", "line": 37, "isMixin": true, "name": "_createScrollBar"}, "type": "method", "children": [{"attributes": {}, "type": "params", "children": [{"attributes": {"defaultValue": "\"horizontal\"", "optional": true, "name": "orientation"}, "type": "param", "children": [{"attributes": {"text": "<p>The initial scroll bar orientation</p>"}, "type": "desc"}, {"attributes": {}, "type": "types", "children": [{"attributes": {"type": "String"}, "type": "entry"}]}]}]}, {"attributes": {"text": "<p>Creates a new scrollbar. This can either be a styled qooxdoo scrollbar\nor a native browser scrollbar.</p>"}, "type": "desc"}, {"attributes": {}, "type": "return", "children": [{"attributes": {"text": "<p>The scrollbar instance</p>"}, "type": "desc"}, {"attributes": {}, "type": "types", "children": [{"attributes": {"type": "qx.ui.core.scroll.IScrollBar"}, "type": "entry"}]}]}]}]}]}