{"attributes": {"name": "HtmlCell", "packageName": "qx.ui.virtual.layer", "superClass": "qx.ui.virtual.layer.Abstract", "childClasses": "qx.ui.virtual.layer.HtmlCellSpan", "fullName": "qx.ui.virtual.layer.HtmlCell", "type": "class"}, "type": "class", "children": [{"attributes": {"text": "<p><span class=\"caps\">EXPERIMENTAL</span>!</p>\n\n<p>The HtmlCell layer renders each cell with custom <span class=\"caps\">HTML</span> markup. The concrete\nmarkup for each cell is provided by a cell provider.</p>"}, "type": "desc"}, {"attributes": {}, "type": "constructor", "children": [{"attributes": {"line": 37, "isCtor": true, "overriddenFrom": "qx.ui.virtual.layer.Abstract", "name": "ctor"}, "type": "method", "children": [{"attributes": {}, "type": "params", "children": [{"attributes": {"name": "htmlCellProvider"}, "type": "param", "children": [{"attributes": {"text": "<p>This class provides the <span class=\"caps\">HTML</span> markup for each cell.</p>"}, "type": "desc"}, {"attributes": {}, "type": "types", "children": [{"attributes": {"type": "qx.ui.virtual.core.IHtmlCellProvider"}, "type": "entry"}]}]}]}, {"attributes": {"text": ""}, "type": "desc"}]}]}, {"attributes": {}, "type": "methods", "children": [{"attributes": {"access": "protected", "docFrom": "qx.ui.virtual.layer.Abstract", "line": 86, "overriddenFrom": "qx.ui.virtual.layer.Abstract", "name": "_fullUpdate"}, "type": "method", "children": [{"attributes": {}, "type": "params", "children": [{"attributes": {"name": "firstRow"}, "type": "param"}, {"attributes": {"name": "firstColumn"}, "type": "param"}, {"attributes": {"name": "rowSizes"}, "type": "param"}, {"attributes": {"name": "columnSizes"}, "type": "param"}]}]}, {"attributes": {"access": "protected", "line": 69, "name": "_getCellSizeStyle"}, "type": "method", "children": [{"attributes": {}, "type": "params", "children": [{"attributes": {"name": "width"}, "type": "param", "children": [{"attributes": {"text": "<p>The cell&#8217;s (border-box) width in pixel</p>"}, "type": "desc"}, {"attributes": {}, "type": "types", "children": [{"attributes": {"type": "Integer"}, "type": "entry"}]}]}, {"attributes": {"name": "height"}, "type": "param", "children": [{"attributes": {"text": "<p>The cell&#8217;s (border-box) height in pixel</p>"}, "type": "desc"}, {"attributes": {}, "type": "types", "children": [{"attributes": {"type": "Integer"}, "type": "entry"}]}]}, {"attributes": {"name": "insetX"}, "type": "param", "children": [{"attributes": {"text": "<p>The cell&#8217;s horizontal insets, i.e. the sum of horizontal paddings and borders</p>"}, "type": "desc"}, {"attributes": {}, "type": "types", "children": [{"attributes": {"type": "Integer"}, "type": "entry"}]}]}, {"attributes": {"name": "insetY"}, "type": "param", "children": [{"attributes": {"text": "<p>The cell&#8217;s vertical insets, i.e. the sum of vertical paddings and borders</p>"}, "type": "desc"}, {"attributes": {}, "type": "types", "children": [{"attributes": {"type": "Integer"}, "type": "entry"}]}]}]}, {"attributes": {"text": "<p>Get the cell size taking the box model into account</p>"}, "type": "desc"}, {"attributes": {}, "type": "return", "children": [{"attributes": {"text": "<p>The <span class=\"caps\">CSS</span> style string for the cell size</p>"}, "type": "desc"}, {"attributes": {}, "type": "types", "children": [{"attributes": {"type": "String"}, "type": "entry"}]}]}]}]}]}