{"attributes": {"name": "Manager", "packageName": "qx.ui.tooltip", "superClass": "qx.core.Object", "isSingleton": true, "fullName": "qx.ui.tooltip.Manager", "type": "class"}, "type": "class", "children": [{"attributes": {"text": "<p>The tooltip manager globally manages the tooltips of all widgets. It will\ndisplay tooltips if the user hovers a widgets with a tooltip and hides all\nother tooltips.</p>"}, "type": "desc"}, {"attributes": {}, "type": "constructor", "children": [{"attributes": {"docFrom": "qx.core.Object", "line": 40, "isCtor": true, "overriddenFrom": "qx.core.Object", "name": "ctor"}, "type": "method"}]}, {"attributes": {}, "type": "methods", "children": [{"attributes": {"access": "private", "line": 414, "name": "__onFocusOutRoot"}, "type": "method", "children": [{"attributes": {}, "type": "params", "children": [{"attributes": {"name": "e"}, "type": "param", "children": [{"attributes": {"text": "<p>blur event</p>"}, "type": "desc"}, {"attributes": {}, "type": "types", "children": [{"attributes": {"type": "qx.event.type.Focus"}, "type": "entry"}]}]}]}, {"attributes": {"text": "<p>Reset the property {@link #current} if the\ncurrent tooltip is the tooltip of the target widget.</p>"}, "type": "desc"}]}, {"attributes": {"access": "private", "line": 242, "name": "__onHideInterval"}, "type": "method", "children": [{"attributes": {}, "type": "params", "children": [{"attributes": {"name": "e"}, "type": "param", "children": [{"attributes": {"text": "<p>Event object</p>"}, "type": "desc"}, {"attributes": {}, "type": "types", "children": [{"attributes": {"type": "qx.event.type.Event"}, "type": "entry"}]}]}]}, {"attributes": {"text": "<p>Event listener for the interval event of the hide timer.</p>"}, "type": "desc"}]}, {"attributes": {"access": "private", "line": 267, "name": "__onPointerMoveRoot"}, "type": "method", "children": [{"attributes": {}, "type": "params", "children": [{"attributes": {"name": "e"}, "type": "param", "children": [{"attributes": {"text": "<p>The move pointer event</p>"}, "type": "desc"}, {"attributes": {}, "type": "types", "children": [{"attributes": {"type": "qx.event.type.Pointer"}, "type": "entry"}]}]}]}, {"attributes": {"text": "<p>Global pointer move event handler</p>"}, "type": "desc"}]}, {"attributes": {"access": "private", "line": 363, "name": "__onPointerOutRoot"}, "type": "method", "children": [{"attributes": {}, "type": "params", "children": [{"attributes": {"name": "e"}, "type": "param", "children": [{"attributes": {"text": "<p>pointerout event</p>"}, "type": "desc"}, {"attributes": {}, "type": "types", "children": [{"attributes": {"type": "qx.event.type.Pointer"}, "type": "entry"}]}]}]}, {"attributes": {"text": "<p>Resets the property {@link #current} if there was a\ntooltip and no new one is created.</p>"}, "type": "desc"}]}, {"attributes": {"access": "private", "line": 283, "name": "__onPointerOverRoot"}, "type": "method", "children": [{"attributes": {}, "type": "params", "children": [{"attributes": {"name": "e"}, "type": "param", "children": [{"attributes": {"text": "<p>pointerover event</p>"}, "type": "desc"}, {"attributes": {}, "type": "types", "children": [{"attributes": {"type": "qx.event.type.Pointer"}, "type": "entry"}]}]}]}, {"attributes": {"text": "<p>Searches for the tooltip of the target widget. If any tooltip instance\nis found this instance is bound to the target widget and the tooltip is\nset as {@link #current}</p>"}, "type": "desc"}]}, {"attributes": {"access": "private", "line": 217, "name": "__onShowInterval"}, "type": "method", "children": [{"attributes": {}, "type": "params", "children": [{"attributes": {"name": "e"}, "type": "param", "children": [{"attributes": {"text": "<p>Event object</p>"}, "type": "desc"}, {"attributes": {}, "type": "types", "children": [{"attributes": {"type": "qx.event.type.Event"}, "type": "entry"}]}]}]}, {"attributes": {"text": "<p>Event listener for the interval event of the show timer.</p>"}, "type": "desc"}]}, {"attributes": {"access": "protected", "line": 164, "name": "_applyCurrent"}, "type": "method", "children": [{"attributes": {}, "type": "params", "children": [{"attributes": {"name": "value"}, "type": "param", "children": [{"attributes": {"text": "<p>new value of the property</p>"}, "type": "desc"}, {"attributes": {}, "type": "types", "children": [{"attributes": {"type": "qx.ui.tooltip.ToolTip"}, "type": "entry"}]}]}, {"attributes": {"name": "old"}, "type": "param", "children": [{"attributes": {"text": "<p>previous value of the property (null if it was not yet set).</p>"}, "type": "desc"}, {"attributes": {}, "type": "types", "children": [{"attributes": {"type": "qx.ui.tooltip.ToolTip"}, "type": "entry"}]}]}]}, {"attributes": {}, "type": "apply", "children": [{"attributes": {"applies": "qx.ui.tooltip.Manager#current"}, "type": "entry"}]}, {"attributes": {"text": "<p>Applies changes of the property value of the property <code>current</code>.</p>\n\n<p>For further details take a look at the property definition: {@link #current}.</p>"}, "type": "desc"}]}, {"attributes": {"name": "getCurrent", "fromProperty": "current"}, "type": "method", "children": [{"attributes": {"text": "<p>Returns the (computed) value of the property <code>current</code>.</p>\n\n<p>For further details take a look at the property definition: {@link #current}.</p>"}, "type": "desc"}, {"attributes": {}, "type": "return", "children": [{"attributes": {"text": "<p>(Computed) value of <code>current</code>.</p>"}, "type": "desc"}, {"attributes": {}, "type": "types", "children": [{"attributes": {"type": "var"}, "type": "entry"}]}]}]}, {"attributes": {"line": 141, "name": "getSharedErrorTooltip"}, "type": "method", "children": [{"attributes": {"text": "<p>Get the shared tooltip, which is used to display the\n{@link qx.ui.core.Widget#toolTipText} and\n{@link qx.ui.core.Widget#toolTipIcon} properties of widgets.\nYou can use this public shared instance to e.g. customize the\nlook and feel of the validation tooltips like\n<code>getSharedErrorTooltip().getChildControl(&#8220;atom&#8221;).getChildControl(&#8220;label&#8221;).set({rich: true, wrap: true, width: 80})</code></p>"}, "type": "desc"}, {"attributes": {}, "type": "return", "children": [{"attributes": {"text": "<p>The shared tooltip</p>"}, "type": "desc"}, {"attributes": {}, "type": "types", "children": [{"attributes": {"type": "qx.ui.tooltip.ToolTip"}, "type": "entry"}]}]}]}, {"attributes": {"line": 119, "name": "getSharedTooltip"}, "type": "method", "children": [{"attributes": {"text": "<p>Get the shared tooltip, which is used to display the\n{@link qx.ui.core.Widget#toolTipText} and\n{@link qx.ui.core.Widget#toolTipIcon} properties of widgets.\nYou can use this public shared instance to e.g. customize the\nlook and feel.</p>"}, "type": "desc"}, {"attributes": {}, "type": "return", "children": [{"attributes": {"text": "<p>The shared tooltip</p>"}, "type": "desc"}, {"attributes": {}, "type": "types", "children": [{"attributes": {"type": "qx.ui.tooltip.ToolTip"}, "type": "entry"}]}]}]}, {"attributes": {"name": "getShowInvalidToolTips", "fromProperty": "showInvalidToolTips"}, "type": "method", "children": [{"attributes": {"text": "<p>Returns the (computed) value of the property <code>showInvalidToolTips</code>.</p>\n\n<p>For further details take a look at the property definition: {@link #showInvalidToolTips}.</p>"}, "type": "desc"}, {"attributes": {}, "type": "return", "children": [{"attributes": {"text": "<p>(Computed) value of <code>showInvalidToolTips</code>.</p>"}, "type": "desc"}, {"attributes": {}, "type": "types", "children": [{"attributes": {"type": "var"}, "type": "entry"}]}]}]}, {"attributes": {"name": "getShowToolTips", "fromProperty": "showToolTips"}, "type": "method", "children": [{"attributes": {"text": "<p>Returns the (computed) value of the property <code>showToolTips</code>.</p>\n\n<p>For further details take a look at the property definition: {@link #showToolTips}.</p>"}, "type": "desc"}, {"attributes": {}, "type": "return", "children": [{"attributes": {"text": "<p>(Computed) value of <code>showToolTips</code>.</p>"}, "type": "desc"}, {"attributes": {}, "type": "types", "children": [{"attributes": {"type": "var"}, "type": "entry"}]}]}]}, {"attributes": {"access": "protected", "name": "initCurrent", "fromProperty": "current"}, "type": "method", "children": [{"attributes": {}, "type": "params", "children": [{"attributes": {"name": "value"}, "type": "param", "children": [{"attributes": {"text": "<p>Initial value for property <code>current</code>.</p>"}, "type": "desc"}, {"attributes": {}, "type": "types", "children": [{"attributes": {"type": "var"}, "type": "entry"}]}]}]}, {"attributes": {"text": "<p>Calls the apply method and dispatches the change event of the property <code>current</code>\nwith the default value defined by the class developer. This function can\nonly be called from the constructor of a class.</p>\n\n<p>For further details take a look at the property definition: {@link #current}.</p>"}, "type": "desc"}, {"attributes": {}, "type": "return", "children": [{"attributes": {"text": "<p>the default value</p>"}, "type": "desc"}, {"attributes": {}, "type": "types", "children": [{"attributes": {"type": "var"}, "type": "entry"}]}]}]}, {"attributes": {"access": "protected", "name": "initShowInvalidToolTips", "fromProperty": "showInvalidToolTips"}, "type": "method", "children": [{"attributes": {}, "type": "params", "children": [{"attributes": {"name": "value"}, "type": "param", "children": [{"attributes": {"text": "<p>Initial value for property <code>showInvalidToolTips</code>.</p>"}, "type": "desc"}, {"attributes": {}, "type": "types", "children": [{"attributes": {"type": "var"}, "type": "entry"}]}]}]}, {"attributes": {"text": "<p>Calls the apply method and dispatches the change event of the property <code>showInvalidToolTips</code>\nwith the default value defined by the class developer. This function can\nonly be called from the constructor of a class.</p>\n\n<p>For further details take a look at the property definition: {@link #showInvalidToolTips}.</p>"}, "type": "desc"}, {"attributes": {}, "type": "return", "children": [{"attributes": {"text": "<p>the default value</p>"}, "type": "desc"}, {"attributes": {}, "type": "types", "children": [{"attributes": {"type": "var"}, "type": "entry"}]}]}]}, {"attributes": {"access": "protected", "name": "initShowToolTips", "fromProperty": "showToolTips"}, "type": "method", "children": [{"attributes": {}, "type": "params", "children": [{"attributes": {"name": "value"}, "type": "param", "children": [{"attributes": {"text": "<p>Initial value for property <code>showToolTips</code>.</p>"}, "type": "desc"}, {"attributes": {}, "type": "types", "children": [{"attributes": {"type": "var"}, "type": "entry"}]}]}]}, {"attributes": {"text": "<p>Calls the apply method and dispatches the change event of the property <code>showToolTips</code>\nwith the default value defined by the class developer. This function can\nonly be called from the constructor of a class.</p>\n\n<p>For further details take a look at the property definition: {@link #showToolTips}.</p>"}, "type": "desc"}, {"attributes": {}, "type": "return", "children": [{"attributes": {"text": "<p>the default value</p>"}, "type": "desc"}, {"attributes": {}, "type": "types", "children": [{"attributes": {"type": "var"}, "type": "entry"}]}]}]}, {"attributes": {"name": "isShowInvalidToolTips", "fromProperty": "showInvalidToolTips"}, "type": "method", "children": [{"attributes": {"text": "<p>Check whether the (computed) value of the boolean property <code>showInvalidToolTips</code> equals <code>true</code>.</p>\n\n<p>For further details take a look at the property definition: {@link #showInvalidToolTips}.</p>"}, "type": "desc"}, {"attributes": {}, "type": "return", "children": [{"attributes": {"text": "<p>Whether the property equals <code>true</code>.</p>"}, "type": "desc"}, {"attributes": {}, "type": "types", "children": [{"attributes": {"type": "Boolean"}, "type": "entry"}]}]}]}, {"attributes": {"name": "isShowToolTips", "fromProperty": "showToolTips"}, "type": "method", "children": [{"attributes": {"text": "<p>Check whether the (computed) value of the boolean property <code>showToolTips</code> equals <code>true</code>.</p>\n\n<p>For further details take a look at the property definition: {@link #showToolTips}.</p>"}, "type": "desc"}, {"attributes": {}, "type": "return", "children": [{"attributes": {"text": "<p>Whether the property equals <code>true</code>.</p>"}, "type": "desc"}, {"attributes": {}, "type": "types", "children": [{"attributes": {"type": "Boolean"}, "type": "entry"}]}]}]}, {"attributes": {"name": "resetCurrent", "fromProperty": "current"}, "type": "method", "children": [{"attributes": {"text": "<p>Resets the user value of the property <code>current</code>.</p>\n\n<p>The computed value falls back to the next available value e.g. appearance, init or\ninheritance value depeneding on the property configuration and value availability.</p>\n\n<p>For further details take a look at the property definition: {@link #current}.</p>"}, "type": "desc"}]}, {"attributes": {"name": "resetShowInvalidToolTips", "fromProperty": "showInvalidToolTips"}, "type": "method", "children": [{"attributes": {"text": "<p>Resets the user value of the property <code>showInvalidToolTips</code>.</p>\n\n<p>The computed value falls back to the next available value e.g. appearance, init or\ninheritance value depeneding on the property configuration and value availability.</p>\n\n<p>For further details take a look at the property definition: {@link #showInvalidToolTips}.</p>"}, "type": "desc"}]}, {"attributes": {"name": "resetShowToolTips", "fromProperty": "showToolTips"}, "type": "method", "children": [{"attributes": {"text": "<p>Resets the user value of the property <code>showToolTips</code>.</p>\n\n<p>The computed value falls back to the next available value e.g. appearance, init or\ninheritance value depeneding on the property configuration and value availability.</p>\n\n<p>For further details take a look at the property definition: {@link #showToolTips}.</p>"}, "type": "desc"}]}, {"attributes": {"name": "setCurrent", "fromProperty": "current"}, "type": "method", "children": [{"attributes": {}, "type": "params", "children": [{"attributes": {"name": "value"}, "type": "param", "children": [{"attributes": {"text": "<p>New value for property <code>current</code>.</p>"}, "type": "desc"}, {"attributes": {}, "type": "types", "children": [{"attributes": {"type": "var"}, "type": "entry"}]}]}]}, {"attributes": {"text": "<p>Sets the user value of the property <code>current</code>.</p>\n\n<p>For further details take a look at the property definition: {@link #current}.</p>"}, "type": "desc"}, {"attributes": {}, "type": "return", "children": [{"attributes": {"text": "<p>The unmodified incoming value.</p>"}, "type": "desc"}, {"attributes": {}, "type": "types", "children": [{"attributes": {"type": "var"}, "type": "entry"}]}]}]}, {"attributes": {"name": "setShowInvalidToolTips", "fromProperty": "showInvalidToolTips"}, "type": "method", "children": [{"attributes": {}, "type": "params", "children": [{"attributes": {"name": "value"}, "type": "param", "children": [{"attributes": {"text": "<p>New value for property <code>showInvalidToolTips</code>.</p>"}, "type": "desc"}, {"attributes": {}, "type": "types", "children": [{"attributes": {"type": "var"}, "type": "entry"}]}]}]}, {"attributes": {"text": "<p>Sets the user value of the property <code>showInvalidToolTips</code>.</p>\n\n<p>For further details take a look at the property definition: {@link #showInvalidToolTips}.</p>"}, "type": "desc"}, {"attributes": {}, "type": "return", "children": [{"attributes": {"text": "<p>The unmodified incoming value.</p>"}, "type": "desc"}, {"attributes": {}, "type": "types", "children": [{"attributes": {"type": "var"}, "type": "entry"}]}]}]}, {"attributes": {"name": "setShowToolTips", "fromProperty": "showToolTips"}, "type": "method", "children": [{"attributes": {}, "type": "params", "children": [{"attributes": {"name": "value"}, "type": "param", "children": [{"attributes": {"text": "<p>New value for property <code>showToolTips</code>.</p>"}, "type": "desc"}, {"attributes": {}, "type": "types", "children": [{"attributes": {"type": "var"}, "type": "entry"}]}]}]}, {"attributes": {"text": "<p>Sets the user value of the property <code>showToolTips</code>.</p>\n\n<p>For further details take a look at the property definition: {@link #showToolTips}.</p>"}, "type": "desc"}, {"attributes": {}, "type": "return", "children": [{"attributes": {"text": "<p>The unmodified incoming value.</p>"}, "type": "desc"}, {"attributes": {}, "type": "types", "children": [{"attributes": {"type": "var"}, "type": "entry"}]}]}]}, {"attributes": {"line": 297, "name": "showToolTip"}, "type": "method", "children": [{"attributes": {}, "type": "params", "children": [{"attributes": {"name": "target"}, "type": "param", "children": [{"attributes": {"text": "<p>widget to show tooltip for</p>"}, "type": "desc"}, {"attributes": {}, "type": "types", "children": [{"attributes": {"type": "Object"}, "type": "entry"}, {"attributes": {"type": "null"}, "type": "entry"}]}]}]}, {"attributes": {"text": "<p>Explicitly show tooltip for particular form item.</p>"}, "type": "desc"}]}, {"attributes": {"name": "toggleShowInvalidToolTips", "fromProperty": "showInvalidToolTips"}, "type": "method", "children": [{"attributes": {"text": "<p>Toggles the (computed) value of the boolean property <code>showInvalidToolTips</code>.</p>\n\n<p>For further details take a look at the property definition: {@link #showInvalidToolTips}.</p>"}, "type": "desc"}, {"attributes": {}, "type": "return", "children": [{"attributes": {"text": "<p>the new value</p>"}, "type": "desc"}, {"attributes": {}, "type": "types", "children": [{"attributes": {"type": "Boolean"}, "type": "entry"}]}]}]}, {"attributes": {"name": "toggleShowToolTips", "fromProperty": "showToolTips"}, "type": "method", "children": [{"attributes": {"text": "<p>Toggles the (computed) value of the boolean property <code>showToolTips</code>.</p>\n\n<p>For further details take a look at the property definition: {@link #showToolTips}.</p>"}, "type": "desc"}, {"attributes": {}, "type": "return", "children": [{"attributes": {"text": "<p>the new value</p>"}, "type": "desc"}, {"attributes": {}, "type": "types", "children": [{"attributes": {"type": "Boolean"}, "type": "entry"}]}]}]}]}, {"attributes": {}, "type": "properties", "children": [{"attributes": {"allowNull": "true", "propertyType": "new", "check": "qx.ui.tooltip.ToolTip", "name": "current", "apply": "_applyCurrent"}, "type": "property", "children": [{"attributes": {"text": "<p>Holds the current ToolTip instance</p>"}, "type": "desc"}]}, {"attributes": {"defaultValue": "true", "propertyType": "new", "check": "Boolean", "name": "showInvalidToolTips"}, "type": "property", "children": [{"attributes": {"text": "<p>Show all invalid form fields tooltips .</p>"}, "type": "desc"}]}, {"attributes": {"defaultValue": "true", "propertyType": "new", "check": "Boolean", "name": "showToolTips"}, "type": "property", "children": [{"attributes": {"text": "<p>Show all tooltips.</p>"}, "type": "desc"}]}]}, {"attributes": {}, "type": "methods-static", "children": [{"attributes": {"line": 11, "isStatic": true, "name": "getInstance"}, "type": "method", "children": [{"attributes": {"text": "<p>Returns a singleton instance of this class. On the first call the class\nis instantiated by calling the constructor with no arguments. All following\ncalls will return this instance.</p>\n\n<p>This method has been added by setting the &#8220;type&#8221; key in the class definition\n({@link qx.Class#define}) to &#8220;singleton&#8221;.</p>"}, "type": "desc"}, {"attributes": {}, "type": "return", "children": [{"attributes": {"text": "<p>The singleton instance of this class.</p>"}, "type": "desc"}, {"attributes": {}, "type": "types", "children": [{"attributes": {"type": "qx.ui.tooltip.Manager"}, "type": "entry"}]}]}]}]}]}