{"attributes": {"name": "DateField", "packageName": "qx.ui.form", "mixins": "qx.ui.core.MRemoteChildrenHandling,qx.ui.form.MForm", "superClass": "qx.ui.core.Widget", "fullName": "qx.ui.form.DateField", "type": "class", "interfaces": "qx.ui.form.IForm,qx.ui.form.IDateForm"}, "type": "class", "children": [{"attributes": {"text": "<p>A <strong>date field</strong> is like a combo box with the date as popup. As button to\nopen the calendar a calendar icon is shown at the right to the textfield.</p>\n\n<p>To be conform with all form widgets, the {@link qx.ui.form.IForm} interface\nis implemented.</p>\n\n<p>The following example creates a date field and sets the current\ndate as selected.</p>\n\n<pre class=\"javascript\">\nvar dateField = new qx.ui.form.DateField();\nthis.getRoot().add(dateField, {top: 20, left: 20});\ndateField.setValue(new Date());\n</pre>"}, "type": "desc"}, {"attributes": {}, "type": "childControls", "children": [{"attributes": {"name": "list"}, "type": "childControl", "children": [{"attributes": {"text": "<p>date chooser component</p>"}, "type": "desc"}, {"attributes": {}, "type": "types", "children": [{"attributes": {"type": "qx.ui.control.DateChooser"}, "type": "entry"}]}]}, {"attributes": {"name": "popup"}, "type": "childControl", "children": [{"attributes": {"text": "<p>popup which shows the list control</p>"}, "type": "desc"}, {"attributes": {}, "type": "types", "children": [{"attributes": {"type": "qx.ui.popup.Popup"}, "type": "entry"}]}]}, {"attributes": {"name": "textfield"}, "type": "childControl", "children": [{"attributes": {"text": "<p>text field for manual date entry</p>"}, "type": "desc"}, {"attributes": {}, "type": "types", "children": [{"attributes": {"type": "qx.ui.form.TextField"}, "type": "entry"}]}]}, {"attributes": {"name": "button"}, "type": "childControl", "children": [{"attributes": {"text": "<p>button that opens the list control</p>"}, "type": "desc"}, {"attributes": {}, "type": "types", "children": [{"attributes": {"type": "qx.ui.form.Button"}, "type": "entry"}]}]}]}, {"attributes": {}, "type": "constructor", "children": [{"attributes": {"docFrom": "qx.core.Object", "line": 60, "isCtor": true, "overriddenFrom": "qx.ui.core.Widget", "name": "ctor"}, "type": "method"}]}, {"attributes": {}, "type": "events", "children": [{"attributes": {"name": "changeValue"}, "type": "event", "children": [{"attributes": {"text": "<p>Whenever the value is changed this event is fired</p>\n\n<p>Event data: The new text value of the field.</p>"}, "type": "desc"}, {"attributes": {}, "type": "types", "children": [{"attributes": {"type": "qx.event.type.Data"}, "type": "entry"}]}]}]}, {"attributes": {}, "type": "properties", "children": [{"attributes": {"name": "appearance", "docFrom": "qx.ui.core.Widget", "defaultValue": "\"datefield\"", "refine": "true", "propertyType": "new", "overriddenFrom": "qx.ui.core.Widget"}, "type": "property"}, {"attributes": {"apply": "_applyDateFormat", "propertyType": "new", "check": "qx.util.format.DateFormat", "name": "dateFormat"}, "type": "property", "children": [{"attributes": {"text": "<p>The formatter, which converts the selected date to a string. *</p>"}, "type": "desc"}]}, {"attributes": {"name": "focusable", "docFrom": "qx.ui.core.Widget", "defaultValue": "true", "refine": "true", "propertyType": "new", "overriddenFrom": "qx.ui.core.Widget"}, "type": "property"}, {"attributes": {"allowNull": "true", "propertyType": "new", "check": "String", "name": "placeholder", "apply": "_applyPlaceholder"}, "type": "property", "children": [{"attributes": {"text": "<p>String value which will be shown as a hint if the field is all of:\nunset, unfocused and enabled. Set to null to not show a placeholder\ntext.</p>"}, "type": "desc"}]}, {"attributes": {"name": "width", "docFrom": "qx.ui.core.LayoutItem", "defaultValue": "120", "refine": "true", "propertyType": "new", "overriddenFrom": "qx.ui.core.LayoutItem"}, "type": "property"}]}, {"attributes": {}, "type": "methods", "children": [{"attributes": {"access": "protected", "line": 247, "name": "_addLocaleChangeListener"}, "type": "method", "children": [{"attributes": {"text": "<p>Checks for &#8220;qx.dynlocale&#8221; and adds a listener to the locale changes.\nOn every change, {@link #_setDefaultDateFormat} is called to reinitialize\nthe format. You can easily override that method to prevent that behavior.</p>"}, "type": "desc"}]}, {"attributes": {"access": "protected", "line": 369, "name": "_applyDateFormat"}, "type": "method", "children": [{"attributes": {}, "type": "params", "children": [{"attributes": {"name": "value"}, "type": "param", "children": [{"attributes": {"text": "<p>new value of the property</p>"}, "type": "desc"}, {"attributes": {}, "type": "types", "children": [{"attributes": {"type": "qx.util.format.DateFormat"}, "type": "entry"}]}]}, {"attributes": {"name": "old"}, "type": "param", "children": [{"attributes": {"text": "<p>previous value of the property (null if it was not yet set).</p>"}, "type": "desc"}, {"attributes": {}, "type": "types", "children": [{"attributes": {"type": "qx.util.format.DateFormat"}, "type": "entry"}]}]}]}, {"attributes": {}, "type": "apply", "children": [{"attributes": {"applies": "qx.ui.form.DateField#dateFormat"}, "type": "entry"}]}, {"attributes": {"text": "<p>Applies changes of the property value of the property <code>dateFormat</code>.</p>\n\n<p>For further details take a look at the property definition: {@link #dateFormat}.</p>"}, "type": "desc"}]}, {"attributes": {"access": "protected", "line": 391, "name": "_applyPlaceholder"}, "type": "method", "children": [{"attributes": {}, "type": "params", "children": [{"attributes": {"name": "value"}, "type": "param", "children": [{"attributes": {"text": "<p>new value of the property</p>"}, "type": "desc"}, {"attributes": {}, "type": "types", "children": [{"attributes": {"type": "String"}, "type": "entry"}]}]}, {"attributes": {"name": "old"}, "type": "param", "children": [{"attributes": {"text": "<p>previous value of the property (null if it was not yet set).</p>"}, "type": "desc"}, {"attributes": {}, "type": "types", "children": [{"attributes": {"type": "String"}, "type": "entry"}]}]}]}, {"attributes": {}, "type": "apply", "children": [{"attributes": {"applies": "qx.ui.form.DateField#placeholder"}, "type": "entry"}]}, {"attributes": {"text": "<p>Applies changes of the property value of the property <code>placeholder</code>.</p>\n\n<p>For further details take a look at the property definition: {@link #placeholder}.</p>"}, "type": "desc"}]}, {"attributes": {"access": "protected", "docFrom": "qx.ui.core.Widget", "line": 403, "overriddenFrom": "qx.ui.core.Widget", "name": "_createChildControlImpl"}, "type": "method", "children": [{"attributes": {}, "type": "params", "children": [{"attributes": {"name": "id"}, "type": "param"}, {"attributes": {"name": "hash"}, "type": "param"}]}]}, {"attributes": {"access": "protected", "line": 486, "name": "_onBlur"}, "type": "method", "children": [{"attributes": {}, "type": "params", "children": [{"attributes": {"name": "e"}, "type": "param", "children": [{"attributes": {"text": "<p>The blur event.</p>"}, "type": "desc"}, {"attributes": {}, "type": "types", "children": [{"attributes": {"type": "qx.event.type.Focus"}, "type": "entry"}]}]}]}, {"attributes": {"text": "<p>Handler for the blur event of the current widget.</p>"}, "type": "desc"}]}, {"attributes": {"access": "protected", "line": 460, "name": "_onChangeDate"}, "type": "method", "children": [{"attributes": {}, "type": "params", "children": [{"attributes": {"name": "e"}, "type": "param", "children": [{"attributes": {"text": "<p>The pointer event.</p>"}, "type": "desc"}, {"attributes": {}, "type": "types", "children": [{"attributes": {"type": "qx.event.type.Pointer"}, "type": "entry"}]}]}]}, {"attributes": {"text": "<p>Handler method which handles the tap on the calender popup.</p>"}, "type": "desc"}]}, {"attributes": {"access": "protected", "line": 499, "name": "_onKeyPress"}, "type": "method", "children": [{"attributes": {}, "type": "params", "children": [{"attributes": {"name": "e"}, "type": "param", "children": [{"attributes": {"text": "<p>Keypress event</p>"}, "type": "desc"}, {"attributes": {}, "type": "types", "children": [{"attributes": {"type": "qx.event.type.KeySequence"}, "type": "entry"}]}]}]}, {"attributes": {"text": "<p>Handler method which handles the key press. It forwards all key event\nto the opened date chooser except the escape key event. Escape closes\nthe popup.\nIf the list is cloned, all key events will not be processed further.</p>"}, "type": "desc"}]}, {"attributes": {"access": "protected", "line": 539, "name": "_onPopupChangeVisibility"}, "type": "method", "children": [{"attributes": {}, "type": "params", "children": [{"attributes": {"name": "e"}, "type": "param", "children": [{"attributes": {"text": "<p>Property change event</p>"}, "type": "desc"}, {"attributes": {}, "type": "types", "children": [{"attributes": {"type": "qx.event.type.Data"}, "type": "entry"}]}]}]}, {"attributes": {"text": "<p>Redirects changeVisibility event from the list to this widget.</p>"}, "type": "desc"}]}, {"attributes": {"access": "protected", "line": 476, "name": "_onTap"}, "type": "method", "children": [{"attributes": {}, "type": "params", "children": [{"attributes": {"name": "e"}, "type": "param", "children": [{"attributes": {"text": "<p>Pointer tap event</p>"}, "type": "desc"}, {"attributes": {}, "type": "types", "children": [{"attributes": {"type": "qx.event.type.Pointer"}, "type": "entry"}]}]}]}, {"attributes": {"text": "<p>Toggles the popup&#8217;s visibility.</p>"}, "type": "desc"}]}, {"attributes": {"access": "protected", "line": 562, "name": "_onTextFieldChangeValue"}, "type": "method", "children": [{"attributes": {}, "type": "params", "children": [{"attributes": {"name": "e"}, "type": "param", "children": [{"attributes": {"text": "<p>Change event</p>"}, "type": "desc"}, {"attributes": {}, "type": "types", "children": [{"attributes": {"type": "qx.event.type.Data"}, "type": "entry"}]}]}]}, {"attributes": {"text": "<p>Reacts on value changes of the text field and syncs the\nvalue to the combobox.</p>"}, "type": "desc"}]}, {"attributes": {"access": "protected", "line": 237, "name": "_setDefaultDateFormat"}, "type": "method", "children": [{"attributes": {"text": "<p>Sets the default date format which is returned by\n{@link #getDefaultDateFormatter}. You can overrride this method to\ndefine your own default format.</p>"}, "type": "desc"}]}, {"attributes": {"line": 343, "name": "close"}, "type": "method", "children": [{"attributes": {"text": "<p>Hides the date chooser popup.</p>"}, "type": "desc"}]}, {"attributes": {"name": "getDateFormat", "fromProperty": "dateFormat"}, "type": "method", "children": [{"attributes": {"text": "<p>Returns the (computed) value of the property <code>dateFormat</code>.</p>\n\n<p>For further details take a look at the property definition: {@link #dateFormat}.</p>"}, "type": "desc"}, {"attributes": {}, "type": "return", "children": [{"attributes": {"text": "<p>(Computed) value of <code>dateFormat</code>.</p>"}, "type": "desc"}, {"attributes": {}, "type": "types", "children": [{"attributes": {"type": "var"}, "type": "entry"}]}]}]}, {"attributes": {"name": "getPlaceholder", "fromProperty": "placeholder"}, "type": "method", "children": [{"attributes": {"text": "<p>Returns the (computed) value of the property <code>placeholder</code>.</p>\n\n<p>For further details take a look at the property definition: {@link #placeholder}.</p>"}, "type": "desc"}, {"attributes": {}, "type": "return", "children": [{"attributes": {"text": "<p>(Computed) value of <code>placeholder</code>.</p>"}, "type": "desc"}, {"attributes": {}, "type": "types", "children": [{"attributes": {"type": "var"}, "type": "entry"}]}]}]}, {"attributes": {"line": 292, "name": "getValue"}, "type": "method", "children": [{"attributes": {"text": "<p>Returns the current set date, parsed from the input-field\ncorresponding to the {@link #dateFormat}.\nIf the given text could not be parsed, <code>null</code> will be returned.</p>"}, "type": "desc"}, {"attributes": {}, "type": "return", "children": [{"attributes": {"text": "<p>The currently set date.</p>"}, "type": "desc"}, {"attributes": {}, "type": "types", "children": [{"attributes": {"type": "Date"}, "type": "entry"}]}]}]}, {"attributes": {"access": "protected", "name": "initDateFormat", "fromProperty": "dateFormat"}, "type": "method", "children": [{"attributes": {}, "type": "params", "children": [{"attributes": {"name": "value"}, "type": "param", "children": [{"attributes": {"text": "<p>Initial value for property <code>dateFormat</code>.</p>"}, "type": "desc"}, {"attributes": {}, "type": "types", "children": [{"attributes": {"type": "var"}, "type": "entry"}]}]}]}, {"attributes": {"text": "<p>Calls the apply method and dispatches the change event of the property <code>dateFormat</code>\nwith the default value defined by the class developer. This function can\nonly be called from the constructor of a class.</p>\n\n<p>For further details take a look at the property definition: {@link #dateFormat}.</p>"}, "type": "desc"}, {"attributes": {}, "type": "return", "children": [{"attributes": {"text": "<p>the default value</p>"}, "type": "desc"}, {"attributes": {}, "type": "types", "children": [{"attributes": {"type": "var"}, "type": "entry"}]}]}]}, {"attributes": {"access": "protected", "name": "initPlaceholder", "fromProperty": "placeholder"}, "type": "method", "children": [{"attributes": {}, "type": "params", "children": [{"attributes": {"name": "value"}, "type": "param", "children": [{"attributes": {"text": "<p>Initial value for property <code>placeholder</code>.</p>"}, "type": "desc"}, {"attributes": {}, "type": "types", "children": [{"attributes": {"type": "var"}, "type": "entry"}]}]}]}, {"attributes": {"text": "<p>Calls the apply method and dispatches the change event of the property <code>placeholder</code>\nwith the default value defined by the class developer. This function can\nonly be called from the constructor of a class.</p>\n\n<p>For further details take a look at the property definition: {@link #placeholder}.</p>"}, "type": "desc"}, {"attributes": {}, "type": "return", "children": [{"attributes": {"text": "<p>the default value</p>"}, "type": "desc"}, {"attributes": {}, "type": "types", "children": [{"attributes": {"type": "var"}, "type": "entry"}]}]}]}, {"attributes": {"line": 582, "name": "isEmpty"}, "type": "method", "children": [{"attributes": {"text": "<p>Checks if the textfield of the DateField is empty.</p>"}, "type": "desc"}, {"attributes": {}, "type": "return", "children": [{"attributes": {"text": "<p>True, if the textfield of the DateField is empty.</p>"}, "type": "desc"}, {"attributes": {}, "type": "types", "children": [{"attributes": {"type": "Boolean"}, "type": "entry"}]}]}]}, {"attributes": {"line": 331, "name": "open"}, "type": "method", "children": [{"attributes": {"text": "<p>Shows the date chooser popup.</p>"}, "type": "desc"}]}, {"attributes": {"name": "resetDateFormat", "fromProperty": "dateFormat"}, "type": "method", "children": [{"attributes": {"text": "<p>Resets the user value of the property <code>dateFormat</code>.</p>\n\n<p>The computed value falls back to the next available value e.g. appearance, init or\ninheritance value depeneding on the property configuration and value availability.</p>\n\n<p>For further details take a look at the property definition: {@link #dateFormat}.</p>"}, "type": "desc"}]}, {"attributes": {"name": "resetPlaceholder", "fromProperty": "placeholder"}, "type": "method", "children": [{"attributes": {"text": "<p>Resets the user value of the property <code>placeholder</code>.</p>\n\n<p>The computed value falls back to the next available value e.g. appearance, init or\ninheritance value depeneding on the property configuration and value availability.</p>\n\n<p>For further details take a look at the property definition: {@link #placeholder}.</p>"}, "type": "desc"}]}, {"attributes": {"line": 310, "name": "resetValue"}, "type": "method", "children": [{"attributes": {"text": "<p>Resets the DateField. The textfield will be empty and the datechooser\nwill also have no selection.</p>"}, "type": "desc"}]}, {"attributes": {"name": "setDateFormat", "fromProperty": "dateFormat"}, "type": "method", "children": [{"attributes": {}, "type": "params", "children": [{"attributes": {"name": "value"}, "type": "param", "children": [{"attributes": {"text": "<p>New value for property <code>dateFormat</code>.</p>"}, "type": "desc"}, {"attributes": {}, "type": "types", "children": [{"attributes": {"type": "var"}, "type": "entry"}]}]}]}, {"attributes": {"text": "<p>Sets the user value of the property <code>dateFormat</code>.</p>\n\n<p>For further details take a look at the property definition: {@link #dateFormat}.</p>"}, "type": "desc"}, {"attributes": {}, "type": "return", "children": [{"attributes": {"text": "<p>The unmodified incoming value.</p>"}, "type": "desc"}, {"attributes": {}, "type": "types", "children": [{"attributes": {"type": "var"}, "type": "entry"}]}]}]}, {"attributes": {"name": "setPlaceholder", "fromProperty": "placeholder"}, "type": "method", "children": [{"attributes": {}, "type": "params", "children": [{"attributes": {"name": "value"}, "type": "param", "children": [{"attributes": {"text": "<p>New value for property <code>placeholder</code>.</p>"}, "type": "desc"}, {"attributes": {}, "type": "types", "children": [{"attributes": {"type": "var"}, "type": "entry"}]}]}]}, {"attributes": {"text": "<p>Sets the user value of the property <code>placeholder</code>.</p>\n\n<p>For further details take a look at the property definition: {@link #placeholder}.</p>"}, "type": "desc"}, {"attributes": {}, "type": "return", "children": [{"attributes": {"text": "<p>The unmodified incoming value.</p>"}, "type": "desc"}, {"attributes": {}, "type": "types", "children": [{"attributes": {"type": "var"}, "type": "entry"}]}]}]}, {"attributes": {"line": 273, "name": "setValue"}, "type": "method", "children": [{"attributes": {}, "type": "params", "children": [{"attributes": {"name": "value"}, "type": "param", "children": [{"attributes": {"text": "<p>The date to set.</p>"}, "type": "desc"}, {"attributes": {}, "type": "types", "children": [{"attributes": {"type": "Date"}, "type": "entry"}]}]}]}, {"attributes": {"text": "<p>This method sets the date, which will be formatted according to\n#dateFormat to the date field. It will also select the date in the\ncalendar popup.</p>"}, "type": "desc"}]}, {"attributes": {"line": 351, "name": "toggle"}, "type": "method", "children": [{"attributes": {"text": "<p>Toggles the date chooser popup visibility.</p>"}, "type": "desc"}]}]}, {"attributes": {}, "type": "methods-static", "children": [{"attributes": {"line": 185, "isStatic": true, "name": "getDefaultDateFormatter"}, "type": "method", "children": [{"attributes": {"text": "<p>Get the shared default date formatter</p>"}, "type": "desc"}, {"attributes": {}, "type": "return", "children": [{"attributes": {"text": "<p>The shared date formatter</p>"}, "type": "desc"}, {"attributes": {}, "type": "types", "children": [{"attributes": {"type": "qx.util.format.DateFormat"}, "type": "entry"}]}]}]}]}, {"attributes": {}, "type": "constants", "children": [{"attributes": {"access": "private", "type": "Null", "name": "__formatter", "value": "null"}, "type": "constant"}, {"attributes": {"access": "private", "type": "Null", "name": "__dateFormat", "value": "null"}, "type": "constant"}]}]}