{"attributes": {"fullName": "qx.ui.toolbar.Button", "packageName": "qx.ui.toolbar", "type": "class", "name": "Button", "superClass": "qx.ui.form.Button"}, "type": "class", "children": [{"attributes": {"text": "<p>The normal toolbar button. Like a normal {@link qx.ui.form.Button}\nbut with a style matching the toolbar and without keyboard support.</p>"}, "type": "desc"}, {"attributes": {}, "type": "constructor", "children": [{"attributes": {"docFrom": "qx.ui.form.Button", "line": 37, "isCtor": true, "overriddenFrom": "qx.ui.form.Button", "name": "ctor"}, "type": "method", "children": [{"attributes": {}, "type": "params", "children": [{"attributes": {"name": "label"}, "type": "param"}, {"attributes": {"name": "icon"}, "type": "param"}, {"attributes": {"name": "command"}, "type": "param"}]}]}]}, {"attributes": {}, "type": "properties", "children": [{"attributes": {"name": "appearance", "docFrom": "qx.ui.core.Widget", "defaultValue": "\"toolbar-button\"", "refine": "true", "propertyType": "new", "overriddenFrom": "qx.ui.form.Button"}, "type": "property"}, {"attributes": {"name": "focusable", "docFrom": "qx.ui.core.Widget", "defaultValue": "false", "refine": "true", "propertyType": "new", "overriddenFrom": "qx.ui.form.Button"}, "type": "property"}, {"attributes": {"name": "show", "docFrom": "qx.ui.basic.Atom", "defaultValue": "\"inherit\"", "refine": "true", "propertyType": "new", "overriddenFrom": "qx.ui.basic.Atom"}, "type": "property"}]}, {"attributes": {}, "type": "methods", "children": [{"attributes": {"access": "protected", "line": 78, "overriddenFrom": "qx.ui.core.Widget", "name": "_applyVisibility"}, "type": "method", "children": [{"attributes": {}, "type": "params", "children": [{"attributes": {"name": "value"}, "type": "param", "children": [{"attributes": {"text": "<p>new value of the property</p>"}, "type": "desc"}, {"attributes": {}, "type": "types", "children": [{"attributes": {"type": "var"}, "type": "entry"}]}]}, {"attributes": {"name": "old"}, "type": "param", "children": [{"attributes": {"text": "<p>previous value of the property (null if it was not yet set).</p>"}, "type": "desc"}, {"attributes": {}, "type": "types", "children": [{"attributes": {"type": "var"}, "type": "entry"}]}]}]}, {"attributes": {}, "type": "apply", "children": [{"attributes": {"applies": "qx.ui.core.Widget#visibility"}, "type": "entry"}]}, {"attributes": {"text": "<p>Applies changes of the property value of the property <code>visibility</code>.</p>\n\n<p>For further details take a look at the property definition: {@link #visibility}.</p>"}, "type": "desc"}]}]}]}