{"attributes": {"name": "Atom", "packageName": "qx.ui.mobile.basic", "superClass": "qx.ui.mobile.core.Widget", "childClasses": "qx.ui.mobile.dialog.BusyIndicator,qx.ui.mobile.form.Button", "fullName": "qx.ui.mobile.basic.Atom", "type": "class"}, "type": "class", "children": [{"attributes": {"text": "<p>A multi-purpose widget, which combines a label with an icon.</p>\n\n<p>The intended purpose of qx.ui.mobile.basic.Atom is to easily align the common icon-text\ncombination in different ways.</p>\n\n<p><strong>Example</strong></p>\n\n<p>Here is a little example of how to use the widget.</p>\n\n<pre class=\"javascript\">\n  var atom = new qx.ui.mobile.basic.Atom(\"Icon Right\", \"icon/32/actions/go-next.png\");\n  this.getRoot().add(atom);\n</pre>\n\n<p>This example creates an atom with the label &#8220;Icon Right&#8221; and an icon.</p>"}, "type": "desc"}, {"attributes": {}, "type": "constructor", "children": [{"attributes": {"line": 53, "isCtor": true, "overriddenFrom": "qx.ui.mobile.core.Widget", "name": "ctor"}, "type": "method", "children": [{"attributes": {}, "type": "params", "children": [{"attributes": {"name": "label"}, "type": "param", "children": [{"attributes": {"text": "<p>Label to use</p>"}, "type": "desc"}, {"attributes": {}, "type": "types", "children": [{"attributes": {"type": "String"}, "type": "entry"}]}]}, {"attributes": {"defaultValue": "null", "optional": true, "name": "icon"}, "type": "param", "children": [{"attributes": {"text": "<p>Icon to use</p>"}, "type": "desc"}, {"attributes": {}, "type": "types", "children": [{"attributes": {"type": "String"}, "type": "entry"}]}]}]}, {"attributes": {"text": ""}, "type": "desc"}]}]}, {"attributes": {}, "type": "properties", "children": [{"attributes": {"name": "defaultCssClass", "docFrom": "qx.ui.mobile.core.Widget", "defaultValue": "\"atom\"", "refine": "true", "propertyType": "new", "overriddenFrom": "qx.ui.mobile.core.Widget"}, "type": "property"}, {"attributes": {"name": "gap", "defaultValue": "4", "allowNull": "false", "propertyType": "new", "apply": "_applyGap", "check": "Integer"}, "type": "property", "children": [{"attributes": {"text": "<p>Please use <span class=\"caps\">SCSS</span> variable $application-gap-size instead. The space between the icon and the label</p>"}, "type": "desc"}, {"attributes": {}, "type": "deprecated", "children": [{"attributes": {"text": "<p>Please use <span class=\"caps\">SCSS</span> variable $application-gap-size instead. The space between the icon and the label</p>"}, "type": "desc"}]}]}, {"attributes": {"name": "icon", "check": "String", "allowNull": "true", "propertyType": "new", "apply": "_applyIcon", "event": "changeIcon"}, "type": "property", "children": [{"attributes": {"text": "<p>Any <span class=\"caps\">URI</span> String supported by qx.ui.mobile.basic.Image to display an icon</p>"}, "type": "desc"}]}, {"attributes": {"apply": "_applyIconPosition", "defaultValue": "\"left\"", "propertyType": "new", "name": "iconPosition", "possibleValues": "\"top\",\"right\",\"bottom\",\"left\""}, "type": "property", "children": [{"attributes": {"text": "<p>The position of the icon in relation to the text.\nOnly useful/needed if text and icon is configured and &#8216;show&#8217; is configured as &#8216;both&#8217; (default)</p>"}, "type": "desc"}]}, {"attributes": {"name": "label", "check": "String", "allowNull": "true", "propertyType": "new", "apply": "_applyLabel", "event": "changeLabel"}, "type": "property", "children": [{"attributes": {"text": "<p>The label/caption/text of the qx.ui.mobile.basic.Atom instance</p>"}, "type": "desc"}]}, {"attributes": {"name": "show", "defaultValue": "\"both\"", "propertyType": "new", "inheritable": "true", "possibleValues": "\"both\",\"label\",\"icon\"", "apply": "_applyShow"}, "type": "property", "children": [{"attributes": {"text": "<p>Configure the visibility of the sub elements/widgets.\nPossible values: both, text, icon</p>"}, "type": "desc"}]}]}, {"attributes": {}, "type": "methods", "children": [{"attributes": {"access": "private", "line": 270, "name": "__createChildren"}, "type": "method", "children": [{"attributes": {}, "type": "params", "children": [{"attributes": {"name": "label"}, "type": "param", "children": [{"attributes": {"text": "<p>the text of the button</p>"}, "type": "desc"}, {"attributes": {}, "type": "types", "children": [{"attributes": {"type": "String"}, "type": "entry"}]}]}, {"attributes": {"name": "icon"}, "type": "param", "children": [{"attributes": {"text": "<p>A path to an image resource</p>"}, "type": "desc"}, {"attributes": {}, "type": "types", "children": [{"attributes": {"type": "String"}, "type": "entry"}]}]}]}, {"attributes": {"text": "<p>This function is responsible for creating and adding 2 children controls to the Button widget.\nA label and an icon.</p>"}, "type": "desc"}]}, {"attributes": {"access": "protected", "line": 180, "name": "_applyGap"}, "type": "method", "children": [{"attributes": {}, "type": "params", "children": [{"attributes": {"name": "value"}, "type": "param", "children": [{"attributes": {"text": "<p>new value of the property</p>"}, "type": "desc"}, {"attributes": {}, "type": "types", "children": [{"attributes": {"type": "Integer"}, "type": "entry"}]}]}, {"attributes": {"name": "old"}, "type": "param", "children": [{"attributes": {"text": "<p>previous value of the property (null if it was not yet set).</p>"}, "type": "desc"}, {"attributes": {}, "type": "types", "children": [{"attributes": {"type": "Integer"}, "type": "entry"}]}]}]}, {"attributes": {}, "type": "apply", "children": [{"attributes": {"applies": "qx.ui.mobile.basic.Atom#gap"}, "type": "entry"}]}, {"attributes": {"text": "<p>Applies changes of the property value of the property <code>gap</code>.</p>\n\n<p>For further details take a look at the property definition: {@link #gap}.</p>"}, "type": "desc"}]}, {"attributes": {"access": "protected", "line": 201, "name": "_applyIcon"}, "type": "method", "children": [{"attributes": {}, "type": "params", "children": [{"attributes": {"name": "value"}, "type": "param", "children": [{"attributes": {"text": "<p>new value of the property</p>"}, "type": "desc"}, {"attributes": {}, "type": "types", "children": [{"attributes": {"type": "String"}, "type": "entry"}]}]}, {"attributes": {"name": "old"}, "type": "param", "children": [{"attributes": {"text": "<p>previous value of the property (null if it was not yet set).</p>"}, "type": "desc"}, {"attributes": {}, "type": "types", "children": [{"attributes": {"type": "String"}, "type": "entry"}]}]}]}, {"attributes": {}, "type": "apply", "children": [{"attributes": {"applies": "qx.ui.mobile.basic.Atom#icon"}, "type": "entry"}]}, {"attributes": {"text": "<p>Applies changes of the property value of the property <code>icon</code>.</p>\n\n<p>For further details take a look at the property definition: {@link #icon}.</p>"}, "type": "desc"}]}, {"attributes": {"access": "protected", "line": 141, "name": "_applyIconPosition"}, "type": "method", "children": [{"attributes": {}, "type": "params", "children": [{"attributes": {"name": "value"}, "type": "param", "children": [{"attributes": {"text": "<p>new value of the property</p>"}, "type": "desc"}, {"attributes": {}, "type": "types", "children": [{"attributes": {"type": "var"}, "type": "entry"}]}]}, {"attributes": {"name": "old"}, "type": "param", "children": [{"attributes": {"text": "<p>previous value of the property (null if it was not yet set).</p>"}, "type": "desc"}, {"attributes": {}, "type": "types", "children": [{"attributes": {"type": "var"}, "type": "entry"}]}]}]}, {"attributes": {}, "type": "apply", "children": [{"attributes": {"applies": "qx.ui.mobile.basic.Atom#iconPosition"}, "type": "entry"}]}, {"attributes": {"text": "<p>Applies changes of the property value of the property <code>iconPosition</code>.</p>\n\n<p>For further details take a look at the property definition: {@link #iconPosition}.</p>"}, "type": "desc"}]}, {"attributes": {"access": "protected", "line": 190, "name": "_applyLabel"}, "type": "method", "children": [{"attributes": {}, "type": "params", "children": [{"attributes": {"name": "value"}, "type": "param", "children": [{"attributes": {"text": "<p>new value of the property</p>"}, "type": "desc"}, {"attributes": {}, "type": "types", "children": [{"attributes": {"type": "String"}, "type": "entry"}]}]}, {"attributes": {"name": "old"}, "type": "param", "children": [{"attributes": {"text": "<p>previous value of the property (null if it was not yet set).</p>"}, "type": "desc"}, {"attributes": {}, "type": "types", "children": [{"attributes": {"type": "String"}, "type": "entry"}]}]}]}, {"attributes": {}, "type": "apply", "children": [{"attributes": {"applies": "qx.ui.mobile.basic.Atom#label"}, "type": "entry"}]}, {"attributes": {"text": "<p>Applies changes of the property value of the property <code>label</code>.</p>\n\n<p>For further details take a look at the property definition: {@link #label}.</p>"}, "type": "desc"}]}, {"attributes": {"access": "protected", "line": 161, "name": "_applyShow"}, "type": "method", "children": [{"attributes": {}, "type": "params", "children": [{"attributes": {"name": "value"}, "type": "param", "children": [{"attributes": {"text": "<p>new value of the property</p>"}, "type": "desc"}, {"attributes": {}, "type": "types", "children": [{"attributes": {"type": "var"}, "type": "entry"}]}]}, {"attributes": {"name": "old"}, "type": "param", "children": [{"attributes": {"text": "<p>previous value of the property (null if it was not yet set).</p>"}, "type": "desc"}, {"attributes": {}, "type": "types", "children": [{"attributes": {"type": "var"}, "type": "entry"}]}]}]}, {"attributes": {}, "type": "apply", "children": [{"attributes": {"applies": "qx.ui.mobile.basic.Atom#show"}, "type": "entry"}]}, {"attributes": {"text": "<p>Applies changes of the property value of the property <code>show</code>.</p>\n\n<p>For further details take a look at the property definition: {@link #show}.</p>"}, "type": "desc"}]}, {"attributes": {"access": "protected", "line": 237, "name": "_createIconWidget"}, "type": "method", "children": [{"attributes": {}, "type": "params", "children": [{"attributes": {"name": "iconUrl"}, "type": "param", "children": [{"attributes": {"text": "<p>The icon url.</p>"}, "type": "desc"}, {"attributes": {}, "type": "types", "children": [{"attributes": {"type": "String"}, "type": "entry"}]}]}]}, {"attributes": {"text": "<p>Creates the icon widget.</p>"}, "type": "desc"}, {"attributes": {}, "type": "return", "children": [{"attributes": {"text": "<p>The created icon widget.</p>"}, "type": "desc"}, {"attributes": {}, "type": "types", "children": [{"attributes": {"type": "qx.ui.mobile.basic.Image"}, "type": "entry"}]}]}]}, {"attributes": {"access": "protected", "line": 253, "name": "_createLabelWidget"}, "type": "method", "children": [{"attributes": {}, "type": "params", "children": [{"attributes": {"name": "label"}, "type": "param", "children": [{"attributes": {"text": "<p>The text that should be displayed.</p>"}, "type": "desc"}, {"attributes": {}, "type": "types", "children": [{"attributes": {"type": "String"}, "type": "entry"}]}]}]}, {"attributes": {"text": "<p>Creates the label widget.</p>"}, "type": "desc"}, {"attributes": {}, "type": "return", "children": [{"attributes": {"text": "<p>The created label widget.</p>"}, "type": "desc"}, {"attributes": {}, "type": "types", "children": [{"attributes": {"type": "qx.ui.mobile.basic.Label"}, "type": "entry"}]}]}]}, {"attributes": {"name": "getGap", "fromProperty": "gap"}, "type": "method", "children": [{"attributes": {"text": "<p>Returns the (computed) value of the property <code>gap</code>.</p>\n\n<p>For further details take a look at the property definition: {@link #gap}.</p>"}, "type": "desc"}, {"attributes": {}, "type": "return", "children": [{"attributes": {"text": "<p>(Computed) value of <code>gap</code>.</p>"}, "type": "desc"}, {"attributes": {}, "type": "types", "children": [{"attributes": {"type": "var"}, "type": "entry"}]}]}]}, {"attributes": {"name": "getIcon", "fromProperty": "icon"}, "type": "method", "children": [{"attributes": {"text": "<p>Returns the (computed) value of the property <code>icon</code>.</p>\n\n<p>For further details take a look at the property definition: {@link #icon}.</p>"}, "type": "desc"}, {"attributes": {}, "type": "return", "children": [{"attributes": {"text": "<p>(Computed) value of <code>icon</code>.</p>"}, "type": "desc"}, {"attributes": {}, "type": "types", "children": [{"attributes": {"type": "var"}, "type": "entry"}]}]}]}, {"attributes": {"name": "getIconPosition", "fromProperty": "iconPosition"}, "type": "method", "children": [{"attributes": {"text": "<p>Returns the (computed) value of the property <code>iconPosition</code>.</p>\n\n<p>For further details take a look at the property definition: {@link #iconPosition}.</p>"}, "type": "desc"}, {"attributes": {}, "type": "return", "children": [{"attributes": {"text": "<p>(Computed) value of <code>iconPosition</code>.</p>"}, "type": "desc"}, {"attributes": {}, "type": "types", "children": [{"attributes": {"type": "var"}, "type": "entry"}]}]}]}, {"attributes": {"line": 216, "name": "getIconWidget"}, "type": "method", "children": [{"attributes": {"text": "<p>Returns the icon widget.</p>"}, "type": "desc"}, {"attributes": {}, "type": "return", "children": [{"attributes": {"text": "<p>The icon widget.</p>"}, "type": "desc"}, {"attributes": {}, "type": "types", "children": [{"attributes": {"type": "qx.ui.mobile.basic.Image"}, "type": "entry"}]}]}]}, {"attributes": {"name": "getLabel", "fromProperty": "label"}, "type": "method", "children": [{"attributes": {"text": "<p>Returns the (computed) value of the property <code>label</code>.</p>\n\n<p>For further details take a look at the property definition: {@link #label}.</p>"}, "type": "desc"}, {"attributes": {}, "type": "return", "children": [{"attributes": {"text": "<p>(Computed) value of <code>label</code>.</p>"}, "type": "desc"}, {"attributes": {}, "type": "types", "children": [{"attributes": {"type": "var"}, "type": "entry"}]}]}]}, {"attributes": {"line": 226, "name": "getLabelWidget"}, "type": "method", "children": [{"attributes": {"text": "<p>Returns the label widget.</p>"}, "type": "desc"}, {"attributes": {}, "type": "return", "children": [{"attributes": {"text": "<p>The label widget.</p>"}, "type": "desc"}, {"attributes": {}, "type": "types", "children": [{"attributes": {"type": "qx.ui.mobile.basic.Label"}, "type": "entry"}]}]}]}, {"attributes": {"name": "getShow", "fromProperty": "show"}, "type": "method", "children": [{"attributes": {"text": "<p>Returns the (computed) value of the property <code>show</code>.</p>\n\n<p>For further details take a look at the property definition: {@link #show}.</p>"}, "type": "desc"}, {"attributes": {}, "type": "return", "children": [{"attributes": {"text": "<p>(Computed) value of <code>show</code>.</p>"}, "type": "desc"}, {"attributes": {}, "type": "types", "children": [{"attributes": {"type": "var"}, "type": "entry"}]}]}]}, {"attributes": {"access": "protected", "name": "initGap", "fromProperty": "gap"}, "type": "method", "children": [{"attributes": {}, "type": "params", "children": [{"attributes": {"name": "value"}, "type": "param", "children": [{"attributes": {"text": "<p>Initial value for property <code>gap</code>.</p>"}, "type": "desc"}, {"attributes": {}, "type": "types", "children": [{"attributes": {"type": "var"}, "type": "entry"}]}]}]}, {"attributes": {"text": "<p>Calls the apply method and dispatches the change event of the property <code>gap</code>\nwith the default value defined by the class developer. This function can\nonly be called from the constructor of a class.</p>\n\n<p>For further details take a look at the property definition: {@link #gap}.</p>"}, "type": "desc"}, {"attributes": {}, "type": "return", "children": [{"attributes": {"text": "<p>the default value</p>"}, "type": "desc"}, {"attributes": {}, "type": "types", "children": [{"attributes": {"type": "var"}, "type": "entry"}]}]}]}, {"attributes": {"access": "protected", "name": "initIcon", "fromProperty": "icon"}, "type": "method", "children": [{"attributes": {}, "type": "params", "children": [{"attributes": {"name": "value"}, "type": "param", "children": [{"attributes": {"text": "<p>Initial value for property <code>icon</code>.</p>"}, "type": "desc"}, {"attributes": {}, "type": "types", "children": [{"attributes": {"type": "var"}, "type": "entry"}]}]}]}, {"attributes": {"text": "<p>Calls the apply method and dispatches the change event of the property <code>icon</code>\nwith the default value defined by the class developer. This function can\nonly be called from the constructor of a class.</p>\n\n<p>For further details take a look at the property definition: {@link #icon}.</p>"}, "type": "desc"}, {"attributes": {}, "type": "return", "children": [{"attributes": {"text": "<p>the default value</p>"}, "type": "desc"}, {"attributes": {}, "type": "types", "children": [{"attributes": {"type": "var"}, "type": "entry"}]}]}]}, {"attributes": {"access": "protected", "name": "initIconPosition", "fromProperty": "iconPosition"}, "type": "method", "children": [{"attributes": {}, "type": "params", "children": [{"attributes": {"name": "value"}, "type": "param", "children": [{"attributes": {"text": "<p>Initial value for property <code>iconPosition</code>.</p>"}, "type": "desc"}, {"attributes": {}, "type": "types", "children": [{"attributes": {"type": "var"}, "type": "entry"}]}]}]}, {"attributes": {"text": "<p>Calls the apply method and dispatches the change event of the property <code>iconPosition</code>\nwith the default value defined by the class developer. This function can\nonly be called from the constructor of a class.</p>\n\n<p>For further details take a look at the property definition: {@link #iconPosition}.</p>"}, "type": "desc"}, {"attributes": {}, "type": "return", "children": [{"attributes": {"text": "<p>the default value</p>"}, "type": "desc"}, {"attributes": {}, "type": "types", "children": [{"attributes": {"type": "var"}, "type": "entry"}]}]}]}, {"attributes": {"access": "protected", "name": "initLabel", "fromProperty": "label"}, "type": "method", "children": [{"attributes": {}, "type": "params", "children": [{"attributes": {"name": "value"}, "type": "param", "children": [{"attributes": {"text": "<p>Initial value for property <code>label</code>.</p>"}, "type": "desc"}, {"attributes": {}, "type": "types", "children": [{"attributes": {"type": "var"}, "type": "entry"}]}]}]}, {"attributes": {"text": "<p>Calls the apply method and dispatches the change event of the property <code>label</code>\nwith the default value defined by the class developer. This function can\nonly be called from the constructor of a class.</p>\n\n<p>For further details take a look at the property definition: {@link #label}.</p>"}, "type": "desc"}, {"attributes": {}, "type": "return", "children": [{"attributes": {"text": "<p>the default value</p>"}, "type": "desc"}, {"attributes": {}, "type": "types", "children": [{"attributes": {"type": "var"}, "type": "entry"}]}]}]}, {"attributes": {"access": "protected", "name": "initShow", "fromProperty": "show"}, "type": "method", "children": [{"attributes": {}, "type": "params", "children": [{"attributes": {"name": "value"}, "type": "param", "children": [{"attributes": {"text": "<p>Initial value for property <code>show</code>.</p>"}, "type": "desc"}, {"attributes": {}, "type": "types", "children": [{"attributes": {"type": "var"}, "type": "entry"}]}]}]}, {"attributes": {"text": "<p>Calls the apply method and dispatches the change event of the property <code>show</code>\nwith the default value defined by the class developer. This function can\nonly be called from the constructor of a class.</p>\n\n<p>For further details take a look at the property definition: {@link #show}.</p>"}, "type": "desc"}, {"attributes": {}, "type": "return", "children": [{"attributes": {"text": "<p>the default value</p>"}, "type": "desc"}, {"attributes": {}, "type": "types", "children": [{"attributes": {"type": "var"}, "type": "entry"}]}]}]}, {"attributes": {"name": "resetGap", "fromProperty": "gap"}, "type": "method", "children": [{"attributes": {"text": "<p>Resets the user value of the property <code>gap</code>.</p>\n\n<p>The computed value falls back to the next available value e.g. appearance, init or\ninheritance value depeneding on the property configuration and value availability.</p>\n\n<p>For further details take a look at the property definition: {@link #gap}.</p>"}, "type": "desc"}]}, {"attributes": {"name": "resetIcon", "fromProperty": "icon"}, "type": "method", "children": [{"attributes": {"text": "<p>Resets the user value of the property <code>icon</code>.</p>\n\n<p>The computed value falls back to the next available value e.g. appearance, init or\ninheritance value depeneding on the property configuration and value availability.</p>\n\n<p>For further details take a look at the property definition: {@link #icon}.</p>"}, "type": "desc"}]}, {"attributes": {"name": "resetIconPosition", "fromProperty": "iconPosition"}, "type": "method", "children": [{"attributes": {"text": "<p>Resets the user value of the property <code>iconPosition</code>.</p>\n\n<p>The computed value falls back to the next available value e.g. appearance, init or\ninheritance value depeneding on the property configuration and value availability.</p>\n\n<p>For further details take a look at the property definition: {@link #iconPosition}.</p>"}, "type": "desc"}]}, {"attributes": {"name": "resetLabel", "fromProperty": "label"}, "type": "method", "children": [{"attributes": {"text": "<p>Resets the user value of the property <code>label</code>.</p>\n\n<p>The computed value falls back to the next available value e.g. appearance, init or\ninheritance value depeneding on the property configuration and value availability.</p>\n\n<p>For further details take a look at the property definition: {@link #label}.</p>"}, "type": "desc"}]}, {"attributes": {"name": "resetShow", "fromProperty": "show"}, "type": "method", "children": [{"attributes": {"text": "<p>Resets the user value of the property <code>show</code>.</p>\n\n<p>The computed value falls back to the next available value e.g. appearance, init or\ninheritance value depeneding on the property configuration and value availability.</p>\n\n<p>For further details take a look at the property definition: {@link #show}.</p>"}, "type": "desc"}]}, {"attributes": {"name": "setGap", "fromProperty": "gap"}, "type": "method", "children": [{"attributes": {}, "type": "params", "children": [{"attributes": {"name": "value"}, "type": "param", "children": [{"attributes": {"text": "<p>New value for property <code>gap</code>.</p>"}, "type": "desc"}, {"attributes": {}, "type": "types", "children": [{"attributes": {"type": "var"}, "type": "entry"}]}]}]}, {"attributes": {"text": "<p>Sets the user value of the property <code>gap</code>.</p>\n\n<p>For further details take a look at the property definition: {@link #gap}.</p>"}, "type": "desc"}, {"attributes": {}, "type": "return", "children": [{"attributes": {"text": "<p>The unmodified incoming value.</p>"}, "type": "desc"}, {"attributes": {}, "type": "types", "children": [{"attributes": {"type": "var"}, "type": "entry"}]}]}]}, {"attributes": {"name": "setIcon", "fromProperty": "icon"}, "type": "method", "children": [{"attributes": {}, "type": "params", "children": [{"attributes": {"name": "value"}, "type": "param", "children": [{"attributes": {"text": "<p>New value for property <code>icon</code>.</p>"}, "type": "desc"}, {"attributes": {}, "type": "types", "children": [{"attributes": {"type": "var"}, "type": "entry"}]}]}]}, {"attributes": {"text": "<p>Sets the user value of the property <code>icon</code>.</p>\n\n<p>For further details take a look at the property definition: {@link #icon}.</p>"}, "type": "desc"}, {"attributes": {}, "type": "return", "children": [{"attributes": {"text": "<p>The unmodified incoming value.</p>"}, "type": "desc"}, {"attributes": {}, "type": "types", "children": [{"attributes": {"type": "var"}, "type": "entry"}]}]}]}, {"attributes": {"name": "setIconPosition", "fromProperty": "iconPosition"}, "type": "method", "children": [{"attributes": {}, "type": "params", "children": [{"attributes": {"name": "value"}, "type": "param", "children": [{"attributes": {"text": "<p>New value for property <code>iconPosition</code>.</p>"}, "type": "desc"}, {"attributes": {}, "type": "types", "children": [{"attributes": {"type": "var"}, "type": "entry"}]}]}]}, {"attributes": {"text": "<p>Sets the user value of the property <code>iconPosition</code>.</p>\n\n<p>For further details take a look at the property definition: {@link #iconPosition}.</p>"}, "type": "desc"}, {"attributes": {}, "type": "return", "children": [{"attributes": {"text": "<p>The unmodified incoming value.</p>"}, "type": "desc"}, {"attributes": {}, "type": "types", "children": [{"attributes": {"type": "var"}, "type": "entry"}]}]}]}, {"attributes": {"name": "setLabel", "fromProperty": "label"}, "type": "method", "children": [{"attributes": {}, "type": "params", "children": [{"attributes": {"name": "value"}, "type": "param", "children": [{"attributes": {"text": "<p>New value for property <code>label</code>.</p>"}, "type": "desc"}, {"attributes": {}, "type": "types", "children": [{"attributes": {"type": "var"}, "type": "entry"}]}]}]}, {"attributes": {"text": "<p>Sets the user value of the property <code>label</code>.</p>\n\n<p>For further details take a look at the property definition: {@link #label}.</p>"}, "type": "desc"}, {"attributes": {}, "type": "return", "children": [{"attributes": {"text": "<p>The unmodified incoming value.</p>"}, "type": "desc"}, {"attributes": {}, "type": "types", "children": [{"attributes": {"type": "var"}, "type": "entry"}]}]}]}, {"attributes": {"name": "setShow", "fromProperty": "show"}, "type": "method", "children": [{"attributes": {}, "type": "params", "children": [{"attributes": {"name": "value"}, "type": "param", "children": [{"attributes": {"text": "<p>New value for property <code>show</code>.</p>"}, "type": "desc"}, {"attributes": {}, "type": "types", "children": [{"attributes": {"type": "var"}, "type": "entry"}]}]}]}, {"attributes": {"text": "<p>Sets the user value of the property <code>show</code>.</p>\n\n<p>For further details take a look at the property definition: {@link #show}.</p>"}, "type": "desc"}, {"attributes": {}, "type": "return", "children": [{"attributes": {"text": "<p>The unmodified incoming value.</p>"}, "type": "desc"}, {"attributes": {}, "type": "types", "children": [{"attributes": {"type": "var"}, "type": "entry"}]}]}]}]}, {"attributes": {}, "type": "events", "children": [{"attributes": {"name": "changeIcon"}, "type": "event", "children": [{"attributes": {"text": "Fired on change of the property {@link #icon}."}, "type": "desc"}, {"attributes": {}, "type": "types", "children": [{"attributes": {"type": "qx.event.type.Data"}, "type": "entry"}]}]}, {"attributes": {"name": "changeLabel"}, "type": "event", "children": [{"attributes": {"text": "Fired on change of the property {@link #label}."}, "type": "desc"}, {"attributes": {}, "type": "types", "children": [{"attributes": {"type": "qx.event.type.Data"}, "type": "entry"}]}]}]}]}