{"attributes": {"fullName": "qx.ui.form.renderer.Double", "packageName": "qx.ui.form.renderer", "type": "class", "name": "Double", "superClass": "qx.ui.form.renderer.AbstractRenderer"}, "type": "class", "children": [{"attributes": {"text": "<p>Double column renderer for {@link qx.ui.form.Form}.</p>"}, "type": "desc"}, {"attributes": {}, "type": "constructor", "children": [{"attributes": {"docFrom": "qx.ui.form.renderer.AbstractRenderer", "line": 28, "isCtor": true, "overriddenFrom": "qx.ui.form.renderer.AbstractRenderer", "name": "ctor"}, "type": "method", "children": [{"attributes": {}, "type": "params", "children": [{"attributes": {"name": "form"}, "type": "param"}]}]}]}, {"attributes": {}, "type": "methods", "children": [{"attributes": {"access": "protected", "line": 161, "name": "_createHeader"}, "type": "method", "children": [{"attributes": {}, "type": "params", "children": [{"attributes": {"name": "title"}, "type": "param", "children": [{"attributes": {"text": "<p>Creates a header label.</p>"}, "type": "desc"}, {"attributes": {}, "type": "types", "children": [{"attributes": {"type": "String"}, "type": "entry"}]}]}]}, {"attributes": {"text": "<p>Creates a header label for the form groups.</p>"}, "type": "desc"}, {"attributes": {}, "type": "return", "children": [{"attributes": {"text": "<p>The header for the form groups.</p>"}, "type": "desc"}, {"attributes": {}, "type": "types", "children": [{"attributes": {"type": "qx.ui.basic.Label"}, "type": "entry"}]}]}]}, {"attributes": {"access": "protected", "line": 146, "name": "_createLabel"}, "type": "method", "children": [{"attributes": {}, "type": "params", "children": [{"attributes": {"name": "name"}, "type": "param", "children": [{"attributes": {"text": "<p>The content of the label without the trailing * and :</p>"}, "type": "desc"}, {"attributes": {}, "type": "types", "children": [{"attributes": {"type": "String"}, "type": "entry"}]}]}, {"attributes": {"name": "item"}, "type": "param", "children": [{"attributes": {"text": "<p>The item, which has the required state.</p>"}, "type": "desc"}, {"attributes": {}, "type": "types", "children": [{"attributes": {"type": "qx.ui.core.Widget"}, "type": "entry"}]}]}]}, {"attributes": {"text": "<p>Creates a label for the given form item.</p>"}, "type": "desc"}, {"attributes": {}, "type": "return", "children": [{"attributes": {"text": "<p>The label for the given item.</p>"}, "type": "desc"}, {"attributes": {}, "type": "types", "children": [{"attributes": {"type": "qx.ui.basic.Label"}, "type": "entry"}]}]}]}, {"attributes": {"access": "protected", "docFrom": "qx.ui.form.renderer.AbstractRenderer", "line": 49, "overriddenFrom": "qx.ui.form.renderer.AbstractRenderer", "name": "_onFormChange"}, "type": "method"}, {"attributes": {"line": 108, "overriddenFrom": "qx.ui.form.renderer.AbstractRenderer", "name": "addButton"}, "type": "method", "children": [{"attributes": {}, "type": "params", "children": [{"attributes": {"name": "button"}, "type": "param", "children": [{"attributes": {"text": "<p>The button to add.</p>"}, "type": "desc"}, {"attributes": {}, "type": "types", "children": [{"attributes": {"type": "qx.ui.form.Button"}, "type": "entry"}]}]}]}, {"attributes": {"text": "<p>Adds a button the form renderer. All buttons will be added in a\nsingle row at the bottom of the form.</p>"}, "type": "desc"}]}, {"attributes": {"line": 67, "overriddenFrom": "qx.ui.form.renderer.AbstractRenderer", "name": "addItems"}, "type": "method", "children": [{"attributes": {}, "type": "params", "children": [{"attributes": {"name": "items"}, "type": "param", "children": [{"attributes": {"text": "<p>An array of form items to render.</p>"}, "type": "desc"}, {"attributes": {}, "type": "types", "children": [{"attributes": {"type": "qx.ui.core.Widget", "dimensions": 1}, "type": "entry"}]}]}, {"attributes": {"name": "names"}, "type": "param", "children": [{"attributes": {"text": "<p>An array of names for the form items.</p>"}, "type": "desc"}, {"attributes": {}, "type": "types", "children": [{"attributes": {"type": "String", "dimensions": 1}, "type": "entry"}]}]}, {"attributes": {"optional": true, "name": "title"}, "type": "param", "children": [{"attributes": {"text": "<p>A title of the group you are adding.</p>"}, "type": "desc"}, {"attributes": {}, "type": "types", "children": [{"attributes": {"type": "String"}, "type": "entry"}]}]}]}, {"attributes": {"text": "<p>Add a group of form items with the corresponding names. The names are\ndisplayed as label.\nThe title is optional and is used as grouping for the given form\nitems.</p>"}, "type": "desc"}]}, {"attributes": {"line": 133, "name": "getLayout"}, "type": "method", "children": [{"attributes": {"text": "<p>Returns the set layout for configuration.</p>"}, "type": "desc"}, {"attributes": {}, "type": "return", "children": [{"attributes": {"text": "<p>The grid layout of the widget.</p>"}, "type": "desc"}, {"attributes": {}, "type": "types", "children": [{"attributes": {"type": "qx.ui.layout.Grid"}, "type": "entry"}]}]}]}]}]}