{"attributes": {"fullName": "qx.ui.table.cellrenderer.Password", "packageName": "qx.ui.table.cellrenderer", "type": "class", "name": "Password", "superClass": "qx.ui.table.cellrenderer.Default"}, "type": "class", "children": [{"attributes": {"text": "<p>A cell renderer which hides cell values such as passwords form view\nby masking them by *s</p>"}, "type": "desc"}, {"attributes": {}, "type": "methods", "children": [{"attributes": {"access": "protected", "line": 46, "overriddenFrom": "qx.ui.table.cellrenderer.Default", "name": "_getContentHtml"}, "type": "method", "children": [{"attributes": {}, "type": "params", "children": [{"attributes": {"name": "cellInfo"}, "type": "param", "children": [{"attributes": {"text": "<p>The information about the cell. See {@link qx.ui.table.cellrenderer.Abstract#createDataCellHtml}.</p>"}, "type": "desc"}, {"attributes": {}, "type": "types", "children": [{"attributes": {"type": "Map"}, "type": "entry"}]}]}]}, {"attributes": {"text": "<p>Overridden; called whenever the cell updates.</p>"}, "type": "desc"}, {"attributes": {}, "type": "return", "children": [{"attributes": {"text": ""}, "type": "desc"}, {"attributes": {}, "type": "types", "children": [{"attributes": {"type": "String"}, "type": "entry"}]}]}]}]}]}