{"attributes": {"fullName": "qx.ui.core.MRemoteLayoutHandling", "packageName": "qx.ui.core", "type": "mixin", "name": "MRemoteLayoutHandling", "includer": "qx.ui.container.SlideBar,qx.ui.window.Window,qx.ui.groupbox.GroupBox"}, "type": "class", "children": [{"attributes": {"text": "<p>This mixin redirects the layout manager to a child widget of the\nincluding class. This is e.g. used in {@link qx.ui.window.Window} to configure\nthe layout manager of the window pane instead of the window directly.</p>\n\n<p>The including class must implement the method <code>getChildrenContainer</code>,\nwhich has to return the widget, to which the layout should be set.</p>"}, "type": "desc"}, {"attributes": {}, "type": "methods", "children": [{"attributes": {"line": 58, "isMixin": true, "name": "getLayout"}, "type": "method", "children": [{"attributes": {"text": "<p>Get the widget&#8217;s layout manager.</p>"}, "type": "desc"}, {"attributes": {}, "type": "return", "children": [{"attributes": {"text": "<p>The widget&#8217;s layout manager</p>"}, "type": "desc"}, {"attributes": {}, "type": "types", "children": [{"attributes": {"type": "qx.ui.layout.Abstract"}, "type": "entry"}]}]}]}, {"attributes": {"line": 48, "isMixin": true, "name": "setLayout"}, "type": "method", "children": [{"attributes": {}, "type": "params", "children": [{"attributes": {"name": "layout"}, "type": "param", "children": [{"attributes": {"text": "<p>The new layout or <code>null</code> to reset the layout.</p>"}, "type": "desc"}, {"attributes": {}, "type": "types", "children": [{"attributes": {"type": "qx.ui.layout.Abstract"}, "type": "entry"}]}]}]}, {"attributes": {"text": "<p>Set a layout manager for the widget. A a layout manager can only be connected\nwith one widget. Reset the connection with a previous widget first, if you\nlike to use it in another widget instead.</p>"}, "type": "desc"}]}]}]}