{"attributes": {"fullName": "qx.ui.mobile.embed.Html", "packageName": "qx.ui.mobile.embed", "type": "class", "name": "Html", "superClass": "qx.ui.mobile.core.Widget"}, "type": "class", "children": [{"attributes": {"text": "<p>The Html widget embeds plain <span class=\"caps\">HTML</span> code into the application</p>\n\n<p><strong>Example</strong></p>\n\n<p>Here is a little example of how to use the html widget.</p>\n\n<pre class=\"javascript\">\nvar html = new qx.ui.mobile.embed.Html();\nhtml.setHtml(\"<h1>Hello World</h1>\");\n</pre>"}, "type": "desc"}, {"attributes": {}, "type": "constructor", "children": [{"attributes": {"line": 48, "isCtor": true, "overriddenFrom": "qx.ui.mobile.core.Widget", "name": "ctor"}, "type": "method", "children": [{"attributes": {}, "type": "params", "children": [{"attributes": {"defaultValue": "null", "optional": true, "name": "html"}, "type": "param", "children": [{"attributes": {"text": "<p>Initial <span class=\"caps\">HTML</span> content</p>"}, "type": "desc"}, {"attributes": {}, "type": "types", "children": [{"attributes": {"type": "String"}, "type": "entry"}]}]}]}, {"attributes": {"text": ""}, "type": "desc"}]}]}, {"attributes": {}, "type": "events", "children": [{"attributes": {"name": "changeHtml"}, "type": "event", "children": [{"attributes": {"text": "Fired on change of the property {@link #html}."}, "type": "desc"}, {"attributes": {}, "type": "types", "children": [{"attributes": {"type": "qx.event.type.Data"}, "type": "entry"}]}]}]}, {"attributes": {}, "type": "methods", "children": [{"attributes": {"access": "protected", "line": 90, "name": "_applyHtml"}, "type": "method", "children": [{"attributes": {}, "type": "params", "children": [{"attributes": {"name": "value"}, "type": "param", "children": [{"attributes": {"text": "<p>new value of the property</p>"}, "type": "desc"}, {"attributes": {}, "type": "types", "children": [{"attributes": {"type": "String"}, "type": "entry"}]}]}, {"attributes": {"name": "old"}, "type": "param", "children": [{"attributes": {"text": "<p>previous value of the property (null if it was not yet set).</p>"}, "type": "desc"}, {"attributes": {}, "type": "types", "children": [{"attributes": {"type": "String"}, "type": "entry"}]}]}]}, {"attributes": {}, "type": "apply", "children": [{"attributes": {"applies": "qx.ui.mobile.embed.Html#html"}, "type": "entry"}]}, {"attributes": {"text": "<p>Applies changes of the property value of the property <code>html</code>.</p>\n\n<p>For further details take a look at the property definition: {@link #html}.</p>"}, "type": "desc"}]}, {"attributes": {"name": "getHtml", "fromProperty": "html"}, "type": "method", "children": [{"attributes": {"text": "<p>Returns the (computed) value of the property <code>html</code>.</p>\n\n<p>For further details take a look at the property definition: {@link #html}.</p>"}, "type": "desc"}, {"attributes": {}, "type": "return", "children": [{"attributes": {"text": "<p>(Computed) value of <code>html</code>.</p>"}, "type": "desc"}, {"attributes": {}, "type": "types", "children": [{"attributes": {"type": "var"}, "type": "entry"}]}]}]}, {"attributes": {"access": "protected", "name": "initHtml", "fromProperty": "html"}, "type": "method", "children": [{"attributes": {}, "type": "params", "children": [{"attributes": {"name": "value"}, "type": "param", "children": [{"attributes": {"text": "<p>Initial value for property <code>html</code>.</p>"}, "type": "desc"}, {"attributes": {}, "type": "types", "children": [{"attributes": {"type": "var"}, "type": "entry"}]}]}]}, {"attributes": {"text": "<p>Calls the apply method and dispatches the change event of the property <code>html</code>\nwith the default value defined by the class developer. This function can\nonly be called from the constructor of a class.</p>\n\n<p>For further details take a look at the property definition: {@link #html}.</p>"}, "type": "desc"}, {"attributes": {}, "type": "return", "children": [{"attributes": {"text": "<p>the default value</p>"}, "type": "desc"}, {"attributes": {}, "type": "types", "children": [{"attributes": {"type": "var"}, "type": "entry"}]}]}]}, {"attributes": {"name": "resetHtml", "fromProperty": "html"}, "type": "method", "children": [{"attributes": {"text": "<p>Resets the user value of the property <code>html</code>.</p>\n\n<p>The computed value falls back to the next available value e.g. appearance, init or\ninheritance value depeneding on the property configuration and value availability.</p>\n\n<p>For further details take a look at the property definition: {@link #html}.</p>"}, "type": "desc"}]}, {"attributes": {"name": "setHtml", "fromProperty": "html"}, "type": "method", "children": [{"attributes": {}, "type": "params", "children": [{"attributes": {"name": "value"}, "type": "param", "children": [{"attributes": {"text": "<p>New value for property <code>html</code>.</p>"}, "type": "desc"}, {"attributes": {}, "type": "types", "children": [{"attributes": {"type": "var"}, "type": "entry"}]}]}]}, {"attributes": {"text": "<p>Sets the user value of the property <code>html</code>.</p>\n\n<p>For further details take a look at the property definition: {@link #html}.</p>"}, "type": "desc"}, {"attributes": {}, "type": "return", "children": [{"attributes": {"text": "<p>The unmodified incoming value.</p>"}, "type": "desc"}, {"attributes": {}, "type": "types", "children": [{"attributes": {"type": "var"}, "type": "entry"}]}]}]}]}, {"attributes": {}, "type": "properties", "children": [{"attributes": {"name": "html", "defaultValue": "null", "check": "String", "allowNull": "true", "propertyType": "new", "apply": "_applyHtml", "event": "changeHtml"}, "type": "property", "children": [{"attributes": {"text": "<p>Any text string which can contain <span class=\"caps\">HTML</span>, too</p>"}, "type": "desc"}]}]}]}