{"attributes": {"fullName": "qx.ui.table.pane.CellEvent", "packageName": "qx.ui.table.pane", "type": "class", "name": "CellEvent", "superClass": "qx.event.type.Pointer"}, "type": "class", "children": [{"attributes": {"text": "<p>A cell event instance contains all data for pointer events related to cells in\na table.</p>"}, "type": "desc"}, {"attributes": {}, "type": "methods", "children": [{"attributes": {"docFrom": "qx.event.type.Event", "line": 97, "overriddenFrom": "qx.event.type.Native", "name": "clone"}, "type": "method", "children": [{"attributes": {}, "type": "params", "children": [{"attributes": {"name": "embryo"}, "type": "param"}]}]}, {"attributes": {"name": "getColumn", "fromProperty": "column"}, "type": "method", "children": [{"attributes": {"text": "<p>Returns the (computed) value of the property <code>column</code>.</p>\n\n<p>For further details take a look at the property definition: {@link #column}.</p>"}, "type": "desc"}, {"attributes": {}, "type": "return", "children": [{"attributes": {"text": "<p>(Computed) value of <code>column</code>.</p>"}, "type": "desc"}, {"attributes": {}, "type": "types", "children": [{"attributes": {"type": "var"}, "type": "entry"}]}]}]}, {"attributes": {"name": "getRow", "fromProperty": "row"}, "type": "method", "children": [{"attributes": {"text": "<p>Returns the (computed) value of the property <code>row</code>.</p>\n\n<p>For further details take a look at the property definition: {@link #row}.</p>"}, "type": "desc"}, {"attributes": {}, "type": "return", "children": [{"attributes": {"text": "<p>(Computed) value of <code>row</code>.</p>"}, "type": "desc"}, {"attributes": {}, "type": "types", "children": [{"attributes": {"type": "var"}, "type": "entry"}]}]}]}, {"attributes": {"line": 77, "overriddenFrom": "qx.event.type.Native", "name": "init"}, "type": "method", "children": [{"attributes": {}, "type": "params", "children": [{"attributes": {"name": "scroller"}, "type": "param", "children": [{"attributes": {"text": "<p>The tables pane scroller</p>"}, "type": "desc"}, {"attributes": {}, "type": "types", "children": [{"attributes": {"type": "qx.ui.table.pane.Scroller"}, "type": "entry"}]}]}, {"attributes": {"name": "me"}, "type": "param", "children": [{"attributes": {"text": "<p>The original pointer event</p>"}, "type": "desc"}, {"attributes": {}, "type": "types", "children": [{"attributes": {"type": "qx.event.type.Pointer"}, "type": "entry"}]}]}, {"attributes": {"defaultValue": "null", "optional": true, "name": "row"}, "type": "param", "children": [{"attributes": {"text": "<p>The cell&#8217;s row index</p>"}, "type": "desc"}, {"attributes": {}, "type": "types", "children": [{"attributes": {"type": "Integer"}, "type": "entry"}]}]}, {"attributes": {"defaultValue": "null", "optional": true, "name": "column"}, "type": "param", "children": [{"attributes": {"text": "<p>The cell&#8217;s column index</p>"}, "type": "desc"}, {"attributes": {}, "type": "types", "children": [{"attributes": {"type": "Integer"}, "type": "entry"}]}]}]}, {"attributes": {"text": "<p>Initialize the event</p>"}, "type": "desc"}]}, {"attributes": {"access": "protected", "name": "initColumn", "fromProperty": "column"}, "type": "method", "children": [{"attributes": {}, "type": "params", "children": [{"attributes": {"name": "value"}, "type": "param", "children": [{"attributes": {"text": "<p>Initial value for property <code>column</code>.</p>"}, "type": "desc"}, {"attributes": {}, "type": "types", "children": [{"attributes": {"type": "var"}, "type": "entry"}]}]}]}, {"attributes": {"text": "<p>Calls the apply method and dispatches the change event of the property <code>column</code>\nwith the default value defined by the class developer. This function can\nonly be called from the constructor of a class.</p>\n\n<p>For further details take a look at the property definition: {@link #column}.</p>"}, "type": "desc"}, {"attributes": {}, "type": "return", "children": [{"attributes": {"text": "<p>the default value</p>"}, "type": "desc"}, {"attributes": {}, "type": "types", "children": [{"attributes": {"type": "var"}, "type": "entry"}]}]}]}, {"attributes": {"access": "protected", "name": "initRow", "fromProperty": "row"}, "type": "method", "children": [{"attributes": {}, "type": "params", "children": [{"attributes": {"name": "value"}, "type": "param", "children": [{"attributes": {"text": "<p>Initial value for property <code>row</code>.</p>"}, "type": "desc"}, {"attributes": {}, "type": "types", "children": [{"attributes": {"type": "var"}, "type": "entry"}]}]}]}, {"attributes": {"text": "<p>Calls the apply method and dispatches the change event of the property <code>row</code>\nwith the default value defined by the class developer. This function can\nonly be called from the constructor of a class.</p>\n\n<p>For further details take a look at the property definition: {@link #row}.</p>"}, "type": "desc"}, {"attributes": {}, "type": "return", "children": [{"attributes": {"text": "<p>the default value</p>"}, "type": "desc"}, {"attributes": {}, "type": "types", "children": [{"attributes": {"type": "var"}, "type": "entry"}]}]}]}, {"attributes": {"name": "resetColumn", "fromProperty": "column"}, "type": "method", "children": [{"attributes": {"text": "<p>Resets the user value of the property <code>column</code>.</p>\n\n<p>The computed value falls back to the next available value e.g. appearance, init or\ninheritance value depeneding on the property configuration and value availability.</p>\n\n<p>For further details take a look at the property definition: {@link #column}.</p>"}, "type": "desc"}]}, {"attributes": {"name": "resetRow", "fromProperty": "row"}, "type": "method", "children": [{"attributes": {"text": "<p>Resets the user value of the property <code>row</code>.</p>\n\n<p>The computed value falls back to the next available value e.g. appearance, init or\ninheritance value depeneding on the property configuration and value availability.</p>\n\n<p>For further details take a look at the property definition: {@link #row}.</p>"}, "type": "desc"}]}, {"attributes": {"name": "setColumn", "fromProperty": "column"}, "type": "method", "children": [{"attributes": {}, "type": "params", "children": [{"attributes": {"name": "value"}, "type": "param", "children": [{"attributes": {"text": "<p>New value for property <code>column</code>.</p>"}, "type": "desc"}, {"attributes": {}, "type": "types", "children": [{"attributes": {"type": "var"}, "type": "entry"}]}]}]}, {"attributes": {"text": "<p>Sets the user value of the property <code>column</code>.</p>\n\n<p>For further details take a look at the property definition: {@link #column}.</p>"}, "type": "desc"}, {"attributes": {}, "type": "return", "children": [{"attributes": {"text": "<p>The unmodified incoming value.</p>"}, "type": "desc"}, {"attributes": {}, "type": "types", "children": [{"attributes": {"type": "var"}, "type": "entry"}]}]}]}, {"attributes": {"name": "setRow", "fromProperty": "row"}, "type": "method", "children": [{"attributes": {}, "type": "params", "children": [{"attributes": {"name": "value"}, "type": "param", "children": [{"attributes": {"text": "<p>New value for property <code>row</code>.</p>"}, "type": "desc"}, {"attributes": {}, "type": "types", "children": [{"attributes": {"type": "var"}, "type": "entry"}]}]}]}, {"attributes": {"text": "<p>Sets the user value of the property <code>row</code>.</p>\n\n<p>For further details take a look at the property definition: {@link #row}.</p>"}, "type": "desc"}, {"attributes": {}, "type": "return", "children": [{"attributes": {"text": "<p>The unmodified incoming value.</p>"}, "type": "desc"}, {"attributes": {}, "type": "types", "children": [{"attributes": {"type": "var"}, "type": "entry"}]}]}]}]}, {"attributes": {}, "type": "properties", "children": [{"attributes": {"allowNull": "true", "propertyType": "new", "check": "Integer", "name": "column"}, "type": "property", "children": [{"attributes": {"text": "<p>The table column of the event target</p>"}, "type": "desc"}]}, {"attributes": {"allowNull": "true", "propertyType": "new", "check": "Integer", "name": "row"}, "type": "property", "children": [{"attributes": {"text": "<p>The table row of the event target</p>"}, "type": "desc"}]}]}]}