{"attributes": {"name": "Simple", "packageName": "qx.ui.table.model", "superClass": "qx.ui.table.model.Abstract", "childClasses": "qx.ui.table.model.Filtered", "fullName": "qx.ui.table.model.Simple", "type": "class"}, "type": "class", "children": [{"attributes": {"text": "<p>A simple table model that provides an <span class=\"caps\">API</span> for changing the model data.</p>"}, "type": "desc"}, {"attributes": {}, "type": "constructor", "children": [{"attributes": {"docFrom": "qx.core.Object", "line": 28, "isCtor": true, "overriddenFrom": "qx.ui.table.model.Abstract", "name": "ctor"}, "type": "method"}]}, {"attributes": {}, "type": "methods", "children": [{"attributes": {"access": "protected", "line": 729, "name": "_mapArray2RowArr"}, "type": "method", "children": [{"attributes": {}, "type": "params", "children": [{"attributes": {"name": "mapArr"}, "type": "param", "children": [{"attributes": {"text": "<p>An array containing a map for each row. Each row-map contains the column IDs as key and the cell values as value.</p>"}, "type": "desc"}, {"attributes": {}, "type": "types", "children": [{"attributes": {"type": "Map", "dimensions": 1}, "type": "entry"}]}]}, {"attributes": {"defaultValue": "false", "optional": true, "name": "rememberMaps"}, "type": "param", "children": [{"attributes": {"text": "<p>Whether to remember the original maps. If true {@link #getRowData} will return the original map.</p>"}, "type": "desc"}, {"attributes": {}, "type": "types", "children": [{"attributes": {"type": "Boolean"}, "type": "entry"}]}]}]}, {"attributes": {"text": "<p>Creates an array of maps to an array of arrays.</p>"}, "type": "desc"}, {"attributes": {}, "type": "return", "children": [{"attributes": {"text": "<p>An array containing an array for each row. Each row-array contains the values in that row in the order of the columns in this model.</p>"}, "type": "desc"}, {"attributes": {}, "type": "types", "children": [{"attributes": {"type": "var", "dimensions": 2}, "type": "entry"}]}]}]}, {"attributes": {"access": "protected", "line": 462, "name": "_setSortAscending"}, "type": "method", "children": [{"attributes": {}, "type": "params", "children": [{"attributes": {"name": "ascending"}, "type": "param", "children": [{"attributes": {"text": "<i>true</i> for an ascending sort; <i> false</i> for a descending sort."}, "type": "desc"}, {"attributes": {}, "type": "types", "children": [{"attributes": {"type": "Boolean"}, "type": "entry"}]}]}]}, {"attributes": {"text": "<p>Set whether to sort in ascending order or not.</p>\n\n<p><span class=\"caps\">WARNING</span>: This should be called only by subclasses with intimate\n         knowledge of what they are doing!</p>"}, "type": "desc"}]}, {"attributes": {"access": "protected", "line": 442, "name": "_setSortColumnIndex"}, "type": "method", "children": [{"attributes": {}, "type": "params", "children": [{"attributes": {"name": "columnIndex"}, "type": "param", "children": [{"attributes": {"text": "<p>index of the column</p>"}, "type": "desc"}, {"attributes": {}, "type": "types", "children": [{"attributes": {"type": "Integer"}, "type": "entry"}]}]}]}, {"attributes": {"text": "<p>Set the sort column index</p>\n\n<p><span class=\"caps\">WARNING</span>: This should be called only by subclasses with intimate\n         knowledge of what they are doing!</p>"}, "type": "desc"}]}, {"attributes": {"line": 583, "name": "addRows"}, "type": "method", "children": [{"attributes": {}, "type": "params", "children": [{"attributes": {"name": "rowArr"}, "type": "param", "children": [{"attributes": {"text": "<p>An array containing an array for each row. Each row-array contains the values in that row in the order of the columns in this model.</p>"}, "type": "desc"}, {"attributes": {}, "type": "types", "children": [{"attributes": {"type": "var", "dimensions": 2}, "type": "entry"}]}]}, {"attributes": {"defaultValue": "null", "optional": true, "name": "startIndex"}, "type": "param", "children": [{"attributes": {"text": "<p>The index where to insert the new rows. If null, the rows are appended to the end.</p>"}, "type": "desc"}, {"attributes": {}, "type": "types", "children": [{"attributes": {"type": "Integer"}, "type": "entry"}]}]}, {"attributes": {"defaultValue": "true", "optional": true, "name": "clearSorting"}, "type": "param", "children": [{"attributes": {"text": "<p>Whether to clear the sort state.</p>"}, "type": "desc"}, {"attributes": {}, "type": "types", "children": [{"attributes": {"type": "Boolean"}, "type": "entry"}]}]}]}, {"attributes": {"text": "<p>Adds some rows to the model.</p>\n\n<p>Warning: The given array will be altered!</p>"}, "type": "desc"}]}, {"attributes": {"line": 624, "name": "addRowsAsMapArray"}, "type": "method", "children": [{"attributes": {}, "type": "params", "children": [{"attributes": {"name": "mapArr"}, "type": "param", "children": [{"attributes": {"text": "<p>An array containing a map for each row. Each row-map contains the column IDs as key and the cell values as value.</p>"}, "type": "desc"}, {"attributes": {}, "type": "types", "children": [{"attributes": {"type": "Map", "dimensions": 1}, "type": "entry"}]}]}, {"attributes": {"defaultValue": "null", "optional": true, "name": "startIndex"}, "type": "param", "children": [{"attributes": {"text": "<p>The index where to insert the new rows. If null, the rows are appended to the end.</p>"}, "type": "desc"}, {"attributes": {}, "type": "types", "children": [{"attributes": {"type": "Integer"}, "type": "entry"}]}]}, {"attributes": {"defaultValue": "false", "optional": true, "name": "rememberMaps"}, "type": "param", "children": [{"attributes": {"text": "<p>Whether to remember the original maps. If true {@link #getRowData} will return the original map.</p>"}, "type": "desc"}, {"attributes": {}, "type": "types", "children": [{"attributes": {"type": "Boolean"}, "type": "entry"}]}]}, {"attributes": {"defaultValue": "true", "optional": true, "name": "clearSorting"}, "type": "param", "children": [{"attributes": {"text": "<p>Whether to clear the sort state.</p>"}, "type": "desc"}, {"attributes": {}, "type": "types", "children": [{"attributes": {"type": "Boolean"}, "type": "entry"}]}]}]}, {"attributes": {"text": "<p>Adds some rows to the model.</p>\n\n<p>Warning: The given array (mapArr) will be altered!</p>"}, "type": "desc"}]}, {"attributes": {"line": 418, "name": "clearSorting"}, "type": "method", "children": [{"attributes": {"text": "<p>Clears the sorting.</p>"}, "type": "desc"}]}, {"attributes": {"name": "getCaseSensitiveSorting", "fromProperty": "caseSensitiveSorting"}, "type": "method", "children": [{"attributes": {"text": "<p>Returns the (computed) value of the property <code>caseSensitiveSorting</code>.</p>\n\n<p>For further details take a look at the property definition: {@link #caseSensitiveSorting}.</p>"}, "type": "desc"}, {"attributes": {}, "type": "return", "children": [{"attributes": {"text": "<p>(Computed) value of <code>caseSensitiveSorting</code>.</p>"}, "type": "desc"}, {"attributes": {}, "type": "types", "children": [{"attributes": {"type": "var"}, "type": "entry"}]}]}]}, {"attributes": {"line": 552, "name": "getData"}, "type": "method", "children": [{"attributes": {"text": "<p>Returns the data of this model.</p>\n\n<p>Warning: Do not alter this array! If you want to change the data use\n{@link #setData}, {@link #setDataAsMapArray} or {@link #setValue} instead.</p>"}, "type": "desc"}, {"attributes": {}, "type": "return", "children": [{"attributes": {"text": "<p>An array containing an array for each row. Each row-array contains the values in that row in the order of the columns in this model.</p>"}, "type": "desc"}, {"attributes": {}, "type": "types", "children": [{"attributes": {"type": "var", "dimensions": 2}, "type": "entry"}]}]}]}, {"attributes": {"line": 211, "name": "getDataAsMapArray"}, "type": "method", "children": [{"attributes": {"text": "<p>Gets the whole data as an array of maps.</p>\n\n<p>Note: Individual items are retrieved by {@link #getRowDataAsMap}.</p>"}, "type": "desc"}, {"attributes": {}, "type": "return", "children": [{"attributes": {"text": "<p>Array of row data maps</p>"}, "type": "desc"}, {"attributes": {}, "type": "types", "children": [{"attributes": {"type": "Map", "dimensions": 1}, "type": "entry"}]}]}]}, {"attributes": {"docFrom": "qx.ui.table.ITableModel", "line": 468, "overriddenFrom": "qx.ui.table.model.Abstract", "name": "getRowCount"}, "type": "method"}, {"attributes": {"docFrom": "qx.ui.table.ITableModel", "line": 160, "overriddenFrom": "qx.ui.table.model.Abstract", "name": "getRowData"}, "type": "method", "children": [{"attributes": {}, "type": "params", "children": [{"attributes": {"name": "rowIndex"}, "type": "param"}]}]}, {"attributes": {"line": 178, "name": "getRowDataAsMap"}, "type": "method", "children": [{"attributes": {}, "type": "params", "children": [{"attributes": {"name": "rowIndex"}, "type": "param", "children": [{"attributes": {"text": "<p>the model index of the row.</p>"}, "type": "desc"}, {"attributes": {}, "type": "types", "children": [{"attributes": {"type": "Integer"}, "type": "entry"}]}]}]}, {"attributes": {"text": "<p>Returns the data of one row as map containing the column IDs as key and\nthe cell values as value. Also the meta data is included.</p>"}, "type": "desc"}, {"attributes": {}, "type": "return", "children": [{"attributes": {"text": "<p>a Map containing the column values.</p>"}, "type": "desc"}, {"attributes": {}, "type": "types", "children": [{"attributes": {"type": "Map"}, "type": "entry"}]}]}]}, {"attributes": {"docFrom": "qx.ui.table.ITableModel", "line": 430, "overriddenFrom": "qx.ui.table.model.Abstract", "name": "getSortColumnIndex"}, "type": "method"}, {"attributes": {"line": 410, "name": "getSortMethods"}, "type": "method", "children": [{"attributes": {}, "type": "params", "children": [{"attributes": {"name": "columnIndex"}, "type": "param", "children": [{"attributes": {"text": "<p>The index of the column for which the sort methods are being  provided.</p>"}, "type": "desc"}, {"attributes": {}, "type": "types", "children": [{"attributes": {"type": "Integer"}, "type": "entry"}]}]}]}, {"attributes": {"text": "<p>Returns the sortMethod(s) for a table column.</p>"}, "type": "desc"}, {"attributes": {}, "type": "return", "children": [{"attributes": {"text": "<p>a map with the two properties &#8220;ascending&#8221; and &#8220;descending&#8221; for the specified column. The property value of each is a comparator function, as described in {@link #setSortMethods}.</p>"}, "type": "desc"}, {"attributes": {}, "type": "types", "children": [{"attributes": {"type": "Map"}, "type": "entry"}]}]}]}, {"attributes": {"docFrom": "qx.ui.table.ITableModel", "line": 473, "overriddenFrom": "qx.ui.table.model.Abstract", "name": "getValue"}, "type": "method", "children": [{"attributes": {}, "type": "params", "children": [{"attributes": {"name": "columnIndex"}, "type": "param"}, {"attributes": {"name": "rowIndex"}, "type": "param"}]}]}, {"attributes": {"access": "protected", "name": "initCaseSensitiveSorting", "fromProperty": "caseSensitiveSorting"}, "type": "method", "children": [{"attributes": {}, "type": "params", "children": [{"attributes": {"name": "value"}, "type": "param", "children": [{"attributes": {"text": "<p>Initial value for property <code>caseSensitiveSorting</code>.</p>"}, "type": "desc"}, {"attributes": {}, "type": "types", "children": [{"attributes": {"type": "var"}, "type": "entry"}]}]}]}, {"attributes": {"text": "<p>Calls the apply method and dispatches the change event of the property <code>caseSensitiveSorting</code>\nwith the default value defined by the class developer. This function can\nonly be called from the constructor of a class.</p>\n\n<p>For further details take a look at the property definition: {@link #caseSensitiveSorting}.</p>"}, "type": "desc"}, {"attributes": {}, "type": "return", "children": [{"attributes": {"text": "<p>the default value</p>"}, "type": "desc"}, {"attributes": {}, "type": "types", "children": [{"attributes": {"type": "var"}, "type": "entry"}]}]}]}, {"attributes": {"name": "isCaseSensitiveSorting", "fromProperty": "caseSensitiveSorting"}, "type": "method", "children": [{"attributes": {"text": "<p>Check whether the (computed) value of the boolean property <code>caseSensitiveSorting</code> equals <code>true</code>.</p>\n\n<p>For further details take a look at the property definition: {@link #caseSensitiveSorting}.</p>"}, "type": "desc"}, {"attributes": {}, "type": "return", "children": [{"attributes": {"text": "<p>Whether the property equals <code>true</code>.</p>"}, "type": "desc"}, {"attributes": {}, "type": "types", "children": [{"attributes": {"type": "Boolean"}, "type": "entry"}]}]}]}, {"attributes": {"docFrom": "qx.ui.table.ITableModel", "line": 262, "overriddenFrom": "qx.ui.table.model.Abstract", "name": "isColumnEditable"}, "type": "method", "children": [{"attributes": {}, "type": "params", "children": [{"attributes": {"name": "columnIndex"}, "type": "param"}]}]}, {"attributes": {"docFrom": "qx.ui.table.ITableModel", "line": 288, "overriddenFrom": "qx.ui.table.model.Abstract", "name": "isColumnSortable"}, "type": "method", "children": [{"attributes": {}, "type": "params", "children": [{"attributes": {"name": "columnIndex"}, "type": "param"}]}]}, {"attributes": {"docFrom": "qx.ui.table.ITableModel", "line": 448, "overriddenFrom": "qx.ui.table.model.Abstract", "name": "isSortAscending"}, "type": "method"}, {"attributes": {"line": 696, "name": "removeRows"}, "type": "method", "children": [{"attributes": {}, "type": "params", "children": [{"attributes": {"name": "startIndex"}, "type": "param", "children": [{"attributes": {"text": "<p>the index of the first row to remove.</p>"}, "type": "desc"}, {"attributes": {}, "type": "types", "children": [{"attributes": {"type": "Integer"}, "type": "entry"}]}]}, {"attributes": {"name": "howMany"}, "type": "param", "children": [{"attributes": {"text": "<p>the number of rows to remove.</p>"}, "type": "desc"}, {"attributes": {}, "type": "types", "children": [{"attributes": {"type": "Integer"}, "type": "entry"}]}]}, {"attributes": {"defaultValue": "true", "optional": true, "name": "clearSorting"}, "type": "param", "children": [{"attributes": {"text": "<p>Whether to clear the sort state.</p>"}, "type": "desc"}, {"attributes": {}, "type": "types", "children": [{"attributes": {"type": "Boolean"}, "type": "entry"}]}]}]}, {"attributes": {"text": "<p>Removes some rows from the model.</p>"}, "type": "desc"}]}, {"attributes": {"name": "resetCaseSensitiveSorting", "fromProperty": "caseSensitiveSorting"}, "type": "method", "children": [{"attributes": {"text": "<p>Resets the user value of the property <code>caseSensitiveSorting</code>.</p>\n\n<p>The computed value falls back to the next available value e.g. appearance, init or\ninheritance value depeneding on the property configuration and value availability.</p>\n\n<p>For further details take a look at the property definition: {@link #caseSensitiveSorting}.</p>"}, "type": "desc"}]}, {"attributes": {"name": "setCaseSensitiveSorting", "fromProperty": "caseSensitiveSorting"}, "type": "method", "children": [{"attributes": {}, "type": "params", "children": [{"attributes": {"name": "value"}, "type": "param", "children": [{"attributes": {"text": "<p>New value for property <code>caseSensitiveSorting</code>.</p>"}, "type": "desc"}, {"attributes": {}, "type": "types", "children": [{"attributes": {"type": "var"}, "type": "entry"}]}]}]}, {"attributes": {"text": "<p>Sets the user value of the property <code>caseSensitiveSorting</code>.</p>\n\n<p>For further details take a look at the property definition: {@link #caseSensitiveSorting}.</p>"}, "type": "desc"}, {"attributes": {}, "type": "return", "children": [{"attributes": {"text": "<p>The unmodified incoming value.</p>"}, "type": "desc"}, {"attributes": {}, "type": "types", "children": [{"attributes": {"type": "var"}, "type": "entry"}]}]}]}, {"attributes": {"line": 247, "name": "setColumnEditable"}, "type": "method", "children": [{"attributes": {}, "type": "params", "children": [{"attributes": {"name": "columnIndex"}, "type": "param", "children": [{"attributes": {"text": "<p>the column of which to set the editable state.</p>"}, "type": "desc"}, {"attributes": {}, "type": "types", "children": [{"attributes": {"type": "Integer"}, "type": "entry"}]}]}, {"attributes": {"name": "editable"}, "type": "param", "children": [{"attributes": {"text": "<p>whether the column should be editable.</p>"}, "type": "desc"}, {"attributes": {}, "type": "types", "children": [{"attributes": {"type": "Boolean"}, "type": "entry"}]}]}]}, {"attributes": {"text": "<p>Sets whether a column is editable.</p>"}, "type": "desc"}]}, {"attributes": {"line": 273, "name": "setColumnSortable"}, "type": "method", "children": [{"attributes": {}, "type": "params", "children": [{"attributes": {"name": "columnIndex"}, "type": "param", "children": [{"attributes": {"text": "<p>the column of which to set the sortable state.</p>"}, "type": "desc"}, {"attributes": {}, "type": "types", "children": [{"attributes": {"type": "Integer"}, "type": "entry"}]}]}, {"attributes": {"name": "sortable"}, "type": "param", "children": [{"attributes": {"text": "<p>whether the column should be sortable.</p>"}, "type": "desc"}, {"attributes": {}, "type": "types", "children": [{"attributes": {"type": "Boolean"}, "type": "entry"}]}]}]}, {"attributes": {"text": "<p>Sets whether a column is sortable.</p>"}, "type": "desc"}]}, {"attributes": {"line": 518, "name": "setData"}, "type": "method", "children": [{"attributes": {}, "type": "params", "children": [{"attributes": {"name": "rowArr"}, "type": "param", "children": [{"attributes": {"text": "<p>An array containing an array for each row. Each row-array contains the values in that row in the order of the columns in this model.</p>"}, "type": "desc"}, {"attributes": {}, "type": "types", "children": [{"attributes": {"type": "var", "dimensions": 2}, "type": "entry"}]}]}, {"attributes": {"defaultValue": "true", "optional": true, "name": "clearSorting"}, "type": "param", "children": [{"attributes": {"text": "<p>Whether to clear the sort state.</p>"}, "type": "desc"}, {"attributes": {}, "type": "types", "children": [{"attributes": {"type": "Boolean"}, "type": "entry"}]}]}]}, {"attributes": {"text": "<p>Sets the whole data in a bulk.</p>"}, "type": "desc"}]}, {"attributes": {"line": 566, "name": "setDataAsMapArray"}, "type": "method", "children": [{"attributes": {}, "type": "params", "children": [{"attributes": {"name": "mapArr"}, "type": "param", "children": [{"attributes": {"text": "<p>An array containing a map for each row. Each row-map contains the column IDs as key and the cell values as value.</p>"}, "type": "desc"}, {"attributes": {}, "type": "types", "children": [{"attributes": {"type": "Map", "dimensions": 1}, "type": "entry"}]}]}, {"attributes": {"defaultValue": "false", "optional": true, "name": "rememberMaps"}, "type": "param", "children": [{"attributes": {"text": "<p>Whether to remember the original maps. If true {@link #getRowData} will return the original map.</p>"}, "type": "desc"}, {"attributes": {}, "type": "types", "children": [{"attributes": {"type": "Boolean"}, "type": "entry"}]}]}, {"attributes": {"defaultValue": "true", "optional": true, "name": "clearSorting"}, "type": "param", "children": [{"attributes": {"text": "<p>Whether to clear the sort state.</p>"}, "type": "desc"}, {"attributes": {}, "type": "types", "children": [{"attributes": {"type": "Boolean"}, "type": "entry"}]}]}]}, {"attributes": {"text": "<p>Sets the whole data in a bulk.</p>"}, "type": "desc"}]}, {"attributes": {"line": 229, "name": "setEditable"}, "type": "method", "children": [{"attributes": {}, "type": "params", "children": [{"attributes": {"name": "editable"}, "type": "param", "children": [{"attributes": {"text": "<p>whether all columns are editable.</p>"}, "type": "desc"}, {"attributes": {}, "type": "types", "children": [{"attributes": {"type": "Boolean"}, "type": "entry"}]}]}]}, {"attributes": {"text": "<p>Sets all columns editable or not editable.</p>"}, "type": "desc"}]}, {"attributes": {"line": 642, "name": "setRows"}, "type": "method", "children": [{"attributes": {}, "type": "params", "children": [{"attributes": {"name": "rowArr"}, "type": "param", "children": [{"attributes": {"text": "<p>An array containing an array for each row. Each row-array contains the values in that row in the order of the columns in this model.</p>"}, "type": "desc"}, {"attributes": {}, "type": "types", "children": [{"attributes": {"type": "var", "dimensions": 2}, "type": "entry"}]}]}, {"attributes": {"defaultValue": "null", "optional": true, "name": "startIndex"}, "type": "param", "children": [{"attributes": {"text": "<p>The index where to insert the new rows. If null, the rows are set from the beginning (0).</p>"}, "type": "desc"}, {"attributes": {}, "type": "types", "children": [{"attributes": {"type": "Integer"}, "type": "entry"}]}]}, {"attributes": {"defaultValue": "true", "optional": true, "name": "clearSorting"}, "type": "param", "children": [{"attributes": {"text": "<p>Whether to clear the sort state.</p>"}, "type": "desc"}, {"attributes": {}, "type": "types", "children": [{"attributes": {"type": "Boolean"}, "type": "entry"}]}]}]}, {"attributes": {"text": "<p>Sets rows in the model. The rows overwrite the old rows starting at\n<code>startIndex</code> to <code>startIndex+rowArr.length</code>.</p>\n\n<p>Warning: The given array will be altered!</p>"}, "type": "desc"}]}, {"attributes": {"line": 684, "name": "setRowsAsMapArray"}, "type": "method", "children": [{"attributes": {}, "type": "params", "children": [{"attributes": {"name": "mapArr"}, "type": "param", "children": [{"attributes": {"text": "<p>An array containing a map for each row. Each row-map contains the column IDs as key and the cell values as value.</p>"}, "type": "desc"}, {"attributes": {}, "type": "types", "children": [{"attributes": {"type": "Map", "dimensions": 1}, "type": "entry"}]}]}, {"attributes": {"defaultValue": "null", "optional": true, "name": "startIndex"}, "type": "param", "children": [{"attributes": {"text": "<p>The index where to insert the new rows. If null, the rows are appended to the end.</p>"}, "type": "desc"}, {"attributes": {}, "type": "types", "children": [{"attributes": {"type": "Integer"}, "type": "entry"}]}]}, {"attributes": {"defaultValue": "false", "optional": true, "name": "rememberMaps"}, "type": "param", "children": [{"attributes": {"text": "<p>Whether to remember the original maps. If true {@link #getRowData} will return the original map.</p>"}, "type": "desc"}, {"attributes": {}, "type": "types", "children": [{"attributes": {"type": "Boolean"}, "type": "entry"}]}]}, {"attributes": {"defaultValue": "true", "optional": true, "name": "clearSorting"}, "type": "param", "children": [{"attributes": {"text": "<p>Whether to clear the sort state.</p>"}, "type": "desc"}, {"attributes": {}, "type": "types", "children": [{"attributes": {"type": "Boolean"}, "type": "entry"}]}]}]}, {"attributes": {"text": "<p>Set rows in the model. The rows overwrite the old rows starting at\n<code>startIndex</code> to <code>startIndex+rowArr.length</code>.</p>\n\n<p>Warning: The given array (mapArr) will be altered!</p>"}, "type": "desc"}]}, {"attributes": {"line": 377, "name": "setSortMethods"}, "type": "method", "children": [{"attributes": {}, "type": "params", "children": [{"attributes": {"name": "columnIndex"}, "type": "param", "children": [{"attributes": {"text": "<p>The index of the column for which the sort methods are being provided.</p>"}, "type": "desc"}, {"attributes": {}, "type": "types", "children": [{"attributes": {"type": "Integer"}, "type": "entry"}]}]}, {"attributes": {"name": "compare"}, "type": "param", "children": [{"attributes": {"text": "<p>If provided as a Function, this is the comparator function to sort in ascending order. It takes two parameters: the two arrays of row data, row1 and row2, being compared. It may determine which column of the row data to sort on by accessing arguments.callee.columnIndex.  The comparator function must return 1, 0 or -1, when the column in row1 is greater than, equal to, or less than, respectively, the column in row2. If this parameter is a Map, it shall have two properties: &#8220;ascending&#8221; and &#8220;descending&#8221;. The property value of each is a comparator function, as described above. If only the &#8220;ascending&#8221; function is provided (i.e. this parameter is a Function, not a Map), then the &#8220;descending&#8221; function is built dynamically by passing the two parameters to the &#8220;ascending&#8221; function in reversed order. <i>Use of a dynamically-built &#8220;descending&#8221; function generates at least one extra function call for each row in the table, and possibly many more. If the table is expected to have more than about 1000 rows, you will likely want to provide a map with a custom &#8220;descending&#8221; sort function as well as the &#8220;ascending&#8221; one.</i></p>"}, "type": "desc"}, {"attributes": {}, "type": "types", "children": [{"attributes": {"type": "Function"}, "type": "entry"}, {"attributes": {"type": "Map"}, "type": "entry"}]}]}]}, {"attributes": {"text": "<p>Specify the methods to use for ascending and descending sorts of a\nparticular column.</p>"}, "type": "desc"}]}, {"attributes": {"docFrom": "qx.ui.table.ITableModel", "line": 483, "overriddenFrom": "qx.ui.table.model.Abstract", "name": "setValue"}, "type": "method", "children": [{"attributes": {}, "type": "params", "children": [{"attributes": {"name": "columnIndex"}, "type": "param"}, {"attributes": {"name": "rowIndex"}, "type": "param"}, {"attributes": {"name": "value"}, "type": "param"}]}]}, {"attributes": {"docFrom": "qx.ui.table.ITableModel", "line": 297, "overriddenFrom": "qx.ui.table.model.Abstract", "name": "sortByColumn"}, "type": "method", "children": [{"attributes": {}, "type": "params", "children": [{"attributes": {"name": "columnIndex"}, "type": "param"}, {"attributes": {"name": "ascending"}, "type": "param"}]}]}, {"attributes": {"name": "toggleCaseSensitiveSorting", "fromProperty": "caseSensitiveSorting"}, "type": "method", "children": [{"attributes": {"text": "<p>Toggles the (computed) value of the boolean property <code>caseSensitiveSorting</code>.</p>\n\n<p>For further details take a look at the property definition: {@link #caseSensitiveSorting}.</p>"}, "type": "desc"}, {"attributes": {}, "type": "return", "children": [{"attributes": {"text": "<p>the new value</p>"}, "type": "desc"}, {"attributes": {}, "type": "types", "children": [{"attributes": {"type": "Boolean"}, "type": "entry"}]}]}]}]}, {"attributes": {}, "type": "properties", "children": [{"attributes": {"defaultValue": "true", "propertyType": "new", "check": "Boolean", "name": "caseSensitiveSorting"}, "type": "property", "children": [{"attributes": {"text": "<p>Whether sorting should be case sensitive</p>"}, "type": "desc"}]}]}, {"attributes": {}, "type": "methods-static", "children": [{"attributes": {"access": "protected", "line": 64, "isStatic": true, "name": "_defaultSortComparatorAscending"}, "type": "method", "children": [{"attributes": {}, "type": "params", "children": [{"attributes": {"name": "row1"}, "type": "param", "children": [{"attributes": {"text": "<p>first row</p>"}, "type": "desc"}, {"attributes": {}, "type": "types", "children": [{"attributes": {"type": "var"}, "type": "entry"}]}]}, {"attributes": {"name": "row2"}, "type": "param", "children": [{"attributes": {"text": "<p>second row</p>"}, "type": "desc"}, {"attributes": {}, "type": "types", "children": [{"attributes": {"type": "var"}, "type": "entry"}]}]}]}, {"attributes": {"text": "<p>Default ascendeing sort method to use if no custom method has been\nprovided.</p>"}, "type": "desc"}, {"attributes": {}, "type": "return", "children": [{"attributes": {"text": "<p>1 of row1 is > row2, -1 if row1 is < row2, 0 if row1 == row2</p>"}, "type": "desc"}, {"attributes": {}, "type": "types", "children": [{"attributes": {"type": "Integer"}, "type": "entry"}]}]}]}, {"attributes": {"access": "protected", "line": 110, "isStatic": true, "name": "_defaultSortComparatorDescending"}, "type": "method", "children": [{"attributes": {}, "type": "params", "children": [{"attributes": {"name": "row1"}, "type": "param", "children": [{"attributes": {"text": "<p>first row</p>"}, "type": "desc"}, {"attributes": {}, "type": "types", "children": [{"attributes": {"type": "var"}, "type": "entry"}]}]}, {"attributes": {"name": "row2"}, "type": "param", "children": [{"attributes": {"text": "<p>second row</p>"}, "type": "desc"}, {"attributes": {}, "type": "types", "children": [{"attributes": {"type": "var"}, "type": "entry"}]}]}]}, {"attributes": {"text": "<p>Default descending sort method to use if no custom method has been\nprovided.</p>"}, "type": "desc"}, {"attributes": {}, "type": "return", "children": [{"attributes": {"text": "<p>1 of row1 is > row2, -1 if row1 is < row2, 0 if row1 == row2</p>"}, "type": "desc"}, {"attributes": {}, "type": "types", "children": [{"attributes": {"type": "Integer"}, "type": "entry"}]}]}]}, {"attributes": {"access": "protected", "line": 85, "isStatic": true, "name": "_defaultSortComparatorInsensitiveAscending"}, "type": "method", "children": [{"attributes": {}, "type": "params", "children": [{"attributes": {"name": "row1"}, "type": "param", "children": [{"attributes": {"text": "<p>first row</p>"}, "type": "desc"}, {"attributes": {}, "type": "types", "children": [{"attributes": {"type": "var"}, "type": "entry"}]}]}, {"attributes": {"name": "row2"}, "type": "param", "children": [{"attributes": {"text": "<p>second row</p>"}, "type": "desc"}, {"attributes": {}, "type": "types", "children": [{"attributes": {"type": "var"}, "type": "entry"}]}]}]}, {"attributes": {"text": "<p>Same as the Default ascending sort method but using case insensitivity</p>"}, "type": "desc"}, {"attributes": {}, "type": "return", "children": [{"attributes": {"text": "<p>1 of row1 is > row2, -1 if row1 is < row2, 0 if row1 == row2</p>"}, "type": "desc"}, {"attributes": {}, "type": "types", "children": [{"attributes": {"type": "Integer"}, "type": "entry"}]}]}]}, {"attributes": {"access": "protected", "line": 131, "isStatic": true, "name": "_defaultSortComparatorInsensitiveDescending"}, "type": "method", "children": [{"attributes": {}, "type": "params", "children": [{"attributes": {"name": "row1"}, "type": "param", "children": [{"attributes": {"text": "<p>first row</p>"}, "type": "desc"}, {"attributes": {}, "type": "types", "children": [{"attributes": {"type": "var"}, "type": "entry"}]}]}, {"attributes": {"name": "row2"}, "type": "param", "children": [{"attributes": {"text": "<p>second row</p>"}, "type": "desc"}, {"attributes": {}, "type": "types", "children": [{"attributes": {"type": "var"}, "type": "entry"}]}]}]}, {"attributes": {"text": "<p>Same as the Default descending sort method but using case insensitivity</p>"}, "type": "desc"}, {"attributes": {}, "type": "return", "children": [{"attributes": {"text": "<p>1 of row1 is > row2, -1 if row1 is < row2, 0 if row1 == row2</p>"}, "type": "desc"}, {"attributes": {}, "type": "types", "children": [{"attributes": {"type": "Integer"}, "type": "entry"}]}]}]}]}]}