{"attributes": {"isAbstract": true, "name": "Abstract", "packageName": "qx.ui.table.columnmodel.resizebehavior", "superClass": "qx.core.Object", "childClasses": "qx.ui.table.columnmodel.resizebehavior.Default", "fullName": "qx.ui.table.columnmodel.resizebehavior.Abstract", "type": "class"}, "type": "class", "children": [{"attributes": {"text": "<p>An abstract resize behavior.  All resize behaviors should extend this\nclass.</p>"}, "type": "desc"}, {"attributes": {}, "type": "methods", "children": [{"attributes": {"access": "protected", "line": 128, "name": "_getAvailableWidth"}, "type": "method", "children": [{"attributes": {"text": "<p>Determine the inner width available to columns in the table.</p>"}, "type": "desc"}, {"attributes": {}, "type": "return", "children": [{"attributes": {"text": "<p>The available width</p>"}, "type": "desc"}, {"attributes": {}, "type": "types", "children": [{"attributes": {"type": "Integer"}, "type": "entry"}]}]}]}, {"attributes": {"access": "protected", "line": 48, "name": "_setNumColumns"}, "type": "method", "children": [{"attributes": {}, "type": "params", "children": [{"attributes": {"name": "numColumns"}, "type": "param", "children": [{"attributes": {"text": "<p>The numbrer of columns in use.</p>"}, "type": "desc"}, {"attributes": {}, "type": "types", "children": [{"attributes": {"type": "Integer"}, "type": "entry"}]}]}]}, {"attributes": {"text": "<p>Called when the ResizeTableColumnModel is initialized, and upon loading of\na new TableModel, to allow the Resize Behaviors to know how many columns\nare in use.</p>"}, "type": "desc"}, {"attributes": {}, "type": "throws", "children": [{"attributes": {"text": "<p>the abstract function warning.</p>", "type": "Error"}, "type": "desc"}]}]}, {"attributes": {"line": 61, "name": "onAppear"}, "type": "method", "children": [{"attributes": {}, "type": "params", "children": [{"attributes": {"name": "event"}, "type": "param", "children": [{"attributes": {"text": "<p>The <i>onappear</i> event object.</p>"}, "type": "desc"}, {"attributes": {}, "type": "types", "children": [{"attributes": {"type": "var"}, "type": "entry"}]}]}, {"attributes": {"defaultValue": "false", "optional": true, "name": "forceRefresh"}, "type": "param", "children": [{"attributes": {"text": "<p>Whether a refresh should be forced</p>"}, "type": "desc"}, {"attributes": {}, "type": "types", "children": [{"attributes": {"type": "Boolean"}, "type": "entry"}]}]}]}, {"attributes": {"text": "<p>Called when the table has first been rendered.</p>"}, "type": "desc"}, {"attributes": {}, "type": "throws", "children": [{"attributes": {"text": "<p>the abstract function warning.</p>", "type": "Error"}, "type": "desc"}]}]}, {"attributes": {"line": 104, "name": "onColumnWidthChanged"}, "type": "method", "children": [{"attributes": {}, "type": "params", "children": [{"attributes": {"name": "event"}, "type": "param", "children": [{"attributes": {"text": "<p>The <i>widthChanged</i> event object.  This event has data, obtained via event.getValue(), which is an object with three properties: the column which changed width (data.col), the old width (data.oldWidth) and the new width (data.newWidth).</p>"}, "type": "desc"}, {"attributes": {}, "type": "types", "children": [{"attributes": {"type": "var"}, "type": "entry"}]}]}]}, {"attributes": {"text": "<p>Called when a column width is changed.</p>"}, "type": "desc"}, {"attributes": {}, "type": "throws", "children": [{"attributes": {"text": "<p>the abstract function warning.</p>", "type": "Error"}, "type": "desc"}]}]}, {"attributes": {"line": 74, "name": "onTableWidthChanged"}, "type": "method", "children": [{"attributes": {}, "type": "params", "children": [{"attributes": {"name": "event"}, "type": "param", "children": [{"attributes": {"text": "<p>The <i>tableWidthChanged</i> event object.</p>"}, "type": "desc"}, {"attributes": {}, "type": "types", "children": [{"attributes": {"type": "var"}, "type": "entry"}]}]}]}, {"attributes": {"text": "<p>Called when the table width changes due to either a window size change\nor a parent object changing size causing the table to change size.</p>"}, "type": "desc"}, {"attributes": {}, "type": "throws", "children": [{"attributes": {"text": "<p>the abstract function warning.</p>", "type": "Error"}, "type": "desc"}]}]}, {"attributes": {"line": 89, "name": "onVerticalScrollBarChanged"}, "type": "method", "children": [{"attributes": {}, "type": "params", "children": [{"attributes": {"name": "event"}, "type": "param", "children": [{"attributes": {"text": "<p>The <i>verticalScrollBarChanged</i> event object.  This event has data, obtained via event.getValue(), which is a boolean indicating whether a vertical scroll bar is now present.</p>"}, "type": "desc"}, {"attributes": {}, "type": "types", "children": [{"attributes": {"type": "var"}, "type": "entry"}]}]}]}, {"attributes": {"text": "<p>Called when the use of vertical scroll bar in the table changes, either\nfrom present to not present, or vice versa.</p>"}, "type": "desc"}, {"attributes": {}, "type": "throws", "children": [{"attributes": {"text": "<p>the abstract function warning.</p>", "type": "Error"}, "type": "desc"}]}]}, {"attributes": {"line": 119, "name": "onVisibilityChanged"}, "type": "method", "children": [{"attributes": {}, "type": "params", "children": [{"attributes": {"name": "event"}, "type": "param", "children": [{"attributes": {"text": "<p>The <i>visibilityChanged</i> event object.  This event has data, obtained via event.getValue(), which is an object with two properties: the column which changed width (data.col) and the new visibility of the column (data.visible).</p>"}, "type": "desc"}, {"attributes": {}, "type": "types", "children": [{"attributes": {"type": "var"}, "type": "entry"}]}]}]}, {"attributes": {"text": "<p>Called when a column visibility is changed.</p>"}, "type": "desc"}, {"attributes": {}, "type": "throws", "children": [{"attributes": {"text": "<p>the abstract function warning.</p>", "type": "Error"}, "type": "desc"}]}]}]}]}