{"attributes": {"fullName": "qx.ui.virtual.selection.Column", "packageName": "qx.ui.virtual.selection", "type": "class", "name": "Column", "superClass": "qx.ui.virtual.selection.Row"}, "type": "class", "children": [{"attributes": {"text": "<p><span class=\"caps\">EXPERIMENTAL</span>!</p>\n\n<p>Column selection manager</p>"}, "type": "desc"}, {"attributes": {}, "type": "methods", "children": [{"attributes": {"access": "protected", "line": 45, "overriddenFrom": "qx.ui.virtual.selection.Row", "name": "_getItemCount"}, "type": "method", "children": [{"attributes": {"text": "<p>Returns the number of all items in the pane. This number may contain\nunselectable items as well.</p>"}, "type": "desc"}, {"attributes": {}, "type": "return", "children": [{"attributes": {"text": "<p>number of items</p>"}, "type": "desc"}, {"attributes": {}, "type": "types", "children": [{"attributes": {"type": "Integer"}, "type": "entry"}]}]}]}, {"attributes": {"access": "protected", "docFrom": "qx.ui.core.selection.Abstract", "line": 73, "overriddenFrom": "qx.ui.virtual.selection.Row", "name": "_getRelatedSelectable"}, "type": "method", "children": [{"attributes": {}, "type": "params", "children": [{"attributes": {"name": "item"}, "type": "param"}, {"attributes": {"name": "relation"}, "type": "param"}]}]}, {"attributes": {"access": "protected", "docFrom": "qx.ui.core.selection.Abstract", "line": 57, "overriddenFrom": "qx.ui.virtual.selection.Row", "name": "_getSelectableFromPointerEvent"}, "type": "method", "children": [{"attributes": {}, "type": "params", "children": [{"attributes": {"name": "event"}, "type": "param"}]}]}, {"attributes": {"access": "protected", "docFrom": "qx.ui.core.selection.Abstract", "line": 109, "overriddenFrom": "qx.ui.virtual.selection.Row", "name": "_getSelectableLocationX"}, "type": "method", "children": [{"attributes": {}, "type": "params", "children": [{"attributes": {"name": "item"}, "type": "param"}]}]}, {"attributes": {"access": "protected", "docFrom": "qx.ui.core.selection.Abstract", "line": 124, "overriddenFrom": "qx.ui.virtual.selection.Row", "name": "_getSelectableLocationY"}, "type": "method", "children": [{"attributes": {}, "type": "params", "children": [{"attributes": {"name": "item"}, "type": "param"}]}]}, {"attributes": {"access": "protected", "docFrom": "qx.ui.core.selection.Abstract", "line": 103, "overriddenFrom": "qx.ui.virtual.selection.Row", "name": "_scrollItemIntoView"}, "type": "method", "children": [{"attributes": {}, "type": "params", "children": [{"attributes": {"name": "item"}, "type": "param"}]}]}]}]}