{"attributes": {"fullName": "qx.util.DeferredCall", "packageName": "qx.util", "type": "class", "name": "DeferredCall", "superClass": "qx.core.Object"}, "type": "class", "children": [{"attributes": {"text": "<p>This class represents a wrapper for functions, which should be called after\nthe current thread of JavaScript has finished and the control is returned to\nthe browser. The wrapped function will at most be called once after the control\nhas been given back to the browser, independent of the number of {@link #call}\ncalls.</p>"}, "type": "desc"}, {"attributes": {}, "type": "constructor", "children": [{"attributes": {"line": 45, "isCtor": true, "overriddenFrom": "qx.core.Object", "name": "ctor"}, "type": "method", "children": [{"attributes": {}, "type": "params", "children": [{"attributes": {"name": "callback"}, "type": "param", "children": [{"attributes": {"text": "<p>The callback</p>"}, "type": "desc"}, {"attributes": {}, "type": "types", "children": [{"attributes": {"type": "Function"}, "type": "entry"}]}]}, {"attributes": {"defaultValue": "window", "optional": true, "name": "context"}, "type": "param", "children": [{"attributes": {"text": "<p>the context in which the function will be called.</p>"}, "type": "desc"}, {"attributes": {}, "type": "types", "children": [{"attributes": {"type": "Object"}, "type": "entry"}]}]}]}, {"attributes": {"text": ""}, "type": "desc"}]}]}, {"attributes": {}, "type": "methods", "children": [{"attributes": {"line": 88, "name": "call"}, "type": "method", "children": [{"attributes": {"text": "<p>Calls the callback directly.</p>"}, "type": "desc"}]}, {"attributes": {"line": 72, "name": "cancel"}, "type": "method", "children": [{"attributes": {"text": "<p>Prevent the callback from being called.</p>"}, "type": "desc"}]}, {"attributes": {"line": 80, "name": "schedule"}, "type": "method", "children": [{"attributes": {"text": "<p>Issue a deferred call of the callback.</p>"}, "type": "desc"}]}]}]}