{"attributes": {"fullName": "qx.ui.table.headerrenderer.Icon", "packageName": "qx.ui.table.headerrenderer", "type": "class", "name": "Icon", "superClass": "qx.ui.table.headerrenderer.Default"}, "type": "class", "children": [{"attributes": {"text": "<p>A header cell renderer which renders an icon (only). The icon cannot be combined\nwith text.</p>"}, "type": "desc"}, {"attributes": {}, "type": "constructor", "children": [{"attributes": {"line": 44, "isCtor": true, "overriddenFrom": "qx.core.Object", "name": "ctor"}, "type": "method", "children": [{"attributes": {}, "type": "params", "children": [{"attributes": {"name": "iconUrl"}, "type": "param", "children": [{"attributes": {"text": "<p><span class=\"caps\">URL</span> to the icon to show</p>"}, "type": "desc"}, {"attributes": {}, "type": "types", "children": [{"attributes": {"type": "String"}, "type": "entry"}]}]}, {"attributes": {"defaultValue": "\"\"", "optional": true, "name": "tooltip"}, "type": "param", "children": [{"attributes": {"text": "<p>Text of the tooltip to show if the pointer hovers over the icon</p>"}, "type": "desc"}, {"attributes": {}, "type": "types", "children": [{"attributes": {"type": "String"}, "type": "entry"}]}]}]}, {"attributes": {"text": ""}, "type": "desc"}]}]}, {"attributes": {}, "type": "methods", "children": [{"attributes": {"name": "getIconUrl", "fromProperty": "iconUrl"}, "type": "method", "children": [{"attributes": {"text": "<p>Returns the (computed) value of the property <code>iconUrl</code>.</p>\n\n<p>For further details take a look at the property definition: {@link #iconUrl}.</p>"}, "type": "desc"}, {"attributes": {}, "type": "return", "children": [{"attributes": {"text": "<p>(Computed) value of <code>iconUrl</code>.</p>"}, "type": "desc"}, {"attributes": {}, "type": "types", "children": [{"attributes": {"type": "var"}, "type": "entry"}]}]}]}, {"attributes": {"access": "protected", "name": "initIconUrl", "fromProperty": "iconUrl"}, "type": "method", "children": [{"attributes": {}, "type": "params", "children": [{"attributes": {"name": "value"}, "type": "param", "children": [{"attributes": {"text": "<p>Initial value for property <code>iconUrl</code>.</p>"}, "type": "desc"}, {"attributes": {}, "type": "types", "children": [{"attributes": {"type": "var"}, "type": "entry"}]}]}]}, {"attributes": {"text": "<p>Calls the apply method and dispatches the change event of the property <code>iconUrl</code>\nwith the default value defined by the class developer. This function can\nonly be called from the constructor of a class.</p>\n\n<p>For further details take a look at the property definition: {@link #iconUrl}.</p>"}, "type": "desc"}, {"attributes": {}, "type": "return", "children": [{"attributes": {"text": "<p>the default value</p>"}, "type": "desc"}, {"attributes": {}, "type": "types", "children": [{"attributes": {"type": "var"}, "type": "entry"}]}]}]}, {"attributes": {"name": "resetIconUrl", "fromProperty": "iconUrl"}, "type": "method", "children": [{"attributes": {"text": "<p>Resets the user value of the property <code>iconUrl</code>.</p>\n\n<p>The computed value falls back to the next available value e.g. appearance, init or\ninheritance value depeneding on the property configuration and value availability.</p>\n\n<p>For further details take a look at the property definition: {@link #iconUrl}.</p>"}, "type": "desc"}]}, {"attributes": {"name": "setIconUrl", "fromProperty": "iconUrl"}, "type": "method", "children": [{"attributes": {}, "type": "params", "children": [{"attributes": {"name": "value"}, "type": "param", "children": [{"attributes": {"text": "<p>New value for property <code>iconUrl</code>.</p>"}, "type": "desc"}, {"attributes": {}, "type": "types", "children": [{"attributes": {"type": "var"}, "type": "entry"}]}]}]}, {"attributes": {"text": "<p>Sets the user value of the property <code>iconUrl</code>.</p>\n\n<p>For further details take a look at the property definition: {@link #iconUrl}.</p>"}, "type": "desc"}, {"attributes": {}, "type": "return", "children": [{"attributes": {"text": "<p>The unmodified incoming value.</p>"}, "type": "desc"}, {"attributes": {}, "type": "types", "children": [{"attributes": {"type": "var"}, "type": "entry"}]}]}]}, {"attributes": {"docFrom": "qx.ui.table.IHeaderRenderer", "line": 91, "overriddenFrom": "qx.ui.table.headerrenderer.Default", "name": "updateHeaderCell"}, "type": "method", "children": [{"attributes": {}, "type": "params", "children": [{"attributes": {"name": "cellInfo"}, "type": "param"}, {"attributes": {"name": "cellWidget"}, "type": "param"}]}]}]}, {"attributes": {}, "type": "properties", "children": [{"attributes": {"defaultValue": "\"\"", "propertyType": "new", "check": "String", "name": "iconUrl"}, "type": "property", "children": [{"attributes": {"text": "<p><span class=\"caps\">URL</span> of the icon to show</p>"}, "type": "desc"}]}]}]}