{"attributes": {"fullName": "qx.ui.mobile.form.PasswordField", "packageName": "qx.ui.mobile.form", "type": "class", "name": "PasswordField", "superClass": "qx.ui.mobile.form.TextField"}, "type": "class", "children": [{"attributes": {"text": "<p>The PasswordField is a single-line password input field.</p>"}, "type": "desc"}, {"attributes": {}, "type": "properties", "children": [{"attributes": {"name": "defaultCssClass", "docFrom": "qx.ui.mobile.core.Widget", "defaultValue": "\"password-field\"", "refine": "true", "propertyType": "new", "overriddenFrom": "qx.ui.mobile.form.TextField"}, "type": "property"}]}, {"attributes": {}, "type": "methods", "children": [{"attributes": {"access": "protected", "docFrom": "qx.ui.mobile.form.Input", "line": 53, "overriddenFrom": "qx.ui.mobile.form.TextField", "name": "_getType"}, "type": "method"}]}]}