{"attributes": {"fullName": "qx.util.PropertyUtil", "packageName": "qx.util", "isStatic": true, "type": "class", "name": "PropertyUtil"}, "type": "class", "children": [{"attributes": {"text": "<p>A helper class for accessing the property system directly.</p>\n\n<p>This class is rather to be used internally. For all regular usage of the\nproperty system the default <span class=\"caps\">API</span> should be sufficient.</p>"}, "type": "desc"}, {"attributes": {}, "type": "methods-static", "children": [{"attributes": {"line": 143, "isStatic": true, "name": "deleteInitValue"}, "type": "method", "children": [{"attributes": {}, "type": "params", "children": [{"attributes": {"name": "object"}, "type": "param", "children": [{"attributes": {"text": "<p>The object to access</p>"}, "type": "desc"}, {"attributes": {}, "type": "types", "children": [{"attributes": {"type": "Object"}, "type": "entry"}]}]}, {"attributes": {"name": "propertyName"}, "type": "param", "children": [{"attributes": {"text": "<p>The name of the property</p>"}, "type": "desc"}, {"attributes": {}, "type": "types", "children": [{"attributes": {"type": "String"}, "type": "entry"}]}]}]}, {"attributes": {"text": "<p>Deletes the init value of the given property</p>"}, "type": "desc"}]}, {"attributes": {"line": 182, "isStatic": true, "name": "deleteThemeValue"}, "type": "method", "children": [{"attributes": {}, "type": "params", "children": [{"attributes": {"name": "object"}, "type": "param", "children": [{"attributes": {"text": "<p>The object to access</p>"}, "type": "desc"}, {"attributes": {}, "type": "types", "children": [{"attributes": {"type": "Object"}, "type": "entry"}]}]}, {"attributes": {"name": "propertyName"}, "type": "param", "children": [{"attributes": {"text": "<p>The name of the property</p>"}, "type": "desc"}, {"attributes": {}, "type": "types", "children": [{"attributes": {"type": "String"}, "type": "entry"}]}]}]}, {"attributes": {"text": "<p>Deletes the theme value of the given property</p>"}, "type": "desc"}]}, {"attributes": {"line": 104, "isStatic": true, "name": "deleteUserValue"}, "type": "method", "children": [{"attributes": {}, "type": "params", "children": [{"attributes": {"name": "object"}, "type": "param", "children": [{"attributes": {"text": "<p>The object to access</p>"}, "type": "desc"}, {"attributes": {}, "type": "types", "children": [{"attributes": {"type": "Object"}, "type": "entry"}]}]}, {"attributes": {"name": "propertyName"}, "type": "param", "children": [{"attributes": {"text": "<p>The name of the property</p>"}, "type": "desc"}, {"attributes": {}, "type": "types", "children": [{"attributes": {"type": "String"}, "type": "entry"}]}]}]}, {"attributes": {"text": "<p>Deletes the user value of the given property</p>"}, "type": "desc"}]}, {"attributes": {"line": 52, "isStatic": true, "name": "getAllProperties"}, "type": "method", "children": [{"attributes": {}, "type": "params", "children": [{"attributes": {"name": "clazz"}, "type": "param", "children": [{"attributes": {"text": "<p>a qooxdoo class</p>"}, "type": "desc"}, {"attributes": {}, "type": "types", "children": [{"attributes": {"type": "Class"}, "type": "entry"}]}]}]}, {"attributes": {"text": "<p>Get the property map of the given class including the properties of all\nsuperclasses!</p>"}, "type": "desc"}, {"attributes": {}, "type": "return", "children": [{"attributes": {"text": "<p>The properties map as defined in {@link qx.Class#define} including the properties of included mixins of the current class and all superclasses.</p>"}, "type": "desc"}, {"attributes": {}, "type": "types", "children": [{"attributes": {"type": "Map"}, "type": "entry"}]}]}]}, {"attributes": {"line": 122, "isStatic": true, "name": "getInitValue"}, "type": "method", "children": [{"attributes": {}, "type": "params", "children": [{"attributes": {"name": "object"}, "type": "param", "children": [{"attributes": {"text": "<p>The object to access</p>"}, "type": "desc"}, {"attributes": {}, "type": "types", "children": [{"attributes": {"type": "Object"}, "type": "entry"}]}]}, {"attributes": {"name": "propertyName"}, "type": "param", "children": [{"attributes": {"text": "<p>The name of the property</p>"}, "type": "desc"}, {"attributes": {}, "type": "types", "children": [{"attributes": {"type": "String"}, "type": "entry"}]}]}]}, {"attributes": {"text": "<p>Returns the init value of the given property</p>"}, "type": "desc"}, {"attributes": {}, "type": "return", "children": [{"attributes": {"text": "<p>The init value</p>"}, "type": "desc"}, {"attributes": {}, "type": "types", "children": [{"attributes": {"type": "var"}, "type": "entry"}]}]}]}, {"attributes": {"line": 38, "isStatic": true, "name": "getProperties"}, "type": "method", "children": [{"attributes": {}, "type": "params", "children": [{"attributes": {"name": "clazz"}, "type": "param", "children": [{"attributes": {"text": "<p>a qooxdoo class</p>"}, "type": "desc"}, {"attributes": {}, "type": "types", "children": [{"attributes": {"type": "Class"}, "type": "entry"}]}]}]}, {"attributes": {"text": "<p>Get the property map of the given class</p>"}, "type": "desc"}, {"attributes": {}, "type": "return", "children": [{"attributes": {"text": "<p>A properties map as defined in {@link qx.Class#define} including the properties of included mixins and not including refined properties.</p>"}, "type": "desc"}, {"attributes": {}, "type": "types", "children": [{"attributes": {"type": "Map"}, "type": "entry"}]}]}]}, {"attributes": {"line": 161, "isStatic": true, "name": "getThemeValue"}, "type": "method", "children": [{"attributes": {}, "type": "params", "children": [{"attributes": {"name": "object"}, "type": "param", "children": [{"attributes": {"text": "<p>The object to access</p>"}, "type": "desc"}, {"attributes": {}, "type": "types", "children": [{"attributes": {"type": "Object"}, "type": "entry"}]}]}, {"attributes": {"name": "propertyName"}, "type": "param", "children": [{"attributes": {"text": "<p>The name of the property</p>"}, "type": "desc"}, {"attributes": {}, "type": "types", "children": [{"attributes": {"type": "String"}, "type": "entry"}]}]}]}, {"attributes": {"text": "<p>Returns the theme value of the given property</p>"}, "type": "desc"}, {"attributes": {}, "type": "return", "children": [{"attributes": {"text": "<p>The theme value</p>"}, "type": "desc"}, {"attributes": {}, "type": "types", "children": [{"attributes": {"type": "var"}, "type": "entry"}]}]}]}, {"attributes": {"line": 83, "isStatic": true, "name": "getUserValue"}, "type": "method", "children": [{"attributes": {}, "type": "params", "children": [{"attributes": {"name": "object"}, "type": "param", "children": [{"attributes": {"text": "<p>The object to access</p>"}, "type": "desc"}, {"attributes": {}, "type": "types", "children": [{"attributes": {"type": "Object"}, "type": "entry"}]}]}, {"attributes": {"name": "propertyName"}, "type": "param", "children": [{"attributes": {"text": "<p>The name of the property</p>"}, "type": "desc"}, {"attributes": {}, "type": "types", "children": [{"attributes": {"type": "String"}, "type": "entry"}]}]}]}, {"attributes": {"text": "<p>Returns the user value of the given property</p>"}, "type": "desc"}, {"attributes": {}, "type": "return", "children": [{"attributes": {"text": "<p>The user value</p>"}, "type": "desc"}, {"attributes": {}, "type": "types", "children": [{"attributes": {"type": "var"}, "type": "entry"}]}]}]}, {"attributes": {"line": 212, "isStatic": true, "name": "resetThemed"}, "type": "method", "children": [{"attributes": {}, "type": "params", "children": [{"attributes": {"name": "object"}, "type": "param", "children": [{"attributes": {"text": "<p>The object to access</p>"}, "type": "desc"}, {"attributes": {}, "type": "types", "children": [{"attributes": {"type": "Object"}, "type": "entry"}]}]}, {"attributes": {"name": "propertyName"}, "type": "param", "children": [{"attributes": {"text": "<p>The name of the property</p>"}, "type": "desc"}, {"attributes": {}, "type": "types", "children": [{"attributes": {"type": "String"}, "type": "entry"}]}]}]}, {"attributes": {"text": "<p>Resets a themed property</p>"}, "type": "desc"}]}, {"attributes": {"line": 133, "isStatic": true, "name": "setInitValue"}, "type": "method", "children": [{"attributes": {}, "type": "params", "children": [{"attributes": {"name": "object"}, "type": "param", "children": [{"attributes": {"text": "<p>The object to access</p>"}, "type": "desc"}, {"attributes": {}, "type": "types", "children": [{"attributes": {"type": "Object"}, "type": "entry"}]}]}, {"attributes": {"name": "propertyName"}, "type": "param", "children": [{"attributes": {"text": "<p>The name of the property</p>"}, "type": "desc"}, {"attributes": {}, "type": "types", "children": [{"attributes": {"type": "String"}, "type": "entry"}]}]}, {"attributes": {"name": "value"}, "type": "param", "children": [{"attributes": {"text": "<p>The value to set</p>"}, "type": "desc"}, {"attributes": {}, "type": "types", "children": [{"attributes": {"type": "var"}, "type": "entry"}]}]}]}, {"attributes": {"text": "<p>Sets the init value of the given property</p>"}, "type": "desc"}]}, {"attributes": {"line": 200, "isStatic": true, "name": "setThemed"}, "type": "method", "children": [{"attributes": {}, "type": "params", "children": [{"attributes": {"name": "object"}, "type": "param", "children": [{"attributes": {"text": "<p>The object to access</p>"}, "type": "desc"}, {"attributes": {}, "type": "types", "children": [{"attributes": {"type": "Object"}, "type": "entry"}]}]}, {"attributes": {"name": "propertyName"}, "type": "param", "children": [{"attributes": {"text": "<p>The name of the property</p>"}, "type": "desc"}, {"attributes": {}, "type": "types", "children": [{"attributes": {"type": "String"}, "type": "entry"}]}]}, {"attributes": {"name": "value"}, "type": "param", "children": [{"attributes": {"text": "<p>The value to set</p>"}, "type": "desc"}, {"attributes": {}, "type": "types", "children": [{"attributes": {"type": "var"}, "type": "entry"}]}]}]}, {"attributes": {"text": "<p>Sets a themed property</p>"}, "type": "desc"}]}, {"attributes": {"line": 172, "isStatic": true, "name": "setThemeValue"}, "type": "method", "children": [{"attributes": {}, "type": "params", "children": [{"attributes": {"name": "object"}, "type": "param", "children": [{"attributes": {"text": "<p>The object to access</p>"}, "type": "desc"}, {"attributes": {}, "type": "types", "children": [{"attributes": {"type": "Object"}, "type": "entry"}]}]}, {"attributes": {"name": "propertyName"}, "type": "param", "children": [{"attributes": {"text": "<p>The name of the property</p>"}, "type": "desc"}, {"attributes": {}, "type": "types", "children": [{"attributes": {"type": "String"}, "type": "entry"}]}]}, {"attributes": {"name": "value"}, "type": "param", "children": [{"attributes": {"text": "<p>The value to set</p>"}, "type": "desc"}, {"attributes": {}, "type": "types", "children": [{"attributes": {"type": "var"}, "type": "entry"}]}]}]}, {"attributes": {"text": "<p>Sets the theme value of the given property</p>"}, "type": "desc"}]}, {"attributes": {"line": 94, "isStatic": true, "name": "setUserValue"}, "type": "method", "children": [{"attributes": {}, "type": "params", "children": [{"attributes": {"name": "object"}, "type": "param", "children": [{"attributes": {"text": "<p>The object to access</p>"}, "type": "desc"}, {"attributes": {}, "type": "types", "children": [{"attributes": {"type": "Object"}, "type": "entry"}]}]}, {"attributes": {"name": "propertyName"}, "type": "param", "children": [{"attributes": {"text": "<p>The name of the property</p>"}, "type": "desc"}, {"attributes": {}, "type": "types", "children": [{"attributes": {"type": "String"}, "type": "entry"}]}]}, {"attributes": {"name": "value"}, "type": "param", "children": [{"attributes": {"text": "<p>The value to set</p>"}, "type": "desc"}, {"attributes": {}, "type": "types", "children": [{"attributes": {"type": "var"}, "type": "entry"}]}]}]}, {"attributes": {"text": "<p>Sets the user value of the given property</p>"}, "type": "desc"}]}]}]}