{"attributes": {"packageName": "qx.ui.virtual.cell", "type": "interface", "fullName": "qx.ui.virtual.cell.IWidgetCellDelegate", "name": "IWidgetCellDelegate"}, "type": "class", "children": [{"attributes": {"text": "<p>Objects, which are used as delegates for {@link qx.ui.virtual.cell.WidgetCell} may\nimplement any of the methods described in this interface. The delegate does\nnot need implement all of the methods of this interface. If a method is not\nimplemented the {@link qx.ui.virtual.cell.WidgetCell} provides a default implementation.</p>\n\n<p>Note: This interface is meant to document the delegate but should not be\nlisted in the <code>implement</code> key of a class unless all methods are\nreally implemented.</p>"}, "type": "desc"}, {"attributes": {}, "type": "methods", "children": [{"attributes": {"line": 39, "name": "createWidget"}, "type": "method", "children": [{"attributes": {"text": "<p>Creates a <code>Widget</code> which will be used for rendering.</p>"}, "type": "desc"}, {"attributes": {}, "type": "return", "children": [{"attributes": {"text": "<p>A new created <code>Widget</code>.</p>"}, "type": "desc"}, {"attributes": {}, "type": "types", "children": [{"attributes": {"type": "qx.ui.core.LayoutItem"}, "type": "entry"}]}]}]}]}]}