{"attributes": {"isAbstract": true, "name": "AbstractRenderer", "packageName": "qx.ui.mobile.form.renderer", "superClass": "qx.ui.mobile.core.Widget", "childClasses": "qx.ui.mobile.form.renderer.Single", "fullName": "qx.ui.mobile.form.renderer.AbstractRenderer", "type": "class", "interfaces": "qx.ui.form.renderer.IFormRenderer"}, "type": "class", "children": [{"attributes": {"text": "<p>AbstractRenderer is an abstract class used to encapsulate\nbehaviours of how a form can be rendered into a mobile page.\nIts subclasses can extend it and override {@link #addItems} and {@link #addButton}\nmethods in order to customize the way the form gets into the <span class=\"caps\">DOM</span>.</p>"}, "type": "desc"}, {"attributes": {}, "type": "constructor", "children": [{"attributes": {"line": 43, "isCtor": true, "overriddenFrom": "qx.ui.mobile.core.Widget", "name": "ctor"}, "type": "method", "children": [{"attributes": {}, "type": "params", "children": [{"attributes": {"name": "form"}, "type": "param", "children": [{"attributes": {"text": "<p>The form to be rendered</p>"}, "type": "desc"}, {"attributes": {}, "type": "types", "children": [{"attributes": {"type": "qx.ui.mobile.form.Form"}, "type": "entry"}]}]}]}, {"attributes": {"text": ""}, "type": "desc"}]}]}, {"attributes": {}, "type": "properties", "children": [{"attributes": {"name": "defaultCssClass", "docFrom": "qx.ui.mobile.core.Widget", "defaultValue": "\"form\"", "refine": "true", "propertyType": "new", "overriddenFrom": "qx.ui.mobile.core.Widget"}, "type": "property"}]}, {"attributes": {}, "type": "methods", "children": [{"attributes": {"access": "protected", "line": 84, "name": "_onFormChange"}, "type": "method", "children": [{"attributes": {"text": "<p>Handler responsible for updating the rendered widget as soon as the\nform changes.</p>"}, "type": "desc"}]}, {"attributes": {"access": "protected", "line": 94, "name": "_render"}, "type": "method", "children": [{"attributes": {"text": "<p>Renders the for: add&#8217;s the items and buttons.</p>"}, "type": "desc"}]}, {"attributes": {"docFrom": "qx.ui.form.renderer.IFormRenderer", "line": 122, "name": "addButton"}, "type": "method", "children": [{"attributes": {}, "type": "params", "children": [{"attributes": {"name": "button"}, "type": "param"}]}]}, {"attributes": {"docFrom": "qx.ui.form.renderer.IFormRenderer", "line": 116, "name": "addItems"}, "type": "method", "children": [{"attributes": {}, "type": "params", "children": [{"attributes": {"name": "items"}, "type": "param"}, {"attributes": {"name": "names"}, "type": "param"}, {"attributes": {"name": "title"}, "type": "param"}]}]}, {"attributes": {"line": 141, "name": "resetForm"}, "type": "method", "children": [{"attributes": {"text": "<p>Resets the errors for the form by removing any error messages\ninserted into <span class=\"caps\">DOM</span> in the case of invalid form elements</p>"}, "type": "desc"}]}, {"attributes": {"line": 131, "name": "showErrorForItem"}, "type": "method", "children": [{"attributes": {}, "type": "params", "children": [{"attributes": {"name": "item"}, "type": "param", "children": [{"attributes": {"text": "<p>the form item</p>"}, "type": "desc"}, {"attributes": {}, "type": "types", "children": [{"attributes": {"type": "qx.ui.mobile.core.Widget"}, "type": "entry"}]}]}]}, {"attributes": {"text": "<p>Shows an error to the user when a form element is in invalid state\nusually it prints an error message, so that user can rectify the filling of the form element.</p>"}, "type": "desc"}]}]}]}