{"attributes": {"fullName": "qx.ui.table.cellrenderer.Dynamic", "packageName": "qx.ui.table.cellrenderer", "type": "class", "name": "Dynamic", "superClass": "qx.ui.table.cellrenderer.Default"}, "type": "class", "children": [{"attributes": {"text": "<p>A cell renderer factory which can dynamically exchange the cell renderer\nbased on information retrieved at runtime. This is useful when different\nrows in a column should have different cell renderer based on cell content\nor row metadata. A typical example would be a spreadsheet that has different\nkind of data in one column.</p>"}, "type": "desc"}, {"attributes": {}, "type": "constructor", "children": [{"attributes": {"line": 43, "isCtor": true, "overriddenFrom": "qx.ui.table.cellrenderer.Abstract", "name": "ctor"}, "type": "method", "children": [{"attributes": {}, "type": "params", "children": [{"attributes": {"defaultValue": "null", "optional": true, "name": "cellRendererFactoryFunction"}, "type": "param", "children": [{"attributes": {"text": "<p>The initial value for the property {@link #cellRendererFactoryFunction}.</p>"}, "type": "desc"}, {"attributes": {}, "type": "types", "children": [{"attributes": {"type": "Function"}, "type": "entry"}]}]}]}, {"attributes": {"text": ""}, "type": "desc"}]}]}, {"attributes": {}, "type": "methods", "children": [{"attributes": {"line": 108, "overriddenFrom": "qx.ui.table.cellrenderer.Abstract", "name": "createDataCellHtml"}, "type": "method", "children": [{"attributes": {}, "type": "params", "children": [{"attributes": {"name": "cellInfo"}, "type": "param", "children": [{"attributes": {"text": "<p>A map containing the information about the cell to create.</p>"}, "type": "desc"}, {"attributes": {}, "type": "types", "children": [{"attributes": {"type": "Map"}, "type": "entry"}]}]}, {"attributes": {"name": "htmlArr"}, "type": "param", "children": [{"attributes": {"text": "<p>Target string container. The <span class=\"caps\">HTML</span> of the data cell should be appended to this array.</p>"}, "type": "desc"}, {"attributes": {}, "type": "types", "children": [{"attributes": {"type": "String", "dimensions": 1}, "type": "entry"}]}]}]}, {"attributes": {"text": "<p>Overridden; called whenever the cell updates. The cell will call the\nfunction stored in the cellRendererFactoryFunction to retrieve the\ncell renderer which should be used for this particular cell</p>"}, "type": "desc"}, {"attributes": {}, "type": "return", "children": [{"attributes": {"text": "<p>Data cell <span class=\"caps\">HTML</span></p>"}, "type": "desc"}, {"attributes": {}, "type": "types", "children": [{"attributes": {"type": "String"}, "type": "entry"}]}]}]}, {"attributes": {"name": "getCellRendererFactoryFunction", "fromProperty": "cellRendererFactoryFunction"}, "type": "method", "children": [{"attributes": {"text": "<p>Returns the (computed) value of the property <code>cellRendererFactoryFunction</code>.</p>\n\n<p>For further details take a look at the property definition: {@link #cellRendererFactoryFunction}.</p>"}, "type": "desc"}, {"attributes": {}, "type": "return", "children": [{"attributes": {"text": "<p>(Computed) value of <code>cellRendererFactoryFunction</code>.</p>"}, "type": "desc"}, {"attributes": {}, "type": "types", "children": [{"attributes": {"type": "var"}, "type": "entry"}]}]}]}, {"attributes": {"access": "protected", "name": "initCellRendererFactoryFunction", "fromProperty": "cellRendererFactoryFunction"}, "type": "method", "children": [{"attributes": {}, "type": "params", "children": [{"attributes": {"name": "value"}, "type": "param", "children": [{"attributes": {"text": "<p>Initial value for property <code>cellRendererFactoryFunction</code>.</p>"}, "type": "desc"}, {"attributes": {}, "type": "types", "children": [{"attributes": {"type": "var"}, "type": "entry"}]}]}]}, {"attributes": {"text": "<p>Calls the apply method and dispatches the change event of the property <code>cellRendererFactoryFunction</code>\nwith the default value defined by the class developer. This function can\nonly be called from the constructor of a class.</p>\n\n<p>For further details take a look at the property definition: {@link #cellRendererFactoryFunction}.</p>"}, "type": "desc"}, {"attributes": {}, "type": "return", "children": [{"attributes": {"text": "<p>the default value</p>"}, "type": "desc"}, {"attributes": {}, "type": "types", "children": [{"attributes": {"type": "var"}, "type": "entry"}]}]}]}, {"attributes": {"name": "resetCellRendererFactoryFunction", "fromProperty": "cellRendererFactoryFunction"}, "type": "method", "children": [{"attributes": {"text": "<p>Resets the user value of the property <code>cellRendererFactoryFunction</code>.</p>\n\n<p>The computed value falls back to the next available value e.g. appearance, init or\ninheritance value depeneding on the property configuration and value availability.</p>\n\n<p>For further details take a look at the property definition: {@link #cellRendererFactoryFunction}.</p>"}, "type": "desc"}]}, {"attributes": {"name": "setCellRendererFactoryFunction", "fromProperty": "cellRendererFactoryFunction"}, "type": "method", "children": [{"attributes": {}, "type": "params", "children": [{"attributes": {"name": "value"}, "type": "param", "children": [{"attributes": {"text": "<p>New value for property <code>cellRendererFactoryFunction</code>.</p>"}, "type": "desc"}, {"attributes": {}, "type": "types", "children": [{"attributes": {"type": "var"}, "type": "entry"}]}]}]}, {"attributes": {"text": "<p>Sets the user value of the property <code>cellRendererFactoryFunction</code>.</p>\n\n<p>For further details take a look at the property definition: {@link #cellRendererFactoryFunction}.</p>"}, "type": "desc"}, {"attributes": {}, "type": "return", "children": [{"attributes": {"text": "<p>The unmodified incoming value.</p>"}, "type": "desc"}, {"attributes": {}, "type": "types", "children": [{"attributes": {"type": "var"}, "type": "entry"}]}]}]}]}, {"attributes": {}, "type": "properties", "children": [{"attributes": {"allowNull": "true", "defaultValue": "null", "propertyType": "new", "check": "Function", "name": "cellRendererFactoryFunction"}, "type": "property", "children": [{"attributes": {"text": "<p>Function that returns a cellRenderer instance which will be\nused for the row that is currently being edited. The function is\ndefined like this:</p>\n\n<pre class=\"javascript\">\nmyTable.getTableColumnModel().setCellRenderer(function(cellInfo){\n  // based on the cellInfo map or other information, return the\n  // appropriate cell renderer\n  if (cellInfo.row == 5)\n    return new qx.ui.table.cellrenderer.Boolean;\n  else\n    return new qx.ui.table.cellrenderer.Default;\n});\n</pre>\n\n<p>the function <span class=\"caps\">MUST</span> return at least a qx.ui.table.cellrenderer.Default</p>"}, "type": "desc"}]}]}]}