{"attributes": {"fullName": "qx.util.format.IFormat", "packageName": "qx.util.format", "type": "interface", "name": "IFormat", "implementations": "qx.util.format.DateFormat,qx.util.format.NumberFormat"}, "type": "class", "children": [{"attributes": {"text": "<p>Superclass for formatters and parsers.</p>"}, "type": "desc"}, {"attributes": {}, "type": "methods", "children": [{"attributes": {"isAbstract": true, "line": 36, "name": "format"}, "type": "method", "children": [{"attributes": {}, "type": "params", "children": [{"attributes": {"name": "obj"}, "type": "param", "children": [{"attributes": {"text": "<p>The object to format.</p>"}, "type": "desc"}, {"attributes": {}, "type": "types", "children": [{"attributes": {"type": "var"}, "type": "entry"}]}]}]}, {"attributes": {"text": "<p>Formats an object.</p>"}, "type": "desc"}, {"attributes": {}, "type": "return", "children": [{"attributes": {"text": "<p>the formatted object.</p>"}, "type": "desc"}, {"attributes": {}, "type": "types", "children": [{"attributes": {"type": "String"}, "type": "entry"}]}]}, {"attributes": {}, "type": "throws", "children": [{"attributes": {"text": "<p>the abstract function warning.</p>", "type": "Error"}, "type": "desc"}]}]}, {"attributes": {"isAbstract": true, "line": 47, "name": "parse"}, "type": "method", "children": [{"attributes": {}, "type": "params", "children": [{"attributes": {"name": "str"}, "type": "param", "children": [{"attributes": {"text": "<p>the string to parse.</p>"}, "type": "desc"}, {"attributes": {}, "type": "types", "children": [{"attributes": {"type": "String"}, "type": "entry"}]}]}]}, {"attributes": {"text": "<p>Parses an object.</p>"}, "type": "desc"}, {"attributes": {}, "type": "return", "children": [{"attributes": {"text": "<p>the parsed object.</p>"}, "type": "desc"}, {"attributes": {}, "type": "types", "children": [{"attributes": {"type": "var"}, "type": "entry"}]}]}, {"attributes": {}, "type": "throws", "children": [{"attributes": {"text": "<p>the abstract function warning.</p>", "type": "Error"}, "type": "desc"}]}]}]}]}