{"attributes": {"fullName": "qx.ui.mobile.dialog.Menu", "packageName": "qx.ui.mobile.dialog", "type": "class", "name": "Menu", "superClass": "qx.ui.mobile.dialog.Popup"}, "type": "class", "children": [{"attributes": {"text": "<p>This widget displays a menu. A dialog menu extends a popup and contains a\nlist, which provides the user the possibility to select one value.\nThe selected value is identified through selected index.</p>\n\n<p><strong>Example</strong></p>\n\n<pre class=\"javascript\">\n\nvar model = new qx.data.Array([\"item1\",\"item2\",\"item3\"]);\n\nvar menu = new qx.ui.mobile.dialog.Menu(model);\nmenu.show();\nmenu.addListener(\"changeSelection\", function(evt){\n   var selectedIndex = evt.getData().index;\n   var selectedItem = evt.getData().item;\n}, this);\n</pre>\n\n<p>This example creates a menu with several choosable items.</p>"}, "type": "desc"}, {"attributes": {}, "type": "constructor", "children": [{"attributes": {"line": 50, "isCtor": true, "overriddenFrom": "qx.ui.mobile.dialog.Popup", "name": "ctor"}, "type": "method", "children": [{"attributes": {}, "type": "params", "children": [{"attributes": {"optional": true, "name": "itemsModel"}, "type": "param", "children": [{"attributes": {"text": "<p>, the model which contains the choosable items of the menu.</p>"}, "type": "desc"}, {"attributes": {}, "type": "types", "children": [{"attributes": {"type": "qx.data.Array"}, "type": "entry"}]}]}, {"attributes": {"optional": true, "name": "anchor"}, "type": "param", "children": [{"attributes": {"text": "<p>The anchor widget for this item. If no anchor is available, the menu will be displayed modal and centered on screen.</p>"}, "type": "desc"}, {"attributes": {}, "type": "types", "children": [{"attributes": {"type": "qx.ui.mobile.core.Widget"}, "type": "entry"}]}]}]}, {"attributes": {"text": ""}, "type": "desc"}]}]}, {"attributes": {}, "type": "events", "children": [{"attributes": {"name": "changeSelection"}, "type": "event", "children": [{"attributes": {"text": "<p>Fired when the selection is changed.</p>"}, "type": "desc"}, {"attributes": {}, "type": "types", "children": [{"attributes": {"type": "qx.event.type.Data"}, "type": "entry"}]}]}]}, {"attributes": {}, "type": "methods", "children": [{"attributes": {"access": "private", "line": 322, "name": "__onClearButtonTap"}, "type": "method", "children": [{"attributes": {"text": "<p>Event handler for tap on clear button.</p>"}, "type": "desc"}]}, {"attributes": {"access": "private", "line": 314, "name": "__onListChangeSelection"}, "type": "method", "children": [{"attributes": {}, "type": "params", "children": [{"attributes": {"name": "evt"}, "type": "param", "children": [{"attributes": {"text": "<p>, contains the selected index number.</p>"}, "type": "desc"}, {"attributes": {}, "type": "types", "children": [{"attributes": {"type": "qx.event.type.Data"}, "type": "entry"}]}]}]}, {"attributes": {"text": "<p>Fires an event which contains index and data.</p>"}, "type": "desc"}]}, {"attributes": {"access": "protected", "line": 352, "name": "_applyClearButtonLabel"}, "type": "method", "children": [{"attributes": {}, "type": "params", "children": [{"attributes": {"name": "value"}, "type": "param", "children": [{"attributes": {"text": "<p>new value of the property</p>"}, "type": "desc"}, {"attributes": {}, "type": "types", "children": [{"attributes": {"type": "String"}, "type": "entry"}]}]}, {"attributes": {"name": "old"}, "type": "param", "children": [{"attributes": {"text": "<p>previous value of the property (null if it was not yet set).</p>"}, "type": "desc"}, {"attributes": {}, "type": "types", "children": [{"attributes": {"type": "String"}, "type": "entry"}]}]}]}, {"attributes": {}, "type": "apply", "children": [{"attributes": {"applies": "qx.ui.mobile.dialog.Menu#clearButtonLabel"}, "type": "entry"}]}, {"attributes": {"text": "<p>Applies changes of the property value of the property <code>clearButtonLabel</code>.</p>\n\n<p>For further details take a look at the property definition: {@link #clearButtonLabel}.</p>"}, "type": "desc"}]}, {"attributes": {"access": "protected", "line": 342, "name": "_applyNullable"}, "type": "method", "children": [{"attributes": {}, "type": "params", "children": [{"attributes": {"name": "value"}, "type": "param", "children": [{"attributes": {"text": "<p>new value of the property</p>"}, "type": "desc"}, {"attributes": {}, "type": "types", "children": [{"attributes": {"type": "Boolean"}, "type": "entry"}]}]}, {"attributes": {"name": "old"}, "type": "param", "children": [{"attributes": {"text": "<p>previous value of the property (null if it was not yet set).</p>"}, "type": "desc"}, {"attributes": {}, "type": "types", "children": [{"attributes": {"type": "Boolean"}, "type": "entry"}]}]}]}, {"attributes": {}, "type": "apply", "children": [{"attributes": {"applies": "qx.ui.mobile.dialog.Menu#nullable"}, "type": "entry"}]}, {"attributes": {"text": "<p>Applies changes of the property value of the property <code>nullable</code>.</p>\n\n<p>For further details take a look at the property definition: {@link #nullable}.</p>"}, "type": "desc"}]}, {"attributes": {"access": "protected", "line": 329, "name": "_applySelectedIndex"}, "type": "method", "children": [{"attributes": {}, "type": "params", "children": [{"attributes": {"name": "value"}, "type": "param", "children": [{"attributes": {"text": "<p>new value of the property</p>"}, "type": "desc"}, {"attributes": {}, "type": "types", "children": [{"attributes": {"type": "Integer"}, "type": "entry"}]}]}, {"attributes": {"name": "old"}, "type": "param", "children": [{"attributes": {"text": "<p>previous value of the property (null if it was not yet set).</p>"}, "type": "desc"}, {"attributes": {}, "type": "types", "children": [{"attributes": {"type": "Integer"}, "type": "entry"}]}]}]}, {"attributes": {}, "type": "apply", "children": [{"attributes": {"applies": "qx.ui.mobile.dialog.Menu#selectedIndex"}, "type": "entry"}]}, {"attributes": {"text": "<p>Applies changes of the property value of the property <code>selectedIndex</code>.</p>\n\n<p>For further details take a look at the property definition: {@link #selectedIndex}.</p>"}, "type": "desc"}]}, {"attributes": {"access": "protected", "line": 202, "name": "_createClearButton"}, "type": "method", "children": [{"attributes": {"text": "<p>Creates the clearButton. Override this to customize the widget.</p>"}, "type": "desc"}, {"attributes": {}, "type": "return", "children": [{"attributes": {"text": "<p>the clearButton of this menu.</p>"}, "type": "desc"}, {"attributes": {}, "type": "types", "children": [{"attributes": {"type": "qx.ui.mobile.form.Button"}, "type": "entry"}]}]}]}, {"attributes": {"access": "protected", "line": 215, "name": "_createListScroller"}, "type": "method", "children": [{"attributes": {}, "type": "params", "children": [{"attributes": {"name": "selectionList"}, "type": "param", "children": [{"attributes": {"text": "<p>The selectionList of this menu.</p>"}, "type": "desc"}, {"attributes": {}, "type": "types", "children": [{"attributes": {"type": "qx.ui.mobile.list.List"}, "type": "entry"}]}]}]}, {"attributes": {"text": "<p>Creates the scroll container for the selectionList. Override this to customize the widget.</p>"}, "type": "desc"}, {"attributes": {}, "type": "return", "children": [{"attributes": {"text": "<p>the scroll container which contains the selectionList of this menu.</p>"}, "type": "desc"}, {"attributes": {}, "type": "types", "children": [{"attributes": {"type": "qx.ui.mobile.container.Scroll"}, "type": "entry"}]}]}]}, {"attributes": {"access": "protected", "line": 256, "name": "_createSelectionList"}, "type": "method", "children": [{"attributes": {"text": "<p>Creates the selection list. Override this to customize the widget.</p>"}, "type": "desc"}, {"attributes": {}, "type": "return", "children": [{"attributes": {"text": "<p>The selectionList of this menu.</p>"}, "type": "desc"}, {"attributes": {}, "type": "types", "children": [{"attributes": {"type": "qx.ui.mobile.list.List"}, "type": "entry"}]}]}]}, {"attributes": {"access": "protected", "line": 229, "name": "_getListScroller"}, "type": "method", "children": [{"attributes": {"text": "<p>Getter for the scroll container which contains a @see {qx.ui.mobile.list.List} with the choosable items.</p>"}, "type": "desc"}, {"attributes": {}, "type": "return", "children": [{"attributes": {"text": "<p>the scroll container which contains the selectionList of this menu.</p>"}, "type": "desc"}, {"attributes": {}, "type": "types", "children": [{"attributes": {"type": "qx.ui.mobile.container.Scroll"}, "type": "entry"}]}]}]}, {"attributes": {"access": "protected", "line": 293, "name": "_onSelectionListTap"}, "type": "method", "children": [{"attributes": {"text": "<p>Handler for tap event on selection list.</p>"}, "type": "desc"}]}, {"attributes": {"access": "protected", "line": 360, "name": "_render"}, "type": "method", "children": [{"attributes": {"text": "<p>Triggers (re-)rendering of menu items.</p>"}, "type": "desc"}]}, {"attributes": {"access": "protected", "line": 235, "overriddenFrom": "qx.ui.mobile.dialog.Popup", "name": "_updatePosition"}, "type": "method", "children": [{"attributes": {}, "type": "apply", "children": [{"attributes": {"applies": "qx.ui.mobile.dialog.Menu#visibleListItems"}, "type": "entry"}]}, {"attributes": {}, "type": "params", "children": [{"attributes": {"name": "value"}, "type": "param", "children": [{"attributes": {"text": "<p>new value of the property</p>"}, "type": "desc"}, {"attributes": {}, "type": "types", "children": [{"attributes": {"type": "Integer"}, "type": "entry"}]}]}, {"attributes": {"name": "old"}, "type": "param", "children": [{"attributes": {"text": "<p>previous value of the property (null if it was not yet set).</p>"}, "type": "desc"}, {"attributes": {}, "type": "types", "children": [{"attributes": {"type": "Integer"}, "type": "entry"}]}]}]}, {"attributes": {"text": "<p>Applies changes of the property value of the property <code>visibleListItems</code>.</p>\n\n<p>For further details take a look at the property definition: {@link #visibleListItems}.</p>"}, "type": "desc"}]}, {"attributes": {"name": "getClearButtonLabel", "fromProperty": "clearButtonLabel"}, "type": "method", "children": [{"attributes": {"text": "<p>Returns the (computed) value of the property <code>clearButtonLabel</code>.</p>\n\n<p>For further details take a look at the property definition: {@link #clearButtonLabel}.</p>"}, "type": "desc"}, {"attributes": {}, "type": "return", "children": [{"attributes": {"text": "<p>(Computed) value of <code>clearButtonLabel</code>.</p>"}, "type": "desc"}, {"attributes": {}, "type": "types", "children": [{"attributes": {"type": "var"}, "type": "entry"}]}]}]}, {"attributes": {"name": "getNullable", "fromProperty": "nullable"}, "type": "method", "children": [{"attributes": {"text": "<p>Returns the (computed) value of the property <code>nullable</code>.</p>\n\n<p>For further details take a look at the property definition: {@link #nullable}.</p>"}, "type": "desc"}, {"attributes": {}, "type": "return", "children": [{"attributes": {"text": "<p>(Computed) value of <code>nullable</code>.</p>"}, "type": "desc"}, {"attributes": {}, "type": "types", "children": [{"attributes": {"type": "var"}, "type": "entry"}]}]}]}, {"attributes": {"name": "getSelectedIndex", "fromProperty": "selectedIndex"}, "type": "method", "children": [{"attributes": {"text": "<p>Returns the (computed) value of the property <code>selectedIndex</code>.</p>\n\n<p>For further details take a look at the property definition: {@link #selectedIndex}.</p>"}, "type": "desc"}, {"attributes": {}, "type": "return", "children": [{"attributes": {"text": "<p>(Computed) value of <code>selectedIndex</code>.</p>"}, "type": "desc"}, {"attributes": {}, "type": "types", "children": [{"attributes": {"type": "var"}, "type": "entry"}]}]}]}, {"attributes": {"name": "getSelectedItemClass", "fromProperty": "selectedItemClass"}, "type": "method", "children": [{"attributes": {"text": "<p>Returns the (computed) value of the property <code>selectedItemClass</code>.</p>\n\n<p>For further details take a look at the property definition: {@link #selectedItemClass}.</p>"}, "type": "desc"}, {"attributes": {}, "type": "return", "children": [{"attributes": {"text": "<p>(Computed) value of <code>selectedItemClass</code>.</p>"}, "type": "desc"}, {"attributes": {}, "type": "types", "children": [{"attributes": {"type": "var"}, "type": "entry"}]}]}]}, {"attributes": {"line": 287, "name": "getSelectionList"}, "type": "method", "children": [{"attributes": {"text": "<p>Getter for the selectionList of the menu.</p>"}, "type": "desc"}, {"attributes": {}, "type": "return", "children": [{"attributes": {"text": "<p>The selectionList of this menu.</p>"}, "type": "desc"}, {"attributes": {}, "type": "types", "children": [{"attributes": {"type": "qx.ui.mobile.list.List"}, "type": "entry"}]}]}]}, {"attributes": {"name": "getUnselectedItemClass", "fromProperty": "unselectedItemClass"}, "type": "method", "children": [{"attributes": {"text": "<p>Returns the (computed) value of the property <code>unselectedItemClass</code>.</p>\n\n<p>For further details take a look at the property definition: {@link #unselectedItemClass}.</p>"}, "type": "desc"}, {"attributes": {}, "type": "return", "children": [{"attributes": {"text": "<p>(Computed) value of <code>unselectedItemClass</code>.</p>"}, "type": "desc"}, {"attributes": {}, "type": "types", "children": [{"attributes": {"type": "var"}, "type": "entry"}]}]}]}, {"attributes": {"name": "getVisibleListItems", "fromProperty": "visibleListItems"}, "type": "method", "children": [{"attributes": {"text": "<p>Returns the (computed) value of the property <code>visibleListItems</code>.</p>\n\n<p>For further details take a look at the property definition: {@link #visibleListItems}.</p>"}, "type": "desc"}, {"attributes": {}, "type": "return", "children": [{"attributes": {"text": "<p>(Computed) value of <code>visibleListItems</code>.</p>"}, "type": "desc"}, {"attributes": {}, "type": "types", "children": [{"attributes": {"type": "var"}, "type": "entry"}]}]}]}, {"attributes": {"access": "protected", "name": "initClearButtonLabel", "fromProperty": "clearButtonLabel"}, "type": "method", "children": [{"attributes": {}, "type": "params", "children": [{"attributes": {"name": "value"}, "type": "param", "children": [{"attributes": {"text": "<p>Initial value for property <code>clearButtonLabel</code>.</p>"}, "type": "desc"}, {"attributes": {}, "type": "types", "children": [{"attributes": {"type": "var"}, "type": "entry"}]}]}]}, {"attributes": {"text": "<p>Calls the apply method and dispatches the change event of the property <code>clearButtonLabel</code>\nwith the default value defined by the class developer. This function can\nonly be called from the constructor of a class.</p>\n\n<p>For further details take a look at the property definition: {@link #clearButtonLabel}.</p>"}, "type": "desc"}, {"attributes": {}, "type": "return", "children": [{"attributes": {"text": "<p>the default value</p>"}, "type": "desc"}, {"attributes": {}, "type": "types", "children": [{"attributes": {"type": "var"}, "type": "entry"}]}]}]}, {"attributes": {"access": "protected", "name": "initNullable", "fromProperty": "nullable"}, "type": "method", "children": [{"attributes": {}, "type": "params", "children": [{"attributes": {"name": "value"}, "type": "param", "children": [{"attributes": {"text": "<p>Initial value for property <code>nullable</code>.</p>"}, "type": "desc"}, {"attributes": {}, "type": "types", "children": [{"attributes": {"type": "var"}, "type": "entry"}]}]}]}, {"attributes": {"text": "<p>Calls the apply method and dispatches the change event of the property <code>nullable</code>\nwith the default value defined by the class developer. This function can\nonly be called from the constructor of a class.</p>\n\n<p>For further details take a look at the property definition: {@link #nullable}.</p>"}, "type": "desc"}, {"attributes": {}, "type": "return", "children": [{"attributes": {"text": "<p>the default value</p>"}, "type": "desc"}, {"attributes": {}, "type": "types", "children": [{"attributes": {"type": "var"}, "type": "entry"}]}]}]}, {"attributes": {"access": "protected", "name": "initSelectedIndex", "fromProperty": "selectedIndex"}, "type": "method", "children": [{"attributes": {}, "type": "params", "children": [{"attributes": {"name": "value"}, "type": "param", "children": [{"attributes": {"text": "<p>Initial value for property <code>selectedIndex</code>.</p>"}, "type": "desc"}, {"attributes": {}, "type": "types", "children": [{"attributes": {"type": "var"}, "type": "entry"}]}]}]}, {"attributes": {"text": "<p>Calls the apply method and dispatches the change event of the property <code>selectedIndex</code>\nwith the default value defined by the class developer. This function can\nonly be called from the constructor of a class.</p>\n\n<p>For further details take a look at the property definition: {@link #selectedIndex}.</p>"}, "type": "desc"}, {"attributes": {}, "type": "return", "children": [{"attributes": {"text": "<p>the default value</p>"}, "type": "desc"}, {"attributes": {}, "type": "types", "children": [{"attributes": {"type": "var"}, "type": "entry"}]}]}]}, {"attributes": {"access": "protected", "name": "initSelectedItemClass", "fromProperty": "selectedItemClass"}, "type": "method", "children": [{"attributes": {}, "type": "params", "children": [{"attributes": {"name": "value"}, "type": "param", "children": [{"attributes": {"text": "<p>Initial value for property <code>selectedItemClass</code>.</p>"}, "type": "desc"}, {"attributes": {}, "type": "types", "children": [{"attributes": {"type": "var"}, "type": "entry"}]}]}]}, {"attributes": {"text": "<p>Calls the apply method and dispatches the change event of the property <code>selectedItemClass</code>\nwith the default value defined by the class developer. This function can\nonly be called from the constructor of a class.</p>\n\n<p>For further details take a look at the property definition: {@link #selectedItemClass}.</p>"}, "type": "desc"}, {"attributes": {}, "type": "return", "children": [{"attributes": {"text": "<p>the default value</p>"}, "type": "desc"}, {"attributes": {}, "type": "types", "children": [{"attributes": {"type": "var"}, "type": "entry"}]}]}]}, {"attributes": {"access": "protected", "name": "initUnselectedItemClass", "fromProperty": "unselectedItemClass"}, "type": "method", "children": [{"attributes": {}, "type": "params", "children": [{"attributes": {"name": "value"}, "type": "param", "children": [{"attributes": {"text": "<p>Initial value for property <code>unselectedItemClass</code>.</p>"}, "type": "desc"}, {"attributes": {}, "type": "types", "children": [{"attributes": {"type": "var"}, "type": "entry"}]}]}]}, {"attributes": {"text": "<p>Calls the apply method and dispatches the change event of the property <code>unselectedItemClass</code>\nwith the default value defined by the class developer. This function can\nonly be called from the constructor of a class.</p>\n\n<p>For further details take a look at the property definition: {@link #unselectedItemClass}.</p>"}, "type": "desc"}, {"attributes": {}, "type": "return", "children": [{"attributes": {"text": "<p>the default value</p>"}, "type": "desc"}, {"attributes": {}, "type": "types", "children": [{"attributes": {"type": "var"}, "type": "entry"}]}]}]}, {"attributes": {"access": "protected", "name": "initVisibleListItems", "fromProperty": "visibleListItems"}, "type": "method", "children": [{"attributes": {}, "type": "params", "children": [{"attributes": {"name": "value"}, "type": "param", "children": [{"attributes": {"text": "<p>Initial value for property <code>visibleListItems</code>.</p>"}, "type": "desc"}, {"attributes": {}, "type": "types", "children": [{"attributes": {"type": "var"}, "type": "entry"}]}]}]}, {"attributes": {"text": "<p>Calls the apply method and dispatches the change event of the property <code>visibleListItems</code>\nwith the default value defined by the class developer. This function can\nonly be called from the constructor of a class.</p>\n\n<p>For further details take a look at the property definition: {@link #visibleListItems}.</p>"}, "type": "desc"}, {"attributes": {}, "type": "return", "children": [{"attributes": {"text": "<p>the default value</p>"}, "type": "desc"}, {"attributes": {}, "type": "types", "children": [{"attributes": {"type": "var"}, "type": "entry"}]}]}]}, {"attributes": {"name": "isNullable", "fromProperty": "nullable"}, "type": "method", "children": [{"attributes": {"text": "<p>Check whether the (computed) value of the boolean property <code>nullable</code> equals <code>true</code>.</p>\n\n<p>For further details take a look at the property definition: {@link #nullable}.</p>"}, "type": "desc"}, {"attributes": {}, "type": "return", "children": [{"attributes": {"text": "<p>Whether the property equals <code>true</code>.</p>"}, "type": "desc"}, {"attributes": {}, "type": "types", "children": [{"attributes": {"type": "Boolean"}, "type": "entry"}]}]}]}, {"attributes": {"name": "resetClearButtonLabel", "fromProperty": "clearButtonLabel"}, "type": "method", "children": [{"attributes": {"text": "<p>Resets the user value of the property <code>clearButtonLabel</code>.</p>\n\n<p>The computed value falls back to the next available value e.g. appearance, init or\ninheritance value depeneding on the property configuration and value availability.</p>\n\n<p>For further details take a look at the property definition: {@link #clearButtonLabel}.</p>"}, "type": "desc"}]}, {"attributes": {"name": "resetNullable", "fromProperty": "nullable"}, "type": "method", "children": [{"attributes": {"text": "<p>Resets the user value of the property <code>nullable</code>.</p>\n\n<p>The computed value falls back to the next available value e.g. appearance, init or\ninheritance value depeneding on the property configuration and value availability.</p>\n\n<p>For further details take a look at the property definition: {@link #nullable}.</p>"}, "type": "desc"}]}, {"attributes": {"name": "resetSelectedIndex", "fromProperty": "selectedIndex"}, "type": "method", "children": [{"attributes": {"text": "<p>Resets the user value of the property <code>selectedIndex</code>.</p>\n\n<p>The computed value falls back to the next available value e.g. appearance, init or\ninheritance value depeneding on the property configuration and value availability.</p>\n\n<p>For further details take a look at the property definition: {@link #selectedIndex}.</p>"}, "type": "desc"}]}, {"attributes": {"name": "resetSelectedItemClass", "fromProperty": "selectedItemClass"}, "type": "method", "children": [{"attributes": {"text": "<p>Resets the user value of the property <code>selectedItemClass</code>.</p>\n\n<p>The computed value falls back to the next available value e.g. appearance, init or\ninheritance value depeneding on the property configuration and value availability.</p>\n\n<p>For further details take a look at the property definition: {@link #selectedItemClass}.</p>"}, "type": "desc"}]}, {"attributes": {"name": "resetUnselectedItemClass", "fromProperty": "unselectedItemClass"}, "type": "method", "children": [{"attributes": {"text": "<p>Resets the user value of the property <code>unselectedItemClass</code>.</p>\n\n<p>The computed value falls back to the next available value e.g. appearance, init or\ninheritance value depeneding on the property configuration and value availability.</p>\n\n<p>For further details take a look at the property definition: {@link #unselectedItemClass}.</p>"}, "type": "desc"}]}, {"attributes": {"name": "resetVisibleListItems", "fromProperty": "visibleListItems"}, "type": "method", "children": [{"attributes": {"text": "<p>Resets the user value of the property <code>visibleListItems</code>.</p>\n\n<p>The computed value falls back to the next available value e.g. appearance, init or\ninheritance value depeneding on the property configuration and value availability.</p>\n\n<p>For further details take a look at the property definition: {@link #visibleListItems}.</p>"}, "type": "desc"}]}, {"attributes": {"line": 371, "name": "scrollToItem"}, "type": "method", "children": [{"attributes": {}, "type": "params", "children": [{"attributes": {"name": "index"}, "type": "param", "children": [{"attributes": {"text": "<p>, the index of the listItem to which the listScroller should scroll to.</p>"}, "type": "desc"}, {"attributes": {}, "type": "types", "children": [{"attributes": {"type": "Integer"}, "type": "entry"}]}]}]}, {"attributes": {"text": "<p>Scrolls the scroll wrapper of the selectionList to the item with given index.</p>"}, "type": "desc"}]}, {"attributes": {"name": "setClearButtonLabel", "fromProperty": "clearButtonLabel"}, "type": "method", "children": [{"attributes": {}, "type": "params", "children": [{"attributes": {"name": "value"}, "type": "param", "children": [{"attributes": {"text": "<p>New value for property <code>clearButtonLabel</code>.</p>"}, "type": "desc"}, {"attributes": {}, "type": "types", "children": [{"attributes": {"type": "var"}, "type": "entry"}]}]}]}, {"attributes": {"text": "<p>Sets the user value of the property <code>clearButtonLabel</code>.</p>\n\n<p>For further details take a look at the property definition: {@link #clearButtonLabel}.</p>"}, "type": "desc"}, {"attributes": {}, "type": "return", "children": [{"attributes": {"text": "<p>The unmodified incoming value.</p>"}, "type": "desc"}, {"attributes": {}, "type": "types", "children": [{"attributes": {"type": "var"}, "type": "entry"}]}]}]}, {"attributes": {"line": 302, "name": "setItems"}, "type": "method", "children": [{"attributes": {}, "type": "params", "children": [{"attributes": {"name": "itemsModel"}, "type": "param", "children": [{"attributes": {"text": "<p>, the model of choosable items in the menu.</p>"}, "type": "desc"}, {"attributes": {}, "type": "types", "children": [{"attributes": {"type": "qx.data.Array"}, "type": "entry"}]}]}]}, {"attributes": {"text": "<p>Sets the choosable items of the menu.</p>"}, "type": "desc"}]}, {"attributes": {"name": "setNullable", "fromProperty": "nullable"}, "type": "method", "children": [{"attributes": {}, "type": "params", "children": [{"attributes": {"name": "value"}, "type": "param", "children": [{"attributes": {"text": "<p>New value for property <code>nullable</code>.</p>"}, "type": "desc"}, {"attributes": {}, "type": "types", "children": [{"attributes": {"type": "var"}, "type": "entry"}]}]}]}, {"attributes": {"text": "<p>Sets the user value of the property <code>nullable</code>.</p>\n\n<p>For further details take a look at the property definition: {@link #nullable}.</p>"}, "type": "desc"}, {"attributes": {}, "type": "return", "children": [{"attributes": {"text": "<p>The unmodified incoming value.</p>"}, "type": "desc"}, {"attributes": {}, "type": "types", "children": [{"attributes": {"type": "var"}, "type": "entry"}]}]}]}, {"attributes": {"name": "setSelectedIndex", "fromProperty": "selectedIndex"}, "type": "method", "children": [{"attributes": {}, "type": "params", "children": [{"attributes": {"name": "value"}, "type": "param", "children": [{"attributes": {"text": "<p>New value for property <code>selectedIndex</code>.</p>"}, "type": "desc"}, {"attributes": {}, "type": "types", "children": [{"attributes": {"type": "var"}, "type": "entry"}]}]}]}, {"attributes": {"text": "<p>Sets the user value of the property <code>selectedIndex</code>.</p>\n\n<p>For further details take a look at the property definition: {@link #selectedIndex}.</p>"}, "type": "desc"}, {"attributes": {}, "type": "return", "children": [{"attributes": {"text": "<p>The unmodified incoming value.</p>"}, "type": "desc"}, {"attributes": {}, "type": "types", "children": [{"attributes": {"type": "var"}, "type": "entry"}]}]}]}, {"attributes": {"name": "setSelectedItemClass", "fromProperty": "selectedItemClass"}, "type": "method", "children": [{"attributes": {}, "type": "params", "children": [{"attributes": {"name": "value"}, "type": "param", "children": [{"attributes": {"text": "<p>New value for property <code>selectedItemClass</code>.</p>"}, "type": "desc"}, {"attributes": {}, "type": "types", "children": [{"attributes": {"type": "var"}, "type": "entry"}]}]}]}, {"attributes": {"text": "<p>Sets the user value of the property <code>selectedItemClass</code>.</p>\n\n<p>For further details take a look at the property definition: {@link #selectedItemClass}.</p>"}, "type": "desc"}, {"attributes": {}, "type": "return", "children": [{"attributes": {"text": "<p>The unmodified incoming value.</p>"}, "type": "desc"}, {"attributes": {}, "type": "types", "children": [{"attributes": {"type": "var"}, "type": "entry"}]}]}]}, {"attributes": {"name": "setUnselectedItemClass", "fromProperty": "unselectedItemClass"}, "type": "method", "children": [{"attributes": {}, "type": "params", "children": [{"attributes": {"name": "value"}, "type": "param", "children": [{"attributes": {"text": "<p>New value for property <code>unselectedItemClass</code>.</p>"}, "type": "desc"}, {"attributes": {}, "type": "types", "children": [{"attributes": {"type": "var"}, "type": "entry"}]}]}]}, {"attributes": {"text": "<p>Sets the user value of the property <code>unselectedItemClass</code>.</p>\n\n<p>For further details take a look at the property definition: {@link #unselectedItemClass}.</p>"}, "type": "desc"}, {"attributes": {}, "type": "return", "children": [{"attributes": {"text": "<p>The unmodified incoming value.</p>"}, "type": "desc"}, {"attributes": {}, "type": "types", "children": [{"attributes": {"type": "var"}, "type": "entry"}]}]}]}, {"attributes": {"name": "setVisibleListItems", "fromProperty": "visibleListItems"}, "type": "method", "children": [{"attributes": {}, "type": "params", "children": [{"attributes": {"name": "value"}, "type": "param", "children": [{"attributes": {"text": "<p>New value for property <code>visibleListItems</code>.</p>"}, "type": "desc"}, {"attributes": {}, "type": "types", "children": [{"attributes": {"type": "var"}, "type": "entry"}]}]}]}, {"attributes": {"text": "<p>Sets the user value of the property <code>visibleListItems</code>.</p>\n\n<p>For further details take a look at the property definition: {@link #visibleListItems}.</p>"}, "type": "desc"}, {"attributes": {}, "type": "return", "children": [{"attributes": {"text": "<p>The unmodified incoming value.</p>"}, "type": "desc"}, {"attributes": {}, "type": "types", "children": [{"attributes": {"type": "var"}, "type": "entry"}]}]}]}, {"attributes": {"docFrom": "qx.ui.mobile.dialog.Popup", "line": 190, "overriddenFrom": "qx.ui.mobile.dialog.Popup", "name": "show"}, "type": "method"}, {"attributes": {"name": "toggleNullable", "fromProperty": "nullable"}, "type": "method", "children": [{"attributes": {"text": "<p>Toggles the (computed) value of the boolean property <code>nullable</code>.</p>\n\n<p>For further details take a look at the property definition: {@link #nullable}.</p>"}, "type": "desc"}, {"attributes": {}, "type": "return", "children": [{"attributes": {"text": "<p>the new value</p>"}, "type": "desc"}, {"attributes": {}, "type": "types", "children": [{"attributes": {"type": "Boolean"}, "type": "entry"}]}]}]}]}, {"attributes": {}, "type": "properties", "children": [{"attributes": {"apply": "_applyClearButtonLabel", "defaultValue": "\"None\"", "propertyType": "new", "check": "String", "name": "clearButtonLabel"}, "type": "property", "children": [{"attributes": {"text": "<p>The label of the null value entry of the list. Only relevant\nwhen nullable property is set to <code>true</code>.</p>"}, "type": "desc"}]}, {"attributes": {"name": "defaultCssClass", "docFrom": "qx.ui.mobile.core.Widget", "defaultValue": "\"menu\"", "refine": "true", "propertyType": "new", "overriddenFrom": "qx.ui.mobile.dialog.Popup"}, "type": "property"}, {"attributes": {"apply": "_applyNullable", "defaultValue": "false", "propertyType": "new", "check": "Boolean", "name": "nullable"}, "type": "property", "children": [{"attributes": {"text": "<p>Defines if the menu has a null value in the list, which can be chosen\nby the user. The label</p>"}, "type": "desc"}]}, {"attributes": {"allowNull": "true", "propertyType": "new", "check": "Integer", "name": "selectedIndex", "apply": "_applySelectedIndex"}, "type": "property", "children": [{"attributes": {"text": "<p>The selected index of this menu.</p>"}, "type": "desc"}]}, {"attributes": {"defaultValue": "\"item-selected\"", "name": "selectedItemClass", "propertyType": "new"}, "type": "property", "children": [{"attributes": {"text": "<p>Class which is assigned to selected items.\n Useful for re-styling your menu via <span class=\"caps\">LESS</span>.</p>"}, "type": "desc"}]}, {"attributes": {"defaultValue": "\"item-unselected\"", "name": "unselectedItemClass", "propertyType": "new"}, "type": "property", "children": [{"attributes": {"text": "<p>Class which is assigned to unselected items.\nUseful for re-styling your menu via <span class=\"caps\">LESS</span>.</p>"}, "type": "desc"}]}, {"attributes": {"allowNull": "true", "propertyType": "new", "check": "Integer", "name": "visibleListItems", "apply": "_updatePosition"}, "type": "property", "children": [{"attributes": {"text": "<p>This value defines how much list items are visible inside the menu.</p>"}, "type": "desc"}]}]}]}