{"attributes": {"name": "Desktop", "packageName": "qx.ui.window", "mixins": "qx.ui.core.MChildrenHandling,qx.ui.window.MDesktop,qx.ui.core.MBlocker", "superClass": "qx.ui.core.Widget", "fullName": "qx.ui.window.Desktop", "type": "class", "interfaces": "qx.ui.window.IDesktop"}, "type": "class", "children": [{"attributes": {"text": "<p>The desktop is a widget, which can act as container for windows. It can be\nused to define a clipping region for internal windows e.g. to create\nan <span class=\"caps\">MDI</span> like application.</p>"}, "type": "desc"}, {"attributes": {}, "type": "constructor", "children": [{"attributes": {"line": 41, "isCtor": true, "overriddenFrom": "qx.ui.core.Widget", "name": "ctor"}, "type": "method", "children": [{"attributes": {}, "type": "params", "children": [{"attributes": {"name": "windowManager"}, "type": "param", "children": [{"attributes": {"text": "<p>The window manager to use for the desktop. If not provided, an instance of {@link qx.ui.window.Window#DEFAULT_MANAGER_CLASS} is used.</p>"}, "type": "desc"}, {"attributes": {}, "type": "types", "children": [{"attributes": {"type": "IWindowManager"}, "type": "entry"}]}]}]}, {"attributes": {"text": ""}, "type": "desc"}]}]}]}