{"attributes": {"packageName": "qx.ui.mobile.container", "type": "interface", "fullName": "qx.ui.mobile.container.IScrollDelegate", "name": "IScrollDelegate"}, "type": "class", "children": [{"attributes": {"text": "<p>Objects which are used as delegates for the {@link qx.ui.mobile.container.Scroll#delegate} may\nimplement any of the methods described in this interface. The delegate does\nnot need to implement all the methods of this interface.</p>\n\n<p>Note: This interface is meant to document the delegate but should not be\nlisted in the <code>implement</code> key of a class unless all methods are\nactually implemented.</p>"}, "type": "desc"}, {"attributes": {}, "type": "methods", "children": [{"attributes": {"line": 38, "name": "getScrollOffset"}, "type": "method", "children": [{"attributes": {"text": "<p>Calculates the scroll offset if container scrolls to a widget/element through <code>scrollToElement()|scrollToWidget()</code>.</p>"}, "type": "desc"}, {"attributes": {}, "type": "return", "children": [{"attributes": {"text": "<p>an array with x,y offset.</p>"}, "type": "desc"}, {"attributes": {}, "type": "types", "children": [{"attributes": {"type": "Array"}, "type": "entry"}]}]}]}]}]}