{"attributes": {"isAbstract": true, "name": "Icon", "packageName": "qx.ui.progressive.renderer.table.cell", "superClass": "qx.ui.progressive.renderer.table.cell.Abstract", "childClasses": "qx.ui.progressive.renderer.table.cell.Boolean,qx.ui.progressive.renderer.table.cell.Image", "fullName": "qx.ui.progressive.renderer.table.cell.Icon", "type": "class"}, "type": "class", "children": [{"attributes": {"text": "<p>Abstract Icon cell renderer.</p>"}, "type": "desc"}, {"attributes": {}, "type": "constructor", "children": [{"attributes": {"line": 33, "isCtor": true, "overriddenFrom": "qx.core.Object", "name": "ctor"}, "type": "method", "children": [{"attributes": {"text": "<p>Create a new instance of an Icon cell renderer</p>"}, "type": "desc"}]}]}, {"attributes": {}, "type": "methods", "children": [{"attributes": {"access": "private", "line": 207, "name": "__getImageData"}, "type": "method", "children": [{"attributes": {}, "type": "params", "children": [{"attributes": {"name": "cellInfo"}, "type": "param", "children": [{"attributes": {"text": "<p>Information about the cell being renderered, including: <ul> <li>state</li> <li>rowDiv</li> <li>stylesheet</li> <li>element</li> <li>dataIndex</li> <li>cellData</li> <li>height</li> </ul></p>"}, "type": "desc"}, {"attributes": {}, "type": "types", "children": [{"attributes": {"type": "Map"}, "type": "entry"}]}]}]}, {"attributes": {"text": "<p>Obtain the image data (url, tooltip) that&#8217;s appropriate for this cell</p>"}, "type": "desc"}, {"attributes": {}, "type": "return", "children": [{"attributes": {"text": "<p>See {@link #_identifyImage}</p>"}, "type": "desc"}, {"attributes": {}, "type": "types", "children": [{"attributes": {"type": "Map"}, "type": "entry"}]}]}]}, {"attributes": {"access": "protected", "docFrom": "qx.ui.progressive.renderer.table.cell.Abstract", "line": 119, "overriddenFrom": "qx.ui.progressive.renderer.table.cell.Abstract", "name": "_getCellStyle"}, "type": "method", "children": [{"attributes": {}, "type": "params", "children": [{"attributes": {"name": "cellInfo"}, "type": "param"}]}]}, {"attributes": {"access": "protected", "docFrom": "qx.ui.progressive.renderer.table.cell.Abstract", "line": 129, "overriddenFrom": "qx.ui.progressive.renderer.table.cell.Abstract", "name": "_getContentHtml"}, "type": "method", "children": [{"attributes": {}, "type": "params", "children": [{"attributes": {"name": "cellInfo"}, "type": "param"}]}]}, {"attributes": {"access": "protected", "line": 113, "name": "_identifyImage"}, "type": "method", "children": [{"attributes": {}, "type": "params", "children": [{"attributes": {"name": "cellInfo"}, "type": "param", "children": [{"attributes": {"text": "<p>Information about the cell being renderered, including: <ul> <li>state</li> <li>rowDiv</li> <li>stylesheet</li> <li>element</li> <li>dataIndex</li> <li>cellData</li> <li>height</li> </ul></p>"}, "type": "desc"}, {"attributes": {}, "type": "types", "children": [{"attributes": {"type": "Map"}, "type": "entry"}]}]}]}, {"attributes": {"text": "<p>Identify the image to be displayed in the cell.</p>"}, "type": "desc"}, {"attributes": {}, "type": "return", "children": [{"attributes": {"text": "<p>The returned map should contain at least the <i>url</i> field, but may contain any others of these: <dl> <dt> url </dt> <dd> The <span class=\"caps\">URL</span> of the image to be displayed </dd> <dt> imageWidth </dt> <dd> The width at which the image should be displayed </dd> <dt> imageHeight </dt> <dd> The height at which the image should be displayed </dd> <dt> extras </dt> <dd> Any extra attributes to be include in the &#8216;image&#8217; tag. </dd> </dl></p>"}, "type": "desc"}, {"attributes": {}, "type": "types", "children": [{"attributes": {"type": "Map"}, "type": "entry"}]}]}]}, {"attributes": {"line": 59, "name": "getBlankImage"}, "type": "method", "children": [{"attributes": {"text": "<p>Retrieve the <span class=\"caps\">URI</span> for a blank image</p>"}, "type": "desc"}, {"attributes": {}, "type": "return", "children": [{"attributes": {"text": "<p>The <span class=\"caps\">URI</span> of the blank image.</p>"}, "type": "desc"}, {"attributes": {}, "type": "types", "children": [{"attributes": {"type": "String"}, "type": "entry"}]}]}]}]}]}