{"attributes": {"name": "Carousel", "packageName": "qx.ui.mobile.container", "mixins": "qx.ui.mobile.core.MResize", "superClass": "qx.ui.mobile.container.Composite", "fullName": "qx.ui.mobile.container.Carousel", "type": "class"}, "type": "class", "children": [{"attributes": {"text": "<p>Creates a Carousel widget.\nA carousel is a widget which can switch between several sub pages {@link  qx.ui.mobile.container.Composite}.\nA page switch is triggered by a swipe to left, for next page, or a swipe to right for\nprevious page.</p>\n\n<p>A carousel shows by default a pagination indicator at the bottom of the carousel.\nThis pagination indicator can be hidden by property <code>showPagination</code>.</p>\n\n<p><strong>Example</strong></p>\n\n<p>Here is a little example of how to use the widget.</p>\n\n<pre class=\"javascript\">\n\n var carousel = new qx.ui.mobile.container.Carousel();\n var carouselPage1 = new qx.ui.mobile.container.Composite();\n var carouselPage2 = new qx.ui.mobile.container.Composite();\n\n carouselPage1.add(new qx.ui.mobile.basic.Label(\"This is a carousel. Please swipe left.\"));\n carouselPage2.add(new qx.ui.mobile.basic.Label(\"Now swipe right.\"));\n\n carousel.add(carouselPage1);\n carousel.add(carouselPage2);\n</pre>"}, "type": "desc"}, {"attributes": {}, "type": "constructor", "children": [{"attributes": {"line": 62, "isCtor": true, "overriddenFrom": "qx.ui.mobile.container.Composite", "name": "ctor"}, "type": "method", "children": [{"attributes": {}, "type": "params", "children": [{"attributes": {"defaultValue": "0.4", "optional": true, "name": "transitionDuration"}, "type": "param", "children": [{"attributes": {"text": "<p>transition duration on carouselPage change in seconds.</p>"}, "type": "desc"}, {"attributes": {}, "type": "types", "children": [{"attributes": {"type": "Integer"}, "type": "entry"}]}]}]}, {"attributes": {"text": ""}, "type": "desc"}]}]}, {"attributes": {}, "type": "properties", "children": [{"attributes": {"name": "currentIndex", "defaultValue": "0", "event": "changeCurrentIndex", "propertyType": "new", "apply": "_applyCurrentIndex", "check": "Number"}, "type": "property", "children": [{"attributes": {"text": "<p>The current visible page index.</p>"}, "type": "desc"}]}, {"attributes": {"name": "defaultCssClass", "docFrom": "qx.ui.mobile.core.Widget", "defaultValue": "\"carousel\"", "refine": "true", "propertyType": "new", "overriddenFrom": "qx.ui.mobile.core.Widget"}, "type": "property"}, {"attributes": {"name": "height", "defaultValue": "200", "allowNull": "true", "propertyType": "new", "apply": "_updateCarouselLayout", "check": "Number"}, "type": "property", "children": [{"attributes": {"text": "<p>Defines the height of the carousel. If value is equal to <code>null</code>\nthe height is set to <code>100%</code>.</p>"}, "type": "desc"}]}, {"attributes": {"defaultValue": "true", "propertyType": "new", "check": "Boolean", "name": "scrollLoop"}, "type": "property", "children": [{"attributes": {"text": "<p>Defines whether the carousel should scroll back to first or last page\nwhen the start/end of carousel pages is reached</p>"}, "type": "desc"}]}, {"attributes": {"apply": "_applyShowPagination", "defaultValue": "true", "propertyType": "new", "check": "Boolean", "name": "showPagination"}, "type": "property", "children": [{"attributes": {"text": "<p>Property for setting visibility of pagination indicator</p>"}, "type": "desc"}]}, {"attributes": {"defaultValue": "0.4", "propertyType": "new", "check": "Number", "name": "transitionDuration"}, "type": "property", "children": [{"attributes": {"text": "<p>Duration of the carousel page transition.</p>"}, "type": "desc"}]}]}, {"attributes": {}, "type": "methods", "children": [{"attributes": {"access": "protected", "line": 393, "name": "_applyCurrentIndex"}, "type": "method", "children": [{"attributes": {}, "type": "params", "children": [{"attributes": {"name": "value"}, "type": "param", "children": [{"attributes": {"text": "<p>new value of the property</p>"}, "type": "desc"}, {"attributes": {}, "type": "types", "children": [{"attributes": {"type": "Number"}, "type": "entry"}]}]}, {"attributes": {"name": "old"}, "type": "param", "children": [{"attributes": {"text": "<p>previous value of the property (null if it was not yet set).</p>"}, "type": "desc"}, {"attributes": {}, "type": "types", "children": [{"attributes": {"type": "Number"}, "type": "entry"}]}]}]}, {"attributes": {}, "type": "apply", "children": [{"attributes": {"applies": "qx.ui.mobile.container.Carousel#currentIndex"}, "type": "entry"}]}, {"attributes": {"text": "<p>Applies changes of the property value of the property <code>currentIndex</code>.</p>\n\n<p>For further details take a look at the property definition: {@link #currentIndex}.</p>"}, "type": "desc"}]}, {"attributes": {"access": "protected", "line": 383, "name": "_applyShowPagination"}, "type": "method", "children": [{"attributes": {}, "type": "params", "children": [{"attributes": {"name": "value"}, "type": "param"}, {"attributes": {"name": "old"}, "type": "param"}]}, {"attributes": {"text": "<p>Called when showPagination property is changed.\nManages show(), hide() of pagination container.</p>"}, "type": "desc"}, {"attributes": {}, "type": "apply", "children": [{"attributes": {"applies": "qx.ui.mobile.container.Carousel#showPagination"}, "type": "entry"}]}]}, {"attributes": {"access": "protected", "line": 569, "name": "_calculateTransitionDuration"}, "type": "method", "children": [{"attributes": {}, "type": "params", "children": [{"attributes": {"name": "deltaX"}, "type": "param", "children": [{"attributes": {"text": "<p>the distance on axis between pointerdown and pointerup.</p>"}, "type": "desc"}, {"attributes": {}, "type": "types", "children": [{"attributes": {"type": "Integer"}, "type": "entry"}]}]}, {"attributes": {"name": "duration"}, "type": "param", "children": [{"attributes": {"text": "<p>the swipe duration.</p>"}, "type": "desc"}, {"attributes": {}, "type": "types", "children": [{"attributes": {"type": "Number"}, "type": "entry"}]}]}]}, {"attributes": {"text": "<p>Calculates the duration the transition will need till the next carousel\nsnap point is reached.</p>"}, "type": "desc"}, {"attributes": {}, "type": "return", "children": [{"attributes": {"text": "<p>the transition duration.</p>"}, "type": "desc"}, {"attributes": {}, "type": "types", "children": [{"attributes": {"type": "Number"}, "type": "entry"}]}]}]}, {"attributes": {"access": "protected", "line": 353, "name": "_createPaginationLabel"}, "type": "method", "children": [{"attributes": {"text": "<p>Factory method for a paginationLabel.</p>"}, "type": "desc"}, {"attributes": {}, "type": "return", "children": [{"attributes": {"text": "<p>the created pagination label.</p>"}, "type": "desc"}, {"attributes": {}, "type": "types", "children": [{"attributes": {"type": "qx.ui.mobile.container.Composite"}, "type": "entry"}]}]}]}, {"attributes": {"access": "protected", "line": 316, "name": "_doScrollLoop"}, "type": "method", "children": [{"attributes": {"text": "<p>Manages the the scroll loop. First fades out carousel scroller >>\nwaits till fading is done >> scrolls to pageIndex >> waits till scrolling is done\n>> fades scroller in.</p>"}, "type": "desc"}]}, {"attributes": {"access": "protected", "line": 458, "name": "_getScrollerOffset"}, "type": "method", "children": [{"attributes": {"text": "<p>Returns the current horizontal position of the carousel scrolling container.</p>"}, "type": "desc"}, {"attributes": {}, "type": "return", "children": [{"attributes": {"text": "<p>the horizontal position</p>"}, "type": "desc"}, {"attributes": {}, "type": "types", "children": [{"attributes": {"type": "Number"}, "type": "entry"}]}]}]}, {"attributes": {"access": "protected", "line": 447, "name": "_onContainerUpdate"}, "type": "method", "children": [{"attributes": {"text": "<p>Handles window resize, device orientatonChange or page appear events.</p>"}, "type": "desc"}]}, {"attributes": {"access": "protected", "line": 582, "name": "_onNativeScroll"}, "type": "method", "children": [{"attributes": {}, "type": "params", "children": [{"attributes": {"name": "evt"}, "type": "param", "children": [{"attributes": {"text": "<p>the native scroll event.</p>"}, "type": "desc"}, {"attributes": {}, "type": "types", "children": [{"attributes": {"type": "qx.event.type.Native"}, "type": "entry"}]}]}]}, {"attributes": {"text": "<p>Handles the native scroll event on the carousel container.\nThis is needed for preventing &#8220;scrollIntoView&#8221; method.</p>"}, "type": "desc"}]}, {"attributes": {"access": "protected", "line": 402, "name": "_onPaginationLabelTap"}, "type": "method", "children": [{"attributes": {"text": "<p>Handles a tap on paginationLabel.</p>"}, "type": "desc"}]}, {"attributes": {"access": "protected", "line": 476, "name": "_onPointerDown"}, "type": "method", "children": [{"attributes": {}, "type": "params", "children": [{"attributes": {"name": "evt"}, "type": "param", "children": [{"attributes": {"text": "<p>The pointer event.</p>"}, "type": "desc"}, {"attributes": {}, "type": "types", "children": [{"attributes": {"type": "qx.event.type.Pointer"}, "type": "entry"}]}]}]}, {"attributes": {"text": "<p>Event handler for <code>pointerdown</code> events.</p>"}, "type": "desc"}]}, {"attributes": {"access": "protected", "line": 529, "name": "_onPointerUp"}, "type": "method", "children": [{"attributes": {}, "type": "params", "children": [{"attributes": {"name": "evt"}, "type": "param", "children": [{"attributes": {"text": "<p>the pointerup event.</p>"}, "type": "desc"}, {"attributes": {}, "type": "types", "children": [{"attributes": {"type": "qx.event.type.Pointer"}, "type": "entry"}]}]}]}, {"attributes": {"text": "<p>Handler for <code>pointerup</code> event on carousel scroller.</p>"}, "type": "desc"}]}, {"attributes": {"access": "protected", "line": 327, "name": "_onScrollerTransitionEnd"}, "type": "method", "children": [{"attributes": {"text": "<p>Event handler for <code>transitionEnd</code> event on carouselScroller.</p>"}, "type": "desc"}]}, {"attributes": {"access": "protected", "line": 543, "name": "_onSwipe"}, "type": "method", "children": [{"attributes": {}, "type": "params", "children": [{"attributes": {"name": "evt"}, "type": "param", "children": [{"attributes": {"text": "<p>The swipe event.</p>"}, "type": "desc"}, {"attributes": {}, "type": "types", "children": [{"attributes": {"type": "qx.event.type.Swipe"}, "type": "entry"}]}]}]}, {"attributes": {"text": "<p>Handler for swipe event on carousel scroller.</p>"}, "type": "desc"}]}, {"attributes": {"access": "protected", "line": 494, "name": "_onTrack"}, "type": "method", "children": [{"attributes": {}, "type": "params", "children": [{"attributes": {"name": "evt"}, "type": "param", "children": [{"attributes": {"text": "<p>The track event.</p>"}, "type": "desc"}, {"attributes": {}, "type": "types", "children": [{"attributes": {"type": "qx.event.type.Track"}, "type": "entry"}]}]}]}, {"attributes": {"text": "<p>Event handler for <code>track</code> events.</p>"}, "type": "desc"}]}, {"attributes": {"access": "protected", "line": 438, "name": "_refreshScrollerPosition"}, "type": "method", "children": [{"attributes": {"text": "<p>Synchronizes the positions of the scroller to the current shown page index.</p>"}, "type": "desc"}]}, {"attributes": {"access": "protected", "line": 714, "name": "_removeListeners"}, "type": "method", "children": [{"attributes": {"text": "<p>Remove all listeners.</p>"}, "type": "desc"}]}, {"attributes": {"access": "protected", "line": 298, "name": "_scrollToPage"}, "type": "method", "children": [{"attributes": {}, "type": "params", "children": [{"attributes": {"name": "pageIndex"}, "type": "param", "children": [{"attributes": {"text": "<p>the target page index, which should be visible</p>"}, "type": "desc"}, {"attributes": {}, "type": "types", "children": [{"attributes": {"type": "Integer"}, "type": "entry"}]}]}, {"attributes": {"defaultValue": "true", "optional": true, "name": "showTransition"}, "type": "param", "children": [{"attributes": {"text": "<p>flag if a transition should be shown or not</p>"}, "type": "desc"}, {"attributes": {}, "type": "types", "children": [{"attributes": {"type": "Boolean"}, "type": "entry"}]}]}]}, {"attributes": {"text": "<p>Scrolls the carousel to the page with the given pageIndex.</p>"}, "type": "desc"}]}, {"attributes": {"access": "protected", "line": 372, "name": "_setScrollersOpacity"}, "type": "method", "children": [{"attributes": {}, "type": "params", "children": [{"attributes": {"name": "opacity"}, "type": "param", "children": [{"attributes": {"text": "<p>the target value of the opacity.</p>"}, "type": "desc"}, {"attributes": {}, "type": "types", "children": [{"attributes": {"type": "Integer"}, "type": "entry"}]}]}]}, {"attributes": {"text": "<p>Changes the opacity of the carouselScroller element.</p>"}, "type": "desc"}]}, {"attributes": {"access": "protected", "line": 597, "name": "_setShowTransition"}, "type": "method", "children": [{"attributes": {}, "type": "params", "children": [{"attributes": {"name": "showTransition"}, "type": "param", "children": [{"attributes": {"text": "<p>Target value which triggers transition.</p>"}, "type": "desc"}, {"attributes": {}, "type": "types", "children": [{"attributes": {"type": "Boolean"}, "type": "entry"}]}]}]}, {"attributes": {}, "type": "deprecated", "children": [{"attributes": {"text": "<p>Please use _setTransitionDuration instead. Determines whether a transition should be shown on carouselScroller move or not. Target value will be buffered, and only be set on target element when target value is different to the value alreay set.</p>"}, "type": "desc"}]}, {"attributes": {"text": ""}, "type": "desc"}]}, {"attributes": {"access": "protected", "line": 610, "name": "_setTransitionDuration"}, "type": "method", "children": [{"attributes": {}, "type": "params", "children": [{"attributes": {"name": "value"}, "type": "param", "children": [{"attributes": {"text": "<p>the target value of the transitionDuration.</p>"}, "type": "desc"}, {"attributes": {}, "type": "types", "children": [{"attributes": {"type": "Number"}, "type": "entry"}]}]}]}, {"attributes": {"text": "<p>Applies the <span class=\"caps\">CSS</span> property &#8220;transitionDuration&#8221; to the carouselScroller.</p>"}, "type": "desc"}]}, {"attributes": {"access": "protected", "line": 635, "name": "_snapCarouselPage"}, "type": "method", "children": [{"attributes": {"text": "<p>Snaps carouselScroller offset to a carouselPage.\nIt determines which carouselPage is the nearest and moves\ncarouselScrollers offset till nearest carouselPage&#8217;s left border is aligned to carousel&#8217;s left border.</p>"}, "type": "desc"}]}, {"attributes": {"access": "protected", "line": 410, "name": "_updateCarouselLayout"}, "type": "method", "children": [{"attributes": {"text": "<p>Updates the layout of the carousel the carousel scroller and its pages.</p>"}, "type": "desc"}, {"attributes": {}, "type": "apply", "children": [{"attributes": {"applies": "qx.ui.mobile.container.Carousel#height"}, "type": "entry"}]}]}, {"attributes": {"access": "protected", "line": 662, "name": "_updatePagination"}, "type": "method", "children": [{"attributes": {}, "type": "params", "children": [{"attributes": {"name": "oldActiveIndex"}, "type": "param", "children": [{"attributes": {"text": "<p>Index of paginationLabel which should loose active state</p>"}, "type": "desc"}, {"attributes": {}, "type": "types", "children": [{"attributes": {"type": "Integer"}, "type": "entry"}]}]}, {"attributes": {"name": "newActiveIndex"}, "type": "param", "children": [{"attributes": {"text": "<p>Index of paginationLabel which should have active state</p>"}, "type": "desc"}, {"attributes": {}, "type": "types", "children": [{"attributes": {"type": "Integer"}, "type": "entry"}]}]}]}, {"attributes": {"text": "<p>Updates the pagination indicator of this carousel.\nRemoves the active state from from paginationLabel with oldActiveIndex,\nAdds actives state to paginationLabel new ActiveIndex.</p>"}, "type": "desc"}]}, {"attributes": {"access": "protected", "line": 703, "name": "_updateScrollerPosition"}, "type": "method", "children": [{"attributes": {}, "type": "params", "children": [{"attributes": {"name": "x"}, "type": "param", "children": [{"attributes": {"text": "<p>scroller&#8217;s x position.</p>"}, "type": "desc"}, {"attributes": {}, "type": "types", "children": [{"attributes": {"type": "Integer"}, "type": "entry"}]}]}]}, {"attributes": {"text": "<p>Assign new position of carousel scrolling container.</p>"}, "type": "desc"}]}, {"attributes": {"line": 200, "name": "add"}, "type": "method", "children": [{"attributes": {}, "type": "params", "children": [{"attributes": {"name": "page"}, "type": "param", "children": [{"attributes": {"text": "<p>The composite which should be added as a page to the end of carousel.</p>"}, "type": "desc"}, {"attributes": {}, "type": "types", "children": [{"attributes": {"type": "qx.ui.mobile.container.Composite"}, "type": "entry"}]}]}]}, {"attributes": {"text": "<p>Adds a page to the end of the carousel.</p>"}, "type": "desc"}]}, {"attributes": {"name": "getCurrentIndex", "fromProperty": "currentIndex"}, "type": "method", "children": [{"attributes": {"text": "<p>Returns the (computed) value of the property <code>currentIndex</code>.</p>\n\n<p>For further details take a look at the property definition: {@link #currentIndex}.</p>"}, "type": "desc"}, {"attributes": {}, "type": "return", "children": [{"attributes": {"text": "<p>(Computed) value of <code>currentIndex</code>.</p>"}, "type": "desc"}, {"attributes": {}, "type": "types", "children": [{"attributes": {"type": "var"}, "type": "entry"}]}]}]}, {"attributes": {"name": "getHeight", "fromProperty": "height"}, "type": "method", "children": [{"attributes": {"text": "<p>Returns the (computed) value of the property <code>height</code>.</p>\n\n<p>For further details take a look at the property definition: {@link #height}.</p>"}, "type": "desc"}, {"attributes": {}, "type": "return", "children": [{"attributes": {"text": "<p>(Computed) value of <code>height</code>.</p>"}, "type": "desc"}, {"attributes": {}, "type": "types", "children": [{"attributes": {"type": "var"}, "type": "entry"}]}]}]}, {"attributes": {"name": "getScrollLoop", "fromProperty": "scrollLoop"}, "type": "method", "children": [{"attributes": {"text": "<p>Returns the (computed) value of the property <code>scrollLoop</code>.</p>\n\n<p>For further details take a look at the property definition: {@link #scrollLoop}.</p>"}, "type": "desc"}, {"attributes": {}, "type": "return", "children": [{"attributes": {"text": "<p>(Computed) value of <code>scrollLoop</code>.</p>"}, "type": "desc"}, {"attributes": {}, "type": "types", "children": [{"attributes": {"type": "var"}, "type": "entry"}]}]}]}, {"attributes": {"name": "getShowPagination", "fromProperty": "showPagination"}, "type": "method", "children": [{"attributes": {"text": "<p>Returns the (computed) value of the property <code>showPagination</code>.</p>\n\n<p>For further details take a look at the property definition: {@link #showPagination}.</p>"}, "type": "desc"}, {"attributes": {}, "type": "return", "children": [{"attributes": {"text": "<p>(Computed) value of <code>showPagination</code>.</p>"}, "type": "desc"}, {"attributes": {}, "type": "types", "children": [{"attributes": {"type": "var"}, "type": "entry"}]}]}]}, {"attributes": {"name": "getTransitionDuration", "fromProperty": "transitionDuration"}, "type": "method", "children": [{"attributes": {"text": "<p>Returns the (computed) value of the property <code>transitionDuration</code>.</p>\n\n<p>For further details take a look at the property definition: {@link #transitionDuration}.</p>"}, "type": "desc"}, {"attributes": {}, "type": "return", "children": [{"attributes": {"text": "<p>(Computed) value of <code>transitionDuration</code>.</p>"}, "type": "desc"}, {"attributes": {}, "type": "types", "children": [{"attributes": {"type": "var"}, "type": "entry"}]}]}]}, {"attributes": {"access": "protected", "name": "initCurrentIndex", "fromProperty": "currentIndex"}, "type": "method", "children": [{"attributes": {}, "type": "params", "children": [{"attributes": {"name": "value"}, "type": "param", "children": [{"attributes": {"text": "<p>Initial value for property <code>currentIndex</code>.</p>"}, "type": "desc"}, {"attributes": {}, "type": "types", "children": [{"attributes": {"type": "var"}, "type": "entry"}]}]}]}, {"attributes": {"text": "<p>Calls the apply method and dispatches the change event of the property <code>currentIndex</code>\nwith the default value defined by the class developer. This function can\nonly be called from the constructor of a class.</p>\n\n<p>For further details take a look at the property definition: {@link #currentIndex}.</p>"}, "type": "desc"}, {"attributes": {}, "type": "return", "children": [{"attributes": {"text": "<p>the default value</p>"}, "type": "desc"}, {"attributes": {}, "type": "types", "children": [{"attributes": {"type": "var"}, "type": "entry"}]}]}]}, {"attributes": {"access": "protected", "name": "initHeight", "fromProperty": "height"}, "type": "method", "children": [{"attributes": {}, "type": "params", "children": [{"attributes": {"name": "value"}, "type": "param", "children": [{"attributes": {"text": "<p>Initial value for property <code>height</code>.</p>"}, "type": "desc"}, {"attributes": {}, "type": "types", "children": [{"attributes": {"type": "var"}, "type": "entry"}]}]}]}, {"attributes": {"text": "<p>Calls the apply method and dispatches the change event of the property <code>height</code>\nwith the default value defined by the class developer. This function can\nonly be called from the constructor of a class.</p>\n\n<p>For further details take a look at the property definition: {@link #height}.</p>"}, "type": "desc"}, {"attributes": {}, "type": "return", "children": [{"attributes": {"text": "<p>the default value</p>"}, "type": "desc"}, {"attributes": {}, "type": "types", "children": [{"attributes": {"type": "var"}, "type": "entry"}]}]}]}, {"attributes": {"access": "protected", "name": "initScrollLoop", "fromProperty": "scrollLoop"}, "type": "method", "children": [{"attributes": {}, "type": "params", "children": [{"attributes": {"name": "value"}, "type": "param", "children": [{"attributes": {"text": "<p>Initial value for property <code>scrollLoop</code>.</p>"}, "type": "desc"}, {"attributes": {}, "type": "types", "children": [{"attributes": {"type": "var"}, "type": "entry"}]}]}]}, {"attributes": {"text": "<p>Calls the apply method and dispatches the change event of the property <code>scrollLoop</code>\nwith the default value defined by the class developer. This function can\nonly be called from the constructor of a class.</p>\n\n<p>For further details take a look at the property definition: {@link #scrollLoop}.</p>"}, "type": "desc"}, {"attributes": {}, "type": "return", "children": [{"attributes": {"text": "<p>the default value</p>"}, "type": "desc"}, {"attributes": {}, "type": "types", "children": [{"attributes": {"type": "var"}, "type": "entry"}]}]}]}, {"attributes": {"access": "protected", "name": "initShowPagination", "fromProperty": "showPagination"}, "type": "method", "children": [{"attributes": {}, "type": "params", "children": [{"attributes": {"name": "value"}, "type": "param", "children": [{"attributes": {"text": "<p>Initial value for property <code>showPagination</code>.</p>"}, "type": "desc"}, {"attributes": {}, "type": "types", "children": [{"attributes": {"type": "var"}, "type": "entry"}]}]}]}, {"attributes": {"text": "<p>Calls the apply method and dispatches the change event of the property <code>showPagination</code>\nwith the default value defined by the class developer. This function can\nonly be called from the constructor of a class.</p>\n\n<p>For further details take a look at the property definition: {@link #showPagination}.</p>"}, "type": "desc"}, {"attributes": {}, "type": "return", "children": [{"attributes": {"text": "<p>the default value</p>"}, "type": "desc"}, {"attributes": {}, "type": "types", "children": [{"attributes": {"type": "var"}, "type": "entry"}]}]}]}, {"attributes": {"access": "protected", "name": "initTransitionDuration", "fromProperty": "transitionDuration"}, "type": "method", "children": [{"attributes": {}, "type": "params", "children": [{"attributes": {"name": "value"}, "type": "param", "children": [{"attributes": {"text": "<p>Initial value for property <code>transitionDuration</code>.</p>"}, "type": "desc"}, {"attributes": {}, "type": "types", "children": [{"attributes": {"type": "var"}, "type": "entry"}]}]}]}, {"attributes": {"text": "<p>Calls the apply method and dispatches the change event of the property <code>transitionDuration</code>\nwith the default value defined by the class developer. This function can\nonly be called from the constructor of a class.</p>\n\n<p>For further details take a look at the property definition: {@link #transitionDuration}.</p>"}, "type": "desc"}, {"attributes": {}, "type": "return", "children": [{"attributes": {"text": "<p>the default value</p>"}, "type": "desc"}, {"attributes": {}, "type": "types", "children": [{"attributes": {"type": "var"}, "type": "entry"}]}]}]}, {"attributes": {"name": "isScrollLoop", "fromProperty": "scrollLoop"}, "type": "method", "children": [{"attributes": {"text": "<p>Check whether the (computed) value of the boolean property <code>scrollLoop</code> equals <code>true</code>.</p>\n\n<p>For further details take a look at the property definition: {@link #scrollLoop}.</p>"}, "type": "desc"}, {"attributes": {}, "type": "return", "children": [{"attributes": {"text": "<p>Whether the property equals <code>true</code>.</p>"}, "type": "desc"}, {"attributes": {}, "type": "types", "children": [{"attributes": {"type": "Boolean"}, "type": "entry"}]}]}]}, {"attributes": {"name": "isShowPagination", "fromProperty": "showPagination"}, "type": "method", "children": [{"attributes": {"text": "<p>Check whether the (computed) value of the boolean property <code>showPagination</code> equals <code>true</code>.</p>\n\n<p>For further details take a look at the property definition: {@link #showPagination}.</p>"}, "type": "desc"}, {"attributes": {}, "type": "return", "children": [{"attributes": {"text": "<p>Whether the property equals <code>true</code>.</p>"}, "type": "desc"}, {"attributes": {}, "type": "types", "children": [{"attributes": {"type": "Boolean"}, "type": "entry"}]}]}]}, {"attributes": {"line": 268, "name": "nextPage"}, "type": "method", "children": [{"attributes": {"text": "<p>Scrolls the carousel to next page.</p>"}, "type": "desc"}]}, {"attributes": {"line": 282, "name": "previousPage"}, "type": "method", "children": [{"attributes": {"text": "<p>Scrolls the carousel to previous page.</p>"}, "type": "desc"}]}, {"attributes": {"docFrom": "qx.ui.mobile.core.MChildrenHandling", "line": 253, "overriddenFrom": "qx.ui.mobile.core.MChildrenHandling", "name": "removeAll"}, "type": "method"}, {"attributes": {"line": 226, "name": "removePageByIndex"}, "type": "method", "children": [{"attributes": {}, "type": "params", "children": [{"attributes": {"name": "pageIndex"}, "type": "param", "children": [{"attributes": {"text": "<p>The page index which should be removed from carousel.</p>"}, "type": "desc"}, {"attributes": {}, "type": "types", "children": [{"attributes": {"type": "Integer"}, "type": "entry"}]}]}]}, {"attributes": {"text": "<p>Removes a carousel page from carousel identified by its index.</p>"}, "type": "desc"}, {"attributes": {}, "type": "return", "children": [{"attributes": {"text": "<p>the page which was removed from carousel.</p>"}, "type": "desc"}, {"attributes": {}, "type": "types", "children": [{"attributes": {"type": "qx.ui.mobile.container.Composite"}, "type": "entry"}]}]}]}, {"attributes": {"name": "resetCurrentIndex", "fromProperty": "currentIndex"}, "type": "method", "children": [{"attributes": {"text": "<p>Resets the user value of the property <code>currentIndex</code>.</p>\n\n<p>The computed value falls back to the next available value e.g. appearance, init or\ninheritance value depeneding on the property configuration and value availability.</p>\n\n<p>For further details take a look at the property definition: {@link #currentIndex}.</p>"}, "type": "desc"}]}, {"attributes": {"name": "resetHeight", "fromProperty": "height"}, "type": "method", "children": [{"attributes": {"text": "<p>Resets the user value of the property <code>height</code>.</p>\n\n<p>The computed value falls back to the next available value e.g. appearance, init or\ninheritance value depeneding on the property configuration and value availability.</p>\n\n<p>For further details take a look at the property definition: {@link #height}.</p>"}, "type": "desc"}]}, {"attributes": {"name": "resetScrollLoop", "fromProperty": "scrollLoop"}, "type": "method", "children": [{"attributes": {"text": "<p>Resets the user value of the property <code>scrollLoop</code>.</p>\n\n<p>The computed value falls back to the next available value e.g. appearance, init or\ninheritance value depeneding on the property configuration and value availability.</p>\n\n<p>For further details take a look at the property definition: {@link #scrollLoop}.</p>"}, "type": "desc"}]}, {"attributes": {"name": "resetShowPagination", "fromProperty": "showPagination"}, "type": "method", "children": [{"attributes": {"text": "<p>Resets the user value of the property <code>showPagination</code>.</p>\n\n<p>The computed value falls back to the next available value e.g. appearance, init or\ninheritance value depeneding on the property configuration and value availability.</p>\n\n<p>For further details take a look at the property definition: {@link #showPagination}.</p>"}, "type": "desc"}]}, {"attributes": {"name": "resetTransitionDuration", "fromProperty": "transitionDuration"}, "type": "method", "children": [{"attributes": {"text": "<p>Resets the user value of the property <code>transitionDuration</code>.</p>\n\n<p>The computed value falls back to the next available value e.g. appearance, init or\ninheritance value depeneding on the property configuration and value availability.</p>\n\n<p>For further details take a look at the property definition: {@link #transitionDuration}.</p>"}, "type": "desc"}]}, {"attributes": {"name": "setCurrentIndex", "fromProperty": "currentIndex"}, "type": "method", "children": [{"attributes": {}, "type": "params", "children": [{"attributes": {"name": "value"}, "type": "param", "children": [{"attributes": {"text": "<p>New value for property <code>currentIndex</code>.</p>"}, "type": "desc"}, {"attributes": {}, "type": "types", "children": [{"attributes": {"type": "var"}, "type": "entry"}]}]}]}, {"attributes": {"text": "<p>Sets the user value of the property <code>currentIndex</code>.</p>\n\n<p>For further details take a look at the property definition: {@link #currentIndex}.</p>"}, "type": "desc"}, {"attributes": {}, "type": "return", "children": [{"attributes": {"text": "<p>The unmodified incoming value.</p>"}, "type": "desc"}, {"attributes": {}, "type": "types", "children": [{"attributes": {"type": "var"}, "type": "entry"}]}]}]}, {"attributes": {"name": "setHeight", "fromProperty": "height"}, "type": "method", "children": [{"attributes": {}, "type": "params", "children": [{"attributes": {"name": "value"}, "type": "param", "children": [{"attributes": {"text": "<p>New value for property <code>height</code>.</p>"}, "type": "desc"}, {"attributes": {}, "type": "types", "children": [{"attributes": {"type": "var"}, "type": "entry"}]}]}]}, {"attributes": {"text": "<p>Sets the user value of the property <code>height</code>.</p>\n\n<p>For further details take a look at the property definition: {@link #height}.</p>"}, "type": "desc"}, {"attributes": {}, "type": "return", "children": [{"attributes": {"text": "<p>The unmodified incoming value.</p>"}, "type": "desc"}, {"attributes": {}, "type": "types", "children": [{"attributes": {"type": "var"}, "type": "entry"}]}]}]}, {"attributes": {"name": "setScrollLoop", "fromProperty": "scrollLoop"}, "type": "method", "children": [{"attributes": {}, "type": "params", "children": [{"attributes": {"name": "value"}, "type": "param", "children": [{"attributes": {"text": "<p>New value for property <code>scrollLoop</code>.</p>"}, "type": "desc"}, {"attributes": {}, "type": "types", "children": [{"attributes": {"type": "var"}, "type": "entry"}]}]}]}, {"attributes": {"text": "<p>Sets the user value of the property <code>scrollLoop</code>.</p>\n\n<p>For further details take a look at the property definition: {@link #scrollLoop}.</p>"}, "type": "desc"}, {"attributes": {}, "type": "return", "children": [{"attributes": {"text": "<p>The unmodified incoming value.</p>"}, "type": "desc"}, {"attributes": {}, "type": "types", "children": [{"attributes": {"type": "var"}, "type": "entry"}]}]}]}, {"attributes": {"name": "setShowPagination", "fromProperty": "showPagination"}, "type": "method", "children": [{"attributes": {}, "type": "params", "children": [{"attributes": {"name": "value"}, "type": "param", "children": [{"attributes": {"text": "<p>New value for property <code>showPagination</code>.</p>"}, "type": "desc"}, {"attributes": {}, "type": "types", "children": [{"attributes": {"type": "var"}, "type": "entry"}]}]}]}, {"attributes": {"text": "<p>Sets the user value of the property <code>showPagination</code>.</p>\n\n<p>For further details take a look at the property definition: {@link #showPagination}.</p>"}, "type": "desc"}, {"attributes": {}, "type": "return", "children": [{"attributes": {"text": "<p>The unmodified incoming value.</p>"}, "type": "desc"}, {"attributes": {}, "type": "types", "children": [{"attributes": {"type": "var"}, "type": "entry"}]}]}]}, {"attributes": {"line": 626, "name": "setSwipeVelocityLimit"}, "type": "method", "children": [{"attributes": {}, "type": "params", "children": [{"attributes": {"name": "limit"}, "type": "param", "children": [{"attributes": {"text": "<p>Target value of swipeVelocityLimit. Typical within the range of [0.1-10]. Default value is 1.5</p>"}, "type": "desc"}, {"attributes": {}, "type": "types", "children": [{"attributes": {"type": "Integer"}, "type": "entry"}]}]}]}, {"attributes": {}, "type": "deprecated", "children": [{"attributes": {"text": "<p>This method is not used anymore. If velocity of swipe is above this value, the swipe will trigger a page change on carousel. A swipe to left would trigger an increase, a swipe to right a decrease of pageIndex. If velocity is below the limit, the snap mechanism of carousel will be used: A page change is only caused when the horizontal center of the page is moved above/below the horizontal center of the carousel.</p>"}, "type": "desc"}]}, {"attributes": {"text": ""}, "type": "desc"}]}, {"attributes": {"name": "setTransitionDuration", "fromProperty": "transitionDuration"}, "type": "method", "children": [{"attributes": {}, "type": "params", "children": [{"attributes": {"name": "value"}, "type": "param", "children": [{"attributes": {"text": "<p>New value for property <code>transitionDuration</code>.</p>"}, "type": "desc"}, {"attributes": {}, "type": "types", "children": [{"attributes": {"type": "var"}, "type": "entry"}]}]}]}, {"attributes": {"text": "<p>Sets the user value of the property <code>transitionDuration</code>.</p>\n\n<p>For further details take a look at the property definition: {@link #transitionDuration}.</p>"}, "type": "desc"}, {"attributes": {}, "type": "return", "children": [{"attributes": {"text": "<p>The unmodified incoming value.</p>"}, "type": "desc"}, {"attributes": {}, "type": "types", "children": [{"attributes": {"type": "var"}, "type": "entry"}]}]}]}, {"attributes": {"name": "toggleScrollLoop", "fromProperty": "scrollLoop"}, "type": "method", "children": [{"attributes": {"text": "<p>Toggles the (computed) value of the boolean property <code>scrollLoop</code>.</p>\n\n<p>For further details take a look at the property definition: {@link #scrollLoop}.</p>"}, "type": "desc"}, {"attributes": {}, "type": "return", "children": [{"attributes": {"text": "<p>the new value</p>"}, "type": "desc"}, {"attributes": {}, "type": "types", "children": [{"attributes": {"type": "Boolean"}, "type": "entry"}]}]}]}, {"attributes": {"name": "toggleShowPagination", "fromProperty": "showPagination"}, "type": "method", "children": [{"attributes": {"text": "<p>Toggles the (computed) value of the boolean property <code>showPagination</code>.</p>\n\n<p>For further details take a look at the property definition: {@link #showPagination}.</p>"}, "type": "desc"}, {"attributes": {}, "type": "return", "children": [{"attributes": {"text": "<p>the new value</p>"}, "type": "desc"}, {"attributes": {}, "type": "types", "children": [{"attributes": {"type": "Boolean"}, "type": "entry"}]}]}]}]}, {"attributes": {}, "type": "events", "children": [{"attributes": {"name": "changeCurrentIndex"}, "type": "event", "children": [{"attributes": {"text": "Fired on change of the property {@link #currentIndex}."}, "type": "desc"}, {"attributes": {}, "type": "types", "children": [{"attributes": {"type": "qx.event.type.Data"}, "type": "entry"}]}]}]}]}