{"attributes": {"isAbstract": true, "name": "AbstractVirtualBox", "packageName": "qx.ui.form.core", "mixins": "qx.ui.form.MForm", "superClass": "qx.ui.core.Widget", "childClasses": "qx.ui.form.VirtualComboBox,qx.ui.form.VirtualSelectBox", "fullName": "qx.ui.form.core.AbstractVirtualBox", "type": "class", "interfaces": "qx.ui.form.IForm"}, "type": "class", "children": [{"attributes": {"text": "<p>Basic class for widgets which need a virtual list as popup for example a\nSelectBox. It&#8217;s basically supports a drop-down as popup with a virtual list\nand the whole children management.</p>"}, "type": "desc"}, {"attributes": {}, "type": "childControls", "children": [{"attributes": {"name": "dropdown"}, "type": "childControl", "children": [{"attributes": {"text": "<p>The drop-down list.</p>"}, "type": "desc"}, {"attributes": {}, "type": "types", "children": [{"attributes": {"type": "qx.ui.form.core.VirtualDropDownList"}, "type": "entry"}]}]}]}, {"attributes": {}, "type": "constructor", "children": [{"attributes": {"line": 38, "isCtor": true, "overriddenFrom": "qx.ui.core.Widget", "name": "ctor"}, "type": "method", "children": [{"attributes": {}, "type": "params", "children": [{"attributes": {"defaultValue": "null", "optional": true, "name": "model"}, "type": "param", "children": [{"attributes": {"text": "<p>The model data for the widget.</p>"}, "type": "desc"}, {"attributes": {}, "type": "types", "children": [{"attributes": {"type": "qx.data.Array"}, "type": "entry"}]}]}]}, {"attributes": {"text": ""}, "type": "desc"}]}]}, {"attributes": {}, "type": "methods", "children": [{"attributes": {"access": "protected", "line": 441, "name": "_applyDelegate"}, "type": "method", "children": [{"attributes": {}, "type": "params", "children": [{"attributes": {"name": "value"}, "type": "param", "children": [{"attributes": {"text": "<p>new value of the property</p>"}, "type": "desc"}, {"attributes": {}, "type": "types", "children": [{"attributes": {"type": "var"}, "type": "entry"}]}]}, {"attributes": {"name": "old"}, "type": "param", "children": [{"attributes": {"text": "<p>previous value of the property (null if it was not yet set).</p>"}, "type": "desc"}, {"attributes": {}, "type": "types", "children": [{"attributes": {"type": "var"}, "type": "entry"}]}]}]}, {"attributes": {}, "type": "apply", "children": [{"attributes": {"applies": "qx.ui.form.core.AbstractVirtualBox#delegate"}, "type": "entry"}]}, {"attributes": {"text": "<p>Applies changes of the property value of the property <code>delegate</code>.</p>\n\n<p>For further details take a look at the property definition: {@link #delegate}.</p>"}, "type": "desc"}]}, {"attributes": {"access": "protected", "line": 471, "name": "_applyIconOptions"}, "type": "method", "children": [{"attributes": {}, "type": "params", "children": [{"attributes": {"name": "value"}, "type": "param", "children": [{"attributes": {"text": "<p>new value of the property</p>"}, "type": "desc"}, {"attributes": {}, "type": "types", "children": [{"attributes": {"type": "var"}, "type": "entry"}]}]}, {"attributes": {"name": "old"}, "type": "param", "children": [{"attributes": {"text": "<p>previous value of the property (null if it was not yet set).</p>"}, "type": "desc"}, {"attributes": {}, "type": "types", "children": [{"attributes": {"type": "var"}, "type": "entry"}]}]}]}, {"attributes": {}, "type": "apply", "children": [{"attributes": {"applies": "qx.ui.form.core.AbstractVirtualBox#iconOptions"}, "type": "entry"}]}, {"attributes": {"text": "<p>Applies changes of the property value of the property <code>iconOptions</code>.</p>\n\n<p>For further details take a look at the property definition: {@link #iconOptions}.</p>"}, "type": "desc"}]}, {"attributes": {"access": "protected", "line": 463, "name": "_applyIconPath"}, "type": "method", "children": [{"attributes": {}, "type": "params", "children": [{"attributes": {"name": "value"}, "type": "param", "children": [{"attributes": {"text": "<p>new value of the property</p>"}, "type": "desc"}, {"attributes": {}, "type": "types", "children": [{"attributes": {"type": "String"}, "type": "entry"}]}]}, {"attributes": {"name": "old"}, "type": "param", "children": [{"attributes": {"text": "<p>previous value of the property (null if it was not yet set).</p>"}, "type": "desc"}, {"attributes": {}, "type": "types", "children": [{"attributes": {"type": "String"}, "type": "entry"}]}]}]}, {"attributes": {}, "type": "apply", "children": [{"attributes": {"applies": "qx.ui.form.core.AbstractVirtualBox#iconPath"}, "type": "entry"}]}, {"attributes": {"text": "<p>Applies changes of the property value of the property <code>iconPath</code>.</p>\n\n<p>For further details take a look at the property definition: {@link #iconPath}.</p>"}, "type": "desc"}]}, {"attributes": {"access": "protected", "line": 455, "name": "_applyLabelOptions"}, "type": "method", "children": [{"attributes": {}, "type": "params", "children": [{"attributes": {"name": "value"}, "type": "param", "children": [{"attributes": {"text": "<p>new value of the property</p>"}, "type": "desc"}, {"attributes": {}, "type": "types", "children": [{"attributes": {"type": "var"}, "type": "entry"}]}]}, {"attributes": {"name": "old"}, "type": "param", "children": [{"attributes": {"text": "<p>previous value of the property (null if it was not yet set).</p>"}, "type": "desc"}, {"attributes": {}, "type": "types", "children": [{"attributes": {"type": "var"}, "type": "entry"}]}]}]}, {"attributes": {}, "type": "apply", "children": [{"attributes": {"applies": "qx.ui.form.core.AbstractVirtualBox#labelOptions"}, "type": "entry"}]}, {"attributes": {"text": "<p>Applies changes of the property value of the property <code>labelOptions</code>.</p>\n\n<p>For further details take a look at the property definition: {@link #labelOptions}.</p>"}, "type": "desc"}]}, {"attributes": {"access": "protected", "line": 447, "name": "_applyLabelPath"}, "type": "method", "children": [{"attributes": {}, "type": "params", "children": [{"attributes": {"name": "value"}, "type": "param", "children": [{"attributes": {"text": "<p>new value of the property</p>"}, "type": "desc"}, {"attributes": {}, "type": "types", "children": [{"attributes": {"type": "String"}, "type": "entry"}]}]}, {"attributes": {"name": "old"}, "type": "param", "children": [{"attributes": {"text": "<p>previous value of the property (null if it was not yet set).</p>"}, "type": "desc"}, {"attributes": {}, "type": "types", "children": [{"attributes": {"type": "String"}, "type": "entry"}]}]}]}, {"attributes": {}, "type": "apply", "children": [{"attributes": {"applies": "qx.ui.form.core.AbstractVirtualBox#labelPath"}, "type": "entry"}]}, {"attributes": {"text": "<p>Applies changes of the property value of the property <code>labelPath</code>.</p>\n\n<p>For further details take a look at the property definition: {@link #labelPath}.</p>"}, "type": "desc"}]}, {"attributes": {"access": "protected", "line": 485, "name": "_applyMaxListHeight"}, "type": "method", "children": [{"attributes": {}, "type": "params", "children": [{"attributes": {"name": "value"}, "type": "param", "children": [{"attributes": {"text": "<p>new value of the property</p>"}, "type": "desc"}, {"attributes": {}, "type": "types", "children": [{"attributes": {"type": "Number"}, "type": "entry"}]}]}, {"attributes": {"name": "old"}, "type": "param", "children": [{"attributes": {"text": "<p>previous value of the property (null if it was not yet set).</p>"}, "type": "desc"}, {"attributes": {}, "type": "types", "children": [{"attributes": {"type": "Number"}, "type": "entry"}]}]}]}, {"attributes": {}, "type": "apply", "children": [{"attributes": {"applies": "qx.ui.form.core.AbstractVirtualBox#maxListHeight"}, "type": "entry"}]}, {"attributes": {"text": "<p>Applies changes of the property value of the property <code>maxListHeight</code>.</p>\n\n<p>For further details take a look at the property definition: {@link #maxListHeight}.</p>"}, "type": "desc"}]}, {"attributes": {"access": "protected", "line": 433, "name": "_applyModel"}, "type": "method", "children": [{"attributes": {}, "type": "params", "children": [{"attributes": {"name": "value"}, "type": "param", "children": [{"attributes": {"text": "<p>new value of the property</p>"}, "type": "desc"}, {"attributes": {}, "type": "types", "children": [{"attributes": {"type": "qx.data.Array"}, "type": "entry"}]}]}, {"attributes": {"name": "old"}, "type": "param", "children": [{"attributes": {"text": "<p>previous value of the property (null if it was not yet set).</p>"}, "type": "desc"}, {"attributes": {}, "type": "types", "children": [{"attributes": {"type": "qx.data.Array"}, "type": "entry"}]}]}]}, {"attributes": {}, "type": "apply", "children": [{"attributes": {"applies": "qx.ui.form.core.AbstractVirtualBox#model"}, "type": "entry"}]}, {"attributes": {"text": "<p>Applies changes of the property value of the property <code>model</code>.</p>\n\n<p>For further details take a look at the property definition: {@link #model}.</p>"}, "type": "desc"}]}, {"attributes": {"access": "protected", "line": 479, "name": "_applyRowHeight"}, "type": "method", "children": [{"attributes": {}, "type": "params", "children": [{"attributes": {"name": "value"}, "type": "param", "children": [{"attributes": {"text": "<p>new value of the property</p>"}, "type": "desc"}, {"attributes": {}, "type": "types", "children": [{"attributes": {"type": "Integer"}, "type": "entry"}]}]}, {"attributes": {"name": "old"}, "type": "param", "children": [{"attributes": {"text": "<p>previous value of the property (null if it was not yet set).</p>"}, "type": "desc"}, {"attributes": {}, "type": "types", "children": [{"attributes": {"type": "Integer"}, "type": "entry"}]}]}]}, {"attributes": {}, "type": "apply", "children": [{"attributes": {"applies": "qx.ui.form.core.AbstractVirtualBox#itemHeight"}, "type": "entry"}]}, {"attributes": {"text": "<p>Applies changes of the property value of the property <code>itemHeight</code>.</p>\n\n<p>For further details take a look at the property definition: {@link #itemHeight}.</p>"}, "type": "desc"}]}, {"attributes": {"access": "protected", "line": 277, "name": "_beforeClose"}, "type": "method", "children": [{"attributes": {"text": "<p>This method is called before the drop-down is closed.</p>"}, "type": "desc"}]}, {"attributes": {"access": "protected", "line": 271, "name": "_beforeOpen"}, "type": "method", "children": [{"attributes": {"text": "<p>This method is called before the drop-down is opened.</p>"}, "type": "desc"}]}, {"attributes": {"access": "protected", "docFrom": "qx.ui.core.Widget", "line": 252, "overriddenFrom": "qx.ui.core.Widget", "name": "_createChildControlImpl"}, "type": "method", "children": [{"attributes": {}, "type": "params", "children": [{"attributes": {"name": "id"}, "type": "param"}, {"attributes": {"name": "hash"}, "type": "param"}]}]}, {"attributes": {"access": "protected", "line": 288, "name": "_getAction"}, "type": "method", "children": [{"attributes": {}, "type": "params", "children": [{"attributes": {"name": "event"}, "type": "param", "children": [{"attributes": {"text": "<p>The keyboard event.</p>"}, "type": "desc"}, {"attributes": {}, "type": "types", "children": [{"attributes": {"type": "qx.event.type.KeySequence"}, "type": "entry"}]}]}]}, {"attributes": {"text": "<p>Returns the action dependent on the user interaction: e. q. <code>open</code>,\nor <code>close</code>.</p>"}, "type": "desc"}, {"attributes": {}, "type": "return", "children": [{"attributes": {"text": "<p>The action or <code>null</code> when interaction doesn&#8217;t hit any action.</p>"}, "type": "desc"}, {"attributes": {}, "type": "types", "children": [{"attributes": {"type": "String"}, "type": "entry"}, {"attributes": {"type": "null"}, "type": "entry"}]}]}]}, {"attributes": {"access": "protected", "line": 316, "name": "_getBindPath"}, "type": "method", "children": [{"attributes": {}, "type": "params", "children": [{"attributes": {"name": "source"}, "type": "param", "children": [{"attributes": {"text": "<p>The path to the selection.</p>"}, "type": "desc"}, {"attributes": {}, "type": "types", "children": [{"attributes": {"type": "String"}, "type": "entry"}]}]}, {"attributes": {"defaultValue": "null", "optional": true, "name": "path"}, "type": "param", "children": [{"attributes": {"text": "<p>The path to the item&#8217;s property.</p>"}, "type": "desc"}, {"attributes": {}, "type": "types", "children": [{"attributes": {"type": "String"}, "type": "entry"}]}]}]}, {"attributes": {"text": "<p>Helper Method to create bind path depended on the passed path.</p>"}, "type": "desc"}, {"attributes": {}, "type": "return", "children": [{"attributes": {"text": "<p>The created path.</p>"}, "type": "desc"}, {"attributes": {}, "type": "types", "children": [{"attributes": {"type": "String"}, "type": "entry"}]}]}]}, {"attributes": {"access": "protected", "line": 372, "name": "_handleKeyboard"}, "type": "method", "children": [{"attributes": {}, "type": "params", "children": [{"attributes": {"name": "event"}, "type": "param", "children": [{"attributes": {"text": "<p>The keyboard event.</p>"}, "type": "desc"}, {"attributes": {}, "type": "types", "children": [{"attributes": {"type": "qx.event.type.KeySequence"}, "type": "entry"}]}]}]}, {"attributes": {"text": "<p>Handles the complete keyboard events for user interaction. If there is\nno defined user interaction {@link #_getAction}, the event is delegated\nto the {@link qx.ui.form.core.VirtualDropDownList#_handleKeyboard} method.</p>"}, "type": "desc"}]}, {"attributes": {"access": "protected", "line": 401, "name": "_handlePointer"}, "type": "method", "children": [{"attributes": {}, "type": "params", "children": [{"attributes": {"name": "event"}, "type": "param", "children": [{"attributes": {"text": "<p>The pointer event.</p>"}, "type": "desc"}, {"attributes": {}, "type": "types", "children": [{"attributes": {"type": "qx.event.type.Pointer"}, "type": "entry"}, {"attributes": {"type": "qx.event.type.Roll"}, "type": "entry"}]}]}]}, {"attributes": {"text": "<p>Handles all pointer events dispatched on the widget.</p>"}, "type": "desc"}]}, {"attributes": {"access": "protected", "line": 336, "name": "_isModifierPressed"}, "type": "method", "children": [{"attributes": {}, "type": "params", "children": [{"attributes": {"name": "event"}, "type": "param", "children": [{"attributes": {"text": "<p>The keyboard event.</p>"}, "type": "desc"}, {"attributes": {}, "type": "types", "children": [{"attributes": {"type": "qx.event.type.KeySequence"}, "type": "entry"}]}]}]}, {"attributes": {"text": "<p>Helper method to check if one modifier key is pressed. e.q.\n<code>Control</code>, <code>Shift</code>, <code>Meta</code> or\n<code>Alt</code>.</p>"}, "type": "desc"}, {"attributes": {}, "type": "return", "children": [{"attributes": {"text": "<code>True</code> when a modifier key is pressed, <code>false</code> otherwise."}, "type": "desc"}, {"attributes": {}, "type": "types", "children": [{"attributes": {"type": "Boolean"}, "type": "entry"}]}]}]}, {"attributes": {"access": "protected", "line": 360, "name": "_onBlur"}, "type": "method", "children": [{"attributes": {}, "type": "params", "children": [{"attributes": {"name": "event"}, "type": "param", "children": [{"attributes": {"text": "<p>The blur event.</p>"}, "type": "desc"}, {"attributes": {}, "type": "types", "children": [{"attributes": {"type": "qx.event.type.Focus"}, "type": "entry"}]}]}]}, {"attributes": {"text": "<p>Handler for the blur event of the current widget.</p>"}, "type": "desc"}]}, {"attributes": {"access": "protected", "line": 419, "name": "_onPopupChangeVisibility"}, "type": "method", "children": [{"attributes": {}, "type": "params", "children": [{"attributes": {"name": "event"}, "type": "param", "children": [{"attributes": {"text": "<p>Data event</p>"}, "type": "desc"}, {"attributes": {}, "type": "types", "children": [{"attributes": {"type": "qx.event.type.Data"}, "type": "entry"}]}]}]}, {"attributes": {"text": "<p>Adds/removes the state &#8216;popupOpen&#8217; depending on the visibility of the popup</p>"}, "type": "desc"}]}, {"attributes": {"access": "protected", "line": 409, "name": "_onResize"}, "type": "method", "children": [{"attributes": {}, "type": "params", "children": [{"attributes": {"name": "event"}, "type": "param", "children": [{"attributes": {"text": "<p>Data event.</p>"}, "type": "desc"}, {"attributes": {}, "type": "types", "children": [{"attributes": {"type": "qx.event.type.Data"}, "type": "entry"}]}]}]}, {"attributes": {"text": "<p>Updates drop-down minimum size.</p>"}, "type": "desc"}]}, {"attributes": {"line": 224, "name": "close"}, "type": "method", "children": [{"attributes": {"text": "<p>Hides the drop-down.</p>"}, "type": "desc"}]}, {"attributes": {"name": "getDelegate", "fromProperty": "delegate"}, "type": "method", "children": [{"attributes": {"text": "<p>Returns the (computed) value of the property <code>delegate</code>.</p>\n\n<p>For further details take a look at the property definition: {@link #delegate}.</p>"}, "type": "desc"}, {"attributes": {}, "type": "return", "children": [{"attributes": {"text": "<p>(Computed) value of <code>delegate</code>.</p>"}, "type": "desc"}, {"attributes": {}, "type": "types", "children": [{"attributes": {"type": "var"}, "type": "entry"}]}]}]}, {"attributes": {"name": "getIconOptions", "fromProperty": "iconOptions"}, "type": "method", "children": [{"attributes": {"text": "<p>Returns the (computed) value of the property <code>iconOptions</code>.</p>\n\n<p>For further details take a look at the property definition: {@link #iconOptions}.</p>"}, "type": "desc"}, {"attributes": {}, "type": "return", "children": [{"attributes": {"text": "<p>(Computed) value of <code>iconOptions</code>.</p>"}, "type": "desc"}, {"attributes": {}, "type": "types", "children": [{"attributes": {"type": "var"}, "type": "entry"}]}]}]}, {"attributes": {"name": "getIconPath", "fromProperty": "iconPath"}, "type": "method", "children": [{"attributes": {"text": "<p>Returns the (computed) value of the property <code>iconPath</code>.</p>\n\n<p>For further details take a look at the property definition: {@link #iconPath}.</p>"}, "type": "desc"}, {"attributes": {}, "type": "return", "children": [{"attributes": {"text": "<p>(Computed) value of <code>iconPath</code>.</p>"}, "type": "desc"}, {"attributes": {}, "type": "types", "children": [{"attributes": {"type": "var"}, "type": "entry"}]}]}]}, {"attributes": {"name": "getItemHeight", "fromProperty": "itemHeight"}, "type": "method", "children": [{"attributes": {"text": "<p>Returns the (computed) value of the property <code>itemHeight</code>.</p>\n\n<p>For further details take a look at the property definition: {@link #itemHeight}.</p>"}, "type": "desc"}, {"attributes": {}, "type": "return", "children": [{"attributes": {"text": "<p>(Computed) value of <code>itemHeight</code>.</p>"}, "type": "desc"}, {"attributes": {}, "type": "types", "children": [{"attributes": {"type": "var"}, "type": "entry"}]}]}]}, {"attributes": {"name": "getLabelOptions", "fromProperty": "labelOptions"}, "type": "method", "children": [{"attributes": {"text": "<p>Returns the (computed) value of the property <code>labelOptions</code>.</p>\n\n<p>For further details take a look at the property definition: {@link #labelOptions}.</p>"}, "type": "desc"}, {"attributes": {}, "type": "return", "children": [{"attributes": {"text": "<p>(Computed) value of <code>labelOptions</code>.</p>"}, "type": "desc"}, {"attributes": {}, "type": "types", "children": [{"attributes": {"type": "var"}, "type": "entry"}]}]}]}, {"attributes": {"name": "getLabelPath", "fromProperty": "labelPath"}, "type": "method", "children": [{"attributes": {"text": "<p>Returns the (computed) value of the property <code>labelPath</code>.</p>\n\n<p>For further details take a look at the property definition: {@link #labelPath}.</p>"}, "type": "desc"}, {"attributes": {}, "type": "return", "children": [{"attributes": {"text": "<p>(Computed) value of <code>labelPath</code>.</p>"}, "type": "desc"}, {"attributes": {}, "type": "types", "children": [{"attributes": {"type": "var"}, "type": "entry"}]}]}]}, {"attributes": {"name": "getMaxListHeight", "fromProperty": "maxListHeight"}, "type": "method", "children": [{"attributes": {"text": "<p>Returns the (computed) value of the property <code>maxListHeight</code>.</p>\n\n<p>For further details take a look at the property definition: {@link #maxListHeight}.</p>"}, "type": "desc"}, {"attributes": {}, "type": "return", "children": [{"attributes": {"text": "<p>(Computed) value of <code>maxListHeight</code>.</p>"}, "type": "desc"}, {"attributes": {}, "type": "types", "children": [{"attributes": {"type": "var"}, "type": "entry"}]}]}]}, {"attributes": {"name": "getModel", "fromProperty": "model"}, "type": "method", "children": [{"attributes": {"text": "<p>Returns the (computed) value of the property <code>model</code>.</p>\n\n<p>For further details take a look at the property definition: {@link #model}.</p>"}, "type": "desc"}, {"attributes": {}, "type": "return", "children": [{"attributes": {"text": "<p>(Computed) value of <code>model</code>.</p>"}, "type": "desc"}, {"attributes": {}, "type": "types", "children": [{"attributes": {"type": "var"}, "type": "entry"}]}]}]}, {"attributes": {"access": "protected", "name": "initDelegate", "fromProperty": "delegate"}, "type": "method", "children": [{"attributes": {}, "type": "params", "children": [{"attributes": {"name": "value"}, "type": "param", "children": [{"attributes": {"text": "<p>Initial value for property <code>delegate</code>.</p>"}, "type": "desc"}, {"attributes": {}, "type": "types", "children": [{"attributes": {"type": "var"}, "type": "entry"}]}]}]}, {"attributes": {"text": "<p>Calls the apply method and dispatches the change event of the property <code>delegate</code>\nwith the default value defined by the class developer. This function can\nonly be called from the constructor of a class.</p>\n\n<p>For further details take a look at the property definition: {@link #delegate}.</p>"}, "type": "desc"}, {"attributes": {}, "type": "return", "children": [{"attributes": {"text": "<p>the default value</p>"}, "type": "desc"}, {"attributes": {}, "type": "types", "children": [{"attributes": {"type": "var"}, "type": "entry"}]}]}]}, {"attributes": {"access": "protected", "name": "initIconOptions", "fromProperty": "iconOptions"}, "type": "method", "children": [{"attributes": {}, "type": "params", "children": [{"attributes": {"name": "value"}, "type": "param", "children": [{"attributes": {"text": "<p>Initial value for property <code>iconOptions</code>.</p>"}, "type": "desc"}, {"attributes": {}, "type": "types", "children": [{"attributes": {"type": "var"}, "type": "entry"}]}]}]}, {"attributes": {"text": "<p>Calls the apply method and dispatches the change event of the property <code>iconOptions</code>\nwith the default value defined by the class developer. This function can\nonly be called from the constructor of a class.</p>\n\n<p>For further details take a look at the property definition: {@link #iconOptions}.</p>"}, "type": "desc"}, {"attributes": {}, "type": "return", "children": [{"attributes": {"text": "<p>the default value</p>"}, "type": "desc"}, {"attributes": {}, "type": "types", "children": [{"attributes": {"type": "var"}, "type": "entry"}]}]}]}, {"attributes": {"access": "protected", "name": "initIconPath", "fromProperty": "iconPath"}, "type": "method", "children": [{"attributes": {}, "type": "params", "children": [{"attributes": {"name": "value"}, "type": "param", "children": [{"attributes": {"text": "<p>Initial value for property <code>iconPath</code>.</p>"}, "type": "desc"}, {"attributes": {}, "type": "types", "children": [{"attributes": {"type": "var"}, "type": "entry"}]}]}]}, {"attributes": {"text": "<p>Calls the apply method and dispatches the change event of the property <code>iconPath</code>\nwith the default value defined by the class developer. This function can\nonly be called from the constructor of a class.</p>\n\n<p>For further details take a look at the property definition: {@link #iconPath}.</p>"}, "type": "desc"}, {"attributes": {}, "type": "return", "children": [{"attributes": {"text": "<p>the default value</p>"}, "type": "desc"}, {"attributes": {}, "type": "types", "children": [{"attributes": {"type": "var"}, "type": "entry"}]}]}]}, {"attributes": {"access": "protected", "name": "initItemHeight", "fromProperty": "itemHeight"}, "type": "method", "children": [{"attributes": {}, "type": "params", "children": [{"attributes": {"name": "value"}, "type": "param", "children": [{"attributes": {"text": "<p>Initial value for property <code>itemHeight</code>.</p>"}, "type": "desc"}, {"attributes": {}, "type": "types", "children": [{"attributes": {"type": "var"}, "type": "entry"}]}]}]}, {"attributes": {"text": "<p>Calls the apply method and dispatches the change event of the property <code>itemHeight</code>\nwith the default value defined by the class developer. This function can\nonly be called from the constructor of a class.</p>\n\n<p>For further details take a look at the property definition: {@link #itemHeight}.</p>"}, "type": "desc"}, {"attributes": {}, "type": "return", "children": [{"attributes": {"text": "<p>the default value</p>"}, "type": "desc"}, {"attributes": {}, "type": "types", "children": [{"attributes": {"type": "var"}, "type": "entry"}]}]}]}, {"attributes": {"access": "protected", "name": "initLabelOptions", "fromProperty": "labelOptions"}, "type": "method", "children": [{"attributes": {}, "type": "params", "children": [{"attributes": {"name": "value"}, "type": "param", "children": [{"attributes": {"text": "<p>Initial value for property <code>labelOptions</code>.</p>"}, "type": "desc"}, {"attributes": {}, "type": "types", "children": [{"attributes": {"type": "var"}, "type": "entry"}]}]}]}, {"attributes": {"text": "<p>Calls the apply method and dispatches the change event of the property <code>labelOptions</code>\nwith the default value defined by the class developer. This function can\nonly be called from the constructor of a class.</p>\n\n<p>For further details take a look at the property definition: {@link #labelOptions}.</p>"}, "type": "desc"}, {"attributes": {}, "type": "return", "children": [{"attributes": {"text": "<p>the default value</p>"}, "type": "desc"}, {"attributes": {}, "type": "types", "children": [{"attributes": {"type": "var"}, "type": "entry"}]}]}]}, {"attributes": {"access": "protected", "name": "initLabelPath", "fromProperty": "labelPath"}, "type": "method", "children": [{"attributes": {}, "type": "params", "children": [{"attributes": {"name": "value"}, "type": "param", "children": [{"attributes": {"text": "<p>Initial value for property <code>labelPath</code>.</p>"}, "type": "desc"}, {"attributes": {}, "type": "types", "children": [{"attributes": {"type": "var"}, "type": "entry"}]}]}]}, {"attributes": {"text": "<p>Calls the apply method and dispatches the change event of the property <code>labelPath</code>\nwith the default value defined by the class developer. This function can\nonly be called from the constructor of a class.</p>\n\n<p>For further details take a look at the property definition: {@link #labelPath}.</p>"}, "type": "desc"}, {"attributes": {}, "type": "return", "children": [{"attributes": {"text": "<p>the default value</p>"}, "type": "desc"}, {"attributes": {}, "type": "types", "children": [{"attributes": {"type": "var"}, "type": "entry"}]}]}]}, {"attributes": {"access": "protected", "name": "initMaxListHeight", "fromProperty": "maxListHeight"}, "type": "method", "children": [{"attributes": {}, "type": "params", "children": [{"attributes": {"name": "value"}, "type": "param", "children": [{"attributes": {"text": "<p>Initial value for property <code>maxListHeight</code>.</p>"}, "type": "desc"}, {"attributes": {}, "type": "types", "children": [{"attributes": {"type": "var"}, "type": "entry"}]}]}]}, {"attributes": {"text": "<p>Calls the apply method and dispatches the change event of the property <code>maxListHeight</code>\nwith the default value defined by the class developer. This function can\nonly be called from the constructor of a class.</p>\n\n<p>For further details take a look at the property definition: {@link #maxListHeight}.</p>"}, "type": "desc"}, {"attributes": {}, "type": "return", "children": [{"attributes": {"text": "<p>the default value</p>"}, "type": "desc"}, {"attributes": {}, "type": "types", "children": [{"attributes": {"type": "var"}, "type": "entry"}]}]}]}, {"attributes": {"access": "protected", "name": "initModel", "fromProperty": "model"}, "type": "method", "children": [{"attributes": {}, "type": "params", "children": [{"attributes": {"name": "value"}, "type": "param", "children": [{"attributes": {"text": "<p>Initial value for property <code>model</code>.</p>"}, "type": "desc"}, {"attributes": {}, "type": "types", "children": [{"attributes": {"type": "var"}, "type": "entry"}]}]}]}, {"attributes": {"text": "<p>Calls the apply method and dispatches the change event of the property <code>model</code>\nwith the default value defined by the class developer. This function can\nonly be called from the constructor of a class.</p>\n\n<p>For further details take a look at the property definition: {@link #model}.</p>"}, "type": "desc"}, {"attributes": {}, "type": "return", "children": [{"attributes": {"text": "<p>the default value</p>"}, "type": "desc"}, {"attributes": {}, "type": "types", "children": [{"attributes": {"type": "var"}, "type": "entry"}]}]}]}, {"attributes": {"line": 215, "name": "open"}, "type": "method", "children": [{"attributes": {"text": "<p>Shows the drop-down.</p>"}, "type": "desc"}]}, {"attributes": {"line": 205, "name": "refresh"}, "type": "method", "children": [{"attributes": {"text": "<p>Trigger a rebuild from the internal data structure.</p>"}, "type": "desc"}]}, {"attributes": {"name": "resetDelegate", "fromProperty": "delegate"}, "type": "method", "children": [{"attributes": {"text": "<p>Resets the user value of the property <code>delegate</code>.</p>\n\n<p>The computed value falls back to the next available value e.g. appearance, init or\ninheritance value depeneding on the property configuration and value availability.</p>\n\n<p>For further details take a look at the property definition: {@link #delegate}.</p>"}, "type": "desc"}]}, {"attributes": {"name": "resetIconOptions", "fromProperty": "iconOptions"}, "type": "method", "children": [{"attributes": {"text": "<p>Resets the user value of the property <code>iconOptions</code>.</p>\n\n<p>The computed value falls back to the next available value e.g. appearance, init or\ninheritance value depeneding on the property configuration and value availability.</p>\n\n<p>For further details take a look at the property definition: {@link #iconOptions}.</p>"}, "type": "desc"}]}, {"attributes": {"name": "resetIconPath", "fromProperty": "iconPath"}, "type": "method", "children": [{"attributes": {"text": "<p>Resets the user value of the property <code>iconPath</code>.</p>\n\n<p>The computed value falls back to the next available value e.g. appearance, init or\ninheritance value depeneding on the property configuration and value availability.</p>\n\n<p>For further details take a look at the property definition: {@link #iconPath}.</p>"}, "type": "desc"}]}, {"attributes": {"name": "resetItemHeight", "fromProperty": "itemHeight"}, "type": "method", "children": [{"attributes": {"text": "<p>Resets the user value of the property <code>itemHeight</code>.</p>\n\n<p>The computed value falls back to the next available value e.g. appearance, init or\ninheritance value depeneding on the property configuration and value availability.</p>\n\n<p>For further details take a look at the property definition: {@link #itemHeight}.</p>"}, "type": "desc"}]}, {"attributes": {"name": "resetLabelOptions", "fromProperty": "labelOptions"}, "type": "method", "children": [{"attributes": {"text": "<p>Resets the user value of the property <code>labelOptions</code>.</p>\n\n<p>The computed value falls back to the next available value e.g. appearance, init or\ninheritance value depeneding on the property configuration and value availability.</p>\n\n<p>For further details take a look at the property definition: {@link #labelOptions}.</p>"}, "type": "desc"}]}, {"attributes": {"name": "resetLabelPath", "fromProperty": "labelPath"}, "type": "method", "children": [{"attributes": {"text": "<p>Resets the user value of the property <code>labelPath</code>.</p>\n\n<p>The computed value falls back to the next available value e.g. appearance, init or\ninheritance value depeneding on the property configuration and value availability.</p>\n\n<p>For further details take a look at the property definition: {@link #labelPath}.</p>"}, "type": "desc"}]}, {"attributes": {"name": "resetMaxListHeight", "fromProperty": "maxListHeight"}, "type": "method", "children": [{"attributes": {"text": "<p>Resets the user value of the property <code>maxListHeight</code>.</p>\n\n<p>The computed value falls back to the next available value e.g. appearance, init or\ninheritance value depeneding on the property configuration and value availability.</p>\n\n<p>For further details take a look at the property definition: {@link #maxListHeight}.</p>"}, "type": "desc"}]}, {"attributes": {"name": "resetModel", "fromProperty": "model"}, "type": "method", "children": [{"attributes": {"text": "<p>Resets the user value of the property <code>model</code>.</p>\n\n<p>The computed value falls back to the next available value e.g. appearance, init or\ninheritance value depeneding on the property configuration and value availability.</p>\n\n<p>For further details take a look at the property definition: {@link #model}.</p>"}, "type": "desc"}]}, {"attributes": {"name": "setDelegate", "fromProperty": "delegate"}, "type": "method", "children": [{"attributes": {}, "type": "params", "children": [{"attributes": {"name": "value"}, "type": "param", "children": [{"attributes": {"text": "<p>New value for property <code>delegate</code>.</p>"}, "type": "desc"}, {"attributes": {}, "type": "types", "children": [{"attributes": {"type": "var"}, "type": "entry"}]}]}]}, {"attributes": {"text": "<p>Sets the user value of the property <code>delegate</code>.</p>\n\n<p>For further details take a look at the property definition: {@link #delegate}.</p>"}, "type": "desc"}, {"attributes": {}, "type": "return", "children": [{"attributes": {"text": "<p>The unmodified incoming value.</p>"}, "type": "desc"}, {"attributes": {}, "type": "types", "children": [{"attributes": {"type": "var"}, "type": "entry"}]}]}]}, {"attributes": {"name": "setIconOptions", "fromProperty": "iconOptions"}, "type": "method", "children": [{"attributes": {}, "type": "params", "children": [{"attributes": {"name": "value"}, "type": "param", "children": [{"attributes": {"text": "<p>New value for property <code>iconOptions</code>.</p>"}, "type": "desc"}, {"attributes": {}, "type": "types", "children": [{"attributes": {"type": "var"}, "type": "entry"}]}]}]}, {"attributes": {"text": "<p>Sets the user value of the property <code>iconOptions</code>.</p>\n\n<p>For further details take a look at the property definition: {@link #iconOptions}.</p>"}, "type": "desc"}, {"attributes": {}, "type": "return", "children": [{"attributes": {"text": "<p>The unmodified incoming value.</p>"}, "type": "desc"}, {"attributes": {}, "type": "types", "children": [{"attributes": {"type": "var"}, "type": "entry"}]}]}]}, {"attributes": {"name": "setIconPath", "fromProperty": "iconPath"}, "type": "method", "children": [{"attributes": {}, "type": "params", "children": [{"attributes": {"name": "value"}, "type": "param", "children": [{"attributes": {"text": "<p>New value for property <code>iconPath</code>.</p>"}, "type": "desc"}, {"attributes": {}, "type": "types", "children": [{"attributes": {"type": "var"}, "type": "entry"}]}]}]}, {"attributes": {"text": "<p>Sets the user value of the property <code>iconPath</code>.</p>\n\n<p>For further details take a look at the property definition: {@link #iconPath}.</p>"}, "type": "desc"}, {"attributes": {}, "type": "return", "children": [{"attributes": {"text": "<p>The unmodified incoming value.</p>"}, "type": "desc"}, {"attributes": {}, "type": "types", "children": [{"attributes": {"type": "var"}, "type": "entry"}]}]}]}, {"attributes": {"name": "setItemHeight", "fromProperty": "itemHeight"}, "type": "method", "children": [{"attributes": {}, "type": "params", "children": [{"attributes": {"name": "value"}, "type": "param", "children": [{"attributes": {"text": "<p>New value for property <code>itemHeight</code>.</p>"}, "type": "desc"}, {"attributes": {}, "type": "types", "children": [{"attributes": {"type": "var"}, "type": "entry"}]}]}]}, {"attributes": {"text": "<p>Sets the user value of the property <code>itemHeight</code>.</p>\n\n<p>For further details take a look at the property definition: {@link #itemHeight}.</p>"}, "type": "desc"}, {"attributes": {}, "type": "return", "children": [{"attributes": {"text": "<p>The unmodified incoming value.</p>"}, "type": "desc"}, {"attributes": {}, "type": "types", "children": [{"attributes": {"type": "var"}, "type": "entry"}]}]}]}, {"attributes": {"name": "setLabelOptions", "fromProperty": "labelOptions"}, "type": "method", "children": [{"attributes": {}, "type": "params", "children": [{"attributes": {"name": "value"}, "type": "param", "children": [{"attributes": {"text": "<p>New value for property <code>labelOptions</code>.</p>"}, "type": "desc"}, {"attributes": {}, "type": "types", "children": [{"attributes": {"type": "var"}, "type": "entry"}]}]}]}, {"attributes": {"text": "<p>Sets the user value of the property <code>labelOptions</code>.</p>\n\n<p>For further details take a look at the property definition: {@link #labelOptions}.</p>"}, "type": "desc"}, {"attributes": {}, "type": "return", "children": [{"attributes": {"text": "<p>The unmodified incoming value.</p>"}, "type": "desc"}, {"attributes": {}, "type": "types", "children": [{"attributes": {"type": "var"}, "type": "entry"}]}]}]}, {"attributes": {"name": "setLabelPath", "fromProperty": "labelPath"}, "type": "method", "children": [{"attributes": {}, "type": "params", "children": [{"attributes": {"name": "value"}, "type": "param", "children": [{"attributes": {"text": "<p>New value for property <code>labelPath</code>.</p>"}, "type": "desc"}, {"attributes": {}, "type": "types", "children": [{"attributes": {"type": "var"}, "type": "entry"}]}]}]}, {"attributes": {"text": "<p>Sets the user value of the property <code>labelPath</code>.</p>\n\n<p>For further details take a look at the property definition: {@link #labelPath}.</p>"}, "type": "desc"}, {"attributes": {}, "type": "return", "children": [{"attributes": {"text": "<p>The unmodified incoming value.</p>"}, "type": "desc"}, {"attributes": {}, "type": "types", "children": [{"attributes": {"type": "var"}, "type": "entry"}]}]}]}, {"attributes": {"name": "setMaxListHeight", "fromProperty": "maxListHeight"}, "type": "method", "children": [{"attributes": {}, "type": "params", "children": [{"attributes": {"name": "value"}, "type": "param", "children": [{"attributes": {"text": "<p>New value for property <code>maxListHeight</code>.</p>"}, "type": "desc"}, {"attributes": {}, "type": "types", "children": [{"attributes": {"type": "var"}, "type": "entry"}]}]}]}, {"attributes": {"text": "<p>Sets the user value of the property <code>maxListHeight</code>.</p>\n\n<p>For further details take a look at the property definition: {@link #maxListHeight}.</p>"}, "type": "desc"}, {"attributes": {}, "type": "return", "children": [{"attributes": {"text": "<p>The unmodified incoming value.</p>"}, "type": "desc"}, {"attributes": {}, "type": "types", "children": [{"attributes": {"type": "var"}, "type": "entry"}]}]}]}, {"attributes": {"name": "setModel", "fromProperty": "model"}, "type": "method", "children": [{"attributes": {}, "type": "params", "children": [{"attributes": {"name": "value"}, "type": "param", "children": [{"attributes": {"text": "<p>New value for property <code>model</code>.</p>"}, "type": "desc"}, {"attributes": {}, "type": "types", "children": [{"attributes": {"type": "var"}, "type": "entry"}]}]}]}, {"attributes": {"text": "<p>Sets the user value of the property <code>model</code>.</p>\n\n<p>For further details take a look at the property definition: {@link #model}.</p>"}, "type": "desc"}, {"attributes": {}, "type": "return", "children": [{"attributes": {"text": "<p>The unmodified incoming value.</p>"}, "type": "desc"}, {"attributes": {}, "type": "types", "children": [{"attributes": {"type": "var"}, "type": "entry"}]}]}]}, {"attributes": {"line": 233, "name": "toggle"}, "type": "method", "children": [{"attributes": {"text": "<p>Toggles the drop-down visibility.</p>"}, "type": "desc"}]}]}, {"attributes": {}, "type": "properties", "children": [{"attributes": {"name": "delegate", "defaultValue": "null", "allowNull": "true", "propertyType": "new", "apply": "_applyDelegate", "event": "changeDelegate"}, "type": "property", "children": [{"attributes": {"text": "<p>Delegation object which can have one or more functions defined by the\n{@link qx.ui.list.core.IListDelegate} interface.</p>"}, "type": "desc"}]}, {"attributes": {"name": "focusable", "docFrom": "qx.ui.core.Widget", "defaultValue": "true", "refine": "true", "propertyType": "new", "overriddenFrom": "qx.ui.core.Widget"}, "type": "property"}, {"attributes": {"allowNull": "true", "propertyType": "new", "event": "changeIconOptions", "name": "iconOptions", "apply": "_applyIconOptions"}, "type": "property", "children": [{"attributes": {"text": "<p>A map containing the options for the icon binding. The possible keys\ncan be found in the {@link qx.data.SingleValueBinding} documentation.</p>"}, "type": "desc"}]}, {"attributes": {"name": "iconPath", "check": "String", "allowNull": "true", "propertyType": "new", "apply": "_applyIconPath", "event": "changeIconPath"}, "type": "property", "children": [{"attributes": {"text": "<p>The path to the property which holds the information that should be\ndisplayed as an icon. This is only needed if objects are stored in the\nmodel and icons should be displayed.</p>"}, "type": "desc"}]}, {"attributes": {"name": "itemHeight", "defaultValue": "25", "propertyType": "new", "apply": "_applyRowHeight", "check": "Integer", "themeable": "true"}, "type": "property", "children": [{"attributes": {"text": "<p>Default item height.</p>"}, "type": "desc"}]}, {"attributes": {"allowNull": "true", "propertyType": "new", "event": "changeLabelOptions", "name": "labelOptions", "apply": "_applyLabelOptions"}, "type": "property", "children": [{"attributes": {"text": "<p>A map containing the options for the label binding. The possible keys\ncan be found in the {@link qx.data.SingleValueBinding} documentation.</p>"}, "type": "desc"}]}, {"attributes": {"name": "labelPath", "check": "String", "allowNull": "true", "propertyType": "new", "apply": "_applyLabelPath", "event": "changeLabelPath"}, "type": "property", "children": [{"attributes": {"text": "<p>The path to the property which holds the information that should be\ndisplayed as a label. This is only needed if objects are stored in the\nmodel.</p>"}, "type": "desc"}]}, {"attributes": {"name": "maxListHeight", "defaultValue": "200", "allowNull": "true", "propertyType": "new", "apply": "_applyMaxListHeight", "check": "Number"}, "type": "property", "children": [{"attributes": {"text": "<p>The maximum height of the drop-down list. Setting this value to\n<code>null</code> will set cause the list to be auto-sized.</p>"}, "type": "desc"}]}, {"attributes": {"name": "model", "check": "qx.data.Array", "allowNull": "false", "propertyType": "new", "apply": "_applyModel", "event": "changeModel"}, "type": "property", "children": [{"attributes": {"text": "<p>Data array containing the data which should be shown in the drop-down.</p>"}, "type": "desc"}]}, {"attributes": {"name": "width", "docFrom": "qx.ui.core.LayoutItem", "defaultValue": "120", "refine": "true", "propertyType": "new", "overriddenFrom": "qx.ui.core.LayoutItem"}, "type": "property"}]}, {"attributes": {}, "type": "events", "children": [{"attributes": {"name": "changeDelegate"}, "type": "event", "children": [{"attributes": {"text": "Fired on change of the property {@link #delegate}."}, "type": "desc"}, {"attributes": {}, "type": "types", "children": [{"attributes": {"type": "qx.event.type.Data"}, "type": "entry"}]}]}, {"attributes": {"name": "changeIconOptions"}, "type": "event", "children": [{"attributes": {"text": "Fired on change of the property {@link #iconOptions}."}, "type": "desc"}, {"attributes": {}, "type": "types", "children": [{"attributes": {"type": "qx.event.type.Data"}, "type": "entry"}]}]}, {"attributes": {"name": "changeIconPath"}, "type": "event", "children": [{"attributes": {"text": "Fired on change of the property {@link #iconPath}."}, "type": "desc"}, {"attributes": {}, "type": "types", "children": [{"attributes": {"type": "qx.event.type.Data"}, "type": "entry"}]}]}, {"attributes": {"name": "changeLabelOptions"}, "type": "event", "children": [{"attributes": {"text": "Fired on change of the property {@link #labelOptions}."}, "type": "desc"}, {"attributes": {}, "type": "types", "children": [{"attributes": {"type": "qx.event.type.Data"}, "type": "entry"}]}]}, {"attributes": {"name": "changeLabelPath"}, "type": "event", "children": [{"attributes": {"text": "Fired on change of the property {@link #labelPath}."}, "type": "desc"}, {"attributes": {}, "type": "types", "children": [{"attributes": {"type": "qx.event.type.Data"}, "type": "entry"}]}]}, {"attributes": {"name": "changeModel"}, "type": "event", "children": [{"attributes": {"text": "Fired on change of the property {@link #model}."}, "type": "desc"}, {"attributes": {}, "type": "types", "children": [{"attributes": {"type": "qx.event.type.Data"}, "type": "entry"}]}]}]}]}