{"attributes": {"fullName": "qx.ui.virtual.cell.ICell", "packageName": "qx.ui.virtual.cell", "type": "interface", "name": "ICell", "implementations": "qx.ui.virtual.cell.Abstract"}, "type": "class", "children": [{"attributes": {"text": "<p><span class=\"caps\">EXPERIMENTAL</span>!</p>\n\n<p>A <span class=\"caps\">HTML</span> cell provider provides the {@link qx.ui.virtual.layer.HtmlCell}\nwith <span class=\"caps\">HTML</span> fragments to render the cells.</p>"}, "type": "desc"}, {"attributes": {}, "type": "methods", "children": [{"attributes": {"line": 48, "name": "getCellProperties"}, "type": "method", "children": [{"attributes": {}, "type": "params", "children": [{"attributes": {"name": "data"}, "type": "param", "children": [{"attributes": {"text": "<p>Data needed for the cell to render.</p>"}, "type": "desc"}, {"attributes": {}, "type": "types", "children": [{"attributes": {"type": "var"}, "type": "entry"}]}]}, {"attributes": {"name": "states"}, "type": "param", "children": [{"attributes": {"text": "<p>The states set on the cell (e.g. <i>selected</i>, <i>focused</i>, <i>editable</i>).</p>"}, "type": "desc"}, {"attributes": {}, "type": "types", "children": [{"attributes": {"type": "Map"}, "type": "entry"}]}]}]}, {"attributes": {"text": "<p>Returns all relevant properties of the cell:\n<ul>\n<li>classes (String): Space separated class names</li>\n<li>style (String): <span class=\"caps\">CSS</span> styles</li>\n<li>attributes (String): Space separated attributes</li>\n<li>content (String): <span class=\"caps\">HTML</span> fragment of the innerHTML of the cell</li>\n<li>insets (Array): insets (padding + border) of the cell as\ntwo-dimensional array.</li>\n</ul></p>"}, "type": "desc"}, {"attributes": {}, "type": "return", "children": [{"attributes": {"text": "<p>Cell properties (see above.)</p>"}, "type": "desc"}, {"attributes": {}, "type": "types", "children": [{"attributes": {"type": "Map"}, "type": "entry"}]}]}]}]}]}