{"attributes": {"isAbstract": true, "name": "AbstractScrollArea", "packageName": "qx.ui.core.scroll", "mixins": "qx.ui.core.scroll.MScrollBarFactory,qx.ui.core.scroll.MRoll,qx.ui.core.MDragDropScrolling", "superClass": "qx.ui.core.Widget", "childClasses": "qx.ui.container.Scroll,qx.ui.form.List,qx.ui.tree.Tree,qx.ui.virtual.core.Scroller", "fullName": "qx.ui.core.scroll.AbstractScrollArea", "type": "class"}, "type": "class", "children": [{"attributes": {"text": "<p>The ScrollArea provides a container widget with on demand scroll bars\nif the content size exceeds the size of the container.</p>"}, "type": "desc"}, {"attributes": {}, "type": "childControls", "children": [{"attributes": {"name": "pane"}, "type": "childControl", "children": [{"attributes": {"text": "<p>pane which holds the content to scroll</p>"}, "type": "desc"}, {"attributes": {}, "type": "types", "children": [{"attributes": {"type": "qx.ui.core.scroll.ScrollPane"}, "type": "entry"}]}]}, {"attributes": {"name": "scrollbar-x"}, "type": "childControl", "children": [{"attributes": {"text": "<p>horizontal scrollbar</p>"}, "type": "desc"}, {"attributes": {}, "type": "types", "children": [{"attributes": {"type": "qx.ui.core.scroll.ScrollBar"}, "type": "entry"}]}]}, {"attributes": {"name": "scrollbar-y"}, "type": "childControl", "children": [{"attributes": {"text": "<p>vertical scrollbar</p>"}, "type": "desc"}, {"attributes": {}, "type": "types", "children": [{"attributes": {"type": "qx.ui.core.scroll.ScrollBar"}, "type": "entry"}]}]}, {"attributes": {"name": "corner"}, "type": "childControl", "children": [{"attributes": {"text": "<p>corner where no scrollbar is shown</p>"}, "type": "desc"}, {"attributes": {}, "type": "types", "children": [{"attributes": {"type": "qx.ui.core.Widget"}, "type": "entry"}]}]}]}, {"attributes": {}, "type": "constants", "children": [{"attributes": {"type": "Number", "name": "DEFAULT_SCROLLBAR_WIDTH", "value": "14"}, "type": "constant", "children": [{"attributes": {"text": "<p>The default width which is used for the width of the scroll bar if\noverlaid.</p>"}, "type": "desc"}]}]}, {"attributes": {}, "type": "constructor", "children": [{"attributes": {"docFrom": "qx.core.Object", "line": 64, "isCtor": true, "overriddenFrom": "qx.ui.core.Widget", "name": "ctor"}, "type": "method"}]}, {"attributes": {}, "type": "events", "children": [{"attributes": {"name": "scrollAnimationXEnd"}, "type": "event", "children": [{"attributes": {"text": "<p>Fired as soon as the scroll animation in X direction ends.</p>"}, "type": "desc"}, {"attributes": {}, "type": "types", "children": [{"attributes": {"type": "qx.event.type.Event"}, "type": "entry"}]}]}, {"attributes": {"name": "scrollAnimationYEnd"}, "type": "event", "children": [{"attributes": {"text": "<p>Fired as soon as the scroll animation in X direction ends.</p>"}, "type": "desc"}, {"attributes": {}, "type": "types", "children": [{"attributes": {"type": "qx.event.type.Event"}, "type": "entry"}]}]}]}, {"attributes": {}, "type": "properties", "children": [{"attributes": {"name": "appearance", "docFrom": "qx.ui.core.Widget", "defaultValue": "\"scrollarea\"", "refine": "true", "propertyType": "new", "overriddenFrom": "qx.ui.core.Widget"}, "type": "property"}, {"attributes": {"name": "height", "docFrom": "qx.ui.core.LayoutItem", "defaultValue": "200", "refine": "true", "propertyType": "new", "overriddenFrom": "qx.ui.core.LayoutItem"}, "type": "property"}, {"attributes": {"group": "\"scrollbarX\",\"scrollbarY\"", "name": "scrollbar", "propertyType": "group"}, "type": "property", "children": [{"attributes": {"text": "<p>Group property, to set the overflow of both scroll bars.</p>"}, "type": "desc"}]}, {"attributes": {"name": "scrollbarX", "defaultValue": "\"auto\"", "propertyType": "new", "possibleValues": "\"auto\",\"on\",\"off\"", "apply": "_computeScrollbars", "themeable": "true"}, "type": "property", "children": [{"attributes": {"text": "<p>The policy, when the horizontal scrollbar should be shown.\n<ul>\n  <li><b>auto</b>: Show scrollbar on demand</li>\n  <li><b>on</b>: Always show the scrollbar</li>\n  <li><b>off</b>: Never show the scrollbar</li>\n</ul></p>"}, "type": "desc"}]}, {"attributes": {"name": "scrollbarY", "defaultValue": "\"auto\"", "propertyType": "new", "possibleValues": "\"auto\",\"on\",\"off\"", "apply": "_computeScrollbars", "themeable": "true"}, "type": "property", "children": [{"attributes": {"text": "<p>The policy, when the horizontal scrollbar should be shown.\n<ul>\n  <li><b>auto</b>: Show scrollbar on demand</li>\n  <li><b>on</b>: Always show the scrollbar</li>\n  <li><b>off</b>: Never show the scrollbar</li>\n</ul></p>"}, "type": "desc"}]}, {"attributes": {"name": "width", "docFrom": "qx.ui.core.LayoutItem", "defaultValue": "100", "refine": "true", "propertyType": "new", "overriddenFrom": "qx.ui.core.LayoutItem"}, "type": "property"}]}, {"attributes": {}, "type": "methods", "children": [{"attributes": {"access": "protected", "line": 560, "name": "_computeScrollbars"}, "type": "method", "children": [{"attributes": {"text": "<p>Computes the visibility state for scrollbars.</p>"}, "type": "desc"}, {"attributes": {}, "type": "apply", "children": [{"attributes": {"applies": "qx.ui.core.scroll.AbstractScrollArea#scrollbarX"}, "type": "entry"}, {"attributes": {"applies": "qx.ui.core.scroll.AbstractScrollArea#scrollbarY"}, "type": "entry"}]}]}, {"attributes": {"access": "protected", "docFrom": "qx.ui.core.Widget", "line": 188, "overriddenFrom": "qx.ui.core.Widget", "name": "_createChildControlImpl"}, "type": "method", "children": [{"attributes": {}, "type": "params", "children": [{"attributes": {"name": "id"}, "type": "param"}, {"attributes": {"name": "hash"}, "type": "param"}]}]}, {"attributes": {"access": "protected", "line": 517, "name": "_onChangeScrollbarXVisibility"}, "type": "method", "children": [{"attributes": {}, "type": "params", "children": [{"attributes": {"name": "e"}, "type": "param", "children": [{"attributes": {"text": "<p>Property change event</p>"}, "type": "desc"}, {"attributes": {}, "type": "types", "children": [{"attributes": {"type": "qx.event.type.Event"}, "type": "entry"}]}]}]}, {"attributes": {"text": "<p>Event handler for visibility changes of horizontal scrollbar.</p>"}, "type": "desc"}]}, {"attributes": {"access": "protected", "line": 535, "name": "_onChangeScrollbarYVisibility"}, "type": "method", "children": [{"attributes": {}, "type": "params", "children": [{"attributes": {"name": "e"}, "type": "param", "children": [{"attributes": {"text": "<p>Property change event</p>"}, "type": "desc"}, {"attributes": {}, "type": "types", "children": [{"attributes": {"type": "qx.event.type.Event"}, "type": "entry"}]}]}]}, {"attributes": {"text": "<p>Event handler for visibility changes of horizontal scrollbar.</p>"}, "type": "desc"}]}, {"attributes": {"access": "protected", "line": 462, "name": "_onScrollAnimationEnd"}, "type": "method", "children": [{"attributes": {}, "type": "params", "children": [{"attributes": {"name": "direction"}, "type": "param", "children": [{"attributes": {"text": "<p>Either &#8220;X&#8221; or &#8220;Y&#8221;.</p>"}, "type": "desc"}, {"attributes": {}, "type": "types", "children": [{"attributes": {"type": "String"}, "type": "entry"}]}]}]}, {"attributes": {"text": "<p>Event handler for the scroll animation end event for both scroll bars.</p>"}, "type": "desc"}]}, {"attributes": {"access": "protected", "line": 471, "name": "_onScrollBarX"}, "type": "method", "children": [{"attributes": {}, "type": "params", "children": [{"attributes": {"name": "e"}, "type": "param", "children": [{"attributes": {"text": "<p>The scroll event object</p>"}, "type": "desc"}, {"attributes": {}, "type": "types", "children": [{"attributes": {"type": "qx.event.type.Data"}, "type": "entry"}]}]}]}, {"attributes": {"text": "<p>Event handler for the scroll event of the horizontal scrollbar</p>"}, "type": "desc"}]}, {"attributes": {"access": "protected", "line": 481, "name": "_onScrollBarY"}, "type": "method", "children": [{"attributes": {}, "type": "params", "children": [{"attributes": {"name": "e"}, "type": "param", "children": [{"attributes": {"text": "<p>The scroll event object</p>"}, "type": "desc"}, {"attributes": {}, "type": "types", "children": [{"attributes": {"type": "qx.event.type.Data"}, "type": "entry"}]}]}]}, {"attributes": {"text": "<p>Event handler for the scroll event of the vertical scrollbar</p>"}, "type": "desc"}]}, {"attributes": {"access": "protected", "line": 491, "name": "_onScrollPaneX"}, "type": "method", "children": [{"attributes": {}, "type": "params", "children": [{"attributes": {"name": "e"}, "type": "param", "children": [{"attributes": {"text": "<p>The scroll event object</p>"}, "type": "desc"}, {"attributes": {}, "type": "types", "children": [{"attributes": {"type": "qx.event.type.Data"}, "type": "entry"}]}]}]}, {"attributes": {"text": "<p>Event handler for the horizontal scroll event of the pane</p>"}, "type": "desc"}]}, {"attributes": {"access": "protected", "line": 504, "name": "_onScrollPaneY"}, "type": "method", "children": [{"attributes": {}, "type": "params", "children": [{"attributes": {"name": "e"}, "type": "param", "children": [{"attributes": {"text": "<p>The scroll event object</p>"}, "type": "desc"}, {"attributes": {}, "type": "types", "children": [{"attributes": {"type": "qx.event.type.Data"}, "type": "entry"}]}]}]}, {"attributes": {"text": "<p>Event handler for the vertical scroll event of the pane</p>"}, "type": "desc"}]}, {"attributes": {"line": 309, "name": "getItemBottom"}, "type": "method", "children": [{"attributes": {}, "type": "params", "children": [{"attributes": {"name": "item"}, "type": "param", "children": [{"attributes": {"text": "<p>Item to query</p>"}, "type": "desc"}, {"attributes": {}, "type": "types", "children": [{"attributes": {"type": "qx.ui.core.Widget"}, "type": "entry"}]}]}]}, {"attributes": {"text": "<p>Returns the top offset of the end of the given item in relation to the\ninner height of this widget.</p>"}, "type": "desc"}, {"attributes": {}, "type": "return", "children": [{"attributes": {"text": "<p>Top offset</p>"}, "type": "desc"}, {"attributes": {}, "type": "types", "children": [{"attributes": {"type": "Integer"}, "type": "entry"}]}]}]}, {"attributes": {"line": 321, "name": "getItemLeft"}, "type": "method", "children": [{"attributes": {}, "type": "params", "children": [{"attributes": {"name": "item"}, "type": "param", "children": [{"attributes": {"text": "<p>Item to query</p>"}, "type": "desc"}, {"attributes": {}, "type": "types", "children": [{"attributes": {"type": "qx.ui.core.Widget"}, "type": "entry"}]}]}]}, {"attributes": {"text": "<p>Returns the left offset of the given item in relation to the\ninner width of this widget.</p>"}, "type": "desc"}, {"attributes": {}, "type": "return", "children": [{"attributes": {"text": "<p>Top offset</p>"}, "type": "desc"}, {"attributes": {}, "type": "types", "children": [{"attributes": {"type": "Integer"}, "type": "entry"}]}]}]}, {"attributes": {"line": 333, "name": "getItemRight"}, "type": "method", "children": [{"attributes": {}, "type": "params", "children": [{"attributes": {"name": "item"}, "type": "param", "children": [{"attributes": {"text": "<p>Item to query</p>"}, "type": "desc"}, {"attributes": {}, "type": "types", "children": [{"attributes": {"type": "qx.ui.core.Widget"}, "type": "entry"}]}]}]}, {"attributes": {"text": "<p>Returns the left offset of the end of the given item in relation to the\ninner width of this widget.</p>"}, "type": "desc"}, {"attributes": {}, "type": "return", "children": [{"attributes": {"text": "<p>Right offset</p>"}, "type": "desc"}, {"attributes": {}, "type": "types", "children": [{"attributes": {"type": "Integer"}, "type": "entry"}]}]}]}, {"attributes": {"line": 297, "name": "getItemTop"}, "type": "method", "children": [{"attributes": {}, "type": "params", "children": [{"attributes": {"name": "item"}, "type": "param", "children": [{"attributes": {"text": "<p>Item to query</p>"}, "type": "desc"}, {"attributes": {}, "type": "types", "children": [{"attributes": {"type": "qx.ui.core.Widget"}, "type": "entry"}]}]}]}, {"attributes": {"text": "<p>Returns the top offset of the given item in relation to the\ninner height of this widget.</p>"}, "type": "desc"}, {"attributes": {}, "type": "return", "children": [{"attributes": {"text": "<p>Top offset</p>"}, "type": "desc"}, {"attributes": {}, "type": "types", "children": [{"attributes": {"type": "Integer"}, "type": "entry"}]}]}]}, {"attributes": {"line": 275, "name": "getPaneSize"}, "type": "method", "children": [{"attributes": {"text": "<p>Returns the boundaries of the pane.</p>"}, "type": "desc"}, {"attributes": {}, "type": "return", "children": [{"attributes": {"text": "<p>The pane boundaries.</p>"}, "type": "desc"}, {"attributes": {}, "type": "types", "children": [{"attributes": {"type": "Map"}, "type": "entry"}]}]}]}, {"attributes": {"name": "getScrollbarX", "fromProperty": "scrollbarX"}, "type": "method", "children": [{"attributes": {"text": "<p>Returns the (computed) value of the property <code>scrollbarX</code>.</p>\n\n<p>For further details take a look at the property definition: {@link #scrollbarX}.</p>"}, "type": "desc"}, {"attributes": {}, "type": "return", "children": [{"attributes": {"text": "<p>(Computed) value of <code>scrollbarX</code>.</p>"}, "type": "desc"}, {"attributes": {}, "type": "types", "children": [{"attributes": {"type": "var"}, "type": "entry"}]}]}]}, {"attributes": {"name": "getScrollbarY", "fromProperty": "scrollbarY"}, "type": "method", "children": [{"attributes": {"text": "<p>Returns the (computed) value of the property <code>scrollbarY</code>.</p>\n\n<p>For further details take a look at the property definition: {@link #scrollbarY}.</p>"}, "type": "desc"}, {"attributes": {}, "type": "return", "children": [{"attributes": {"text": "<p>(Computed) value of <code>scrollbarY</code>.</p>"}, "type": "desc"}, {"attributes": {}, "type": "types", "children": [{"attributes": {"type": "var"}, "type": "entry"}]}]}]}, {"attributes": {"line": 380, "name": "getScrollX"}, "type": "method", "children": [{"attributes": {"text": "<p>Returns the scroll left position of the content</p>"}, "type": "desc"}, {"attributes": {}, "type": "return", "children": [{"attributes": {"text": "<p>Horizontal scroll position</p>"}, "type": "desc"}, {"attributes": {}, "type": "types", "children": [{"attributes": {"type": "Integer"}, "type": "entry"}]}]}]}, {"attributes": {"line": 420, "name": "getScrollY"}, "type": "method", "children": [{"attributes": {"text": "<p>Returns the scroll top position of the content</p>"}, "type": "desc"}, {"attributes": {}, "type": "return", "children": [{"attributes": {"text": "<p>Vertical scroll position</p>"}, "type": "desc"}, {"attributes": {}, "type": "types", "children": [{"attributes": {"type": "Integer"}, "type": "entry"}]}]}]}, {"attributes": {"access": "protected", "name": "initScrollbarX", "fromProperty": "scrollbarX"}, "type": "method", "children": [{"attributes": {}, "type": "params", "children": [{"attributes": {"name": "value"}, "type": "param", "children": [{"attributes": {"text": "<p>Initial value for property <code>scrollbarX</code>.</p>"}, "type": "desc"}, {"attributes": {}, "type": "types", "children": [{"attributes": {"type": "var"}, "type": "entry"}]}]}]}, {"attributes": {"text": "<p>Calls the apply method and dispatches the change event of the property <code>scrollbarX</code>\nwith the default value defined by the class developer. This function can\nonly be called from the constructor of a class.</p>\n\n<p>For further details take a look at the property definition: {@link #scrollbarX}.</p>"}, "type": "desc"}, {"attributes": {}, "type": "return", "children": [{"attributes": {"text": "<p>the default value</p>"}, "type": "desc"}, {"attributes": {}, "type": "types", "children": [{"attributes": {"type": "var"}, "type": "entry"}]}]}]}, {"attributes": {"access": "protected", "name": "initScrollbarY", "fromProperty": "scrollbarY"}, "type": "method", "children": [{"attributes": {}, "type": "params", "children": [{"attributes": {"name": "value"}, "type": "param", "children": [{"attributes": {"text": "<p>Initial value for property <code>scrollbarY</code>.</p>"}, "type": "desc"}, {"attributes": {}, "type": "types", "children": [{"attributes": {"type": "var"}, "type": "entry"}]}]}]}, {"attributes": {"text": "<p>Calls the apply method and dispatches the change event of the property <code>scrollbarY</code>\nwith the default value defined by the class developer. This function can\nonly be called from the constructor of a class.</p>\n\n<p>For further details take a look at the property definition: {@link #scrollbarY}.</p>"}, "type": "desc"}, {"attributes": {}, "type": "return", "children": [{"attributes": {"text": "<p>the default value</p>"}, "type": "desc"}, {"attributes": {}, "type": "types", "children": [{"attributes": {"type": "var"}, "type": "entry"}]}]}]}, {"attributes": {"name": "resetScrollbar", "fromProperty": "scrollbar"}, "type": "method", "children": [{"attributes": {"text": "<p>Resets the user value of the property <code>scrollbar</code>.</p>\n\n<p>The computed value falls back to the next available value e.g. appearance, init or\ninheritance value depeneding on the property configuration and value availability.</p>\n\n<p>For further details take a look at the property definition: {@link #scrollbar}.</p>"}, "type": "desc"}]}, {"attributes": {"name": "resetScrollbarX", "fromProperty": "scrollbarX"}, "type": "method", "children": [{"attributes": {"text": "<p>Resets the user value of the property <code>scrollbarX</code>.</p>\n\n<p>The computed value falls back to the next available value e.g. appearance, init or\ninheritance value depeneding on the property configuration and value availability.</p>\n\n<p>For further details take a look at the property definition: {@link #scrollbarX}.</p>"}, "type": "desc"}]}, {"attributes": {"name": "resetScrollbarY", "fromProperty": "scrollbarY"}, "type": "method", "children": [{"attributes": {"text": "<p>Resets the user value of the property <code>scrollbarY</code>.</p>\n\n<p>The computed value falls back to the next available value e.g. appearance, init or\ninheritance value depeneding on the property configuration and value availability.</p>\n\n<p>For further details take a look at the property definition: {@link #scrollbarY}.</p>"}, "type": "desc"}]}, {"attributes": {"line": 367, "name": "scrollByX"}, "type": "method", "children": [{"attributes": {}, "type": "params", "children": [{"attributes": {"name": "value"}, "type": "param", "children": [{"attributes": {"text": "<p>The vertical position to scroll to.</p>"}, "type": "desc"}, {"attributes": {}, "type": "types", "children": [{"attributes": {"type": "Integer"}, "type": "entry"}]}]}, {"attributes": {"optional": true, "name": "duration"}, "type": "param", "children": [{"attributes": {"text": "<p>The time in milliseconds the scroll to should take.</p>"}, "type": "desc"}, {"attributes": {}, "type": "types", "children": [{"attributes": {"type": "Number"}, "type": "entry"}]}]}]}, {"attributes": {"text": "<p>Scrolls the element&#8217;s content by the given left offset</p>"}, "type": "desc"}]}, {"attributes": {"line": 407, "name": "scrollByY"}, "type": "method", "children": [{"attributes": {}, "type": "params", "children": [{"attributes": {"name": "value"}, "type": "param", "children": [{"attributes": {"text": "<p>The horizontal position to scroll to.</p>"}, "type": "desc"}, {"attributes": {}, "type": "types", "children": [{"attributes": {"type": "Integer"}, "type": "entry"}]}]}, {"attributes": {"optional": true, "name": "duration"}, "type": "param", "children": [{"attributes": {"text": "<p>The time in milliseconds the scroll to should take.</p>"}, "type": "desc"}, {"attributes": {}, "type": "types", "children": [{"attributes": {"type": "Number"}, "type": "entry"}]}]}]}, {"attributes": {"text": "<p>Scrolls the element&#8217;s content by the given top offset</p>"}, "type": "desc"}]}, {"attributes": {"line": 353, "name": "scrollToX"}, "type": "method", "children": [{"attributes": {}, "type": "params", "children": [{"attributes": {"name": "value"}, "type": "param", "children": [{"attributes": {"text": "<p>The vertical position to scroll to.</p>"}, "type": "desc"}, {"attributes": {}, "type": "types", "children": [{"attributes": {"type": "Integer"}, "type": "entry"}]}]}, {"attributes": {"optional": true, "name": "duration"}, "type": "param", "children": [{"attributes": {"text": "<p>The time in milliseconds the scroll to should take.</p>"}, "type": "desc"}, {"attributes": {}, "type": "types", "children": [{"attributes": {"type": "Number"}, "type": "entry"}]}]}]}, {"attributes": {"text": "<p>Scrolls the element&#8217;s content to the given left coordinate</p>"}, "type": "desc"}]}, {"attributes": {"line": 393, "name": "scrollToY"}, "type": "method", "children": [{"attributes": {}, "type": "params", "children": [{"attributes": {"name": "value"}, "type": "param", "children": [{"attributes": {"text": "<p>The horizontal position to scroll to.</p>"}, "type": "desc"}, {"attributes": {}, "type": "types", "children": [{"attributes": {"type": "Integer"}, "type": "entry"}]}]}, {"attributes": {"optional": true, "name": "duration"}, "type": "param", "children": [{"attributes": {"text": "<p>The time in milliseconds the scroll to should take.</p>"}, "type": "desc"}, {"attributes": {}, "type": "types", "children": [{"attributes": {"type": "Number"}, "type": "entry"}]}]}]}, {"attributes": {"text": "<p>Scrolls the element&#8217;s content to the given top coordinate</p>"}, "type": "desc"}]}, {"attributes": {"line": 9, "name": "setScrollbar", "fromProperty": "scrollbar"}, "type": "method", "children": [{"attributes": {}, "type": "params", "children": [{"attributes": {"name": "scrollbarX"}, "type": "param", "children": [{"attributes": {"text": "<p>Sets the value of the property {@link #scrollbarX}.</p>"}, "type": "desc"}, {"attributes": {}, "type": "types", "children": [{"attributes": {"type": "var"}, "type": "entry"}]}]}, {"attributes": {"name": "scrollbarY"}, "type": "param", "children": [{"attributes": {"text": "<p>Sets the value of the property {@link #scrollbarY}.</p>"}, "type": "desc"}, {"attributes": {}, "type": "types", "children": [{"attributes": {"type": "var"}, "type": "entry"}]}]}]}, {"attributes": {"text": "<p>Sets the values of the property group <code>scrollbar</code>.</p>\n\n<p>For further details take a look at the property definition: {@link #scrollbar}.</p>"}, "type": "desc"}]}, {"attributes": {"name": "setScrollbarX", "fromProperty": "scrollbarX"}, "type": "method", "children": [{"attributes": {}, "type": "params", "children": [{"attributes": {"name": "value"}, "type": "param", "children": [{"attributes": {"text": "<p>New value for property <code>scrollbarX</code>.</p>"}, "type": "desc"}, {"attributes": {}, "type": "types", "children": [{"attributes": {"type": "var"}, "type": "entry"}]}]}]}, {"attributes": {"text": "<p>Sets the user value of the property <code>scrollbarX</code>.</p>\n\n<p>For further details take a look at the property definition: {@link #scrollbarX}.</p>"}, "type": "desc"}, {"attributes": {}, "type": "return", "children": [{"attributes": {"text": "<p>The unmodified incoming value.</p>"}, "type": "desc"}, {"attributes": {}, "type": "types", "children": [{"attributes": {"type": "var"}, "type": "entry"}]}]}]}, {"attributes": {"name": "setScrollbarY", "fromProperty": "scrollbarY"}, "type": "method", "children": [{"attributes": {}, "type": "params", "children": [{"attributes": {"name": "value"}, "type": "param", "children": [{"attributes": {"text": "<p>New value for property <code>scrollbarY</code>.</p>"}, "type": "desc"}, {"attributes": {}, "type": "types", "children": [{"attributes": {"type": "var"}, "type": "entry"}]}]}]}, {"attributes": {"text": "<p>Sets the user value of the property <code>scrollbarY</code>.</p>\n\n<p>For further details take a look at the property definition: {@link #scrollbarY}.</p>"}, "type": "desc"}, {"attributes": {}, "type": "return", "children": [{"attributes": {"text": "<p>The unmodified incoming value.</p>"}, "type": "desc"}, {"attributes": {}, "type": "types", "children": [{"attributes": {"type": "var"}, "type": "entry"}]}]}]}, {"attributes": {"line": 431, "name": "stopScrollAnimationX"}, "type": "method", "children": [{"attributes": {"text": "<p>In case a scroll animation is currently running in X direction,\nit will be stopped. If not, the method does nothing.</p>"}, "type": "desc"}]}, {"attributes": {"line": 443, "name": "stopScrollAnimationY"}, "type": "method", "children": [{"attributes": {"text": "<p>In case a scroll animation is currently running in X direction,\nit will be stopped. If not, the method does nothing.</p>"}, "type": "desc"}]}]}]}