{"attributes": {"isAbstract": true, "name": "Abstract", "packageName": "qx.ui.mobile.layout", "superClass": "qx.core.Object", "childClasses": "qx.ui.mobile.layout.AbstractBox,qx.ui.mobile.layout.Card", "fullName": "qx.ui.mobile.layout.Abstract", "type": "class"}, "type": "class", "children": [{"attributes": {"text": "<p>Base class for all layout managers.</p>\n\n<p>Custom layout managers must derive from\nthis class and implement the methods {@link #_getCssClasses},\n{@link #_getSupportedChildLayoutProperties} and {@link #_setLayoutProperty}.</p>"}, "type": "desc"}, {"attributes": {}, "type": "events", "children": [{"attributes": {"name": "updateLayout"}, "type": "event", "children": [{"attributes": {"text": "<p>Fired when the layout is updated. Data contains the &#8220;widget&#8221;, &#8220;action&#8221;, &#8220;properties&#8221;</p>"}, "type": "desc"}, {"attributes": {}, "type": "types", "children": [{"attributes": {"type": "qx.event.type.Data"}, "type": "entry"}]}]}]}, {"attributes": {}, "type": "methods", "children": [{"attributes": {"access": "private", "line": 255, "name": "__getChildLayoutPropertyCache"}, "type": "method", "children": [{"attributes": {}, "type": "params", "children": [{"attributes": {"name": "widget"}, "type": "param", "children": [{"attributes": {"text": "<p>The target widget</p>"}, "type": "desc"}, {"attributes": {}, "type": "types", "children": [{"attributes": {"type": "qx.ui.mobile.core.Widget"}, "type": "entry"}]}]}]}, {"attributes": {"text": "<p>Returns the child layout property cache.</p>"}, "type": "desc"}, {"attributes": {}, "type": "return", "children": [{"attributes": {"text": "<p>The child layout property cache for the given widget. Key / value pairs.</p>"}, "type": "desc"}, {"attributes": {}, "type": "types", "children": [{"attributes": {"type": "Map"}, "type": "entry"}]}]}]}, {"attributes": {"access": "protected", "line": 205, "name": "_addCachedProperty"}, "type": "method", "children": [{"attributes": {}, "type": "params", "children": [{"attributes": {"name": "property"}, "type": "param", "children": [{"attributes": {"text": "<p>The property to add</p>"}, "type": "desc"}, {"attributes": {}, "type": "types", "children": [{"attributes": {"type": "String"}, "type": "entry"}]}]}, {"attributes": {"name": "value"}, "type": "param", "children": [{"attributes": {"text": "<p>The value of the property to add</p>"}, "type": "desc"}, {"attributes": {}, "type": "types", "children": [{"attributes": {"type": "var"}, "type": "entry"}]}]}]}, {"attributes": {"text": "<p>Adds a property to the cache. Needed when the layout is not yet\nconnected with the widget.</p>"}, "type": "desc"}]}, {"attributes": {"access": "protected", "line": 236, "name": "_addPropertyToChildLayoutCache"}, "type": "method", "children": [{"attributes": {}, "type": "params", "children": [{"attributes": {"name": "widget"}, "type": "param", "children": [{"attributes": {"text": "<p>The target widget</p>"}, "type": "desc"}, {"attributes": {}, "type": "types", "children": [{"attributes": {"type": "qx.ui.mobile.core.Widget"}, "type": "entry"}]}]}, {"attributes": {"name": "property"}, "type": "param", "children": [{"attributes": {"text": "<p>The property to add</p>"}, "type": "desc"}, {"attributes": {}, "type": "types", "children": [{"attributes": {"type": "String"}, "type": "entry"}]}]}, {"attributes": {"name": "value"}, "type": "param", "children": [{"attributes": {"text": "<p>The value of the property to add</p>"}, "type": "desc"}, {"attributes": {}, "type": "types", "children": [{"attributes": {"type": "var"}, "type": "entry"}]}]}]}, {"attributes": {"text": "<p>Adds a child layout property to the cache. When the value is\n<code>null</code> the property will be deleted from the cache.</p>"}, "type": "desc"}]}, {"attributes": {"access": "protected", "line": 221, "name": "_getChildLayoutPropertyValue"}, "type": "method", "children": [{"attributes": {}, "type": "params", "children": [{"attributes": {"name": "widget"}, "type": "param", "children": [{"attributes": {"text": "<p>The target widget</p>"}, "type": "desc"}, {"attributes": {}, "type": "types", "children": [{"attributes": {"type": "qx.ui.mobile.core.Widget"}, "type": "entry"}]}]}, {"attributes": {"name": "property"}, "type": "param", "children": [{"attributes": {"text": "<p>The property to retrieve the value from</p>"}, "type": "desc"}, {"attributes": {}, "type": "types", "children": [{"attributes": {"type": "String"}, "type": "entry"}]}]}]}, {"attributes": {"text": "<p>Returns a child layout property value.</p>"}, "type": "desc"}, {"attributes": {}, "type": "return", "children": [{"attributes": {"text": "<p>The value of the given property</p>"}, "type": "desc"}, {"attributes": {}, "type": "types", "children": [{"attributes": {"type": "var"}, "type": "entry"}]}]}]}, {"attributes": {"access": "protected", "line": 65, "name": "_getCssClasses"}, "type": "method", "children": [{"attributes": {"text": "<p>Returns the css classes in an array that the layout is using.</p>"}, "type": "desc"}, {"attributes": {}, "type": "return", "children": [{"attributes": {"text": "<p>The css classes that the layout is using</p>"}, "type": "desc"}, {"attributes": {}, "type": "types", "children": [{"attributes": {"type": "Array"}, "type": "entry"}]}]}]}, {"attributes": {"access": "protected", "line": 79, "name": "_getSupportedChildLayoutProperties"}, "type": "method", "children": [{"attributes": {"text": "<p>Returns the supported child layout properites. Needed to validate\nthe incoming layout properites. Override this function in your implementation.</p>"}, "type": "desc"}, {"attributes": {}, "type": "return", "children": [{"attributes": {"text": "<p>The supported child layout properties, e.g. <code>{<a href=\"1\">property</a>}</code></p>"}, "type": "desc"}, {"attributes": {}, "type": "types", "children": [{"attributes": {"type": "Map"}, "type": "entry"}]}]}]}, {"attributes": {"access": "protected", "line": 93, "name": "_setLayoutProperty"}, "type": "method", "children": [{"attributes": {}, "type": "params", "children": [{"attributes": {"name": "widget"}, "type": "param", "children": [{"attributes": {"text": "<p>The target widget</p>"}, "type": "desc"}, {"attributes": {}, "type": "types", "children": [{"attributes": {"type": "qx.ui.mobile.core.Widget"}, "type": "entry"}]}]}, {"attributes": {"defaultValue": "null", "optional": true, "name": "property"}, "type": "param", "children": [{"attributes": {"text": "<p>Optional. The layout property to set.</p>"}, "type": "desc"}, {"attributes": {}, "type": "types", "children": [{"attributes": {"type": "String"}, "type": "entry"}]}]}, {"attributes": {"optional": true, "name": "value"}, "type": "param", "children": [{"attributes": {"text": "<p>Optional. The value of the layout property.</p>"}, "type": "desc"}, {"attributes": {}, "type": "types", "children": [{"attributes": {"type": "var"}, "type": "entry"}]}]}]}, {"attributes": {"text": "<p>Abstracts method. Override this in your implementation.\nThe function is called for all given layout properties once.</p>"}, "type": "desc"}]}, {"attributes": {"line": 164, "name": "connectToChildWidget"}, "type": "method", "children": [{"attributes": {}, "type": "params", "children": [{"attributes": {"name": "widget"}, "type": "param", "children": [{"attributes": {"text": "<p>The widget to connect to</p>"}, "type": "desc"}, {"attributes": {}, "type": "types", "children": [{"attributes": {"type": "qx.ui.mobile.core.Widget"}, "type": "entry"}]}]}]}, {"attributes": {"text": "<p>Connects the layout to a given child widget. Can be overridden in a concrete\ninterface implementation.</p>"}, "type": "desc"}]}, {"attributes": {"line": 134, "name": "connectToWidget"}, "type": "method", "children": [{"attributes": {}, "type": "params", "children": [{"attributes": {"name": "widget"}, "type": "param", "children": [{"attributes": {"text": "<p>The widget to connect to</p>"}, "type": "desc"}, {"attributes": {}, "type": "types", "children": [{"attributes": {"type": "qx.ui.mobile.core.Widget"}, "type": "entry"}]}]}]}, {"attributes": {"text": "<p>This method is called by the widget to connect the widget with the layout.</p>"}, "type": "desc"}]}, {"attributes": {"line": 176, "name": "disconnectFromChildWidget"}, "type": "method", "children": [{"attributes": {}, "type": "params", "children": [{"attributes": {"name": "widget"}, "type": "param", "children": [{"attributes": {"text": "<p>The widget to connect to</p>"}, "type": "desc"}, {"attributes": {}, "type": "types", "children": [{"attributes": {"type": "qx.ui.mobile.core.Widget"}, "type": "entry"}]}]}]}, {"attributes": {"text": "<p>Disconnects the layout from a given child widget. Can be overridden in a concrete\ninterface implementation.</p>"}, "type": "desc"}]}, {"attributes": {"line": 107, "name": "setLayoutProperties"}, "type": "method", "children": [{"attributes": {}, "type": "params", "children": [{"attributes": {"name": "widget"}, "type": "param", "children": [{"attributes": {"text": "<p>The target widget</p>"}, "type": "desc"}, {"attributes": {}, "type": "types", "children": [{"attributes": {"type": "qx.ui.mobile.core.Widget"}, "type": "entry"}]}]}, {"attributes": {"name": "properties"}, "type": "param", "children": [{"attributes": {"text": "<p>The layout properties to set. Key / value pairs.</p>"}, "type": "desc"}, {"attributes": {}, "type": "types", "children": [{"attributes": {"type": "Map"}, "type": "entry"}]}]}]}, {"attributes": {"text": "<p>Sets the given layout properties to a widget.</p>"}, "type": "desc"}]}, {"attributes": {"line": 189, "name": "updateLayout"}, "type": "method", "children": [{"attributes": {}, "type": "params", "children": [{"attributes": {"name": "widget"}, "type": "param", "children": [{"attributes": {"text": "<p>The target widget</p>"}, "type": "desc"}, {"attributes": {}, "type": "types", "children": [{"attributes": {"type": "qx.ui.mobile.core.Widget"}, "type": "entry"}]}]}, {"attributes": {"name": "action"}, "type": "param", "children": [{"attributes": {"text": "<p>The causing action that triggered the layout update.</p>"}, "type": "desc"}, {"attributes": {}, "type": "types", "children": [{"attributes": {"type": "String"}, "type": "entry"}]}]}, {"attributes": {"name": "properties"}, "type": "param", "children": [{"attributes": {"text": "<p>The animation properties to set. Key / value pairs.</p>"}, "type": "desc"}, {"attributes": {}, "type": "types", "children": [{"attributes": {"type": "Map"}, "type": "entry"}]}]}]}, {"attributes": {"text": "<p>Updates the layout. Method is called by a widget, when it changes its state.</p>"}, "type": "desc"}]}]}]}