{"attributes": {"fullName": "qx.ui.table.celleditor.TextField", "packageName": "qx.ui.table.celleditor", "type": "class", "name": "TextField", "superClass": "qx.ui.table.celleditor.AbstractField"}, "type": "class", "children": [{"attributes": {"text": "<p>A cell editor factory creating text fields.</p>"}, "type": "desc"}, {"attributes": {}, "type": "methods", "children": [{"attributes": {"access": "protected", "docFrom": "qx.ui.table.celleditor.AbstractField", "line": 50, "overriddenFrom": "qx.ui.table.celleditor.AbstractField", "name": "_createEditor"}, "type": "method"}, {"attributes": {"docFrom": "qx.ui.table.ICellEditorFactory", "line": 31, "overriddenFrom": "qx.ui.table.celleditor.AbstractField", "name": "getCellEditorValue"}, "type": "method", "children": [{"attributes": {}, "type": "params", "children": [{"attributes": {"name": "cellEditor"}, "type": "param"}]}]}]}]}