{"attributes": {"fullName": "qx.ui.mobile.list.provider.Provider", "packageName": "qx.ui.mobile.list.provider", "type": "class", "name": "Provider", "superClass": "qx.core.Object"}, "type": "class", "children": [{"attributes": {"text": "<p>Provides a list item element for a certain row and its data.\nUses the {@link qx.ui.mobile.list.renderer.Default} list item renderer as a\ndefault renderer when no other renderer is given by the {@link qx.ui.mobile.list.List#delegate}.</p>"}, "type": "desc"}, {"attributes": {}, "type": "events", "children": [{"attributes": {"name": "changeDelegate"}, "type": "event", "children": [{"attributes": {"text": "Fired on change of the property {@link #delegate}."}, "type": "desc"}, {"attributes": {}, "type": "types", "children": [{"attributes": {"type": "qx.event.type.Data"}, "type": "entry"}]}]}]}, {"attributes": {}, "type": "methods", "children": [{"attributes": {"access": "protected", "line": 206, "name": "_applyDelegate"}, "type": "method", "children": [{"attributes": {}, "type": "params", "children": [{"attributes": {"name": "value"}, "type": "param", "children": [{"attributes": {"text": "<p>new value of the property</p>"}, "type": "desc"}, {"attributes": {}, "type": "types", "children": [{"attributes": {"type": "var"}, "type": "entry"}]}]}, {"attributes": {"name": "old"}, "type": "param", "children": [{"attributes": {"text": "<p>previous value of the property (null if it was not yet set).</p>"}, "type": "desc"}, {"attributes": {}, "type": "types", "children": [{"attributes": {"type": "var"}, "type": "entry"}]}]}]}, {"attributes": {}, "type": "apply", "children": [{"attributes": {"applies": "qx.ui.mobile.list.provider.Provider#delegate"}, "type": "entry"}]}, {"attributes": {"text": "<p>Applies changes of the property value of the property <code>delegate</code>.</p>\n\n<p>For further details take a look at the property definition: {@link #delegate}.</p>"}, "type": "desc"}]}, {"attributes": {"access": "protected", "line": 154, "name": "_configureGroupItem"}, "type": "method", "children": [{"attributes": {}, "type": "params", "children": [{"attributes": {"name": "data"}, "type": "param", "children": [{"attributes": {"text": "<p>The data of the group.</p>"}, "type": "desc"}, {"attributes": {}, "type": "types", "children": [{"attributes": {"type": "var"}, "type": "entry"}]}]}, {"attributes": {"name": "group"}, "type": "param", "children": [{"attributes": {"text": "<p>The group index.</p>"}, "type": "desc"}, {"attributes": {}, "type": "types", "children": [{"attributes": {"type": "Integer"}, "type": "entry"}]}]}]}, {"attributes": {"text": "<p>Configures the group renderer with the passed group data.</p>"}, "type": "desc"}]}, {"attributes": {"access": "protected", "line": 139, "name": "_configureItem"}, "type": "method", "children": [{"attributes": {}, "type": "params", "children": [{"attributes": {"name": "data"}, "type": "param", "children": [{"attributes": {"text": "<p>The data of the row.</p>"}, "type": "desc"}, {"attributes": {}, "type": "types", "children": [{"attributes": {"type": "var"}, "type": "entry"}]}]}, {"attributes": {"name": "row"}, "type": "param", "children": [{"attributes": {"text": "<p>The row index.</p>"}, "type": "desc"}, {"attributes": {}, "type": "types", "children": [{"attributes": {"type": "Integer"}, "type": "entry"}]}]}]}, {"attributes": {"text": "<p>Configure the list item renderer with the passed data.</p>"}, "type": "desc"}]}, {"attributes": {"access": "protected", "line": 169, "name": "_createGroupRenderer"}, "type": "method", "children": [{"attributes": {"text": "<p>Creates an instance of the group renderer to use. When no delegate method\nis given the function will return an instance of {@link qx.ui.mobile.list.renderer.group.Default}.</p>"}, "type": "desc"}, {"attributes": {}, "type": "return", "children": [{"attributes": {"text": "<p>An instance of the group renderer.</p>"}, "type": "desc"}, {"attributes": {}, "type": "types", "children": [{"attributes": {"type": "qx.ui.mobile.list.renderer.group.Abstract"}, "type": "entry"}]}]}]}, {"attributes": {"access": "protected", "line": 190, "name": "_createItemRenderer"}, "type": "method", "children": [{"attributes": {"text": "<p>Creates an instance of the item renderer to use. When no delegate method\nis given the function will return an instance of {@link qx.ui.mobile.list.renderer.Default}.</p>"}, "type": "desc"}, {"attributes": {}, "type": "return", "children": [{"attributes": {"text": "<p>An instance of the item renderer.</p>"}, "type": "desc"}, {"attributes": {}, "type": "types", "children": [{"attributes": {"type": "qx.ui.mobile.list.renderer.Abstract"}, "type": "entry"}]}]}]}, {"attributes": {"access": "protected", "line": 87, "name": "_getGroupRenderer"}, "type": "method", "children": [{"attributes": {"text": "<p>Gets the group renderer.</p>"}, "type": "desc"}, {"attributes": {}, "type": "return", "children": [{"attributes": {"text": "<p>the group renderer.</p>"}, "type": "desc"}, {"attributes": {}, "type": "types", "children": [{"attributes": {"type": "qx.ui.mobile.list.renderer.group.Abstract"}, "type": "entry"}]}]}]}, {"attributes": {"access": "protected", "line": 69, "name": "_getItemRenderer"}, "type": "method", "children": [{"attributes": {"text": "<p>Returns the set item renderer.</p>"}, "type": "desc"}, {"attributes": {}, "type": "return", "children": [{"attributes": {"text": "<p>The used item renderer</p>"}, "type": "desc"}, {"attributes": {}, "type": "types", "children": [{"attributes": {"type": "qx.ui.mobile.list.renderer.Abstract"}, "type": "entry"}]}]}]}, {"attributes": {"access": "protected", "line": 78, "name": "_setGroupRenderer"}, "type": "method", "children": [{"attributes": {}, "type": "params", "children": [{"attributes": {"name": "renderer"}, "type": "param", "children": [{"attributes": {"text": "<p>the group renderer.</p>"}, "type": "desc"}, {"attributes": {}, "type": "types", "children": [{"attributes": {"type": "qx.ui.mobile.list.renderer.group.Abstract"}, "type": "entry"}]}]}]}, {"attributes": {"text": "<p>Sets the group renderer.</p>"}, "type": "desc"}]}, {"attributes": {"access": "protected", "line": 59, "name": "_setItemRenderer"}, "type": "method", "children": [{"attributes": {}, "type": "params", "children": [{"attributes": {"name": "renderer"}, "type": "param", "children": [{"attributes": {"text": "<p>The used item renderer</p>"}, "type": "desc"}, {"attributes": {}, "type": "types", "children": [{"attributes": {"type": "qx.ui.mobile.list.renderer.Abstract"}, "type": "entry"}]}]}]}, {"attributes": {"text": "<p>Sets the item renderer.</p>"}, "type": "desc"}]}, {"attributes": {"name": "getDelegate", "fromProperty": "delegate"}, "type": "method", "children": [{"attributes": {"text": "<p>Returns the (computed) value of the property <code>delegate</code>.</p>\n\n<p>For further details take a look at the property definition: {@link #delegate}.</p>"}, "type": "desc"}, {"attributes": {}, "type": "return", "children": [{"attributes": {"text": "<p>(Computed) value of <code>delegate</code>.</p>"}, "type": "desc"}, {"attributes": {}, "type": "types", "children": [{"attributes": {"type": "var"}, "type": "entry"}]}]}]}, {"attributes": {"line": 120, "name": "getGroupElement"}, "type": "method", "children": [{"attributes": {}, "type": "params", "children": [{"attributes": {"name": "data"}, "type": "param", "children": [{"attributes": {"text": "<p>The data of the group.</p>"}, "type": "desc"}, {"attributes": {}, "type": "types", "children": [{"attributes": {"type": "var"}, "type": "entry"}]}]}, {"attributes": {"name": "group"}, "type": "param", "children": [{"attributes": {"text": "<p>The group index.</p>"}, "type": "desc"}, {"attributes": {}, "type": "types", "children": [{"attributes": {"type": "Integer"}, "type": "entry"}]}]}]}, {"attributes": {"text": "<p>Returns the group item element for a given row.</p>"}, "type": "desc"}, {"attributes": {}, "type": "return", "children": [{"attributes": {"text": "<p>the group item element.</p>"}, "type": "desc"}, {"attributes": {}, "type": "types", "children": [{"attributes": {"type": "Element"}, "type": "entry"}]}]}]}, {"attributes": {"line": 100, "name": "getItemElement"}, "type": "method", "children": [{"attributes": {}, "type": "params", "children": [{"attributes": {"name": "data"}, "type": "param", "children": [{"attributes": {"text": "<p>The data of the row.</p>"}, "type": "desc"}, {"attributes": {}, "type": "types", "children": [{"attributes": {"type": "var"}, "type": "entry"}]}]}, {"attributes": {"name": "row"}, "type": "param", "children": [{"attributes": {"text": "<p>The row index.</p>"}, "type": "desc"}, {"attributes": {}, "type": "types", "children": [{"attributes": {"type": "Integer"}, "type": "entry"}]}]}]}, {"attributes": {"text": "<p>Returns the list item element for a given row.</p>"}, "type": "desc"}, {"attributes": {}, "type": "return", "children": [{"attributes": {"text": "<p>the list item element.</p>"}, "type": "desc"}, {"attributes": {}, "type": "types", "children": [{"attributes": {"type": "Element"}, "type": "entry"}]}]}]}, {"attributes": {"access": "protected", "name": "initDelegate", "fromProperty": "delegate"}, "type": "method", "children": [{"attributes": {}, "type": "params", "children": [{"attributes": {"name": "value"}, "type": "param", "children": [{"attributes": {"text": "<p>Initial value for property <code>delegate</code>.</p>"}, "type": "desc"}, {"attributes": {}, "type": "types", "children": [{"attributes": {"type": "var"}, "type": "entry"}]}]}]}, {"attributes": {"text": "<p>Calls the apply method and dispatches the change event of the property <code>delegate</code>\nwith the default value defined by the class developer. This function can\nonly be called from the constructor of a class.</p>\n\n<p>For further details take a look at the property definition: {@link #delegate}.</p>"}, "type": "desc"}, {"attributes": {}, "type": "return", "children": [{"attributes": {"text": "<p>the default value</p>"}, "type": "desc"}, {"attributes": {}, "type": "types", "children": [{"attributes": {"type": "var"}, "type": "entry"}]}]}]}, {"attributes": {"name": "resetDelegate", "fromProperty": "delegate"}, "type": "method", "children": [{"attributes": {"text": "<p>Resets the user value of the property <code>delegate</code>.</p>\n\n<p>The computed value falls back to the next available value e.g. appearance, init or\ninheritance value depeneding on the property configuration and value availability.</p>\n\n<p>For further details take a look at the property definition: {@link #delegate}.</p>"}, "type": "desc"}]}, {"attributes": {"name": "setDelegate", "fromProperty": "delegate"}, "type": "method", "children": [{"attributes": {}, "type": "params", "children": [{"attributes": {"name": "value"}, "type": "param", "children": [{"attributes": {"text": "<p>New value for property <code>delegate</code>.</p>"}, "type": "desc"}, {"attributes": {}, "type": "types", "children": [{"attributes": {"type": "var"}, "type": "entry"}]}]}]}, {"attributes": {"text": "<p>Sets the user value of the property <code>delegate</code>.</p>\n\n<p>For further details take a look at the property definition: {@link #delegate}.</p>"}, "type": "desc"}, {"attributes": {}, "type": "return", "children": [{"attributes": {"text": "<p>The unmodified incoming value.</p>"}, "type": "desc"}, {"attributes": {}, "type": "types", "children": [{"attributes": {"type": "var"}, "type": "entry"}]}]}]}]}, {"attributes": {}, "type": "properties", "children": [{"attributes": {"name": "delegate", "isInternal": true, "defaultValue": "null", "access": "internal", "allowNull": "true", "propertyType": "new", "apply": "_applyDelegate", "event": "changeDelegate"}, "type": "property", "children": [{"attributes": {"text": "<p>Delegation object which can have one or more functions defined by the\n{@link qx.ui.mobile.list.IListDelegate} interface. Set by the list.</p>"}, "type": "desc"}]}]}]}