{"attributes": {"fullName": "qx.ui.progressive.model.Default", "packageName": "qx.ui.progressive.model", "type": "class", "name": "Default", "superClass": "qx.ui.progressive.model.Abstract"}, "type": "class", "children": [{"attributes": {"text": "<p>Data Model for Progressive renderer.</p>"}, "type": "desc"}, {"attributes": {}, "type": "constructor", "children": [{"attributes": {"docFrom": "qx.core.Object", "line": 28, "isCtor": true, "overriddenFrom": "qx.core.Object", "name": "ctor"}, "type": "method"}]}, {"attributes": {}, "type": "methods", "children": [{"attributes": {"line": 66, "name": "addElement"}, "type": "method", "children": [{"attributes": {}, "type": "params", "children": [{"attributes": {"name": "elem"}, "type": "param", "children": [{"attributes": {"text": "<p>An element to be added to the element queue</p>"}, "type": "desc"}, {"attributes": {}, "type": "types", "children": [{"attributes": {"type": "var"}, "type": "entry"}]}]}]}, {"attributes": {"text": "<p>Add a single element to be progressively renderered.  The element must\nbe an object which contains at least two members: renderer (the\nrenderer name) and data.</p>"}, "type": "desc"}]}, {"attributes": {"line": 49, "name": "addElements"}, "type": "method", "children": [{"attributes": {}, "type": "params", "children": [{"attributes": {"name": "elems"}, "type": "param", "children": [{"attributes": {"text": "<p>An array of elements to be added to the element queue</p>"}, "type": "desc"}, {"attributes": {}, "type": "types", "children": [{"attributes": {"type": "Array"}, "type": "entry"}]}]}]}, {"attributes": {"text": "<p>Add elements to be progressively renderered.  Each element must be an\nobject which contains at least two members: renderer (the renderer\nname) and data.</p>"}, "type": "desc"}]}, {"attributes": {"docFrom": "qx.ui.progressive.model.Abstract", "line": 76, "overriddenFrom": "qx.ui.progressive.model.Abstract", "name": "getElementCount"}, "type": "method"}, {"attributes": {"docFrom": "qx.ui.progressive.model.Abstract", "line": 82, "overriddenFrom": "qx.ui.progressive.model.Abstract", "name": "getNextElement"}, "type": "method"}]}]}