{"attributes": {"fullName": "qx.ui.core.MResizable", "packageName": "qx.ui.core", "type": "mixin", "name": "MResizable", "includer": "qx.ui.window.Window,qx.ui.container.Resizer"}, "type": "class", "children": [{"attributes": {"text": "<p>Provides resizing behavior to any widget.</p>"}, "type": "desc"}, {"attributes": {}, "type": "constructor", "children": [{"attributes": {"line": 35, "isCtor": true, "name": "ctor"}, "type": "method"}]}, {"attributes": {}, "type": "methods", "children": [{"attributes": {"access": "private", "line": 344, "isMixin": true, "name": "__computeResizeActive"}, "type": "method", "children": [{"attributes": {}, "type": "params", "children": [{"attributes": {"name": "location"}, "type": "param", "children": [{"attributes": {"text": "<p>The current location of the widget.</p>"}, "type": "desc"}, {"attributes": {}, "type": "types", "children": [{"attributes": {"type": "Map"}, "type": "entry"}]}]}, {"attributes": {"name": "pointerLeft"}, "type": "param", "children": [{"attributes": {"text": "<p>The left position of the pointer.</p>"}, "type": "desc"}, {"attributes": {}, "type": "types", "children": [{"attributes": {"type": "Integer"}, "type": "entry"}]}]}, {"attributes": {"name": "pointerTop"}, "type": "param", "children": [{"attributes": {"text": "<p>The top position of the pointer.</p>"}, "type": "desc"}, {"attributes": {}, "type": "types", "children": [{"attributes": {"type": "Integer"}, "type": "entry"}]}]}, {"attributes": {"name": "pointerTolerance"}, "type": "param", "children": [{"attributes": {"text": "<p>The desired distance to the edge.</p>"}, "type": "desc"}, {"attributes": {}, "type": "types", "children": [{"attributes": {"type": "Integer"}, "type": "entry"}]}]}]}, {"attributes": {"text": "<p>Internal helper for computing the proper resize action based on the\ngiven parameters.</p>"}, "type": "desc"}, {"attributes": {}, "type": "return", "children": [{"attributes": {"text": "<p>The resize active number.</p>"}, "type": "desc"}, {"attributes": {}, "type": "types", "children": [{"attributes": {"type": "Integer"}, "type": "entry"}]}]}]}, {"attributes": {"access": "private", "line": 310, "isMixin": true, "name": "__computeResizeMode"}, "type": "method", "children": [{"attributes": {}, "type": "params", "children": [{"attributes": {"name": "e"}, "type": "param", "children": [{"attributes": {"text": "<p>Last pointer event</p>"}, "type": "desc"}, {"attributes": {}, "type": "types", "children": [{"attributes": {"type": "qx.event.type.Pointer"}, "type": "entry"}]}]}]}, {"attributes": {"text": "<p>Updates the internally stored resize mode</p>"}, "type": "desc"}]}, {"attributes": {"access": "private", "line": 206, "isMixin": true, "name": "__computeResizeResult"}, "type": "method", "children": [{"attributes": {}, "type": "params", "children": [{"attributes": {"name": "e"}, "type": "param", "children": [{"attributes": {"text": "<p>Last pointer event</p>"}, "type": "desc"}, {"attributes": {}, "type": "types", "children": [{"attributes": {"type": "qx.event.type.Pointer"}, "type": "entry"}]}]}]}, {"attributes": {"text": "<p>Computes the new boundaries at each interval\nof the resize sequence.</p>"}, "type": "desc"}, {"attributes": {}, "type": "return", "children": [{"attributes": {"text": "<p>A map with the computed boundaries</p>"}, "type": "desc"}, {"attributes": {}, "type": "types", "children": [{"attributes": {"type": "Map"}, "type": "entry"}]}]}]}, {"attributes": {"access": "private", "line": 505, "isMixin": true, "name": "__onResizeLoseCapture"}, "type": "method", "children": [{"attributes": {}, "type": "params", "children": [{"attributes": {"name": "e"}, "type": "param", "children": [{"attributes": {"text": "<p>Lose capture event</p>"}, "type": "desc"}, {"attributes": {}, "type": "types", "children": [{"attributes": {"type": "qx.event.type.Event"}, "type": "entry"}]}]}]}, {"attributes": {"text": "<p>Event listener for <code>losecapture</code> event.</p>"}, "type": "desc"}]}, {"attributes": {"access": "private", "line": 399, "isMixin": true, "name": "__onResizePointerDown"}, "type": "method", "children": [{"attributes": {}, "type": "params", "children": [{"attributes": {"name": "e"}, "type": "param", "children": [{"attributes": {"text": "<p>The pointer event instance</p>"}, "type": "desc"}, {"attributes": {}, "type": "types", "children": [{"attributes": {"type": "qx.event.type.Pointer"}, "type": "entry"}]}]}]}, {"attributes": {"text": "<p>Event handler for the pointer down event</p>"}, "type": "desc"}]}, {"attributes": {"access": "private", "line": 531, "isMixin": true, "name": "__onResizePointerMove"}, "type": "method", "children": [{"attributes": {}, "type": "params", "children": [{"attributes": {"name": "e"}, "type": "param", "children": [{"attributes": {"text": "<p>The pointer event instance</p>"}, "type": "desc"}, {"attributes": {}, "type": "types", "children": [{"attributes": {"type": "qx.event.type.Pointer"}, "type": "entry"}]}]}]}, {"attributes": {"text": "<p>Event handler for the pointer move event</p>"}, "type": "desc"}]}, {"attributes": {"access": "private", "line": 594, "isMixin": true, "name": "__onResizePointerOut"}, "type": "method", "children": [{"attributes": {}, "type": "params", "children": [{"attributes": {"name": "e"}, "type": "param", "children": [{"attributes": {"text": "<p>The pointer event instance</p>"}, "type": "desc"}, {"attributes": {}, "type": "types", "children": [{"attributes": {"type": "qx.event.type.Pointer"}, "type": "entry"}]}]}]}, {"attributes": {"text": "<p>Event handler for the pointer out event</p>"}, "type": "desc"}]}, {"attributes": {"access": "private", "line": 455, "isMixin": true, "name": "__onResizePointerUp"}, "type": "method", "children": [{"attributes": {}, "type": "params", "children": [{"attributes": {"name": "e"}, "type": "param", "children": [{"attributes": {"text": "<p>The pointer event instance</p>"}, "type": "desc"}, {"attributes": {}, "type": "types", "children": [{"attributes": {"type": "qx.event.type.Pointer"}, "type": "entry"}]}]}]}, {"attributes": {"text": "<p>Event handler for the pointer up event</p>"}, "type": "desc"}]}, {"attributes": {"access": "private", "line": 176, "isMixin": true, "name": "__showResizeFrame"}, "type": "method", "children": [{"attributes": {"text": "<p>Creates, shows and syncs the frame with the widget.</p>"}, "type": "desc"}]}, {"attributes": {"access": "protected", "line": 157, "isMixin": true, "name": "_getResizeFrame"}, "type": "method", "children": [{"attributes": {"text": "<p>Get the widget, which draws the resize/move frame. The resize frame is\nshared by all widgets and is added to the root widget.</p>"}, "type": "desc"}, {"attributes": {}, "type": "return", "children": [{"attributes": {"text": "<p>The resize frame</p>"}, "type": "desc"}, {"attributes": {}, "type": "types", "children": [{"attributes": {"type": "qx.ui.core.Widget"}, "type": "entry"}]}]}]}, {"attributes": {"name": "getResizableBottom", "fromProperty": "resizableBottom"}, "type": "method", "children": [{"attributes": {"text": "<p>Returns the (computed) value of the property <code>resizableBottom</code>.</p>\n\n<p>For further details take a look at the property definition: {@link #resizableBottom}.</p>"}, "type": "desc"}, {"attributes": {}, "type": "return", "children": [{"attributes": {"text": "<p>(Computed) value of <code>resizableBottom</code>.</p>"}, "type": "desc"}, {"attributes": {}, "type": "types", "children": [{"attributes": {"type": "var"}, "type": "entry"}]}]}]}, {"attributes": {"name": "getResizableLeft", "fromProperty": "resizableLeft"}, "type": "method", "children": [{"attributes": {"text": "<p>Returns the (computed) value of the property <code>resizableLeft</code>.</p>\n\n<p>For further details take a look at the property definition: {@link #resizableLeft}.</p>"}, "type": "desc"}, {"attributes": {}, "type": "return", "children": [{"attributes": {"text": "<p>(Computed) value of <code>resizableLeft</code>.</p>"}, "type": "desc"}, {"attributes": {}, "type": "types", "children": [{"attributes": {"type": "var"}, "type": "entry"}]}]}]}, {"attributes": {"name": "getResizableRight", "fromProperty": "resizableRight"}, "type": "method", "children": [{"attributes": {"text": "<p>Returns the (computed) value of the property <code>resizableRight</code>.</p>\n\n<p>For further details take a look at the property definition: {@link #resizableRight}.</p>"}, "type": "desc"}, {"attributes": {}, "type": "return", "children": [{"attributes": {"text": "<p>(Computed) value of <code>resizableRight</code>.</p>"}, "type": "desc"}, {"attributes": {}, "type": "types", "children": [{"attributes": {"type": "var"}, "type": "entry"}]}]}]}, {"attributes": {"name": "getResizableTop", "fromProperty": "resizableTop"}, "type": "method", "children": [{"attributes": {"text": "<p>Returns the (computed) value of the property <code>resizableTop</code>.</p>\n\n<p>For further details take a look at the property definition: {@link #resizableTop}.</p>"}, "type": "desc"}, {"attributes": {}, "type": "return", "children": [{"attributes": {"text": "<p>(Computed) value of <code>resizableTop</code>.</p>"}, "type": "desc"}, {"attributes": {}, "type": "types", "children": [{"attributes": {"type": "var"}, "type": "entry"}]}]}]}, {"attributes": {"name": "getResizeSensitivity", "fromProperty": "resizeSensitivity"}, "type": "method", "children": [{"attributes": {"text": "<p>Returns the (computed) value of the property <code>resizeSensitivity</code>.</p>\n\n<p>For further details take a look at the property definition: {@link #resizeSensitivity}.</p>"}, "type": "desc"}, {"attributes": {}, "type": "return", "children": [{"attributes": {"text": "<p>(Computed) value of <code>resizeSensitivity</code>.</p>"}, "type": "desc"}, {"attributes": {}, "type": "types", "children": [{"attributes": {"type": "var"}, "type": "entry"}]}]}]}, {"attributes": {"name": "getUseResizeFrame", "fromProperty": "useResizeFrame"}, "type": "method", "children": [{"attributes": {"text": "<p>Returns the (computed) value of the property <code>useResizeFrame</code>.</p>\n\n<p>For further details take a look at the property definition: {@link #useResizeFrame}.</p>"}, "type": "desc"}, {"attributes": {}, "type": "return", "children": [{"attributes": {"text": "<p>(Computed) value of <code>useResizeFrame</code>.</p>"}, "type": "desc"}, {"attributes": {}, "type": "types", "children": [{"attributes": {"type": "var"}, "type": "entry"}]}]}]}, {"attributes": {"access": "protected", "name": "initResizableBottom", "fromProperty": "resizableBottom"}, "type": "method", "children": [{"attributes": {}, "type": "params", "children": [{"attributes": {"name": "value"}, "type": "param", "children": [{"attributes": {"text": "<p>Initial value for property <code>resizableBottom</code>.</p>"}, "type": "desc"}, {"attributes": {}, "type": "types", "children": [{"attributes": {"type": "var"}, "type": "entry"}]}]}]}, {"attributes": {"text": "<p>Calls the apply method and dispatches the change event of the property <code>resizableBottom</code>\nwith the default value defined by the class developer. This function can\nonly be called from the constructor of a class.</p>\n\n<p>For further details take a look at the property definition: {@link #resizableBottom}.</p>"}, "type": "desc"}, {"attributes": {}, "type": "return", "children": [{"attributes": {"text": "<p>the default value</p>"}, "type": "desc"}, {"attributes": {}, "type": "types", "children": [{"attributes": {"type": "var"}, "type": "entry"}]}]}]}, {"attributes": {"access": "protected", "name": "initResizableLeft", "fromProperty": "resizableLeft"}, "type": "method", "children": [{"attributes": {}, "type": "params", "children": [{"attributes": {"name": "value"}, "type": "param", "children": [{"attributes": {"text": "<p>Initial value for property <code>resizableLeft</code>.</p>"}, "type": "desc"}, {"attributes": {}, "type": "types", "children": [{"attributes": {"type": "var"}, "type": "entry"}]}]}]}, {"attributes": {"text": "<p>Calls the apply method and dispatches the change event of the property <code>resizableLeft</code>\nwith the default value defined by the class developer. This function can\nonly be called from the constructor of a class.</p>\n\n<p>For further details take a look at the property definition: {@link #resizableLeft}.</p>"}, "type": "desc"}, {"attributes": {}, "type": "return", "children": [{"attributes": {"text": "<p>the default value</p>"}, "type": "desc"}, {"attributes": {}, "type": "types", "children": [{"attributes": {"type": "var"}, "type": "entry"}]}]}]}, {"attributes": {"access": "protected", "name": "initResizableRight", "fromProperty": "resizableRight"}, "type": "method", "children": [{"attributes": {}, "type": "params", "children": [{"attributes": {"name": "value"}, "type": "param", "children": [{"attributes": {"text": "<p>Initial value for property <code>resizableRight</code>.</p>"}, "type": "desc"}, {"attributes": {}, "type": "types", "children": [{"attributes": {"type": "var"}, "type": "entry"}]}]}]}, {"attributes": {"text": "<p>Calls the apply method and dispatches the change event of the property <code>resizableRight</code>\nwith the default value defined by the class developer. This function can\nonly be called from the constructor of a class.</p>\n\n<p>For further details take a look at the property definition: {@link #resizableRight}.</p>"}, "type": "desc"}, {"attributes": {}, "type": "return", "children": [{"attributes": {"text": "<p>the default value</p>"}, "type": "desc"}, {"attributes": {}, "type": "types", "children": [{"attributes": {"type": "var"}, "type": "entry"}]}]}]}, {"attributes": {"access": "protected", "name": "initResizableTop", "fromProperty": "resizableTop"}, "type": "method", "children": [{"attributes": {}, "type": "params", "children": [{"attributes": {"name": "value"}, "type": "param", "children": [{"attributes": {"text": "<p>Initial value for property <code>resizableTop</code>.</p>"}, "type": "desc"}, {"attributes": {}, "type": "types", "children": [{"attributes": {"type": "var"}, "type": "entry"}]}]}]}, {"attributes": {"text": "<p>Calls the apply method and dispatches the change event of the property <code>resizableTop</code>\nwith the default value defined by the class developer. This function can\nonly be called from the constructor of a class.</p>\n\n<p>For further details take a look at the property definition: {@link #resizableTop}.</p>"}, "type": "desc"}, {"attributes": {}, "type": "return", "children": [{"attributes": {"text": "<p>the default value</p>"}, "type": "desc"}, {"attributes": {}, "type": "types", "children": [{"attributes": {"type": "var"}, "type": "entry"}]}]}]}, {"attributes": {"access": "protected", "name": "initResizeSensitivity", "fromProperty": "resizeSensitivity"}, "type": "method", "children": [{"attributes": {}, "type": "params", "children": [{"attributes": {"name": "value"}, "type": "param", "children": [{"attributes": {"text": "<p>Initial value for property <code>resizeSensitivity</code>.</p>"}, "type": "desc"}, {"attributes": {}, "type": "types", "children": [{"attributes": {"type": "var"}, "type": "entry"}]}]}]}, {"attributes": {"text": "<p>Calls the apply method and dispatches the change event of the property <code>resizeSensitivity</code>\nwith the default value defined by the class developer. This function can\nonly be called from the constructor of a class.</p>\n\n<p>For further details take a look at the property definition: {@link #resizeSensitivity}.</p>"}, "type": "desc"}, {"attributes": {}, "type": "return", "children": [{"attributes": {"text": "<p>the default value</p>"}, "type": "desc"}, {"attributes": {}, "type": "types", "children": [{"attributes": {"type": "var"}, "type": "entry"}]}]}]}, {"attributes": {"access": "protected", "name": "initUseResizeFrame", "fromProperty": "useResizeFrame"}, "type": "method", "children": [{"attributes": {}, "type": "params", "children": [{"attributes": {"name": "value"}, "type": "param", "children": [{"attributes": {"text": "<p>Initial value for property <code>useResizeFrame</code>.</p>"}, "type": "desc"}, {"attributes": {}, "type": "types", "children": [{"attributes": {"type": "var"}, "type": "entry"}]}]}]}, {"attributes": {"text": "<p>Calls the apply method and dispatches the change event of the property <code>useResizeFrame</code>\nwith the default value defined by the class developer. This function can\nonly be called from the constructor of a class.</p>\n\n<p>For further details take a look at the property definition: {@link #useResizeFrame}.</p>"}, "type": "desc"}, {"attributes": {}, "type": "return", "children": [{"attributes": {"text": "<p>the default value</p>"}, "type": "desc"}, {"attributes": {}, "type": "types", "children": [{"attributes": {"type": "var"}, "type": "entry"}]}]}]}, {"attributes": {"name": "isResizableBottom", "fromProperty": "resizableBottom"}, "type": "method", "children": [{"attributes": {"text": "<p>Check whether the (computed) value of the boolean property <code>resizableBottom</code> equals <code>true</code>.</p>\n\n<p>For further details take a look at the property definition: {@link #resizableBottom}.</p>"}, "type": "desc"}, {"attributes": {}, "type": "return", "children": [{"attributes": {"text": "<p>Whether the property equals <code>true</code>.</p>"}, "type": "desc"}, {"attributes": {}, "type": "types", "children": [{"attributes": {"type": "Boolean"}, "type": "entry"}]}]}]}, {"attributes": {"name": "isResizableLeft", "fromProperty": "resizableLeft"}, "type": "method", "children": [{"attributes": {"text": "<p>Check whether the (computed) value of the boolean property <code>resizableLeft</code> equals <code>true</code>.</p>\n\n<p>For further details take a look at the property definition: {@link #resizableLeft}.</p>"}, "type": "desc"}, {"attributes": {}, "type": "return", "children": [{"attributes": {"text": "<p>Whether the property equals <code>true</code>.</p>"}, "type": "desc"}, {"attributes": {}, "type": "types", "children": [{"attributes": {"type": "Boolean"}, "type": "entry"}]}]}]}, {"attributes": {"name": "isResizableRight", "fromProperty": "resizableRight"}, "type": "method", "children": [{"attributes": {"text": "<p>Check whether the (computed) value of the boolean property <code>resizableRight</code> equals <code>true</code>.</p>\n\n<p>For further details take a look at the property definition: {@link #resizableRight}.</p>"}, "type": "desc"}, {"attributes": {}, "type": "return", "children": [{"attributes": {"text": "<p>Whether the property equals <code>true</code>.</p>"}, "type": "desc"}, {"attributes": {}, "type": "types", "children": [{"attributes": {"type": "Boolean"}, "type": "entry"}]}]}]}, {"attributes": {"name": "isResizableTop", "fromProperty": "resizableTop"}, "type": "method", "children": [{"attributes": {"text": "<p>Check whether the (computed) value of the boolean property <code>resizableTop</code> equals <code>true</code>.</p>\n\n<p>For further details take a look at the property definition: {@link #resizableTop}.</p>"}, "type": "desc"}, {"attributes": {}, "type": "return", "children": [{"attributes": {"text": "<p>Whether the property equals <code>true</code>.</p>"}, "type": "desc"}, {"attributes": {}, "type": "types", "children": [{"attributes": {"type": "Boolean"}, "type": "entry"}]}]}]}, {"attributes": {"name": "isUseResizeFrame", "fromProperty": "useResizeFrame"}, "type": "method", "children": [{"attributes": {"text": "<p>Check whether the (computed) value of the boolean property <code>useResizeFrame</code> equals <code>true</code>.</p>\n\n<p>For further details take a look at the property definition: {@link #useResizeFrame}.</p>"}, "type": "desc"}, {"attributes": {}, "type": "return", "children": [{"attributes": {"text": "<p>Whether the property equals <code>true</code>.</p>"}, "type": "desc"}, {"attributes": {}, "type": "types", "children": [{"attributes": {"type": "Boolean"}, "type": "entry"}]}]}]}, {"attributes": {"name": "resetResizable", "fromProperty": "resizable"}, "type": "method", "children": [{"attributes": {"text": "<p>Resets the user value of the property <code>resizable</code>.</p>\n\n<p>The computed value falls back to the next available value e.g. appearance, init or\ninheritance value depeneding on the property configuration and value availability.</p>\n\n<p>For further details take a look at the property definition: {@link #resizable}.</p>"}, "type": "desc"}]}, {"attributes": {"name": "resetResizableBottom", "fromProperty": "resizableBottom"}, "type": "method", "children": [{"attributes": {"text": "<p>Resets the user value of the property <code>resizableBottom</code>.</p>\n\n<p>The computed value falls back to the next available value e.g. appearance, init or\ninheritance value depeneding on the property configuration and value availability.</p>\n\n<p>For further details take a look at the property definition: {@link #resizableBottom}.</p>"}, "type": "desc"}]}, {"attributes": {"name": "resetResizableLeft", "fromProperty": "resizableLeft"}, "type": "method", "children": [{"attributes": {"text": "<p>Resets the user value of the property <code>resizableLeft</code>.</p>\n\n<p>The computed value falls back to the next available value e.g. appearance, init or\ninheritance value depeneding on the property configuration and value availability.</p>\n\n<p>For further details take a look at the property definition: {@link #resizableLeft}.</p>"}, "type": "desc"}]}, {"attributes": {"name": "resetResizableRight", "fromProperty": "resizableRight"}, "type": "method", "children": [{"attributes": {"text": "<p>Resets the user value of the property <code>resizableRight</code>.</p>\n\n<p>The computed value falls back to the next available value e.g. appearance, init or\ninheritance value depeneding on the property configuration and value availability.</p>\n\n<p>For further details take a look at the property definition: {@link #resizableRight}.</p>"}, "type": "desc"}]}, {"attributes": {"name": "resetResizableTop", "fromProperty": "resizableTop"}, "type": "method", "children": [{"attributes": {"text": "<p>Resets the user value of the property <code>resizableTop</code>.</p>\n\n<p>The computed value falls back to the next available value e.g. appearance, init or\ninheritance value depeneding on the property configuration and value availability.</p>\n\n<p>For further details take a look at the property definition: {@link #resizableTop}.</p>"}, "type": "desc"}]}, {"attributes": {"name": "resetResizeSensitivity", "fromProperty": "resizeSensitivity"}, "type": "method", "children": [{"attributes": {"text": "<p>Resets the user value of the property <code>resizeSensitivity</code>.</p>\n\n<p>The computed value falls back to the next available value e.g. appearance, init or\ninheritance value depeneding on the property configuration and value availability.</p>\n\n<p>For further details take a look at the property definition: {@link #resizeSensitivity}.</p>"}, "type": "desc"}]}, {"attributes": {"name": "resetUseResizeFrame", "fromProperty": "useResizeFrame"}, "type": "method", "children": [{"attributes": {"text": "<p>Resets the user value of the property <code>useResizeFrame</code>.</p>\n\n<p>The computed value falls back to the next available value e.g. appearance, init or\ninheritance value depeneding on the property configuration and value availability.</p>\n\n<p>For further details take a look at the property definition: {@link #useResizeFrame}.</p>"}, "type": "desc"}]}, {"attributes": {"line": 13, "name": "setResizable", "fromProperty": "resizable"}, "type": "method", "children": [{"attributes": {}, "type": "params", "children": [{"attributes": {"name": "resizableTop"}, "type": "param", "children": [{"attributes": {"text": "<p>Sets the value of the property {@link #resizableTop}.</p>"}, "type": "desc"}, {"attributes": {}, "type": "types", "children": [{"attributes": {"type": "var"}, "type": "entry"}]}]}, {"attributes": {"name": "resizableRight"}, "type": "param", "children": [{"attributes": {"text": "<p>Sets the value of the property {@link #resizableRight}.</p>"}, "type": "desc"}, {"attributes": {}, "type": "types", "children": [{"attributes": {"type": "var"}, "type": "entry"}]}]}, {"attributes": {"name": "resizableBottom"}, "type": "param", "children": [{"attributes": {"text": "<p>Sets the value of the property {@link #resizableBottom}.</p>"}, "type": "desc"}, {"attributes": {}, "type": "types", "children": [{"attributes": {"type": "var"}, "type": "entry"}]}]}, {"attributes": {"name": "resizableLeft"}, "type": "param", "children": [{"attributes": {"text": "<p>Sets the value of the property {@link #resizableLeft}.</p>"}, "type": "desc"}, {"attributes": {}, "type": "types", "children": [{"attributes": {"type": "var"}, "type": "entry"}]}]}]}, {"attributes": {"text": "<p>Sets the values of the property group <code>resizable</code>.</p>\n\n<p>This setter supports a shorthand mode compatible with the way margins and paddins are set in <span class=\"caps\">CSS</span>.</p>\n\n<p>For further details take a look at the property definition: {@link #resizable}.</p>"}, "type": "desc"}]}, {"attributes": {"name": "setResizableBottom", "fromProperty": "resizableBottom"}, "type": "method", "children": [{"attributes": {}, "type": "params", "children": [{"attributes": {"name": "value"}, "type": "param", "children": [{"attributes": {"text": "<p>New value for property <code>resizableBottom</code>.</p>"}, "type": "desc"}, {"attributes": {}, "type": "types", "children": [{"attributes": {"type": "var"}, "type": "entry"}]}]}]}, {"attributes": {"text": "<p>Sets the user value of the property <code>resizableBottom</code>.</p>\n\n<p>For further details take a look at the property definition: {@link #resizableBottom}.</p>"}, "type": "desc"}, {"attributes": {}, "type": "return", "children": [{"attributes": {"text": "<p>The unmodified incoming value.</p>"}, "type": "desc"}, {"attributes": {}, "type": "types", "children": [{"attributes": {"type": "var"}, "type": "entry"}]}]}]}, {"attributes": {"name": "setResizableLeft", "fromProperty": "resizableLeft"}, "type": "method", "children": [{"attributes": {}, "type": "params", "children": [{"attributes": {"name": "value"}, "type": "param", "children": [{"attributes": {"text": "<p>New value for property <code>resizableLeft</code>.</p>"}, "type": "desc"}, {"attributes": {}, "type": "types", "children": [{"attributes": {"type": "var"}, "type": "entry"}]}]}]}, {"attributes": {"text": "<p>Sets the user value of the property <code>resizableLeft</code>.</p>\n\n<p>For further details take a look at the property definition: {@link #resizableLeft}.</p>"}, "type": "desc"}, {"attributes": {}, "type": "return", "children": [{"attributes": {"text": "<p>The unmodified incoming value.</p>"}, "type": "desc"}, {"attributes": {}, "type": "types", "children": [{"attributes": {"type": "var"}, "type": "entry"}]}]}]}, {"attributes": {"name": "setResizableRight", "fromProperty": "resizableRight"}, "type": "method", "children": [{"attributes": {}, "type": "params", "children": [{"attributes": {"name": "value"}, "type": "param", "children": [{"attributes": {"text": "<p>New value for property <code>resizableRight</code>.</p>"}, "type": "desc"}, {"attributes": {}, "type": "types", "children": [{"attributes": {"type": "var"}, "type": "entry"}]}]}]}, {"attributes": {"text": "<p>Sets the user value of the property <code>resizableRight</code>.</p>\n\n<p>For further details take a look at the property definition: {@link #resizableRight}.</p>"}, "type": "desc"}, {"attributes": {}, "type": "return", "children": [{"attributes": {"text": "<p>The unmodified incoming value.</p>"}, "type": "desc"}, {"attributes": {}, "type": "types", "children": [{"attributes": {"type": "var"}, "type": "entry"}]}]}]}, {"attributes": {"name": "setResizableTop", "fromProperty": "resizableTop"}, "type": "method", "children": [{"attributes": {}, "type": "params", "children": [{"attributes": {"name": "value"}, "type": "param", "children": [{"attributes": {"text": "<p>New value for property <code>resizableTop</code>.</p>"}, "type": "desc"}, {"attributes": {}, "type": "types", "children": [{"attributes": {"type": "var"}, "type": "entry"}]}]}]}, {"attributes": {"text": "<p>Sets the user value of the property <code>resizableTop</code>.</p>\n\n<p>For further details take a look at the property definition: {@link #resizableTop}.</p>"}, "type": "desc"}, {"attributes": {}, "type": "return", "children": [{"attributes": {"text": "<p>The unmodified incoming value.</p>"}, "type": "desc"}, {"attributes": {}, "type": "types", "children": [{"attributes": {"type": "var"}, "type": "entry"}]}]}]}, {"attributes": {"name": "setResizeSensitivity", "fromProperty": "resizeSensitivity"}, "type": "method", "children": [{"attributes": {}, "type": "params", "children": [{"attributes": {"name": "value"}, "type": "param", "children": [{"attributes": {"text": "<p>New value for property <code>resizeSensitivity</code>.</p>"}, "type": "desc"}, {"attributes": {}, "type": "types", "children": [{"attributes": {"type": "var"}, "type": "entry"}]}]}]}, {"attributes": {"text": "<p>Sets the user value of the property <code>resizeSensitivity</code>.</p>\n\n<p>For further details take a look at the property definition: {@link #resizeSensitivity}.</p>"}, "type": "desc"}, {"attributes": {}, "type": "return", "children": [{"attributes": {"text": "<p>The unmodified incoming value.</p>"}, "type": "desc"}, {"attributes": {}, "type": "types", "children": [{"attributes": {"type": "var"}, "type": "entry"}]}]}]}, {"attributes": {"name": "setUseResizeFrame", "fromProperty": "useResizeFrame"}, "type": "method", "children": [{"attributes": {}, "type": "params", "children": [{"attributes": {"name": "value"}, "type": "param", "children": [{"attributes": {"text": "<p>New value for property <code>useResizeFrame</code>.</p>"}, "type": "desc"}, {"attributes": {}, "type": "types", "children": [{"attributes": {"type": "var"}, "type": "entry"}]}]}]}, {"attributes": {"text": "<p>Sets the user value of the property <code>useResizeFrame</code>.</p>\n\n<p>For further details take a look at the property definition: {@link #useResizeFrame}.</p>"}, "type": "desc"}, {"attributes": {}, "type": "return", "children": [{"attributes": {"text": "<p>The unmodified incoming value.</p>"}, "type": "desc"}, {"attributes": {}, "type": "types", "children": [{"attributes": {"type": "var"}, "type": "entry"}]}]}]}, {"attributes": {"name": "toggleResizableBottom", "fromProperty": "resizableBottom"}, "type": "method", "children": [{"attributes": {"text": "<p>Toggles the (computed) value of the boolean property <code>resizableBottom</code>.</p>\n\n<p>For further details take a look at the property definition: {@link #resizableBottom}.</p>"}, "type": "desc"}, {"attributes": {}, "type": "return", "children": [{"attributes": {"text": "<p>the new value</p>"}, "type": "desc"}, {"attributes": {}, "type": "types", "children": [{"attributes": {"type": "Boolean"}, "type": "entry"}]}]}]}, {"attributes": {"name": "toggleResizableLeft", "fromProperty": "resizableLeft"}, "type": "method", "children": [{"attributes": {"text": "<p>Toggles the (computed) value of the boolean property <code>resizableLeft</code>.</p>\n\n<p>For further details take a look at the property definition: {@link #resizableLeft}.</p>"}, "type": "desc"}, {"attributes": {}, "type": "return", "children": [{"attributes": {"text": "<p>the new value</p>"}, "type": "desc"}, {"attributes": {}, "type": "types", "children": [{"attributes": {"type": "Boolean"}, "type": "entry"}]}]}]}, {"attributes": {"name": "toggleResizableRight", "fromProperty": "resizableRight"}, "type": "method", "children": [{"attributes": {"text": "<p>Toggles the (computed) value of the boolean property <code>resizableRight</code>.</p>\n\n<p>For further details take a look at the property definition: {@link #resizableRight}.</p>"}, "type": "desc"}, {"attributes": {}, "type": "return", "children": [{"attributes": {"text": "<p>the new value</p>"}, "type": "desc"}, {"attributes": {}, "type": "types", "children": [{"attributes": {"type": "Boolean"}, "type": "entry"}]}]}]}, {"attributes": {"name": "toggleResizableTop", "fromProperty": "resizableTop"}, "type": "method", "children": [{"attributes": {"text": "<p>Toggles the (computed) value of the boolean property <code>resizableTop</code>.</p>\n\n<p>For further details take a look at the property definition: {@link #resizableTop}.</p>"}, "type": "desc"}, {"attributes": {}, "type": "return", "children": [{"attributes": {"text": "<p>the new value</p>"}, "type": "desc"}, {"attributes": {}, "type": "types", "children": [{"attributes": {"type": "Boolean"}, "type": "entry"}]}]}]}, {"attributes": {"name": "toggleUseResizeFrame", "fromProperty": "useResizeFrame"}, "type": "method", "children": [{"attributes": {"text": "<p>Toggles the (computed) value of the boolean property <code>useResizeFrame</code>.</p>\n\n<p>For further details take a look at the property definition: {@link #useResizeFrame}.</p>"}, "type": "desc"}, {"attributes": {}, "type": "return", "children": [{"attributes": {"text": "<p>the new value</p>"}, "type": "desc"}, {"attributes": {}, "type": "types", "children": [{"attributes": {"type": "Boolean"}, "type": "entry"}]}]}]}]}, {"attributes": {}, "type": "properties", "children": [{"attributes": {"isMixin": true, "propertyType": "group", "group": "\"resizableTop\",\"resizableRight\",\"resizableBottom\",\"resizableLeft\"", "mode": "shorthand", "name": "resizable"}, "type": "property", "children": [{"attributes": {"text": "<p>Property group to configure the resize behaviour for all edges at once</p>"}, "type": "desc"}]}, {"attributes": {"defaultValue": "true", "propertyType": "new", "isMixin": true, "check": "Boolean", "name": "resizableBottom"}, "type": "property", "children": [{"attributes": {"text": "<p>Whether the bottom edge is resizable</p>"}, "type": "desc"}]}, {"attributes": {"defaultValue": "true", "propertyType": "new", "isMixin": true, "check": "Boolean", "name": "resizableLeft"}, "type": "property", "children": [{"attributes": {"text": "<p>Whether the left edge is resizable</p>"}, "type": "desc"}]}, {"attributes": {"defaultValue": "true", "propertyType": "new", "isMixin": true, "check": "Boolean", "name": "resizableRight"}, "type": "property", "children": [{"attributes": {"text": "<p>Whether the right edge is resizable</p>"}, "type": "desc"}]}, {"attributes": {"defaultValue": "true", "propertyType": "new", "isMixin": true, "check": "Boolean", "name": "resizableTop"}, "type": "property", "children": [{"attributes": {"text": "<p>Whether the top edge is resizable</p>"}, "type": "desc"}]}, {"attributes": {"defaultValue": "5", "propertyType": "new", "isMixin": true, "check": "Integer", "name": "resizeSensitivity"}, "type": "property", "children": [{"attributes": {"text": "<p>The tolerance to activate resizing</p>"}, "type": "desc"}]}, {"attributes": {"defaultValue": "true", "propertyType": "new", "isMixin": true, "check": "Boolean", "name": "useResizeFrame"}, "type": "property", "children": [{"attributes": {"text": "<p>Whether a frame replacement should be used during the resize sequence</p>"}, "type": "desc"}]}]}]}