{"attributes": {"isAbstract": true, "name": "LayoutItem", "packageName": "qx.ui.core", "superClass": "qx.core.Object", "childClasses": "qx.ui.core.ColumnData,qx.ui.core.Spacer,qx.ui.core.Widget", "fullName": "qx.ui.core.LayoutItem", "type": "class"}, "type": "class", "children": [{"attributes": {"text": "<p>The base class of all items, which should be laid out using a layout manager\n{@link qx.ui.layout.Abstract}.</p>"}, "type": "desc"}, {"attributes": {}, "type": "constructor", "children": [{"attributes": {"docFrom": "qx.core.Object", "line": 30, "isCtor": true, "overriddenFrom": "qx.core.Object", "name": "ctor"}, "type": "method"}]}, {"attributes": {}, "type": "methods", "children": [{"attributes": {"access": "protected", "line": 741, "name": "_applyAlign"}, "type": "method", "children": [{"attributes": {}, "type": "apply", "children": [{"attributes": {"applies": "qx.ui.core.LayoutItem#alignY"}, "type": "entry"}, {"attributes": {"applies": "qx.ui.core.LayoutItem#alignX"}, "type": "entry"}]}, {"attributes": {}, "type": "params", "children": [{"attributes": {"name": "value"}, "type": "param", "children": [{"attributes": {"text": "<p>new value of the property</p>"}, "type": "desc"}, {"attributes": {}, "type": "types", "children": [{"attributes": {"type": "var"}, "type": "entry"}]}]}, {"attributes": {"name": "old"}, "type": "param", "children": [{"attributes": {"text": "<p>previous value of the property (null if it was not yet set).</p>"}, "type": "desc"}, {"attributes": {}, "type": "types", "children": [{"attributes": {"type": "var"}, "type": "entry"}]}]}]}, {"attributes": {"text": "<p>Applies changes of the property value of the properties <code>alignX</code> and <code>alignY</code>.</p>\n\n<p>For further details take a look at the property definitions: {@link #alignX} and {@link #alignY}.</p>"}, "type": "desc"}]}, {"attributes": {"access": "protected", "line": 751, "name": "_applyDimension"}, "type": "method", "children": [{"attributes": {}, "type": "apply", "children": [{"attributes": {"applies": "qx.ui.core.LayoutItem#maxWidth"}, "type": "entry"}, {"attributes": {"applies": "qx.ui.core.LayoutItem#minHeight"}, "type": "entry"}, {"attributes": {"applies": "qx.ui.core.LayoutItem#maxHeight"}, "type": "entry"}, {"attributes": {"applies": "qx.ui.core.LayoutItem#height"}, "type": "entry"}, {"attributes": {"applies": "qx.ui.core.LayoutItem#minWidth"}, "type": "entry"}, {"attributes": {"applies": "qx.ui.core.LayoutItem#width"}, "type": "entry"}]}, {"attributes": {}, "type": "params", "children": [{"attributes": {"name": "value"}, "type": "param", "children": [{"attributes": {"text": "<p>new value of the property</p>"}, "type": "desc"}, {"attributes": {}, "type": "types", "children": [{"attributes": {"type": "Integer"}, "type": "entry"}]}]}, {"attributes": {"name": "old"}, "type": "param", "children": [{"attributes": {"text": "<p>previous value of the property (null if it was not yet set).</p>"}, "type": "desc"}, {"attributes": {}, "type": "types", "children": [{"attributes": {"type": "Integer"}, "type": "entry"}]}]}]}, {"attributes": {"text": "<p>Applies changes of the property value of the properties <code>height</code>, <code>maxHeight</code>, <code>maxWidth</code>, <code>minHeight</code>, <code>minWidth</code> and <code>width</code>.</p>\n\n<p>For further details take a look at the property definitions: {@link #height}, {@link #maxHeight}, {@link #maxWidth}, {@link #minHeight}, {@link #minWidth} and {@link #width}.</p>"}, "type": "desc"}]}, {"attributes": {"access": "protected", "line": 729, "name": "_applyMargin"}, "type": "method", "children": [{"attributes": {}, "type": "apply", "children": [{"attributes": {"applies": "qx.ui.core.LayoutItem#marginBottom"}, "type": "entry"}, {"attributes": {"applies": "qx.ui.core.LayoutItem#marginLeft"}, "type": "entry"}, {"attributes": {"applies": "qx.ui.core.LayoutItem#marginRight"}, "type": "entry"}, {"attributes": {"applies": "qx.ui.core.LayoutItem#marginTop"}, "type": "entry"}]}, {"attributes": {}, "type": "params", "children": [{"attributes": {"name": "value"}, "type": "param", "children": [{"attributes": {"text": "<p>new value of the property</p>"}, "type": "desc"}, {"attributes": {}, "type": "types", "children": [{"attributes": {"type": "Integer"}, "type": "entry"}]}]}, {"attributes": {"name": "old"}, "type": "param", "children": [{"attributes": {"text": "<p>previous value of the property (null if it was not yet set).</p>"}, "type": "desc"}, {"attributes": {}, "type": "types", "children": [{"attributes": {"type": "Integer"}, "type": "entry"}]}]}]}, {"attributes": {"text": "<p>Applies changes of the property value of the properties <code>marginBottom</code>, <code>marginLeft</code>, <code>marginRight</code> and <code>marginTop</code>.</p>\n\n<p>For further details take a look at the property definitions: {@link #marginBottom}, {@link #marginLeft}, {@link #marginRight} and {@link #marginTop}.</p>"}, "type": "desc"}]}, {"attributes": {"access": "protected", "line": 757, "name": "_applyStretching"}, "type": "method", "children": [{"attributes": {}, "type": "apply", "children": [{"attributes": {"applies": "qx.ui.core.LayoutItem#allowGrowX"}, "type": "entry"}, {"attributes": {"applies": "qx.ui.core.LayoutItem#allowGrowY"}, "type": "entry"}, {"attributes": {"applies": "qx.ui.core.LayoutItem#allowShrinkX"}, "type": "entry"}, {"attributes": {"applies": "qx.ui.core.LayoutItem#allowShrinkY"}, "type": "entry"}]}, {"attributes": {}, "type": "params", "children": [{"attributes": {"name": "value"}, "type": "param", "children": [{"attributes": {"text": "<p>new value of the property</p>"}, "type": "desc"}, {"attributes": {}, "type": "types", "children": [{"attributes": {"type": "Boolean"}, "type": "entry"}]}]}, {"attributes": {"name": "old"}, "type": "param", "children": [{"attributes": {"text": "<p>previous value of the property (null if it was not yet set).</p>"}, "type": "desc"}, {"attributes": {}, "type": "types", "children": [{"attributes": {"type": "Boolean"}, "type": "entry"}]}]}]}, {"attributes": {"text": "<p>Applies changes of the property value of the properties <code>allowGrowX</code>, <code>allowGrowY</code>, <code>allowShrinkX</code> and <code>allowShrinkY</code>.</p>\n\n<p>For further details take a look at the property definitions: {@link #allowGrowX}, {@link #allowGrowY}, {@link #allowShrinkX} and {@link #allowShrinkY}.</p>"}, "type": "desc"}]}, {"attributes": {"access": "protected", "line": 661, "name": "_computeSizeHint"}, "type": "method", "children": [{"attributes": {"text": "<p>Computes the size hint of the layout item.</p>"}, "type": "desc"}, {"attributes": {}, "type": "return", "children": [{"attributes": {"text": "<p>The map with the preferred width/height and the allowed minimum and maximum values.</p>"}, "type": "desc"}, {"attributes": {}, "type": "types", "children": [{"attributes": {"type": "Map"}, "type": "entry"}]}]}]}, {"attributes": {"access": "protected", "line": 707, "name": "_getHeightForWidth"}, "type": "method", "children": [{"attributes": {}, "type": "params", "children": [{"attributes": {"name": "width"}, "type": "param", "children": [{"attributes": {"text": "<p>The computed width</p>"}, "type": "desc"}, {"attributes": {}, "type": "types", "children": [{"attributes": {"type": "Integer"}, "type": "entry"}]}]}]}, {"attributes": {"text": "<p>If an item wants to trade height for width it has to implement this\nmethod and return the preferred height of the item if it is resized to\nthe given width. This function returns <code>null</code> if the item\ndo not support height for width.</p>"}, "type": "desc"}, {"attributes": {}, "type": "return", "children": [{"attributes": {"text": "<p>The desired height</p>"}, "type": "desc"}, {"attributes": {}, "type": "types", "children": [{"attributes": {"type": "Integer"}, "type": "entry"}]}]}]}, {"attributes": {"access": "protected", "line": 723, "name": "_getLayout"}, "type": "method", "children": [{"attributes": {"text": "<p>Get the widget&#8217;s layout manager.</p>"}, "type": "desc"}, {"attributes": {}, "type": "return", "children": [{"attributes": {"text": "<p>The widget&#8217;s layout manager</p>"}, "type": "desc"}, {"attributes": {}, "type": "types", "children": [{"attributes": {"type": "qx.ui.layout.Abstract"}, "type": "entry"}]}]}]}, {"attributes": {"access": "protected", "line": 989, "name": "_getRoot"}, "type": "method", "children": [{"attributes": {"text": "<p>Returns the root item. The root item is the item which\nis directly inserted into an existing <span class=\"caps\">DOM</span> node at <span class=\"caps\">HTML</span> level.\nThis is often the <span class=\"caps\">BODY</span> element of a typical web page.</p>"}, "type": "desc"}, {"attributes": {}, "type": "return", "children": [{"attributes": {"text": "<p>The root item (if available)</p>"}, "type": "desc"}, {"attributes": {}, "type": "types", "children": [{"attributes": {"type": "qx.ui.core.Widget"}, "type": "entry"}]}]}]}, {"attributes": {"access": "protected", "line": 688, "name": "_hasHeightForWidth"}, "type": "method", "children": [{"attributes": {"text": "<p>Whether the item supports height for width.</p>"}, "type": "desc"}, {"attributes": {}, "type": "return", "children": [{"attributes": {"text": "<p>Whether the item supports height for width</p>"}, "type": "desc"}, {"attributes": {}, "type": "types", "children": [{"attributes": {"type": "Boolean"}, "type": "entry"}]}]}]}, {"attributes": {"access": "protected", "line": 1, "name": "_onChangeTheme"}, "type": "method", "children": [{"attributes": {"text": "<p>Handler for the dynamic theme change.</p>"}, "type": "desc"}]}, {"attributes": {"line": 881, "name": "clearLayoutProperties"}, "type": "method", "children": [{"attributes": {"text": "<p>Removes all stored layout properties.</p>"}, "type": "desc"}]}, {"attributes": {"line": 416, "name": "clearSeparators"}, "type": "method", "children": [{"attributes": {"text": "<p>Reconfigure number of separators</p>"}, "type": "desc"}]}, {"attributes": {"docFrom": "qx.core.Object", "line": 1016, "overriddenFrom": "qx.core.Object", "name": "clone"}, "type": "method"}, {"attributes": {"name": "getAlignX", "fromProperty": "alignX"}, "type": "method", "children": [{"attributes": {"text": "<p>Returns the (computed) value of the property <code>alignX</code>.</p>\n\n<p>For further details take a look at the property definition: {@link #alignX}.</p>"}, "type": "desc"}, {"attributes": {}, "type": "return", "children": [{"attributes": {"text": "<p>(Computed) value of <code>alignX</code>.</p>"}, "type": "desc"}, {"attributes": {}, "type": "types", "children": [{"attributes": {"type": "var"}, "type": "entry"}]}]}]}, {"attributes": {"name": "getAlignY", "fromProperty": "alignY"}, "type": "method", "children": [{"attributes": {"text": "<p>Returns the (computed) value of the property <code>alignY</code>.</p>\n\n<p>For further details take a look at the property definition: {@link #alignY}.</p>"}, "type": "desc"}, {"attributes": {}, "type": "return", "children": [{"attributes": {"text": "<p>(Computed) value of <code>alignY</code>.</p>"}, "type": "desc"}, {"attributes": {}, "type": "types", "children": [{"attributes": {"type": "var"}, "type": "entry"}]}]}]}, {"attributes": {"name": "getAllowGrowX", "fromProperty": "allowGrowX"}, "type": "method", "children": [{"attributes": {"text": "<p>Returns the (computed) value of the property <code>allowGrowX</code>.</p>\n\n<p>For further details take a look at the property definition: {@link #allowGrowX}.</p>"}, "type": "desc"}, {"attributes": {}, "type": "return", "children": [{"attributes": {"text": "<p>(Computed) value of <code>allowGrowX</code>.</p>"}, "type": "desc"}, {"attributes": {}, "type": "types", "children": [{"attributes": {"type": "var"}, "type": "entry"}]}]}]}, {"attributes": {"name": "getAllowGrowY", "fromProperty": "allowGrowY"}, "type": "method", "children": [{"attributes": {"text": "<p>Returns the (computed) value of the property <code>allowGrowY</code>.</p>\n\n<p>For further details take a look at the property definition: {@link #allowGrowY}.</p>"}, "type": "desc"}, {"attributes": {}, "type": "return", "children": [{"attributes": {"text": "<p>(Computed) value of <code>allowGrowY</code>.</p>"}, "type": "desc"}, {"attributes": {}, "type": "types", "children": [{"attributes": {"type": "var"}, "type": "entry"}]}]}]}, {"attributes": {"name": "getAllowShrinkX", "fromProperty": "allowShrinkX"}, "type": "method", "children": [{"attributes": {"text": "<p>Returns the (computed) value of the property <code>allowShrinkX</code>.</p>\n\n<p>For further details take a look at the property definition: {@link #allowShrinkX}.</p>"}, "type": "desc"}, {"attributes": {}, "type": "return", "children": [{"attributes": {"text": "<p>(Computed) value of <code>allowShrinkX</code>.</p>"}, "type": "desc"}, {"attributes": {}, "type": "types", "children": [{"attributes": {"type": "var"}, "type": "entry"}]}]}]}, {"attributes": {"name": "getAllowShrinkY", "fromProperty": "allowShrinkY"}, "type": "method", "children": [{"attributes": {"text": "<p>Returns the (computed) value of the property <code>allowShrinkY</code>.</p>\n\n<p>For further details take a look at the property definition: {@link #allowShrinkY}.</p>"}, "type": "desc"}, {"attributes": {}, "type": "return", "children": [{"attributes": {"text": "<p>(Computed) value of <code>allowShrinkY</code>.</p>"}, "type": "desc"}, {"attributes": {}, "type": "types", "children": [{"attributes": {"type": "var"}, "type": "entry"}]}]}]}, {"attributes": {"line": 938, "name": "getApplicationRoot"}, "type": "method", "children": [{"attributes": {"text": "<p>Returns the application root</p>"}, "type": "desc"}, {"attributes": {}, "type": "return", "children": [{"attributes": {"text": "<p>The currently used root</p>"}, "type": "desc"}, {"attributes": {}, "type": "types", "children": [{"attributes": {"type": "qx.ui.root.Abstract"}, "type": "entry"}]}]}]}, {"attributes": {"line": 408, "name": "getBounds"}, "type": "method", "children": [{"attributes": {"text": "<p>Get the computed location and dimension as computed by\nthe layout manager.</p>"}, "type": "desc"}, {"attributes": {}, "type": "return", "children": [{"attributes": {"text": "<p>The location and dimensions in pixel (if the layout is valid). Contains the keys <code>width</code>, <code>height</code>, <code>left</code> and <code>top</code>.</p>"}, "type": "desc"}, {"attributes": {}, "type": "types", "children": [{"attributes": {"type": "Map"}, "type": "entry"}]}]}]}, {"attributes": {"name": "getHeight", "fromProperty": "height"}, "type": "method", "children": [{"attributes": {"text": "<p>Returns the (computed) value of the property <code>height</code>.</p>\n\n<p>For further details take a look at the property definition: {@link #height}.</p>"}, "type": "desc"}, {"attributes": {}, "type": "return", "children": [{"attributes": {"text": "<p>(Computed) value of <code>height</code>.</p>"}, "type": "desc"}, {"attributes": {}, "type": "types", "children": [{"attributes": {"type": "var"}, "type": "entry"}]}]}]}, {"attributes": {"line": 950, "name": "getLayoutParent"}, "type": "method", "children": [{"attributes": {"text": "<p>Get the items parent. Even if the item has been added to a\nlayout, the parent is always a child of the containing item. The parent\nitem may be <code>null</code>.</p>"}, "type": "desc"}, {"attributes": {}, "type": "return", "children": [{"attributes": {"text": "<p>The parent.</p>"}, "type": "desc"}, {"attributes": {}, "type": "types", "children": [{"attributes": {"type": "qx.ui.core.Widget"}, "type": "entry"}, {"attributes": {"type": "null"}, "type": "entry"}]}]}]}, {"attributes": {"line": 872, "name": "getLayoutProperties"}, "type": "method", "children": [{"attributes": {"text": "<p>Returns currently stored layout properties</p>"}, "type": "desc"}, {"attributes": {}, "type": "return", "children": [{"attributes": {"text": "<p>Returns a map of layout properties</p>"}, "type": "desc"}, {"attributes": {}, "type": "types", "children": [{"attributes": {"type": "Map"}, "type": "entry"}]}]}]}, {"attributes": {"name": "getMarginBottom", "fromProperty": "marginBottom"}, "type": "method", "children": [{"attributes": {"text": "<p>Returns the (computed) value of the property <code>marginBottom</code>.</p>\n\n<p>For further details take a look at the property definition: {@link #marginBottom}.</p>"}, "type": "desc"}, {"attributes": {}, "type": "return", "children": [{"attributes": {"text": "<p>(Computed) value of <code>marginBottom</code>.</p>"}, "type": "desc"}, {"attributes": {}, "type": "types", "children": [{"attributes": {"type": "var"}, "type": "entry"}]}]}]}, {"attributes": {"name": "getMarginLeft", "fromProperty": "marginLeft"}, "type": "method", "children": [{"attributes": {"text": "<p>Returns the (computed) value of the property <code>marginLeft</code>.</p>\n\n<p>For further details take a look at the property definition: {@link #marginLeft}.</p>"}, "type": "desc"}, {"attributes": {}, "type": "return", "children": [{"attributes": {"text": "<p>(Computed) value of <code>marginLeft</code>.</p>"}, "type": "desc"}, {"attributes": {}, "type": "types", "children": [{"attributes": {"type": "var"}, "type": "entry"}]}]}]}, {"attributes": {"name": "getMarginRight", "fromProperty": "marginRight"}, "type": "method", "children": [{"attributes": {"text": "<p>Returns the (computed) value of the property <code>marginRight</code>.</p>\n\n<p>For further details take a look at the property definition: {@link #marginRight}.</p>"}, "type": "desc"}, {"attributes": {}, "type": "return", "children": [{"attributes": {"text": "<p>(Computed) value of <code>marginRight</code>.</p>"}, "type": "desc"}, {"attributes": {}, "type": "types", "children": [{"attributes": {"type": "var"}, "type": "entry"}]}]}]}, {"attributes": {"name": "getMarginTop", "fromProperty": "marginTop"}, "type": "method", "children": [{"attributes": {"text": "<p>Returns the (computed) value of the property <code>marginTop</code>.</p>\n\n<p>For further details take a look at the property definition: {@link #marginTop}.</p>"}, "type": "desc"}, {"attributes": {}, "type": "return", "children": [{"attributes": {"text": "<p>(Computed) value of <code>marginTop</code>.</p>"}, "type": "desc"}, {"attributes": {}, "type": "types", "children": [{"attributes": {"type": "var"}, "type": "entry"}]}]}]}, {"attributes": {"name": "getMaxHeight", "fromProperty": "maxHeight"}, "type": "method", "children": [{"attributes": {"text": "<p>Returns the (computed) value of the property <code>maxHeight</code>.</p>\n\n<p>For further details take a look at the property definition: {@link #maxHeight}.</p>"}, "type": "desc"}, {"attributes": {}, "type": "return", "children": [{"attributes": {"text": "<p>(Computed) value of <code>maxHeight</code>.</p>"}, "type": "desc"}, {"attributes": {}, "type": "types", "children": [{"attributes": {"type": "var"}, "type": "entry"}]}]}]}, {"attributes": {"name": "getMaxWidth", "fromProperty": "maxWidth"}, "type": "method", "children": [{"attributes": {"text": "<p>Returns the (computed) value of the property <code>maxWidth</code>.</p>\n\n<p>For further details take a look at the property definition: {@link #maxWidth}.</p>"}, "type": "desc"}, {"attributes": {}, "type": "return", "children": [{"attributes": {"text": "<p>(Computed) value of <code>maxWidth</code>.</p>"}, "type": "desc"}, {"attributes": {}, "type": "types", "children": [{"attributes": {"type": "var"}, "type": "entry"}]}]}]}, {"attributes": {"name": "getMinHeight", "fromProperty": "minHeight"}, "type": "method", "children": [{"attributes": {"text": "<p>Returns the (computed) value of the property <code>minHeight</code>.</p>\n\n<p>For further details take a look at the property definition: {@link #minHeight}.</p>"}, "type": "desc"}, {"attributes": {}, "type": "return", "children": [{"attributes": {"text": "<p>(Computed) value of <code>minHeight</code>.</p>"}, "type": "desc"}, {"attributes": {}, "type": "types", "children": [{"attributes": {"type": "var"}, "type": "entry"}]}]}]}, {"attributes": {"name": "getMinWidth", "fromProperty": "minWidth"}, "type": "method", "children": [{"attributes": {"text": "<p>Returns the (computed) value of the property <code>minWidth</code>.</p>\n\n<p>For further details take a look at the property definition: {@link #minWidth}.</p>"}, "type": "desc"}, {"attributes": {}, "type": "return", "children": [{"attributes": {"text": "<p>(Computed) value of <code>minWidth</code>.</p>"}, "type": "desc"}, {"attributes": {}, "type": "types", "children": [{"attributes": {"type": "var"}, "type": "entry"}]}]}]}, {"attributes": {"line": 598, "name": "getSizeHint"}, "type": "method", "children": [{"attributes": {}, "type": "params", "children": [{"attributes": {"defaultValue": "true", "optional": true, "name": "compute"}, "type": "param", "children": [{"attributes": {"text": "<p>Automatically compute size hint if currently not cached?</p>"}, "type": "desc"}, {"attributes": {}, "type": "types", "children": [{"attributes": {"type": "Boolean"}, "type": "entry"}]}]}]}, {"attributes": {"text": "<p>A size hint computes the dimensions of a widget. It returns\nthe recommended dimensions as well as the min and max dimensions.\nThe min and max values already respect the stretching properties.</p>\n\n<h3>Wording</h3>\n<ul>\n<li>User value: Value defined by the widget user, using the size properties</li>\n\n<li>Layout value: The value computed by {@link qx.ui.core.Widget#_getContentHint}</li>\n</ul>\n\n<h3>Algorithm</h3>\n<ul>\n<li>minSize: If the user min size is not null, the user value is taken,\n    otherwise the layout value is used.</li>\n\n<li>(preferred) size: If the user value is not null the user value is used,\n    otherwise the layout value is used.</li>\n\n<li>max size: Same as the preferred size.</li>\n</ul>"}, "type": "desc"}, {"attributes": {}, "type": "return", "children": [{"attributes": {"text": "<p>The map with the preferred width/height and the allowed minimum and maximum values in cases where shrinking or growing is required.</p>"}, "type": "desc"}, {"attributes": {}, "type": "types", "children": [{"attributes": {"type": "Map"}, "type": "entry"}]}]}]}, {"attributes": {"name": "getWidth", "fromProperty": "width"}, "type": "method", "children": [{"attributes": {"text": "<p>Returns the (computed) value of the property <code>width</code>.</p>\n\n<p>For further details take a look at the property definition: {@link #width}.</p>"}, "type": "desc"}, {"attributes": {}, "type": "return", "children": [{"attributes": {"text": "<p>(Computed) value of <code>width</code>.</p>"}, "type": "desc"}, {"attributes": {}, "type": "types", "children": [{"attributes": {"type": "var"}, "type": "entry"}]}]}]}, {"attributes": {"line": 777, "name": "hasUserBounds"}, "type": "method", "children": [{"attributes": {"text": "<p>Whether user bounds are set on this layout item</p>"}, "type": "desc"}, {"attributes": {}, "type": "return", "children": [{"attributes": {"text": "<p>Whether user bounds are set on this layout item</p>"}, "type": "desc"}, {"attributes": {}, "type": "types", "children": [{"attributes": {"type": "Boolean"}, "type": "entry"}]}]}]}, {"attributes": {"line": 541, "name": "hasValidLayout"}, "type": "method", "children": [{"attributes": {"text": "<p>Whether the layout of this item (to layout the children)\nis valid.</p>"}, "type": "desc"}, {"attributes": {}, "type": "return", "children": [{"attributes": {"text": "<p>Returns <code>true</code></p>"}, "type": "desc"}, {"attributes": {}, "type": "types", "children": [{"attributes": {"type": "Boolean"}, "type": "entry"}]}]}]}, {"attributes": {"access": "protected", "name": "initAlignX", "fromProperty": "alignX"}, "type": "method", "children": [{"attributes": {}, "type": "params", "children": [{"attributes": {"name": "value"}, "type": "param", "children": [{"attributes": {"text": "<p>Initial value for property <code>alignX</code>.</p>"}, "type": "desc"}, {"attributes": {}, "type": "types", "children": [{"attributes": {"type": "var"}, "type": "entry"}]}]}]}, {"attributes": {"text": "<p>Calls the apply method and dispatches the change event of the property <code>alignX</code>\nwith the default value defined by the class developer. This function can\nonly be called from the constructor of a class.</p>\n\n<p>For further details take a look at the property definition: {@link #alignX}.</p>"}, "type": "desc"}, {"attributes": {}, "type": "return", "children": [{"attributes": {"text": "<p>the default value</p>"}, "type": "desc"}, {"attributes": {}, "type": "types", "children": [{"attributes": {"type": "var"}, "type": "entry"}]}]}]}, {"attributes": {"access": "protected", "name": "initAlignY", "fromProperty": "alignY"}, "type": "method", "children": [{"attributes": {}, "type": "params", "children": [{"attributes": {"name": "value"}, "type": "param", "children": [{"attributes": {"text": "<p>Initial value for property <code>alignY</code>.</p>"}, "type": "desc"}, {"attributes": {}, "type": "types", "children": [{"attributes": {"type": "var"}, "type": "entry"}]}]}]}, {"attributes": {"text": "<p>Calls the apply method and dispatches the change event of the property <code>alignY</code>\nwith the default value defined by the class developer. This function can\nonly be called from the constructor of a class.</p>\n\n<p>For further details take a look at the property definition: {@link #alignY}.</p>"}, "type": "desc"}, {"attributes": {}, "type": "return", "children": [{"attributes": {"text": "<p>the default value</p>"}, "type": "desc"}, {"attributes": {}, "type": "types", "children": [{"attributes": {"type": "var"}, "type": "entry"}]}]}]}, {"attributes": {"access": "protected", "name": "initAllowGrowX", "fromProperty": "allowGrowX"}, "type": "method", "children": [{"attributes": {}, "type": "params", "children": [{"attributes": {"name": "value"}, "type": "param", "children": [{"attributes": {"text": "<p>Initial value for property <code>allowGrowX</code>.</p>"}, "type": "desc"}, {"attributes": {}, "type": "types", "children": [{"attributes": {"type": "var"}, "type": "entry"}]}]}]}, {"attributes": {"text": "<p>Calls the apply method and dispatches the change event of the property <code>allowGrowX</code>\nwith the default value defined by the class developer. This function can\nonly be called from the constructor of a class.</p>\n\n<p>For further details take a look at the property definition: {@link #allowGrowX}.</p>"}, "type": "desc"}, {"attributes": {}, "type": "return", "children": [{"attributes": {"text": "<p>the default value</p>"}, "type": "desc"}, {"attributes": {}, "type": "types", "children": [{"attributes": {"type": "var"}, "type": "entry"}]}]}]}, {"attributes": {"access": "protected", "name": "initAllowGrowY", "fromProperty": "allowGrowY"}, "type": "method", "children": [{"attributes": {}, "type": "params", "children": [{"attributes": {"name": "value"}, "type": "param", "children": [{"attributes": {"text": "<p>Initial value for property <code>allowGrowY</code>.</p>"}, "type": "desc"}, {"attributes": {}, "type": "types", "children": [{"attributes": {"type": "var"}, "type": "entry"}]}]}]}, {"attributes": {"text": "<p>Calls the apply method and dispatches the change event of the property <code>allowGrowY</code>\nwith the default value defined by the class developer. This function can\nonly be called from the constructor of a class.</p>\n\n<p>For further details take a look at the property definition: {@link #allowGrowY}.</p>"}, "type": "desc"}, {"attributes": {}, "type": "return", "children": [{"attributes": {"text": "<p>the default value</p>"}, "type": "desc"}, {"attributes": {}, "type": "types", "children": [{"attributes": {"type": "var"}, "type": "entry"}]}]}]}, {"attributes": {"access": "protected", "name": "initAllowShrinkX", "fromProperty": "allowShrinkX"}, "type": "method", "children": [{"attributes": {}, "type": "params", "children": [{"attributes": {"name": "value"}, "type": "param", "children": [{"attributes": {"text": "<p>Initial value for property <code>allowShrinkX</code>.</p>"}, "type": "desc"}, {"attributes": {}, "type": "types", "children": [{"attributes": {"type": "var"}, "type": "entry"}]}]}]}, {"attributes": {"text": "<p>Calls the apply method and dispatches the change event of the property <code>allowShrinkX</code>\nwith the default value defined by the class developer. This function can\nonly be called from the constructor of a class.</p>\n\n<p>For further details take a look at the property definition: {@link #allowShrinkX}.</p>"}, "type": "desc"}, {"attributes": {}, "type": "return", "children": [{"attributes": {"text": "<p>the default value</p>"}, "type": "desc"}, {"attributes": {}, "type": "types", "children": [{"attributes": {"type": "var"}, "type": "entry"}]}]}]}, {"attributes": {"access": "protected", "name": "initAllowShrinkY", "fromProperty": "allowShrinkY"}, "type": "method", "children": [{"attributes": {}, "type": "params", "children": [{"attributes": {"name": "value"}, "type": "param", "children": [{"attributes": {"text": "<p>Initial value for property <code>allowShrinkY</code>.</p>"}, "type": "desc"}, {"attributes": {}, "type": "types", "children": [{"attributes": {"type": "var"}, "type": "entry"}]}]}]}, {"attributes": {"text": "<p>Calls the apply method and dispatches the change event of the property <code>allowShrinkY</code>\nwith the default value defined by the class developer. This function can\nonly be called from the constructor of a class.</p>\n\n<p>For further details take a look at the property definition: {@link #allowShrinkY}.</p>"}, "type": "desc"}, {"attributes": {}, "type": "return", "children": [{"attributes": {"text": "<p>the default value</p>"}, "type": "desc"}, {"attributes": {}, "type": "types", "children": [{"attributes": {"type": "var"}, "type": "entry"}]}]}]}, {"attributes": {"access": "protected", "name": "initHeight", "fromProperty": "height"}, "type": "method", "children": [{"attributes": {}, "type": "params", "children": [{"attributes": {"name": "value"}, "type": "param", "children": [{"attributes": {"text": "<p>Initial value for property <code>height</code>.</p>"}, "type": "desc"}, {"attributes": {}, "type": "types", "children": [{"attributes": {"type": "var"}, "type": "entry"}]}]}]}, {"attributes": {"text": "<p>Calls the apply method and dispatches the change event of the property <code>height</code>\nwith the default value defined by the class developer. This function can\nonly be called from the constructor of a class.</p>\n\n<p>For further details take a look at the property definition: {@link #height}.</p>"}, "type": "desc"}, {"attributes": {}, "type": "return", "children": [{"attributes": {"text": "<p>the default value</p>"}, "type": "desc"}, {"attributes": {}, "type": "types", "children": [{"attributes": {"type": "var"}, "type": "entry"}]}]}]}, {"attributes": {"access": "protected", "name": "initMarginBottom", "fromProperty": "marginBottom"}, "type": "method", "children": [{"attributes": {}, "type": "params", "children": [{"attributes": {"name": "value"}, "type": "param", "children": [{"attributes": {"text": "<p>Initial value for property <code>marginBottom</code>.</p>"}, "type": "desc"}, {"attributes": {}, "type": "types", "children": [{"attributes": {"type": "var"}, "type": "entry"}]}]}]}, {"attributes": {"text": "<p>Calls the apply method and dispatches the change event of the property <code>marginBottom</code>\nwith the default value defined by the class developer. This function can\nonly be called from the constructor of a class.</p>\n\n<p>For further details take a look at the property definition: {@link #marginBottom}.</p>"}, "type": "desc"}, {"attributes": {}, "type": "return", "children": [{"attributes": {"text": "<p>the default value</p>"}, "type": "desc"}, {"attributes": {}, "type": "types", "children": [{"attributes": {"type": "var"}, "type": "entry"}]}]}]}, {"attributes": {"access": "protected", "name": "initMarginLeft", "fromProperty": "marginLeft"}, "type": "method", "children": [{"attributes": {}, "type": "params", "children": [{"attributes": {"name": "value"}, "type": "param", "children": [{"attributes": {"text": "<p>Initial value for property <code>marginLeft</code>.</p>"}, "type": "desc"}, {"attributes": {}, "type": "types", "children": [{"attributes": {"type": "var"}, "type": "entry"}]}]}]}, {"attributes": {"text": "<p>Calls the apply method and dispatches the change event of the property <code>marginLeft</code>\nwith the default value defined by the class developer. This function can\nonly be called from the constructor of a class.</p>\n\n<p>For further details take a look at the property definition: {@link #marginLeft}.</p>"}, "type": "desc"}, {"attributes": {}, "type": "return", "children": [{"attributes": {"text": "<p>the default value</p>"}, "type": "desc"}, {"attributes": {}, "type": "types", "children": [{"attributes": {"type": "var"}, "type": "entry"}]}]}]}, {"attributes": {"access": "protected", "name": "initMarginRight", "fromProperty": "marginRight"}, "type": "method", "children": [{"attributes": {}, "type": "params", "children": [{"attributes": {"name": "value"}, "type": "param", "children": [{"attributes": {"text": "<p>Initial value for property <code>marginRight</code>.</p>"}, "type": "desc"}, {"attributes": {}, "type": "types", "children": [{"attributes": {"type": "var"}, "type": "entry"}]}]}]}, {"attributes": {"text": "<p>Calls the apply method and dispatches the change event of the property <code>marginRight</code>\nwith the default value defined by the class developer. This function can\nonly be called from the constructor of a class.</p>\n\n<p>For further details take a look at the property definition: {@link #marginRight}.</p>"}, "type": "desc"}, {"attributes": {}, "type": "return", "children": [{"attributes": {"text": "<p>the default value</p>"}, "type": "desc"}, {"attributes": {}, "type": "types", "children": [{"attributes": {"type": "var"}, "type": "entry"}]}]}]}, {"attributes": {"access": "protected", "name": "initMarginTop", "fromProperty": "marginTop"}, "type": "method", "children": [{"attributes": {}, "type": "params", "children": [{"attributes": {"name": "value"}, "type": "param", "children": [{"attributes": {"text": "<p>Initial value for property <code>marginTop</code>.</p>"}, "type": "desc"}, {"attributes": {}, "type": "types", "children": [{"attributes": {"type": "var"}, "type": "entry"}]}]}]}, {"attributes": {"text": "<p>Calls the apply method and dispatches the change event of the property <code>marginTop</code>\nwith the default value defined by the class developer. This function can\nonly be called from the constructor of a class.</p>\n\n<p>For further details take a look at the property definition: {@link #marginTop}.</p>"}, "type": "desc"}, {"attributes": {}, "type": "return", "children": [{"attributes": {"text": "<p>the default value</p>"}, "type": "desc"}, {"attributes": {}, "type": "types", "children": [{"attributes": {"type": "var"}, "type": "entry"}]}]}]}, {"attributes": {"access": "protected", "name": "initMaxHeight", "fromProperty": "maxHeight"}, "type": "method", "children": [{"attributes": {}, "type": "params", "children": [{"attributes": {"name": "value"}, "type": "param", "children": [{"attributes": {"text": "<p>Initial value for property <code>maxHeight</code>.</p>"}, "type": "desc"}, {"attributes": {}, "type": "types", "children": [{"attributes": {"type": "var"}, "type": "entry"}]}]}]}, {"attributes": {"text": "<p>Calls the apply method and dispatches the change event of the property <code>maxHeight</code>\nwith the default value defined by the class developer. This function can\nonly be called from the constructor of a class.</p>\n\n<p>For further details take a look at the property definition: {@link #maxHeight}.</p>"}, "type": "desc"}, {"attributes": {}, "type": "return", "children": [{"attributes": {"text": "<p>the default value</p>"}, "type": "desc"}, {"attributes": {}, "type": "types", "children": [{"attributes": {"type": "var"}, "type": "entry"}]}]}]}, {"attributes": {"access": "protected", "name": "initMaxWidth", "fromProperty": "maxWidth"}, "type": "method", "children": [{"attributes": {}, "type": "params", "children": [{"attributes": {"name": "value"}, "type": "param", "children": [{"attributes": {"text": "<p>Initial value for property <code>maxWidth</code>.</p>"}, "type": "desc"}, {"attributes": {}, "type": "types", "children": [{"attributes": {"type": "var"}, "type": "entry"}]}]}]}, {"attributes": {"text": "<p>Calls the apply method and dispatches the change event of the property <code>maxWidth</code>\nwith the default value defined by the class developer. This function can\nonly be called from the constructor of a class.</p>\n\n<p>For further details take a look at the property definition: {@link #maxWidth}.</p>"}, "type": "desc"}, {"attributes": {}, "type": "return", "children": [{"attributes": {"text": "<p>the default value</p>"}, "type": "desc"}, {"attributes": {}, "type": "types", "children": [{"attributes": {"type": "var"}, "type": "entry"}]}]}]}, {"attributes": {"access": "protected", "name": "initMinHeight", "fromProperty": "minHeight"}, "type": "method", "children": [{"attributes": {}, "type": "params", "children": [{"attributes": {"name": "value"}, "type": "param", "children": [{"attributes": {"text": "<p>Initial value for property <code>minHeight</code>.</p>"}, "type": "desc"}, {"attributes": {}, "type": "types", "children": [{"attributes": {"type": "var"}, "type": "entry"}]}]}]}, {"attributes": {"text": "<p>Calls the apply method and dispatches the change event of the property <code>minHeight</code>\nwith the default value defined by the class developer. This function can\nonly be called from the constructor of a class.</p>\n\n<p>For further details take a look at the property definition: {@link #minHeight}.</p>"}, "type": "desc"}, {"attributes": {}, "type": "return", "children": [{"attributes": {"text": "<p>the default value</p>"}, "type": "desc"}, {"attributes": {}, "type": "types", "children": [{"attributes": {"type": "var"}, "type": "entry"}]}]}]}, {"attributes": {"access": "protected", "name": "initMinWidth", "fromProperty": "minWidth"}, "type": "method", "children": [{"attributes": {}, "type": "params", "children": [{"attributes": {"name": "value"}, "type": "param", "children": [{"attributes": {"text": "<p>Initial value for property <code>minWidth</code>.</p>"}, "type": "desc"}, {"attributes": {}, "type": "types", "children": [{"attributes": {"type": "var"}, "type": "entry"}]}]}]}, {"attributes": {"text": "<p>Calls the apply method and dispatches the change event of the property <code>minWidth</code>\nwith the default value defined by the class developer. This function can\nonly be called from the constructor of a class.</p>\n\n<p>For further details take a look at the property definition: {@link #minWidth}.</p>"}, "type": "desc"}, {"attributes": {}, "type": "return", "children": [{"attributes": {"text": "<p>the default value</p>"}, "type": "desc"}, {"attributes": {}, "type": "types", "children": [{"attributes": {"type": "var"}, "type": "entry"}]}]}]}, {"attributes": {"access": "protected", "name": "initWidth", "fromProperty": "width"}, "type": "method", "children": [{"attributes": {}, "type": "params", "children": [{"attributes": {"name": "value"}, "type": "param", "children": [{"attributes": {"text": "<p>Initial value for property <code>width</code>.</p>"}, "type": "desc"}, {"attributes": {}, "type": "types", "children": [{"attributes": {"type": "var"}, "type": "entry"}]}]}]}, {"attributes": {"text": "<p>Calls the apply method and dispatches the change event of the property <code>width</code>\nwith the default value defined by the class developer. This function can\nonly be called from the constructor of a class.</p>\n\n<p>For further details take a look at the property definition: {@link #width}.</p>"}, "type": "desc"}, {"attributes": {}, "type": "return", "children": [{"attributes": {"text": "<p>the default value</p>"}, "type": "desc"}, {"attributes": {}, "type": "types", "children": [{"attributes": {"type": "var"}, "type": "entry"}]}]}]}, {"attributes": {"line": 560, "name": "invalidateLayoutCache"}, "type": "method", "children": [{"attributes": {"text": "<p>Called by the layout manager to mark this item&#8217;s layout as invalid.\nThis function should clear all layout relevant caches.</p>"}, "type": "desc"}]}, {"attributes": {"name": "isAllowGrowX", "fromProperty": "allowGrowX"}, "type": "method", "children": [{"attributes": {"text": "<p>Check whether the (computed) value of the boolean property <code>allowGrowX</code> equals <code>true</code>.</p>\n\n<p>For further details take a look at the property definition: {@link #allowGrowX}.</p>"}, "type": "desc"}, {"attributes": {}, "type": "return", "children": [{"attributes": {"text": "<p>Whether the property equals <code>true</code>.</p>"}, "type": "desc"}, {"attributes": {}, "type": "types", "children": [{"attributes": {"type": "Boolean"}, "type": "entry"}]}]}]}, {"attributes": {"name": "isAllowGrowY", "fromProperty": "allowGrowY"}, "type": "method", "children": [{"attributes": {"text": "<p>Check whether the (computed) value of the boolean property <code>allowGrowY</code> equals <code>true</code>.</p>\n\n<p>For further details take a look at the property definition: {@link #allowGrowY}.</p>"}, "type": "desc"}, {"attributes": {}, "type": "return", "children": [{"attributes": {"text": "<p>Whether the property equals <code>true</code>.</p>"}, "type": "desc"}, {"attributes": {}, "type": "types", "children": [{"attributes": {"type": "Boolean"}, "type": "entry"}]}]}]}, {"attributes": {"name": "isAllowShrinkX", "fromProperty": "allowShrinkX"}, "type": "method", "children": [{"attributes": {"text": "<p>Check whether the (computed) value of the boolean property <code>allowShrinkX</code> equals <code>true</code>.</p>\n\n<p>For further details take a look at the property definition: {@link #allowShrinkX}.</p>"}, "type": "desc"}, {"attributes": {}, "type": "return", "children": [{"attributes": {"text": "<p>Whether the property equals <code>true</code>.</p>"}, "type": "desc"}, {"attributes": {}, "type": "types", "children": [{"attributes": {"type": "Boolean"}, "type": "entry"}]}]}]}, {"attributes": {"name": "isAllowShrinkY", "fromProperty": "allowShrinkY"}, "type": "method", "children": [{"attributes": {"text": "<p>Check whether the (computed) value of the boolean property <code>allowShrinkY</code> equals <code>true</code>.</p>\n\n<p>For further details take a look at the property definition: {@link #allowShrinkY}.</p>"}, "type": "desc"}, {"attributes": {}, "type": "return", "children": [{"attributes": {"text": "<p>Whether the property equals <code>true</code>.</p>"}, "type": "desc"}, {"attributes": {}, "type": "types", "children": [{"attributes": {"type": "Boolean"}, "type": "entry"}]}]}]}, {"attributes": {"line": 530, "name": "isExcluded"}, "type": "method", "children": [{"attributes": {"text": "<p>Whether the item should be excluded from the layout</p>"}, "type": "desc"}, {"attributes": {}, "type": "return", "children": [{"attributes": {"text": "<p>Should the item be excluded by the layout</p>"}, "type": "desc"}, {"attributes": {}, "type": "types", "children": [{"attributes": {"type": "Boolean"}, "type": "entry"}]}]}]}, {"attributes": {"line": 977, "name": "isRootWidget"}, "type": "method", "children": [{"attributes": {"text": "<p>Whether the item is a root item and directly connected to\nthe <span class=\"caps\">DOM</span>.</p>"}, "type": "desc"}, {"attributes": {}, "type": "return", "children": [{"attributes": {"text": "<p>Whether the item a root item</p>"}, "type": "desc"}, {"attributes": {}, "type": "types", "children": [{"attributes": {"type": "Boolean"}, "type": "entry"}]}]}]}, {"attributes": {"line": 446, "name": "renderLayout"}, "type": "method", "children": [{"attributes": {}, "type": "params", "children": [{"attributes": {"name": "left"}, "type": "param", "children": [{"attributes": {"text": "<p>Any integer value for the left position, always in pixels</p>"}, "type": "desc"}, {"attributes": {}, "type": "types", "children": [{"attributes": {"type": "Integer"}, "type": "entry"}]}]}, {"attributes": {"name": "top"}, "type": "param", "children": [{"attributes": {"text": "<p>Any integer value for the top position, always in pixels</p>"}, "type": "desc"}, {"attributes": {}, "type": "types", "children": [{"attributes": {"type": "Integer"}, "type": "entry"}]}]}, {"attributes": {"name": "width"}, "type": "param", "children": [{"attributes": {"text": "<p>Any positive integer value for the width, always in pixels</p>"}, "type": "desc"}, {"attributes": {}, "type": "types", "children": [{"attributes": {"type": "Integer"}, "type": "entry"}]}]}, {"attributes": {"name": "height"}, "type": "param", "children": [{"attributes": {"text": "<p>Any positive integer value for the height, always in pixels</p>"}, "type": "desc"}, {"attributes": {}, "type": "types", "children": [{"attributes": {"type": "Integer"}, "type": "entry"}]}]}]}, {"attributes": {"text": "<p>Used by the layout engine to apply coordinates and dimensions.</p>"}, "type": "desc"}, {"attributes": {}, "type": "return", "children": [{"attributes": {"text": "<p>A map of which layout sizes changed.</p>"}, "type": "desc"}, {"attributes": {}, "type": "types", "children": [{"attributes": {"type": "Map"}, "type": "entry"}]}]}]}, {"attributes": {"line": 428, "name": "renderSeparator"}, "type": "method", "children": [{"attributes": {}, "type": "params", "children": [{"attributes": {"name": "separator"}, "type": "param", "children": [{"attributes": {"text": "<p>The separator to render</p>"}, "type": "desc"}, {"attributes": {}, "type": "types", "children": [{"attributes": {"type": "String"}, "type": "entry"}, {"attributes": {"type": "qx.ui.decoration.IDecorator"}, "type": "entry"}]}]}, {"attributes": {"name": "bounds"}, "type": "param", "children": [{"attributes": {"text": "<p>Contains the left and top coordinate and the width and height of the separator to render.</p>"}, "type": "desc"}, {"attributes": {}, "type": "types", "children": [{"attributes": {"type": "Map"}, "type": "entry"}]}]}]}, {"attributes": {"text": "<p>Renders a separator between two children</p>"}, "type": "desc"}]}, {"attributes": {"name": "resetAlignX", "fromProperty": "alignX"}, "type": "method", "children": [{"attributes": {"text": "<p>Resets the user value of the property <code>alignX</code>.</p>\n\n<p>The computed value falls back to the next available value e.g. appearance, init or\ninheritance value depeneding on the property configuration and value availability.</p>\n\n<p>For further details take a look at the property definition: {@link #alignX}.</p>"}, "type": "desc"}]}, {"attributes": {"name": "resetAlignY", "fromProperty": "alignY"}, "type": "method", "children": [{"attributes": {"text": "<p>Resets the user value of the property <code>alignY</code>.</p>\n\n<p>The computed value falls back to the next available value e.g. appearance, init or\ninheritance value depeneding on the property configuration and value availability.</p>\n\n<p>For further details take a look at the property definition: {@link #alignY}.</p>"}, "type": "desc"}]}, {"attributes": {"name": "resetAllowGrowX", "fromProperty": "allowGrowX"}, "type": "method", "children": [{"attributes": {"text": "<p>Resets the user value of the property <code>allowGrowX</code>.</p>\n\n<p>The computed value falls back to the next available value e.g. appearance, init or\ninheritance value depeneding on the property configuration and value availability.</p>\n\n<p>For further details take a look at the property definition: {@link #allowGrowX}.</p>"}, "type": "desc"}]}, {"attributes": {"name": "resetAllowGrowY", "fromProperty": "allowGrowY"}, "type": "method", "children": [{"attributes": {"text": "<p>Resets the user value of the property <code>allowGrowY</code>.</p>\n\n<p>The computed value falls back to the next available value e.g. appearance, init or\ninheritance value depeneding on the property configuration and value availability.</p>\n\n<p>For further details take a look at the property definition: {@link #allowGrowY}.</p>"}, "type": "desc"}]}, {"attributes": {"name": "resetAllowShrinkX", "fromProperty": "allowShrinkX"}, "type": "method", "children": [{"attributes": {"text": "<p>Resets the user value of the property <code>allowShrinkX</code>.</p>\n\n<p>The computed value falls back to the next available value e.g. appearance, init or\ninheritance value depeneding on the property configuration and value availability.</p>\n\n<p>For further details take a look at the property definition: {@link #allowShrinkX}.</p>"}, "type": "desc"}]}, {"attributes": {"name": "resetAllowShrinkY", "fromProperty": "allowShrinkY"}, "type": "method", "children": [{"attributes": {"text": "<p>Resets the user value of the property <code>allowShrinkY</code>.</p>\n\n<p>The computed value falls back to the next available value e.g. appearance, init or\ninheritance value depeneding on the property configuration and value availability.</p>\n\n<p>For further details take a look at the property definition: {@link #allowShrinkY}.</p>"}, "type": "desc"}]}, {"attributes": {"name": "resetAllowStretchX", "fromProperty": "allowStretchX"}, "type": "method", "children": [{"attributes": {"text": "<p>Resets the user value of the property <code>allowStretchX</code>.</p>\n\n<p>The computed value falls back to the next available value e.g. appearance, init or\ninheritance value depeneding on the property configuration and value availability.</p>\n\n<p>For further details take a look at the property definition: {@link #allowStretchX}.</p>"}, "type": "desc"}]}, {"attributes": {"name": "resetAllowStretchY", "fromProperty": "allowStretchY"}, "type": "method", "children": [{"attributes": {"text": "<p>Resets the user value of the property <code>allowStretchY</code>.</p>\n\n<p>The computed value falls back to the next available value e.g. appearance, init or\ninheritance value depeneding on the property configuration and value availability.</p>\n\n<p>For further details take a look at the property definition: {@link #allowStretchY}.</p>"}, "type": "desc"}]}, {"attributes": {"name": "resetHeight", "fromProperty": "height"}, "type": "method", "children": [{"attributes": {"text": "<p>Resets the user value of the property <code>height</code>.</p>\n\n<p>The computed value falls back to the next available value e.g. appearance, init or\ninheritance value depeneding on the property configuration and value availability.</p>\n\n<p>For further details take a look at the property definition: {@link #height}.</p>"}, "type": "desc"}]}, {"attributes": {"name": "resetMargin", "fromProperty": "margin"}, "type": "method", "children": [{"attributes": {"text": "<p>Resets the user value of the property <code>margin</code>.</p>\n\n<p>The computed value falls back to the next available value e.g. appearance, init or\ninheritance value depeneding on the property configuration and value availability.</p>\n\n<p>For further details take a look at the property definition: {@link #margin}.</p>"}, "type": "desc"}]}, {"attributes": {"name": "resetMarginBottom", "fromProperty": "marginBottom"}, "type": "method", "children": [{"attributes": {"text": "<p>Resets the user value of the property <code>marginBottom</code>.</p>\n\n<p>The computed value falls back to the next available value e.g. appearance, init or\ninheritance value depeneding on the property configuration and value availability.</p>\n\n<p>For further details take a look at the property definition: {@link #marginBottom}.</p>"}, "type": "desc"}]}, {"attributes": {"name": "resetMarginLeft", "fromProperty": "marginLeft"}, "type": "method", "children": [{"attributes": {"text": "<p>Resets the user value of the property <code>marginLeft</code>.</p>\n\n<p>The computed value falls back to the next available value e.g. appearance, init or\ninheritance value depeneding on the property configuration and value availability.</p>\n\n<p>For further details take a look at the property definition: {@link #marginLeft}.</p>"}, "type": "desc"}]}, {"attributes": {"name": "resetMarginRight", "fromProperty": "marginRight"}, "type": "method", "children": [{"attributes": {"text": "<p>Resets the user value of the property <code>marginRight</code>.</p>\n\n<p>The computed value falls back to the next available value e.g. appearance, init or\ninheritance value depeneding on the property configuration and value availability.</p>\n\n<p>For further details take a look at the property definition: {@link #marginRight}.</p>"}, "type": "desc"}]}, {"attributes": {"name": "resetMarginTop", "fromProperty": "marginTop"}, "type": "method", "children": [{"attributes": {"text": "<p>Resets the user value of the property <code>marginTop</code>.</p>\n\n<p>The computed value falls back to the next available value e.g. appearance, init or\ninheritance value depeneding on the property configuration and value availability.</p>\n\n<p>For further details take a look at the property definition: {@link #marginTop}.</p>"}, "type": "desc"}]}, {"attributes": {"name": "resetMaxHeight", "fromProperty": "maxHeight"}, "type": "method", "children": [{"attributes": {"text": "<p>Resets the user value of the property <code>maxHeight</code>.</p>\n\n<p>The computed value falls back to the next available value e.g. appearance, init or\ninheritance value depeneding on the property configuration and value availability.</p>\n\n<p>For further details take a look at the property definition: {@link #maxHeight}.</p>"}, "type": "desc"}]}, {"attributes": {"name": "resetMaxWidth", "fromProperty": "maxWidth"}, "type": "method", "children": [{"attributes": {"text": "<p>Resets the user value of the property <code>maxWidth</code>.</p>\n\n<p>The computed value falls back to the next available value e.g. appearance, init or\ninheritance value depeneding on the property configuration and value availability.</p>\n\n<p>For further details take a look at the property definition: {@link #maxWidth}.</p>"}, "type": "desc"}]}, {"attributes": {"name": "resetMinHeight", "fromProperty": "minHeight"}, "type": "method", "children": [{"attributes": {"text": "<p>Resets the user value of the property <code>minHeight</code>.</p>\n\n<p>The computed value falls back to the next available value e.g. appearance, init or\ninheritance value depeneding on the property configuration and value availability.</p>\n\n<p>For further details take a look at the property definition: {@link #minHeight}.</p>"}, "type": "desc"}]}, {"attributes": {"name": "resetMinWidth", "fromProperty": "minWidth"}, "type": "method", "children": [{"attributes": {"text": "<p>Resets the user value of the property <code>minWidth</code>.</p>\n\n<p>The computed value falls back to the next available value e.g. appearance, init or\ninheritance value depeneding on the property configuration and value availability.</p>\n\n<p>For further details take a look at the property definition: {@link #minWidth}.</p>"}, "type": "desc"}]}, {"attributes": {"line": 809, "name": "resetUserBounds"}, "type": "method", "children": [{"attributes": {"text": "<p>Clear the user bounds. After this call the layout item is laid out by\nthe layout manager again.</p>"}, "type": "desc"}]}, {"attributes": {"name": "resetWidth", "fromProperty": "width"}, "type": "method", "children": [{"attributes": {"text": "<p>Resets the user value of the property <code>width</code>.</p>\n\n<p>The computed value falls back to the next available value e.g. appearance, init or\ninheritance value depeneding on the property configuration and value availability.</p>\n\n<p>For further details take a look at the property definition: {@link #width}.</p>"}, "type": "desc"}]}, {"attributes": {"line": 551, "name": "scheduleLayoutUpdate"}, "type": "method", "children": [{"attributes": {"text": "<p>Indicate that the item has layout changes and propagate this information\nup the item hierarchy.</p>"}, "type": "desc"}]}, {"attributes": {"name": "setAlignX", "fromProperty": "alignX"}, "type": "method", "children": [{"attributes": {}, "type": "params", "children": [{"attributes": {"name": "value"}, "type": "param", "children": [{"attributes": {"text": "<p>New value for property <code>alignX</code>.</p>"}, "type": "desc"}, {"attributes": {}, "type": "types", "children": [{"attributes": {"type": "var"}, "type": "entry"}]}]}]}, {"attributes": {"text": "<p>Sets the user value of the property <code>alignX</code>.</p>\n\n<p>For further details take a look at the property definition: {@link #alignX}.</p>"}, "type": "desc"}, {"attributes": {}, "type": "return", "children": [{"attributes": {"text": "<p>The unmodified incoming value.</p>"}, "type": "desc"}, {"attributes": {}, "type": "types", "children": [{"attributes": {"type": "var"}, "type": "entry"}]}]}]}, {"attributes": {"name": "setAlignY", "fromProperty": "alignY"}, "type": "method", "children": [{"attributes": {}, "type": "params", "children": [{"attributes": {"name": "value"}, "type": "param", "children": [{"attributes": {"text": "<p>New value for property <code>alignY</code>.</p>"}, "type": "desc"}, {"attributes": {}, "type": "types", "children": [{"attributes": {"type": "var"}, "type": "entry"}]}]}]}, {"attributes": {"text": "<p>Sets the user value of the property <code>alignY</code>.</p>\n\n<p>For further details take a look at the property definition: {@link #alignY}.</p>"}, "type": "desc"}, {"attributes": {}, "type": "return", "children": [{"attributes": {"text": "<p>The unmodified incoming value.</p>"}, "type": "desc"}, {"attributes": {}, "type": "types", "children": [{"attributes": {"type": "var"}, "type": "entry"}]}]}]}, {"attributes": {"name": "setAllowGrowX", "fromProperty": "allowGrowX"}, "type": "method", "children": [{"attributes": {}, "type": "params", "children": [{"attributes": {"name": "value"}, "type": "param", "children": [{"attributes": {"text": "<p>New value for property <code>allowGrowX</code>.</p>"}, "type": "desc"}, {"attributes": {}, "type": "types", "children": [{"attributes": {"type": "var"}, "type": "entry"}]}]}]}, {"attributes": {"text": "<p>Sets the user value of the property <code>allowGrowX</code>.</p>\n\n<p>For further details take a look at the property definition: {@link #allowGrowX}.</p>"}, "type": "desc"}, {"attributes": {}, "type": "return", "children": [{"attributes": {"text": "<p>The unmodified incoming value.</p>"}, "type": "desc"}, {"attributes": {}, "type": "types", "children": [{"attributes": {"type": "var"}, "type": "entry"}]}]}]}, {"attributes": {"name": "setAllowGrowY", "fromProperty": "allowGrowY"}, "type": "method", "children": [{"attributes": {}, "type": "params", "children": [{"attributes": {"name": "value"}, "type": "param", "children": [{"attributes": {"text": "<p>New value for property <code>allowGrowY</code>.</p>"}, "type": "desc"}, {"attributes": {}, "type": "types", "children": [{"attributes": {"type": "var"}, "type": "entry"}]}]}]}, {"attributes": {"text": "<p>Sets the user value of the property <code>allowGrowY</code>.</p>\n\n<p>For further details take a look at the property definition: {@link #allowGrowY}.</p>"}, "type": "desc"}, {"attributes": {}, "type": "return", "children": [{"attributes": {"text": "<p>The unmodified incoming value.</p>"}, "type": "desc"}, {"attributes": {}, "type": "types", "children": [{"attributes": {"type": "var"}, "type": "entry"}]}]}]}, {"attributes": {"name": "setAllowShrinkX", "fromProperty": "allowShrinkX"}, "type": "method", "children": [{"attributes": {}, "type": "params", "children": [{"attributes": {"name": "value"}, "type": "param", "children": [{"attributes": {"text": "<p>New value for property <code>allowShrinkX</code>.</p>"}, "type": "desc"}, {"attributes": {}, "type": "types", "children": [{"attributes": {"type": "var"}, "type": "entry"}]}]}]}, {"attributes": {"text": "<p>Sets the user value of the property <code>allowShrinkX</code>.</p>\n\n<p>For further details take a look at the property definition: {@link #allowShrinkX}.</p>"}, "type": "desc"}, {"attributes": {}, "type": "return", "children": [{"attributes": {"text": "<p>The unmodified incoming value.</p>"}, "type": "desc"}, {"attributes": {}, "type": "types", "children": [{"attributes": {"type": "var"}, "type": "entry"}]}]}]}, {"attributes": {"name": "setAllowShrinkY", "fromProperty": "allowShrinkY"}, "type": "method", "children": [{"attributes": {}, "type": "params", "children": [{"attributes": {"name": "value"}, "type": "param", "children": [{"attributes": {"text": "<p>New value for property <code>allowShrinkY</code>.</p>"}, "type": "desc"}, {"attributes": {}, "type": "types", "children": [{"attributes": {"type": "var"}, "type": "entry"}]}]}]}, {"attributes": {"text": "<p>Sets the user value of the property <code>allowShrinkY</code>.</p>\n\n<p>For further details take a look at the property definition: {@link #allowShrinkY}.</p>"}, "type": "desc"}, {"attributes": {}, "type": "return", "children": [{"attributes": {"text": "<p>The unmodified incoming value.</p>"}, "type": "desc"}, {"attributes": {}, "type": "types", "children": [{"attributes": {"type": "var"}, "type": "entry"}]}]}]}, {"attributes": {"line": 11, "name": "setAllowStretchX", "fromProperty": "allowStretchX"}, "type": "method", "children": [{"attributes": {}, "type": "params", "children": [{"attributes": {"name": "allowGrowX"}, "type": "param", "children": [{"attributes": {"text": "<p>Sets the value of the property {@link #allowGrowX}.</p>"}, "type": "desc"}, {"attributes": {}, "type": "types", "children": [{"attributes": {"type": "var"}, "type": "entry"}]}]}, {"attributes": {"name": "allowShrinkX"}, "type": "param", "children": [{"attributes": {"text": "<p>Sets the value of the property {@link #allowShrinkX}.</p>"}, "type": "desc"}, {"attributes": {}, "type": "types", "children": [{"attributes": {"type": "var"}, "type": "entry"}]}]}]}, {"attributes": {"text": "<p>Sets the values of the property group <code>allowStretchX</code>.</p>\n\n<p>This setter supports a shorthand mode compatible with the way margins and paddins are set in <span class=\"caps\">CSS</span>.</p>\n\n<p>For further details take a look at the property definition: {@link #allowStretchX}.</p>"}, "type": "desc"}]}, {"attributes": {"line": 11, "name": "setAllowStretchY", "fromProperty": "allowStretchY"}, "type": "method", "children": [{"attributes": {}, "type": "params", "children": [{"attributes": {"name": "allowGrowY"}, "type": "param", "children": [{"attributes": {"text": "<p>Sets the value of the property {@link #allowGrowY}.</p>"}, "type": "desc"}, {"attributes": {}, "type": "types", "children": [{"attributes": {"type": "var"}, "type": "entry"}]}]}, {"attributes": {"name": "allowShrinkY"}, "type": "param", "children": [{"attributes": {"text": "<p>Sets the value of the property {@link #allowShrinkY}.</p>"}, "type": "desc"}, {"attributes": {}, "type": "types", "children": [{"attributes": {"type": "var"}, "type": "entry"}]}]}]}, {"attributes": {"text": "<p>Sets the values of the property group <code>allowStretchY</code>.</p>\n\n<p>This setter supports a shorthand mode compatible with the way margins and paddins are set in <span class=\"caps\">CSS</span>.</p>\n\n<p>For further details take a look at the property definition: {@link #allowStretchY}.</p>"}, "type": "desc"}]}, {"attributes": {"name": "setHeight", "fromProperty": "height"}, "type": "method", "children": [{"attributes": {}, "type": "params", "children": [{"attributes": {"name": "value"}, "type": "param", "children": [{"attributes": {"text": "<p>New value for property <code>height</code>.</p>"}, "type": "desc"}, {"attributes": {}, "type": "types", "children": [{"attributes": {"type": "var"}, "type": "entry"}]}]}]}, {"attributes": {"text": "<p>Sets the user value of the property <code>height</code>.</p>\n\n<p>For further details take a look at the property definition: {@link #height}.</p>"}, "type": "desc"}, {"attributes": {}, "type": "return", "children": [{"attributes": {"text": "<p>The unmodified incoming value.</p>"}, "type": "desc"}, {"attributes": {}, "type": "types", "children": [{"attributes": {"type": "var"}, "type": "entry"}]}]}]}, {"attributes": {"line": 960, "name": "setLayoutParent"}, "type": "method", "children": [{"attributes": {}, "type": "params", "children": [{"attributes": {"name": "parent"}, "type": "param", "children": [{"attributes": {"text": "<p>The new parent.</p>"}, "type": "desc"}, {"attributes": {}, "type": "types", "children": [{"attributes": {"type": "qx.ui.core.Widget"}, "type": "entry"}, {"attributes": {"type": "null"}, "type": "entry"}]}]}]}, {"attributes": {"text": "<p>Set the parent</p>"}, "type": "desc"}]}, {"attributes": {"line": 838, "name": "setLayoutProperties"}, "type": "method", "children": [{"attributes": {}, "type": "params", "children": [{"attributes": {"name": "props"}, "type": "param", "children": [{"attributes": {"text": "<p>Incoming layout property data</p>"}, "type": "desc"}, {"attributes": {}, "type": "types", "children": [{"attributes": {"type": "Map"}, "type": "entry"}]}]}]}, {"attributes": {"text": "<p>Stores the given layout properties</p>"}, "type": "desc"}]}, {"attributes": {"line": 13, "name": "setMargin", "fromProperty": "margin"}, "type": "method", "children": [{"attributes": {}, "type": "params", "children": [{"attributes": {"name": "marginTop"}, "type": "param", "children": [{"attributes": {"text": "<p>Sets the value of the property {@link #marginTop}.</p>"}, "type": "desc"}, {"attributes": {}, "type": "types", "children": [{"attributes": {"type": "var"}, "type": "entry"}]}]}, {"attributes": {"name": "marginRight"}, "type": "param", "children": [{"attributes": {"text": "<p>Sets the value of the property {@link #marginRight}.</p>"}, "type": "desc"}, {"attributes": {}, "type": "types", "children": [{"attributes": {"type": "var"}, "type": "entry"}]}]}, {"attributes": {"name": "marginBottom"}, "type": "param", "children": [{"attributes": {"text": "<p>Sets the value of the property {@link #marginBottom}.</p>"}, "type": "desc"}, {"attributes": {}, "type": "types", "children": [{"attributes": {"type": "var"}, "type": "entry"}]}]}, {"attributes": {"name": "marginLeft"}, "type": "param", "children": [{"attributes": {"text": "<p>Sets the value of the property {@link #marginLeft}.</p>"}, "type": "desc"}, {"attributes": {}, "type": "types", "children": [{"attributes": {"type": "var"}, "type": "entry"}]}]}]}, {"attributes": {"text": "<p>Sets the values of the property group <code>margin</code>.</p>\n\n<p>This setter supports a shorthand mode compatible with the way margins and paddins are set in <span class=\"caps\">CSS</span>.</p>\n\n<p>For further details take a look at the property definition: {@link #margin}.</p>"}, "type": "desc"}]}, {"attributes": {"name": "setMarginBottom", "fromProperty": "marginBottom"}, "type": "method", "children": [{"attributes": {}, "type": "params", "children": [{"attributes": {"name": "value"}, "type": "param", "children": [{"attributes": {"text": "<p>New value for property <code>marginBottom</code>.</p>"}, "type": "desc"}, {"attributes": {}, "type": "types", "children": [{"attributes": {"type": "var"}, "type": "entry"}]}]}]}, {"attributes": {"text": "<p>Sets the user value of the property <code>marginBottom</code>.</p>\n\n<p>For further details take a look at the property definition: {@link #marginBottom}.</p>"}, "type": "desc"}, {"attributes": {}, "type": "return", "children": [{"attributes": {"text": "<p>The unmodified incoming value.</p>"}, "type": "desc"}, {"attributes": {}, "type": "types", "children": [{"attributes": {"type": "var"}, "type": "entry"}]}]}]}, {"attributes": {"name": "setMarginLeft", "fromProperty": "marginLeft"}, "type": "method", "children": [{"attributes": {}, "type": "params", "children": [{"attributes": {"name": "value"}, "type": "param", "children": [{"attributes": {"text": "<p>New value for property <code>marginLeft</code>.</p>"}, "type": "desc"}, {"attributes": {}, "type": "types", "children": [{"attributes": {"type": "var"}, "type": "entry"}]}]}]}, {"attributes": {"text": "<p>Sets the user value of the property <code>marginLeft</code>.</p>\n\n<p>For further details take a look at the property definition: {@link #marginLeft}.</p>"}, "type": "desc"}, {"attributes": {}, "type": "return", "children": [{"attributes": {"text": "<p>The unmodified incoming value.</p>"}, "type": "desc"}, {"attributes": {}, "type": "types", "children": [{"attributes": {"type": "var"}, "type": "entry"}]}]}]}, {"attributes": {"name": "setMarginRight", "fromProperty": "marginRight"}, "type": "method", "children": [{"attributes": {}, "type": "params", "children": [{"attributes": {"name": "value"}, "type": "param", "children": [{"attributes": {"text": "<p>New value for property <code>marginRight</code>.</p>"}, "type": "desc"}, {"attributes": {}, "type": "types", "children": [{"attributes": {"type": "var"}, "type": "entry"}]}]}]}, {"attributes": {"text": "<p>Sets the user value of the property <code>marginRight</code>.</p>\n\n<p>For further details take a look at the property definition: {@link #marginRight}.</p>"}, "type": "desc"}, {"attributes": {}, "type": "return", "children": [{"attributes": {"text": "<p>The unmodified incoming value.</p>"}, "type": "desc"}, {"attributes": {}, "type": "types", "children": [{"attributes": {"type": "var"}, "type": "entry"}]}]}]}, {"attributes": {"name": "setMarginTop", "fromProperty": "marginTop"}, "type": "method", "children": [{"attributes": {}, "type": "params", "children": [{"attributes": {"name": "value"}, "type": "param", "children": [{"attributes": {"text": "<p>New value for property <code>marginTop</code>.</p>"}, "type": "desc"}, {"attributes": {}, "type": "types", "children": [{"attributes": {"type": "var"}, "type": "entry"}]}]}]}, {"attributes": {"text": "<p>Sets the user value of the property <code>marginTop</code>.</p>\n\n<p>For further details take a look at the property definition: {@link #marginTop}.</p>"}, "type": "desc"}, {"attributes": {}, "type": "return", "children": [{"attributes": {"text": "<p>The unmodified incoming value.</p>"}, "type": "desc"}, {"attributes": {}, "type": "types", "children": [{"attributes": {"type": "var"}, "type": "entry"}]}]}]}, {"attributes": {"name": "setMaxHeight", "fromProperty": "maxHeight"}, "type": "method", "children": [{"attributes": {}, "type": "params", "children": [{"attributes": {"name": "value"}, "type": "param", "children": [{"attributes": {"text": "<p>New value for property <code>maxHeight</code>.</p>"}, "type": "desc"}, {"attributes": {}, "type": "types", "children": [{"attributes": {"type": "var"}, "type": "entry"}]}]}]}, {"attributes": {"text": "<p>Sets the user value of the property <code>maxHeight</code>.</p>\n\n<p>For further details take a look at the property definition: {@link #maxHeight}.</p>"}, "type": "desc"}, {"attributes": {}, "type": "return", "children": [{"attributes": {"text": "<p>The unmodified incoming value.</p>"}, "type": "desc"}, {"attributes": {}, "type": "types", "children": [{"attributes": {"type": "var"}, "type": "entry"}]}]}]}, {"attributes": {"name": "setMaxWidth", "fromProperty": "maxWidth"}, "type": "method", "children": [{"attributes": {}, "type": "params", "children": [{"attributes": {"name": "value"}, "type": "param", "children": [{"attributes": {"text": "<p>New value for property <code>maxWidth</code>.</p>"}, "type": "desc"}, {"attributes": {}, "type": "types", "children": [{"attributes": {"type": "var"}, "type": "entry"}]}]}]}, {"attributes": {"text": "<p>Sets the user value of the property <code>maxWidth</code>.</p>\n\n<p>For further details take a look at the property definition: {@link #maxWidth}.</p>"}, "type": "desc"}, {"attributes": {}, "type": "return", "children": [{"attributes": {"text": "<p>The unmodified incoming value.</p>"}, "type": "desc"}, {"attributes": {}, "type": "types", "children": [{"attributes": {"type": "var"}, "type": "entry"}]}]}]}, {"attributes": {"name": "setMinHeight", "fromProperty": "minHeight"}, "type": "method", "children": [{"attributes": {}, "type": "params", "children": [{"attributes": {"name": "value"}, "type": "param", "children": [{"attributes": {"text": "<p>New value for property <code>minHeight</code>.</p>"}, "type": "desc"}, {"attributes": {}, "type": "types", "children": [{"attributes": {"type": "var"}, "type": "entry"}]}]}]}, {"attributes": {"text": "<p>Sets the user value of the property <code>minHeight</code>.</p>\n\n<p>For further details take a look at the property definition: {@link #minHeight}.</p>"}, "type": "desc"}, {"attributes": {}, "type": "return", "children": [{"attributes": {"text": "<p>The unmodified incoming value.</p>"}, "type": "desc"}, {"attributes": {}, "type": "types", "children": [{"attributes": {"type": "var"}, "type": "entry"}]}]}]}, {"attributes": {"name": "setMinWidth", "fromProperty": "minWidth"}, "type": "method", "children": [{"attributes": {}, "type": "params", "children": [{"attributes": {"name": "value"}, "type": "param", "children": [{"attributes": {"text": "<p>New value for property <code>minWidth</code>.</p>"}, "type": "desc"}, {"attributes": {}, "type": "types", "children": [{"attributes": {"type": "var"}, "type": "entry"}]}]}]}, {"attributes": {"text": "<p>Sets the user value of the property <code>minWidth</code>.</p>\n\n<p>For further details take a look at the property definition: {@link #minWidth}.</p>"}, "type": "desc"}, {"attributes": {}, "type": "return", "children": [{"attributes": {"text": "<p>The unmodified incoming value.</p>"}, "type": "desc"}, {"attributes": {}, "type": "types", "children": [{"attributes": {"type": "var"}, "type": "entry"}]}]}]}, {"attributes": {"line": 791, "name": "setUserBounds"}, "type": "method", "children": [{"attributes": {}, "type": "params", "children": [{"attributes": {"name": "left"}, "type": "param", "children": [{"attributes": {"text": "<p>left position (relative to the parent)</p>"}, "type": "desc"}, {"attributes": {}, "type": "types", "children": [{"attributes": {"type": "Integer"}, "type": "entry"}]}]}, {"attributes": {"name": "top"}, "type": "param", "children": [{"attributes": {"text": "<p>top position (relative to the parent)</p>"}, "type": "desc"}, {"attributes": {}, "type": "types", "children": [{"attributes": {"type": "Integer"}, "type": "entry"}]}]}, {"attributes": {"name": "width"}, "type": "param", "children": [{"attributes": {"text": "<p>width of the layout item</p>"}, "type": "desc"}, {"attributes": {}, "type": "types", "children": [{"attributes": {"type": "Integer"}, "type": "entry"}]}]}, {"attributes": {"name": "height"}, "type": "param", "children": [{"attributes": {"text": "<p>height of the layout item</p>"}, "type": "desc"}, {"attributes": {}, "type": "types", "children": [{"attributes": {"type": "Integer"}, "type": "entry"}]}]}]}, {"attributes": {"text": "<p>Set user bounds of the widget. Widgets with user bounds are sized and\npositioned manually and are ignored by any layout manager.</p>"}, "type": "desc"}]}, {"attributes": {"name": "setWidth", "fromProperty": "width"}, "type": "method", "children": [{"attributes": {}, "type": "params", "children": [{"attributes": {"name": "value"}, "type": "param", "children": [{"attributes": {"text": "<p>New value for property <code>width</code>.</p>"}, "type": "desc"}, {"attributes": {}, "type": "types", "children": [{"attributes": {"type": "var"}, "type": "entry"}]}]}]}, {"attributes": {"text": "<p>Sets the user value of the property <code>width</code>.</p>\n\n<p>For further details take a look at the property definition: {@link #width}.</p>"}, "type": "desc"}, {"attributes": {}, "type": "return", "children": [{"attributes": {"text": "<p>The unmodified incoming value.</p>"}, "type": "desc"}, {"attributes": {}, "type": "types", "children": [{"attributes": {"type": "var"}, "type": "entry"}]}]}]}, {"attributes": {"name": "toggleAllowGrowX", "fromProperty": "allowGrowX"}, "type": "method", "children": [{"attributes": {"text": "<p>Toggles the (computed) value of the boolean property <code>allowGrowX</code>.</p>\n\n<p>For further details take a look at the property definition: {@link #allowGrowX}.</p>"}, "type": "desc"}, {"attributes": {}, "type": "return", "children": [{"attributes": {"text": "<p>the new value</p>"}, "type": "desc"}, {"attributes": {}, "type": "types", "children": [{"attributes": {"type": "Boolean"}, "type": "entry"}]}]}]}, {"attributes": {"name": "toggleAllowGrowY", "fromProperty": "allowGrowY"}, "type": "method", "children": [{"attributes": {"text": "<p>Toggles the (computed) value of the boolean property <code>allowGrowY</code>.</p>\n\n<p>For further details take a look at the property definition: {@link #allowGrowY}.</p>"}, "type": "desc"}, {"attributes": {}, "type": "return", "children": [{"attributes": {"text": "<p>the new value</p>"}, "type": "desc"}, {"attributes": {}, "type": "types", "children": [{"attributes": {"type": "Boolean"}, "type": "entry"}]}]}]}, {"attributes": {"name": "toggleAllowShrinkX", "fromProperty": "allowShrinkX"}, "type": "method", "children": [{"attributes": {"text": "<p>Toggles the (computed) value of the boolean property <code>allowShrinkX</code>.</p>\n\n<p>For further details take a look at the property definition: {@link #allowShrinkX}.</p>"}, "type": "desc"}, {"attributes": {}, "type": "return", "children": [{"attributes": {"text": "<p>the new value</p>"}, "type": "desc"}, {"attributes": {}, "type": "types", "children": [{"attributes": {"type": "Boolean"}, "type": "entry"}]}]}]}, {"attributes": {"name": "toggleAllowShrinkY", "fromProperty": "allowShrinkY"}, "type": "method", "children": [{"attributes": {"text": "<p>Toggles the (computed) value of the boolean property <code>allowShrinkY</code>.</p>\n\n<p>For further details take a look at the property definition: {@link #allowShrinkY}.</p>"}, "type": "desc"}, {"attributes": {}, "type": "return", "children": [{"attributes": {"text": "<p>the new value</p>"}, "type": "desc"}, {"attributes": {}, "type": "types", "children": [{"attributes": {"type": "Boolean"}, "type": "entry"}]}]}]}, {"attributes": {"line": 897, "name": "updateLayoutProperties"}, "type": "method", "children": [{"attributes": {}, "type": "params", "children": [{"attributes": {"defaultValue": "null", "optional": true, "name": "props"}, "type": "param", "children": [{"attributes": {"text": "<p>Optional map of known layout properties</p>"}, "type": "desc"}, {"attributes": {}, "type": "types", "children": [{"attributes": {"type": "Map"}, "type": "entry"}]}]}]}, {"attributes": {"text": "<p>Should be executed on every change of layout properties.</p>\n\n<p>This also includes &#8220;virtual&#8221; layout properties like margin or align\nwhen they have an effect on the parent and not on the widget itself.</p>\n\n<p>This method is always executed on the parent not on the\nmodified widget itself.</p>"}, "type": "desc"}]}]}, {"attributes": {}, "type": "properties", "children": [{"attributes": {"name": "alignX", "propertyType": "new", "allowNull": "true", "possibleValues": "\"left\",\"center\",\"right\"", "apply": "_applyAlign", "themeable": "true"}, "type": "property", "children": [{"attributes": {"text": "<p>Horizontal alignment of the item in the parent layout.</p>\n\n<p>Note: Item alignment is only supported by {@link LayoutItem} layouts where\nit would have a visual effect. Except for {@link Spacer}, which provides\nblank space for layouts, all classes that inherit {@link LayoutItem} support alignment.</p>"}, "type": "desc"}]}, {"attributes": {"name": "alignY", "propertyType": "new", "allowNull": "true", "possibleValues": "\"top\",\"middle\",\"bottom\",\"baseline\"", "apply": "_applyAlign", "themeable": "true"}, "type": "property", "children": [{"attributes": {"text": "<p>Vertical alignment of the item in the parent layout.</p>\n\n<p>Note: Item alignment is only supported by {@link LayoutItem} layouts where\nit would have a visual effect. Except for {@link Spacer}, which provides\nblank space for layouts, all classes that inherit {@link LayoutItem} support alignment.</p>"}, "type": "desc"}]}, {"attributes": {"name": "allowGrowX", "defaultValue": "true", "propertyType": "new", "apply": "_applyStretching", "check": "Boolean", "themeable": "true"}, "type": "property", "children": [{"attributes": {"text": "<p>Whether the item can grow horizontally.</p>"}, "type": "desc"}]}, {"attributes": {"name": "allowGrowY", "defaultValue": "true", "propertyType": "new", "apply": "_applyStretching", "check": "Boolean", "themeable": "true"}, "type": "property", "children": [{"attributes": {"text": "<p>Whether the item can grow vertically.</p>"}, "type": "desc"}]}, {"attributes": {"name": "allowShrinkX", "defaultValue": "true", "propertyType": "new", "apply": "_applyStretching", "check": "Boolean", "themeable": "true"}, "type": "property", "children": [{"attributes": {"text": "<p>Whether the item can shrink horizontally.</p>"}, "type": "desc"}]}, {"attributes": {"name": "allowShrinkY", "defaultValue": "true", "propertyType": "new", "apply": "_applyStretching", "check": "Boolean", "themeable": "true"}, "type": "property", "children": [{"attributes": {"text": "<p>Whether the item can shrink vertically.</p>"}, "type": "desc"}]}, {"attributes": {"propertyType": "group", "group": "\"allowGrowX\",\"allowShrinkX\"", "mode": "shorthand", "themeable": "true", "name": "allowStretchX"}, "type": "property", "children": [{"attributes": {"text": "<p>Growing and shrinking in the horizontal direction</p>"}, "type": "desc"}]}, {"attributes": {"propertyType": "group", "group": "\"allowGrowY\",\"allowShrinkY\"", "mode": "shorthand", "themeable": "true", "name": "allowStretchY"}, "type": "property", "children": [{"attributes": {"text": "<p>Growing and shrinking in the vertical direction</p>"}, "type": "desc"}]}, {"attributes": {"name": "height", "defaultValue": "null", "check": "Integer", "allowNull": "true", "propertyType": "new", "apply": "_applyDimension", "event": "changeHeight", "themeable": "true"}, "type": "property", "children": [{"attributes": {"text": "<p>The item&#8217;s preferred height.</p>\n\n<p>The computed height may differ from the given height due to\nstretching. Also take a look at the related properties\n{@link #minHeight} and {@link #maxHeight}.</p>"}, "type": "desc"}]}, {"attributes": {"propertyType": "group", "group": "\"marginTop\",\"marginRight\",\"marginBottom\",\"marginLeft\"", "mode": "shorthand", "themeable": "true", "name": "margin"}, "type": "property", "children": [{"attributes": {"text": "<p>The &#8216;margin&#8217; property is a shorthand property for setting &#8216;marginTop&#8217;,\n&#8216;marginRight&#8217;, &#8216;marginBottom&#8217; and &#8216;marginLeft&#8217; at the same time.</p>\n\n<p>If four values are specified they apply to top, right, bottom and left respectively.\nIf there is only one value, it applies to all sides, if there are two or three,\nthe missing values are taken from the opposite side.</p>"}, "type": "desc"}]}, {"attributes": {"name": "marginBottom", "defaultValue": "0", "propertyType": "new", "apply": "_applyMargin", "check": "Integer", "themeable": "true"}, "type": "property", "children": [{"attributes": {"text": "<p>Margin of the widget (bottom)</p>"}, "type": "desc"}]}, {"attributes": {"name": "marginLeft", "defaultValue": "0", "propertyType": "new", "apply": "_applyMargin", "check": "Integer", "themeable": "true"}, "type": "property", "children": [{"attributes": {"text": "<p>Margin of the widget (left)</p>"}, "type": "desc"}]}, {"attributes": {"name": "marginRight", "defaultValue": "0", "propertyType": "new", "apply": "_applyMargin", "check": "Integer", "themeable": "true"}, "type": "property", "children": [{"attributes": {"text": "<p>Margin of the widget (right)</p>"}, "type": "desc"}]}, {"attributes": {"name": "marginTop", "defaultValue": "0", "propertyType": "new", "apply": "_applyMargin", "check": "Integer", "themeable": "true"}, "type": "property", "children": [{"attributes": {"text": "<p>Margin of the widget (top)</p>"}, "type": "desc"}]}, {"attributes": {"name": "maxHeight", "defaultValue": "null", "allowNull": "true", "propertyType": "new", "apply": "_applyDimension", "check": "Integer", "themeable": "true"}, "type": "property", "children": [{"attributes": {"text": "<p>The user provided maximum height.</p>\n\n<p>Also take a look at the related properties {@link #height} and {@link #minHeight}.</p>"}, "type": "desc"}]}, {"attributes": {"name": "maxWidth", "defaultValue": "null", "allowNull": "true", "propertyType": "new", "apply": "_applyDimension", "check": "Integer", "themeable": "true"}, "type": "property", "children": [{"attributes": {"text": "<p>The user provided maximal width.</p>\n\n<p>Also take a look at the related properties {@link #width} and {@link #minWidth}.</p>"}, "type": "desc"}]}, {"attributes": {"name": "minHeight", "defaultValue": "null", "allowNull": "true", "propertyType": "new", "apply": "_applyDimension", "check": "Integer", "themeable": "true"}, "type": "property", "children": [{"attributes": {"text": "<p>The user provided minimal height.</p>\n\n<p>Also take a look at the related properties {@link #height} and {@link #maxHeight}.</p>"}, "type": "desc"}]}, {"attributes": {"name": "minWidth", "defaultValue": "null", "allowNull": "true", "propertyType": "new", "apply": "_applyDimension", "check": "Integer", "themeable": "true"}, "type": "property", "children": [{"attributes": {"text": "<p>The user provided minimal width.</p>\n\n<p>Also take a look at the related properties {@link #width} and {@link #maxWidth}.</p>"}, "type": "desc"}]}, {"attributes": {"name": "width", "defaultValue": "null", "check": "Integer", "allowNull": "true", "propertyType": "new", "apply": "_applyDimension", "event": "changeWidth", "themeable": "true"}, "type": "property", "children": [{"attributes": {"text": "<p>The <code>LayoutItem</code>&#8216;s preferred width.</p>\n\n<p>The computed width may differ from the given width due to\nstretching. Also take a look at the related properties\n{@link #minWidth} and {@link #maxWidth}.</p>"}, "type": "desc"}]}]}, {"attributes": {}, "type": "events", "children": [{"attributes": {"name": "changeHeight"}, "type": "event", "children": [{"attributes": {"text": "Fired on change of the property {@link #height}."}, "type": "desc"}, {"attributes": {}, "type": "types", "children": [{"attributes": {"type": "qx.event.type.Data"}, "type": "entry"}]}]}, {"attributes": {"name": "changeWidth"}, "type": "event", "children": [{"attributes": {"text": "Fired on change of the property {@link #width}."}, "type": "desc"}, {"attributes": {}, "type": "types", "children": [{"attributes": {"type": "qx.event.type.Data"}, "type": "entry"}]}]}]}]}