{"attributes": {"name": "Label", "packageName": "qx.ui.basic", "superClass": "qx.ui.core.Widget", "fullName": "qx.ui.basic.Label", "type": "class", "interfaces": "qx.ui.form.IStringForm"}, "type": "class", "children": [{"attributes": {"text": "<p>The label class brings typical text content to the widget system.</p>\n\n<p>It supports simple text nodes and complex <span class=\"caps\">HTML</span> (rich). The default\ncontent mode is for text only. The mode is changeable through the property\n{@link #rich}.</p>\n\n<p>The label supports heightForWidth when used in <span class=\"caps\">HTML</span> mode. This means\nthat multi line <span class=\"caps\">HTML</span> automatically computes the correct preferred height.</p>\n\n<p><strong>Example</strong></p>\n\n<p>Here is a little example of how to use the widget.</p>\n\n<pre class=\"javascript\">\n  // a simple text label without wrapping and markup support\n  var label1 = new qx.ui.basic.Label(\"Simple text label\");\n  this.getRoot().add(label1, {left:20, top:10});\n\n  // a HTML label with automatic line wrapping\n  var label2 = new qx.ui.basic.Label().set({\n    value: \"A <b>long label</b> text with auto-wrapping. This also may contain <b>rich HTML</b> markup.\",\n    rich : true,\n    width: 120\n  });\n  this.getRoot().add(label2, {left:20, top:50});\n</pre>\n\n<p>The first label in this example is a basic text only label. As such no\nautomatic wrapping is supported. The second label is a long label containing\n<span class=\"caps\">HTML</span> markup with automatic line wrapping.</p>\n\n<p><strong>External Documentation</strong></p>\n\n<a href=\"http://manual.qooxdoo.org/4.0.1/pages/widget/label.html\" target=\"_blank\">\nDocumentation of this widget in the qooxdoo manual.</a>"}, "type": "desc"}, {"attributes": {}, "type": "constructor", "children": [{"attributes": {"line": 75, "isCtor": true, "overriddenFrom": "qx.ui.core.Widget", "name": "ctor"}, "type": "method", "children": [{"attributes": {}, "type": "params", "children": [{"attributes": {"name": "value"}, "type": "param", "children": [{"attributes": {"text": "<p>Text or <span class=\"caps\">HTML</span> content to use</p>"}, "type": "desc"}, {"attributes": {}, "type": "types", "children": [{"attributes": {"type": "String"}, "type": "entry"}]}]}]}, {"attributes": {"text": ""}, "type": "desc"}]}]}, {"attributes": {}, "type": "properties", "children": [{"attributes": {"name": "allowGrowX", "docFrom": "qx.ui.core.LayoutItem", "defaultValue": "false", "refine": "true", "propertyType": "new", "overriddenFrom": "qx.ui.core.LayoutItem"}, "type": "property"}, {"attributes": {"name": "allowGrowY", "docFrom": "qx.ui.core.LayoutItem", "defaultValue": "false", "refine": "true", "propertyType": "new", "overriddenFrom": "qx.ui.core.LayoutItem"}, "type": "property"}, {"attributes": {"name": "allowShrinkY", "docFrom": "qx.ui.core.LayoutItem", "defaultValue": "false", "refine": "true", "propertyType": "new", "overriddenFrom": "qx.ui.core.LayoutItem"}, "type": "property"}, {"attributes": {"name": "appearance", "docFrom": "qx.ui.core.Widget", "defaultValue": "\"label\"", "refine": "true", "propertyType": "new", "overriddenFrom": "qx.ui.core.Widget"}, "type": "property"}, {"attributes": {"name": "buddy", "defaultValue": "null", "allowNull": "true", "propertyType": "new", "apply": "_applyBuddy", "check": "qx.ui.core.Widget"}, "type": "property", "children": [{"attributes": {"text": "<p>The buddy property can be used to connect the label to another widget.\nThat causes two things:\n<ul>\n  <li>The label will always take the same enabled state as the buddy\n      widget.\n  </li>\n  <li>A tap on the label will focus the buddy widget.</li>\n</ul>\nThis is the behavior of the for attribute of <span class=\"caps\">HTML</span>:\n<a href=\"http://www.w3.org/TR/html401/interact/forms.html#adef-for\">http://www.w3.org/TR/html401/interact/forms.html#adef-for</a></p>"}, "type": "desc"}]}, {"attributes": {"name": "rich", "defaultValue": "false", "event": "changeRich", "propertyType": "new", "apply": "_applyRich", "check": "Boolean"}, "type": "property", "children": [{"attributes": {"text": "<p>Switches between rich <span class=\"caps\">HTML</span> and text content. The text mode (<code>false</code>) supports\nadvanced features like ellipsis when the available space is not\nenough. <span class=\"caps\">HTML</span> mode (<code>true</code>) supports multi-line content and all the\nmarkup features of <span class=\"caps\">HTML</span> content.</p>"}, "type": "desc"}]}, {"attributes": {"name": "selectable", "docFrom": "qx.ui.core.Widget", "defaultValue": "false", "refine": "true", "propertyType": "new", "overriddenFrom": "qx.ui.core.Widget"}, "type": "property"}, {"attributes": {"name": "textAlign", "propertyType": "new", "allowNull": "true", "possibleValues": "\"left\",\"center\",\"right\",\"justify\"", "apply": "_applyTextAlign", "event": "changeTextAlign", "themeable": "true"}, "type": "property", "children": [{"attributes": {"text": "<p>Control the text alignment</p>"}, "type": "desc"}]}, {"attributes": {"name": "value", "check": "String", "allowNull": "true", "propertyType": "new", "apply": "_applyValue", "event": "changeValue"}, "type": "property", "children": [{"attributes": {"text": "<p>Contains the <span class=\"caps\">HTML</span> or text content. Interpretation depends on the value\nof {@link #rich}. In text mode entities and other <span class=\"caps\">HTML</span> special content\nis not supported. But it is possible to use unicode escape sequences\nto insert symbols and other non <span class=\"caps\">ASCII</span> characters.</p>"}, "type": "desc"}]}, {"attributes": {"apply": "_applyWrap", "defaultValue": "true", "propertyType": "new", "check": "Boolean", "name": "wrap"}, "type": "property", "children": [{"attributes": {"text": "<p>Controls whether text wrap is activated or not. But please note, that\nthis property works only in combination with the property {@link #rich}.\nThe {@link #wrap} has only an effect if the {@link #rich} property is\nset to <code>true</code>, otherwise {@link #wrap} has no effect.</p>"}, "type": "desc"}]}]}, {"attributes": {}, "type": "methods", "children": [{"attributes": {"access": "private", "line": 381, "name": "__computeContentSize"}, "type": "method", "children": [{"attributes": {}, "type": "params", "children": [{"attributes": {"defaultValue": "null", "optional": true, "name": "width"}, "type": "param", "children": [{"attributes": {"text": "<p>Optional width constraint</p>"}, "type": "desc"}, {"attributes": {}, "type": "types", "children": [{"attributes": {"type": "Integer"}, "type": "entry"}]}]}]}, {"attributes": {"text": "<p>Internal utility to compute the content dimensions.</p>"}, "type": "desc"}, {"attributes": {}, "type": "return", "children": [{"attributes": {"text": "<p>Map with <code>width</code> and <code>height</code> keys</p>"}, "type": "desc"}, {"attributes": {}, "type": "types", "children": [{"attributes": {"type": "Map"}, "type": "entry"}]}]}]}, {"attributes": {"access": "private", "line": 406, "name": "__fixEllipsis"}, "type": "method", "children": [{"attributes": {"text": "<p>Firefox > 9 on OS X will draw an ellipsis on top of the label content even\nthough there is enough space for the text. Re-applying the content forces\na recalculation and fixes the problem. See qx bug #6293</p>"}, "type": "desc"}]}, {"attributes": {"access": "protected", "line": 432, "name": "_applyBuddy"}, "type": "method", "children": [{"attributes": {}, "type": "params", "children": [{"attributes": {"name": "value"}, "type": "param", "children": [{"attributes": {"text": "<p>new value of the property</p>"}, "type": "desc"}, {"attributes": {}, "type": "types", "children": [{"attributes": {"type": "qx.ui.core.Widget"}, "type": "entry"}]}]}, {"attributes": {"name": "old"}, "type": "param", "children": [{"attributes": {"text": "<p>previous value of the property (null if it was not yet set).</p>"}, "type": "desc"}, {"attributes": {}, "type": "types", "children": [{"attributes": {"type": "qx.ui.core.Widget"}, "type": "entry"}]}]}]}, {"attributes": {}, "type": "apply", "children": [{"attributes": {"applies": "qx.ui.basic.Label#buddy"}, "type": "entry"}]}, {"attributes": {"text": "<p>Applies changes of the property value of the property <code>buddy</code>.</p>\n\n<p>For further details take a look at the property definition: {@link #buddy}.</p>"}, "type": "desc"}]}, {"attributes": {"access": "protected", "line": 338, "overriddenFrom": "qx.ui.core.Widget", "name": "_applyFont"}, "type": "method", "children": [{"attributes": {}, "type": "params", "children": [{"attributes": {"name": "value"}, "type": "param", "children": [{"attributes": {"text": "<p>new value of the property</p>"}, "type": "desc"}, {"attributes": {}, "type": "types", "children": [{"attributes": {"type": "Font"}, "type": "entry"}]}]}, {"attributes": {"name": "old"}, "type": "param", "children": [{"attributes": {"text": "<p>previous value of the property (null if it was not yet set).</p>"}, "type": "desc"}, {"attributes": {}, "type": "types", "children": [{"attributes": {"type": "Font"}, "type": "entry"}]}]}]}, {"attributes": {}, "type": "apply", "children": [{"attributes": {"applies": "qx.ui.core.Widget#font"}, "type": "entry"}]}, {"attributes": {"text": "<p>Applies changes of the property value of the property <code>font</code>.</p>\n\n<p>For further details take a look at the property definition: {@link #font}.</p>"}, "type": "desc"}]}, {"attributes": {"access": "protected", "line": 460, "name": "_applyRich"}, "type": "method", "children": [{"attributes": {}, "type": "params", "children": [{"attributes": {"name": "value"}, "type": "param", "children": [{"attributes": {"text": "<p>new value of the property</p>"}, "type": "desc"}, {"attributes": {}, "type": "types", "children": [{"attributes": {"type": "Boolean"}, "type": "entry"}]}]}, {"attributes": {"name": "old"}, "type": "param", "children": [{"attributes": {"text": "<p>previous value of the property (null if it was not yet set).</p>"}, "type": "desc"}, {"attributes": {}, "type": "types", "children": [{"attributes": {"type": "Boolean"}, "type": "entry"}]}]}]}, {"attributes": {}, "type": "apply", "children": [{"attributes": {"applies": "qx.ui.basic.Label#rich"}, "type": "entry"}]}, {"attributes": {"text": "<p>Applies changes of the property value of the property <code>rich</code>.</p>\n\n<p>For further details take a look at the property definition: {@link #rich}.</p>"}, "type": "desc"}]}, {"attributes": {"access": "protected", "line": 262, "overriddenFrom": "qx.ui.core.Widget", "name": "_applySelectable"}, "type": "method", "children": [{"attributes": {}, "type": "params", "children": [{"attributes": {"name": "value"}, "type": "param", "children": [{"attributes": {"text": "<p>new value of the property</p>"}, "type": "desc"}, {"attributes": {}, "type": "types", "children": [{"attributes": {"type": "Boolean"}, "type": "entry"}]}]}, {"attributes": {"name": "old"}, "type": "param", "children": [{"attributes": {"text": "<p>previous value of the property (null if it was not yet set).</p>"}, "type": "desc"}, {"attributes": {}, "type": "types", "children": [{"attributes": {"type": "Boolean"}, "type": "entry"}]}]}]}, {"attributes": {}, "type": "apply", "children": [{"attributes": {"applies": "qx.ui.core.Widget#selectable"}, "type": "entry"}]}, {"attributes": {"text": "<p>Applies changes of the property value of the property <code>selectable</code>.</p>\n\n<p>For further details take a look at the property definition: {@link #selectable}.</p>"}, "type": "desc"}]}, {"attributes": {"access": "protected", "line": 301, "name": "_applyTextAlign"}, "type": "method", "children": [{"attributes": {}, "type": "params", "children": [{"attributes": {"name": "value"}, "type": "param", "children": [{"attributes": {"text": "<p>new value of the property</p>"}, "type": "desc"}, {"attributes": {}, "type": "types", "children": [{"attributes": {"type": "var"}, "type": "entry"}]}]}, {"attributes": {"name": "old"}, "type": "param", "children": [{"attributes": {"text": "<p>previous value of the property (null if it was not yet set).</p>"}, "type": "desc"}, {"attributes": {}, "type": "types", "children": [{"attributes": {"type": "var"}, "type": "entry"}]}]}]}, {"attributes": {}, "type": "apply", "children": [{"attributes": {"applies": "qx.ui.basic.Label#textAlign"}, "type": "entry"}]}, {"attributes": {"text": "<p>Applies changes of the property value of the property <code>textAlign</code>.</p>\n\n<p>For further details take a look at the property definition: {@link #textAlign}.</p>"}, "type": "desc"}]}, {"attributes": {"access": "protected", "line": 307, "overriddenFrom": "qx.ui.core.Widget", "name": "_applyTextColor"}, "type": "method", "children": [{"attributes": {}, "type": "params", "children": [{"attributes": {"name": "value"}, "type": "param", "children": [{"attributes": {"text": "<p>new value of the property</p>"}, "type": "desc"}, {"attributes": {}, "type": "types", "children": [{"attributes": {"type": "Color"}, "type": "entry"}]}]}, {"attributes": {"name": "old"}, "type": "param", "children": [{"attributes": {"text": "<p>previous value of the property (null if it was not yet set).</p>"}, "type": "desc"}, {"attributes": {}, "type": "types", "children": [{"attributes": {"type": "Color"}, "type": "entry"}]}]}]}, {"attributes": {}, "type": "apply", "children": [{"attributes": {"applies": "qx.ui.core.Widget#textColor"}, "type": "entry"}]}, {"attributes": {"text": "<p>Applies changes of the property value of the property <code>textColor</code>.</p>\n\n<p>For further details take a look at the property definition: {@link #textColor}.</p>"}, "type": "desc"}]}, {"attributes": {"access": "protected", "line": 527, "name": "_applyValue"}, "type": "method", "children": [{"attributes": {}, "type": "params", "children": [{"attributes": {"name": "value"}, "type": "param", "children": [{"attributes": {"text": "<p>new value of the property</p>"}, "type": "desc"}, {"attributes": {}, "type": "types", "children": [{"attributes": {"type": "String"}, "type": "entry"}]}]}, {"attributes": {"name": "old"}, "type": "param", "children": [{"attributes": {"text": "<p>previous value of the property (null if it was not yet set).</p>"}, "type": "desc"}, {"attributes": {}, "type": "types", "children": [{"attributes": {"type": "String"}, "type": "entry"}]}]}]}, {"attributes": {}, "type": "apply", "children": [{"attributes": {"applies": "qx.ui.basic.Label#value"}, "type": "entry"}]}, {"attributes": {"text": "<p>Applies changes of the property value of the property <code>value</code>.</p>\n\n<p>For further details take a look at the property definition: {@link #value}.</p>"}, "type": "desc"}]}, {"attributes": {"access": "protected", "line": 474, "name": "_applyWrap"}, "type": "method", "children": [{"attributes": {}, "type": "params", "children": [{"attributes": {"name": "value"}, "type": "param", "children": [{"attributes": {"text": "<p>new value of the property</p>"}, "type": "desc"}, {"attributes": {}, "type": "types", "children": [{"attributes": {"type": "Boolean"}, "type": "entry"}]}]}, {"attributes": {"name": "old"}, "type": "param", "children": [{"attributes": {"text": "<p>previous value of the property (null if it was not yet set).</p>"}, "type": "desc"}, {"attributes": {}, "type": "types", "children": [{"attributes": {"type": "Boolean"}, "type": "entry"}]}]}]}, {"attributes": {}, "type": "apply", "children": [{"attributes": {"applies": "qx.ui.basic.Label#wrap"}, "type": "entry"}]}, {"attributes": {"text": "<p>Applies changes of the property value of the property <code>wrap</code>.</p>\n\n<p>For further details take a look at the property definition: {@link #wrap}.</p>"}, "type": "desc"}]}, {"attributes": {"access": "protected", "docFrom": "qx.ui.core.Widget", "line": 295, "overriddenFrom": "qx.ui.core.Widget", "name": "_createContentElement"}, "type": "method"}, {"attributes": {"access": "protected", "docFrom": "qx.ui.core.Widget", "line": 285, "overriddenFrom": "qx.ui.core.Widget", "name": "_getContentHeightForWidth"}, "type": "method", "children": [{"attributes": {}, "type": "params", "children": [{"attributes": {"name": "width"}, "type": "param"}]}]}, {"attributes": {"access": "protected", "docFrom": "qx.ui.core.Widget", "line": 240, "overriddenFrom": "qx.ui.core.Widget", "name": "_getContentHint"}, "type": "method"}, {"attributes": {"access": "protected", "docFrom": "qx.ui.core.LayoutItem", "line": 256, "overriddenFrom": "qx.ui.core.LayoutItem", "name": "_hasHeightForWidth"}, "type": "method"}, {"attributes": {"access": "protected", "line": 1, "name": "_onChangeLocale"}, "type": "method", "children": [{"attributes": {}, "type": "params", "children": [{"attributes": {"name": "e"}, "type": "param", "children": [{"attributes": {"text": "<p>the change event</p>"}, "type": "desc"}, {"attributes": {}, "type": "types", "children": [{"attributes": {"type": "Event"}, "type": "entry"}]}]}]}, {"attributes": {"text": "<p>Locale change event handler</p>"}, "type": "desc"}]}, {"attributes": {"access": "protected", "line": 517, "name": "_onWebFontStatusChange"}, "type": "method", "children": [{"attributes": {}, "type": "params", "children": [{"attributes": {"name": "ev"}, "type": "param", "children": [{"attributes": {"text": "<p>&#8220;changeStatus&#8221; event</p>"}, "type": "desc"}, {"attributes": {}, "type": "types", "children": [{"attributes": {"type": "qx.event.type.Data"}, "type": "entry"}]}]}]}, {"attributes": {"text": "<p>Triggers layout recalculation after a web font was loaded</p>"}, "type": "desc"}]}, {"attributes": {"name": "getBuddy", "fromProperty": "buddy"}, "type": "method", "children": [{"attributes": {"text": "<p>Returns the (computed) value of the property <code>buddy</code>.</p>\n\n<p>For further details take a look at the property definition: {@link #buddy}.</p>"}, "type": "desc"}, {"attributes": {}, "type": "return", "children": [{"attributes": {"text": "<p>(Computed) value of <code>buddy</code>.</p>"}, "type": "desc"}, {"attributes": {}, "type": "types", "children": [{"attributes": {"type": "var"}, "type": "entry"}]}]}]}, {"attributes": {"name": "getRich", "fromProperty": "rich"}, "type": "method", "children": [{"attributes": {"text": "<p>Returns the (computed) value of the property <code>rich</code>.</p>\n\n<p>For further details take a look at the property definition: {@link #rich}.</p>"}, "type": "desc"}, {"attributes": {}, "type": "return", "children": [{"attributes": {"text": "<p>(Computed) value of <code>rich</code>.</p>"}, "type": "desc"}, {"attributes": {}, "type": "types", "children": [{"attributes": {"type": "var"}, "type": "entry"}]}]}]}, {"attributes": {"name": "getTextAlign", "fromProperty": "textAlign"}, "type": "method", "children": [{"attributes": {"text": "<p>Returns the (computed) value of the property <code>textAlign</code>.</p>\n\n<p>For further details take a look at the property definition: {@link #textAlign}.</p>"}, "type": "desc"}, {"attributes": {}, "type": "return", "children": [{"attributes": {"text": "<p>(Computed) value of <code>textAlign</code>.</p>"}, "type": "desc"}, {"attributes": {}, "type": "types", "children": [{"attributes": {"type": "var"}, "type": "entry"}]}]}]}, {"attributes": {"name": "getValue", "fromProperty": "value"}, "type": "method", "children": [{"attributes": {"text": "<p>Returns the (computed) value of the property <code>value</code>.</p>\n\n<p>For further details take a look at the property definition: {@link #value}.</p>"}, "type": "desc"}, {"attributes": {}, "type": "return", "children": [{"attributes": {"text": "<p>(Computed) value of <code>value</code>.</p>"}, "type": "desc"}, {"attributes": {}, "type": "types", "children": [{"attributes": {"type": "var"}, "type": "entry"}]}]}]}, {"attributes": {"name": "getWrap", "fromProperty": "wrap"}, "type": "method", "children": [{"attributes": {"text": "<p>Returns the (computed) value of the property <code>wrap</code>.</p>\n\n<p>For further details take a look at the property definition: {@link #wrap}.</p>"}, "type": "desc"}, {"attributes": {}, "type": "return", "children": [{"attributes": {"text": "<p>(Computed) value of <code>wrap</code>.</p>"}, "type": "desc"}, {"attributes": {}, "type": "types", "children": [{"attributes": {"type": "var"}, "type": "entry"}]}]}]}, {"attributes": {"access": "protected", "name": "initBuddy", "fromProperty": "buddy"}, "type": "method", "children": [{"attributes": {}, "type": "params", "children": [{"attributes": {"name": "value"}, "type": "param", "children": [{"attributes": {"text": "<p>Initial value for property <code>buddy</code>.</p>"}, "type": "desc"}, {"attributes": {}, "type": "types", "children": [{"attributes": {"type": "var"}, "type": "entry"}]}]}]}, {"attributes": {"text": "<p>Calls the apply method and dispatches the change event of the property <code>buddy</code>\nwith the default value defined by the class developer. This function can\nonly be called from the constructor of a class.</p>\n\n<p>For further details take a look at the property definition: {@link #buddy}.</p>"}, "type": "desc"}, {"attributes": {}, "type": "return", "children": [{"attributes": {"text": "<p>the default value</p>"}, "type": "desc"}, {"attributes": {}, "type": "types", "children": [{"attributes": {"type": "var"}, "type": "entry"}]}]}]}, {"attributes": {"access": "protected", "name": "initRich", "fromProperty": "rich"}, "type": "method", "children": [{"attributes": {}, "type": "params", "children": [{"attributes": {"name": "value"}, "type": "param", "children": [{"attributes": {"text": "<p>Initial value for property <code>rich</code>.</p>"}, "type": "desc"}, {"attributes": {}, "type": "types", "children": [{"attributes": {"type": "var"}, "type": "entry"}]}]}]}, {"attributes": {"text": "<p>Calls the apply method and dispatches the change event of the property <code>rich</code>\nwith the default value defined by the class developer. This function can\nonly be called from the constructor of a class.</p>\n\n<p>For further details take a look at the property definition: {@link #rich}.</p>"}, "type": "desc"}, {"attributes": {}, "type": "return", "children": [{"attributes": {"text": "<p>the default value</p>"}, "type": "desc"}, {"attributes": {}, "type": "types", "children": [{"attributes": {"type": "var"}, "type": "entry"}]}]}]}, {"attributes": {"access": "protected", "name": "initTextAlign", "fromProperty": "textAlign"}, "type": "method", "children": [{"attributes": {}, "type": "params", "children": [{"attributes": {"name": "value"}, "type": "param", "children": [{"attributes": {"text": "<p>Initial value for property <code>textAlign</code>.</p>"}, "type": "desc"}, {"attributes": {}, "type": "types", "children": [{"attributes": {"type": "var"}, "type": "entry"}]}]}]}, {"attributes": {"text": "<p>Calls the apply method and dispatches the change event of the property <code>textAlign</code>\nwith the default value defined by the class developer. This function can\nonly be called from the constructor of a class.</p>\n\n<p>For further details take a look at the property definition: {@link #textAlign}.</p>"}, "type": "desc"}, {"attributes": {}, "type": "return", "children": [{"attributes": {"text": "<p>the default value</p>"}, "type": "desc"}, {"attributes": {}, "type": "types", "children": [{"attributes": {"type": "var"}, "type": "entry"}]}]}]}, {"attributes": {"access": "protected", "name": "initValue", "fromProperty": "value"}, "type": "method", "children": [{"attributes": {}, "type": "params", "children": [{"attributes": {"name": "value"}, "type": "param", "children": [{"attributes": {"text": "<p>Initial value for property <code>value</code>.</p>"}, "type": "desc"}, {"attributes": {}, "type": "types", "children": [{"attributes": {"type": "var"}, "type": "entry"}]}]}]}, {"attributes": {"text": "<p>Calls the apply method and dispatches the change event of the property <code>value</code>\nwith the default value defined by the class developer. This function can\nonly be called from the constructor of a class.</p>\n\n<p>For further details take a look at the property definition: {@link #value}.</p>"}, "type": "desc"}, {"attributes": {}, "type": "return", "children": [{"attributes": {"text": "<p>the default value</p>"}, "type": "desc"}, {"attributes": {}, "type": "types", "children": [{"attributes": {"type": "var"}, "type": "entry"}]}]}]}, {"attributes": {"access": "protected", "name": "initWrap", "fromProperty": "wrap"}, "type": "method", "children": [{"attributes": {}, "type": "params", "children": [{"attributes": {"name": "value"}, "type": "param", "children": [{"attributes": {"text": "<p>Initial value for property <code>wrap</code>.</p>"}, "type": "desc"}, {"attributes": {}, "type": "types", "children": [{"attributes": {"type": "var"}, "type": "entry"}]}]}]}, {"attributes": {"text": "<p>Calls the apply method and dispatches the change event of the property <code>wrap</code>\nwith the default value defined by the class developer. This function can\nonly be called from the constructor of a class.</p>\n\n<p>For further details take a look at the property definition: {@link #wrap}.</p>"}, "type": "desc"}, {"attributes": {}, "type": "return", "children": [{"attributes": {"text": "<p>the default value</p>"}, "type": "desc"}, {"attributes": {}, "type": "types", "children": [{"attributes": {"type": "var"}, "type": "entry"}]}]}]}, {"attributes": {"name": "isRich", "fromProperty": "rich"}, "type": "method", "children": [{"attributes": {"text": "<p>Check whether the (computed) value of the boolean property <code>rich</code> equals <code>true</code>.</p>\n\n<p>For further details take a look at the property definition: {@link #rich}.</p>"}, "type": "desc"}, {"attributes": {}, "type": "return", "children": [{"attributes": {"text": "<p>Whether the property equals <code>true</code>.</p>"}, "type": "desc"}, {"attributes": {}, "type": "types", "children": [{"attributes": {"type": "Boolean"}, "type": "entry"}]}]}]}, {"attributes": {"name": "isWrap", "fromProperty": "wrap"}, "type": "method", "children": [{"attributes": {"text": "<p>Check whether the (computed) value of the boolean property <code>wrap</code> equals <code>true</code>.</p>\n\n<p>For further details take a look at the property definition: {@link #wrap}.</p>"}, "type": "desc"}, {"attributes": {}, "type": "return", "children": [{"attributes": {"text": "<p>Whether the property equals <code>true</code>.</p>"}, "type": "desc"}, {"attributes": {}, "type": "types", "children": [{"attributes": {"type": "Boolean"}, "type": "entry"}]}]}]}, {"attributes": {"name": "resetBuddy", "fromProperty": "buddy"}, "type": "method", "children": [{"attributes": {"text": "<p>Resets the user value of the property <code>buddy</code>.</p>\n\n<p>The computed value falls back to the next available value e.g. appearance, init or\ninheritance value depeneding on the property configuration and value availability.</p>\n\n<p>For further details take a look at the property definition: {@link #buddy}.</p>"}, "type": "desc"}]}, {"attributes": {"name": "resetRich", "fromProperty": "rich"}, "type": "method", "children": [{"attributes": {"text": "<p>Resets the user value of the property <code>rich</code>.</p>\n\n<p>The computed value falls back to the next available value e.g. appearance, init or\ninheritance value depeneding on the property configuration and value availability.</p>\n\n<p>For further details take a look at the property definition: {@link #rich}.</p>"}, "type": "desc"}]}, {"attributes": {"name": "resetTextAlign", "fromProperty": "textAlign"}, "type": "method", "children": [{"attributes": {"text": "<p>Resets the user value of the property <code>textAlign</code>.</p>\n\n<p>The computed value falls back to the next available value e.g. appearance, init or\ninheritance value depeneding on the property configuration and value availability.</p>\n\n<p>For further details take a look at the property definition: {@link #textAlign}.</p>"}, "type": "desc"}]}, {"attributes": {"name": "resetValue", "fromProperty": "value"}, "type": "method", "children": [{"attributes": {"text": "<p>Resets the user value of the property <code>value</code>.</p>\n\n<p>The computed value falls back to the next available value e.g. appearance, init or\ninheritance value depeneding on the property configuration and value availability.</p>\n\n<p>For further details take a look at the property definition: {@link #value}.</p>"}, "type": "desc"}]}, {"attributes": {"name": "resetWrap", "fromProperty": "wrap"}, "type": "method", "children": [{"attributes": {"text": "<p>Resets the user value of the property <code>wrap</code>.</p>\n\n<p>The computed value falls back to the next available value e.g. appearance, init or\ninheritance value depeneding on the property configuration and value availability.</p>\n\n<p>For further details take a look at the property definition: {@link #wrap}.</p>"}, "type": "desc"}]}, {"attributes": {"name": "setBuddy", "fromProperty": "buddy"}, "type": "method", "children": [{"attributes": {}, "type": "params", "children": [{"attributes": {"name": "value"}, "type": "param", "children": [{"attributes": {"text": "<p>New value for property <code>buddy</code>.</p>"}, "type": "desc"}, {"attributes": {}, "type": "types", "children": [{"attributes": {"type": "var"}, "type": "entry"}]}]}]}, {"attributes": {"text": "<p>Sets the user value of the property <code>buddy</code>.</p>\n\n<p>For further details take a look at the property definition: {@link #buddy}.</p>"}, "type": "desc"}, {"attributes": {}, "type": "return", "children": [{"attributes": {"text": "<p>The unmodified incoming value.</p>"}, "type": "desc"}, {"attributes": {}, "type": "types", "children": [{"attributes": {"type": "var"}, "type": "entry"}]}]}]}, {"attributes": {"name": "setRich", "fromProperty": "rich"}, "type": "method", "children": [{"attributes": {}, "type": "params", "children": [{"attributes": {"name": "value"}, "type": "param", "children": [{"attributes": {"text": "<p>New value for property <code>rich</code>.</p>"}, "type": "desc"}, {"attributes": {}, "type": "types", "children": [{"attributes": {"type": "var"}, "type": "entry"}]}]}]}, {"attributes": {"text": "<p>Sets the user value of the property <code>rich</code>.</p>\n\n<p>For further details take a look at the property definition: {@link #rich}.</p>"}, "type": "desc"}, {"attributes": {}, "type": "return", "children": [{"attributes": {"text": "<p>The unmodified incoming value.</p>"}, "type": "desc"}, {"attributes": {}, "type": "types", "children": [{"attributes": {"type": "var"}, "type": "entry"}]}]}]}, {"attributes": {"name": "setTextAlign", "fromProperty": "textAlign"}, "type": "method", "children": [{"attributes": {}, "type": "params", "children": [{"attributes": {"name": "value"}, "type": "param", "children": [{"attributes": {"text": "<p>New value for property <code>textAlign</code>.</p>"}, "type": "desc"}, {"attributes": {}, "type": "types", "children": [{"attributes": {"type": "var"}, "type": "entry"}]}]}]}, {"attributes": {"text": "<p>Sets the user value of the property <code>textAlign</code>.</p>\n\n<p>For further details take a look at the property definition: {@link #textAlign}.</p>"}, "type": "desc"}, {"attributes": {}, "type": "return", "children": [{"attributes": {"text": "<p>The unmodified incoming value.</p>"}, "type": "desc"}, {"attributes": {}, "type": "types", "children": [{"attributes": {"type": "var"}, "type": "entry"}]}]}]}, {"attributes": {"name": "setValue", "fromProperty": "value"}, "type": "method", "children": [{"attributes": {}, "type": "params", "children": [{"attributes": {"name": "value"}, "type": "param", "children": [{"attributes": {"text": "<p>New value for property <code>value</code>.</p>"}, "type": "desc"}, {"attributes": {}, "type": "types", "children": [{"attributes": {"type": "var"}, "type": "entry"}]}]}]}, {"attributes": {"text": "<p>Sets the user value of the property <code>value</code>.</p>\n\n<p>For further details take a look at the property definition: {@link #value}.</p>"}, "type": "desc"}, {"attributes": {}, "type": "return", "children": [{"attributes": {"text": "<p>The unmodified incoming value.</p>"}, "type": "desc"}, {"attributes": {}, "type": "types", "children": [{"attributes": {"type": "var"}, "type": "entry"}]}]}]}, {"attributes": {"name": "setWrap", "fromProperty": "wrap"}, "type": "method", "children": [{"attributes": {}, "type": "params", "children": [{"attributes": {"name": "value"}, "type": "param", "children": [{"attributes": {"text": "<p>New value for property <code>wrap</code>.</p>"}, "type": "desc"}, {"attributes": {}, "type": "types", "children": [{"attributes": {"type": "var"}, "type": "entry"}]}]}]}, {"attributes": {"text": "<p>Sets the user value of the property <code>wrap</code>.</p>\n\n<p>For further details take a look at the property definition: {@link #wrap}.</p>"}, "type": "desc"}, {"attributes": {}, "type": "return", "children": [{"attributes": {"text": "<p>The unmodified incoming value.</p>"}, "type": "desc"}, {"attributes": {}, "type": "types", "children": [{"attributes": {"type": "var"}, "type": "entry"}]}]}]}, {"attributes": {"name": "toggleRich", "fromProperty": "rich"}, "type": "method", "children": [{"attributes": {"text": "<p>Toggles the (computed) value of the boolean property <code>rich</code>.</p>\n\n<p>For further details take a look at the property definition: {@link #rich}.</p>"}, "type": "desc"}, {"attributes": {}, "type": "return", "children": [{"attributes": {"text": "<p>the new value</p>"}, "type": "desc"}, {"attributes": {}, "type": "types", "children": [{"attributes": {"type": "Boolean"}, "type": "entry"}]}]}]}, {"attributes": {"name": "toggleWrap", "fromProperty": "wrap"}, "type": "method", "children": [{"attributes": {"text": "<p>Toggles the (computed) value of the boolean property <code>wrap</code>.</p>\n\n<p>For further details take a look at the property definition: {@link #wrap}.</p>"}, "type": "desc"}, {"attributes": {}, "type": "return", "children": [{"attributes": {"text": "<p>the new value</p>"}, "type": "desc"}, {"attributes": {}, "type": "types", "children": [{"attributes": {"type": "Boolean"}, "type": "entry"}]}]}]}]}, {"attributes": {}, "type": "events", "children": [{"attributes": {"name": "changeRich"}, "type": "event", "children": [{"attributes": {"text": "Fired on change of the property {@link #rich}."}, "type": "desc"}, {"attributes": {}, "type": "types", "children": [{"attributes": {"type": "qx.event.type.Data"}, "type": "entry"}]}]}, {"attributes": {"name": "changeTextAlign"}, "type": "event", "children": [{"attributes": {"text": "Fired on change of the property {@link #textAlign}."}, "type": "desc"}, {"attributes": {}, "type": "types", "children": [{"attributes": {"type": "qx.event.type.Data"}, "type": "entry"}]}]}, {"attributes": {"name": "changeValue"}, "type": "event", "children": [{"attributes": {"text": "Fired on change of the property {@link #value}."}, "type": "desc"}, {"attributes": {}, "type": "types", "children": [{"attributes": {"type": "qx.event.type.Data"}, "type": "entry"}]}]}]}]}