{"attributes": {"name": "CheckBox", "packageName": "qx.ui.table.celleditor", "superClass": "qx.core.Object", "fullName": "qx.ui.table.celleditor.CheckBox", "type": "class", "interfaces": "qx.ui.table.ICellEditorFactory"}, "type": "class", "children": [{"attributes": {"text": "<p>For editing boolean data in a checkbox. It is advisable to use this in\nconjunction with {@link qx.ui.table.cellrenderer.Boolean}.</p>"}, "type": "desc"}, {"attributes": {}, "type": "methods", "children": [{"attributes": {"docFrom": "qx.ui.table.ICellEditorFactory", "line": 39, "name": "createCellEditor"}, "type": "method", "children": [{"attributes": {}, "type": "params", "children": [{"attributes": {"name": "cellInfo"}, "type": "param"}]}]}, {"attributes": {"docFrom": "qx.ui.table.ICellEditorFactory", "line": 80, "name": "getCellEditorValue"}, "type": "method", "children": [{"attributes": {}, "type": "params", "children": [{"attributes": {"name": "cellEditor"}, "type": "param"}]}]}]}]}