{"attributes": {"fullName": "qx.ui.core.queue.Layout", "packageName": "qx.ui.core.queue", "isStatic": true, "type": "class", "name": "Layout"}, "type": "class", "children": [{"attributes": {"text": "<p>The layout queue manages all widgets, which need a recalculation of their\nlayout. The {@link #flush} method computes the layout of all queued widgets\nand their dependent widgets.</p>"}, "type": "desc"}, {"attributes": {}, "type": "methods-static", "children": [{"attributes": {"access": "private", "line": 164, "isStatic": true, "name": "__getLevelGroupedWidgets"}, "type": "method", "children": [{"attributes": {"text": "<p>Group widget by their nesting level.</p>"}, "type": "desc"}, {"attributes": {}, "type": "return", "children": [{"attributes": {"text": "<p>A sparse array. Each entry of the array contains a widget map with all widgets of the same level as the array index.</p>"}, "type": "desc"}, {"attributes": {}, "type": "types", "children": [{"attributes": {"type": "Map", "dimensions": 1}, "type": "entry"}]}]}]}, {"attributes": {"access": "private", "line": 211, "isStatic": true, "name": "__getSortedQueue"}, "type": "method", "children": [{"attributes": {"text": "<p>Compute all layout roots of the given widgets. Layout roots are either\nroot widgets or widgets, which preferred size has not changed by the\nlayout changes of its children.</p>\n\n<p>This function returns the roots ordered by their nesting factors. The\nlayout with the largest nesting level comes first.</p>"}, "type": "desc"}, {"attributes": {}, "type": "return", "children": [{"attributes": {"text": "<p>Ordered list or layout roots.</p>"}, "type": "desc"}, {"attributes": {}, "type": "types", "children": [{"attributes": {"type": "qx.ui.core.Widget", "dimensions": 1}, "type": "entry"}]}]}]}, {"attributes": {"line": 57, "isStatic": true, "name": "add"}, "type": "method", "children": [{"attributes": {}, "type": "params", "children": [{"attributes": {"name": "widget"}, "type": "param", "children": [{"attributes": {"text": "<p>Widget to add.</p>"}, "type": "desc"}, {"attributes": {}, "type": "types", "children": [{"attributes": {"type": "qx.ui.core.Widget"}, "type": "entry"}]}]}]}, {"attributes": {"text": "<p>Mark a widget&#8217;s layout as invalid and add its layout root to\nthe queue.</p>\n\n<p>Should only be used by {@link qx.ui.core.Widget}.</p>"}, "type": "desc"}]}, {"attributes": {"line": 81, "isStatic": true, "name": "flush"}, "type": "method", "children": [{"attributes": {"text": "<p>Update the layout of all widgets, which layout is marked as invalid.</p>\n\n<p>This is used exclusively by the {@link qx.ui.core.queue.Manager}.</p>"}, "type": "desc"}]}, {"attributes": {"line": 123, "isStatic": true, "name": "getNestingLevel"}, "type": "method", "children": [{"attributes": {}, "type": "params", "children": [{"attributes": {"name": "widget"}, "type": "param", "children": [{"attributes": {"text": "<p>The widget to query.</p>"}, "type": "desc"}, {"attributes": {}, "type": "types", "children": [{"attributes": {"type": "qx.ui.core.Widget"}, "type": "entry"}]}]}]}, {"attributes": {"text": "<p>Get the widget&#8217;s nesting level. Top level widgets have a nesting level\nof <code>0</code>.</p>"}, "type": "desc"}, {"attributes": {}, "type": "return", "children": [{"attributes": {"text": "<p>The nesting level</p>"}, "type": "desc"}, {"attributes": {}, "type": "types", "children": [{"attributes": {"type": "Integer"}, "type": "entry"}]}]}]}, {"attributes": {"line": 71, "isStatic": true, "name": "isScheduled"}, "type": "method", "children": [{"attributes": {}, "type": "params", "children": [{"attributes": {"name": "widget"}, "type": "param", "children": [{"attributes": {"text": "<p>Widget to check.</p>"}, "type": "desc"}, {"attributes": {}, "type": "types", "children": [{"attributes": {"type": "qx.ui.core.Widget"}, "type": "entry"}]}]}]}, {"attributes": {"text": "<p>Check whether the queue has scheduled changes for a widget.\nNote that the layout parent can have changes scheduled that\naffect the children widgets.</p>"}, "type": "desc"}, {"attributes": {}, "type": "return", "children": [{"attributes": {"text": "<p>Whether the widget given has layout changes queued.</p>"}, "type": "desc"}, {"attributes": {}, "type": "types", "children": [{"attributes": {"type": "Boolean"}, "type": "entry"}]}]}]}, {"attributes": {"line": 44, "isStatic": true, "name": "remove"}, "type": "method", "children": [{"attributes": {}, "type": "params", "children": [{"attributes": {"name": "widget"}, "type": "param", "children": [{"attributes": {"text": "<p>The widget to clear</p>"}, "type": "desc"}, {"attributes": {}, "type": "types", "children": [{"attributes": {"type": "qx.ui.core.Widget"}, "type": "entry"}]}]}]}, {"attributes": {"text": "<p>Clears the widget from the internal queue. Normally only used\nduring interims disposes of one or a few widgets.</p>"}, "type": "desc"}]}]}, {"attributes": {}, "type": "constants", "children": [{"attributes": {"access": "private", "name": "__nesting"}, "type": "constant", "children": [{"attributes": {"text": "<p>Nesting level cache *</p>"}, "type": "desc"}]}, {"attributes": {"access": "private", "name": "__queue"}, "type": "constant", "children": [{"attributes": {"text": "<p>This contains all the queued widgets for the next flush.</p>"}, "type": "desc"}, {"attributes": {}, "type": "types", "children": [{"attributes": {"type": "Map"}, "type": "entry"}]}]}]}]}