{"attributes": {"fullName": "qx.ui.form.IForm", "packageName": "qx.ui.form", "type": "interface", "name": "IForm", "implementations": "qx.ui.form.RadioGroup,qx.ui.form.Slider,qx.ui.form.List,qx.ui.form.RadioButtonGroup,qx.ui.form.AbstractField,qx.ui.form.RadioButton,qx.ui.groupbox.GroupBox,qx.ui.form.Spinner,qx.ui.mobile.form.Input,qx.ui.form.core.AbstractVirtualBox,qx.ui.control.DateChooser,qx.ui.form.AbstractSelectBox,qx.ui.mobile.form.Slider,qx.ui.mobile.form.ToggleButton,qx.ui.mobile.form.SelectBox,qx.ui.mobile.form.TextArea,qx.ui.form.CheckBox,qx.ui.tree.Tree,qx.ui.form.DateField"}, "type": "class", "children": [{"attributes": {"text": "<p>Form interface for all form widgets. It includes the <span class=\"caps\">API</span> for enabled,\nrequired and valid states.</p>"}, "type": "desc"}, {"attributes": {}, "type": "events", "children": [{"attributes": {"name": "changeEnabled"}, "type": "event", "children": [{"attributes": {"text": "<p>Fired when the enabled state was modified</p>"}, "type": "desc"}, {"attributes": {}, "type": "types", "children": [{"attributes": {"type": "qx.event.type.Data"}, "type": "entry"}]}]}, {"attributes": {"name": "changeInvalidMessage"}, "type": "event", "children": [{"attributes": {"text": "<p>Fired when the invalidMessage was modified</p>"}, "type": "desc"}, {"attributes": {}, "type": "types", "children": [{"attributes": {"type": "qx.event.type.Data"}, "type": "entry"}]}]}, {"attributes": {"name": "changeRequired"}, "type": "event", "children": [{"attributes": {"text": "<p>Fired when the required was modified</p>"}, "type": "desc"}, {"attributes": {}, "type": "types", "children": [{"attributes": {"type": "qx.event.type.Data"}, "type": "entry"}]}]}, {"attributes": {"name": "changeValid"}, "type": "event", "children": [{"attributes": {"text": "<p>Fired when the valid state was modified</p>"}, "type": "desc"}, {"attributes": {}, "type": "types", "children": [{"attributes": {"type": "qx.event.type.Data"}, "type": "entry"}]}]}]}, {"attributes": {}, "type": "methods", "children": [{"attributes": {"line": 77, "name": "getEnabled"}, "type": "method", "children": [{"attributes": {"text": "<p>Return the current set enabled state.</p>"}, "type": "desc"}, {"attributes": {}, "type": "return", "children": [{"attributes": {"text": "<p>If the widget is enabled.</p>"}, "type": "desc"}, {"attributes": {}, "type": "types", "children": [{"attributes": {"type": "Boolean"}, "type": "entry"}]}]}]}, {"attributes": {"line": 149, "name": "getInvalidMessage"}, "type": "method", "children": [{"attributes": {"text": "<p>Returns the invalid message of the widget.</p>"}, "type": "desc"}, {"attributes": {}, "type": "return", "children": [{"attributes": {"text": "<p>The current set message.</p>"}, "type": "desc"}, {"attributes": {}, "type": "types", "children": [{"attributes": {"type": "String"}, "type": "entry"}]}]}]}, {"attributes": {"line": 101, "name": "getRequired"}, "type": "method", "children": [{"attributes": {"text": "<p>Return the current required state of the widget.</p>"}, "type": "desc"}, {"attributes": {}, "type": "return", "children": [{"attributes": {"text": "<p>True, if the widget is required.</p>"}, "type": "desc"}, {"attributes": {}, "type": "types", "children": [{"attributes": {"type": "Boolean"}, "type": "entry"}]}]}]}, {"attributes": {"line": 174, "name": "getRequiredInvalidMessage"}, "type": "method", "children": [{"attributes": {"text": "<p>Returns the invalid message if required of the widget.</p>"}, "type": "desc"}, {"attributes": {}, "type": "return", "children": [{"attributes": {"text": "<p>The current set message.</p>"}, "type": "desc"}, {"attributes": {}, "type": "types", "children": [{"attributes": {"type": "String"}, "type": "entry"}]}]}]}, {"attributes": {"line": 125, "name": "getValid"}, "type": "method", "children": [{"attributes": {"text": "<p>Returns the valid state of the widget.</p>"}, "type": "desc"}, {"attributes": {}, "type": "return", "children": [{"attributes": {"text": "<p>If the state of the widget is valid.</p>"}, "type": "desc"}, {"attributes": {}, "type": "types", "children": [{"attributes": {"type": "Boolean"}, "type": "entry"}]}]}]}, {"attributes": {"line": 67, "name": "setEnabled"}, "type": "method", "children": [{"attributes": {}, "type": "params", "children": [{"attributes": {"name": "enabled"}, "type": "param", "children": [{"attributes": {"text": "<p>The enabled state.</p>"}, "type": "desc"}, {"attributes": {}, "type": "types", "children": [{"attributes": {"type": "Boolean"}, "type": "entry"}]}]}]}, {"attributes": {"text": "<p>Set the enabled state of the widget.</p>"}, "type": "desc"}]}, {"attributes": {"line": 139, "name": "setInvalidMessage"}, "type": "method", "children": [{"attributes": {}, "type": "params", "children": [{"attributes": {"name": "message"}, "type": "param", "children": [{"attributes": {"text": "<p>The invalid message.</p>"}, "type": "desc"}, {"attributes": {}, "type": "types", "children": [{"attributes": {"type": "String"}, "type": "entry"}]}]}]}, {"attributes": {"text": "<p>Sets the invalid message of the widget.</p>"}, "type": "desc"}]}, {"attributes": {"line": 91, "name": "setRequired"}, "type": "method", "children": [{"attributes": {}, "type": "params", "children": [{"attributes": {"name": "required"}, "type": "param", "children": [{"attributes": {"text": "<p>A flag signaling if the widget is required.</p>"}, "type": "desc"}, {"attributes": {}, "type": "types", "children": [{"attributes": {"type": "Boolean"}, "type": "entry"}]}]}]}, {"attributes": {"text": "<p>Sets the required state of a widget.</p>"}, "type": "desc"}]}, {"attributes": {"line": 164, "name": "setRequiredInvalidMessage"}, "type": "method", "children": [{"attributes": {}, "type": "params", "children": [{"attributes": {"name": "message"}, "type": "param", "children": [{"attributes": {"text": "<p>The invalid message.</p>"}, "type": "desc"}, {"attributes": {}, "type": "types", "children": [{"attributes": {"type": "String"}, "type": "entry"}]}]}]}, {"attributes": {"text": "<p>Sets the invalid message if required of the widget.</p>"}, "type": "desc"}]}, {"attributes": {"line": 115, "name": "setValid"}, "type": "method", "children": [{"attributes": {}, "type": "params", "children": [{"attributes": {"name": "valid"}, "type": "param", "children": [{"attributes": {"text": "<p>The valid state of the widget.</p>"}, "type": "desc"}, {"attributes": {}, "type": "types", "children": [{"attributes": {"type": "Boolean"}, "type": "entry"}]}]}]}, {"attributes": {"text": "<p>Sets the valid state of the widget.</p>"}, "type": "desc"}]}]}]}