{"attributes": {"fullName": "qx.ui.table.model.Filtered", "packageName": "qx.ui.table.model", "type": "class", "name": "Filtered", "superClass": "qx.ui.table.model.Simple"}, "type": "class", "children": [{"attributes": {"text": "<p>A filtered table model to provide support for hiding and filtering table\nrows. Any rows that match any applied filters will be hidden.</p>"}, "type": "desc"}, {"attributes": {}, "type": "constructor", "children": [{"attributes": {"docFrom": "qx.core.Object", "line": 29, "isCtor": true, "overriddenFrom": "qx.ui.table.model.Simple", "name": "ctor"}, "type": "method"}]}, {"attributes": {}, "type": "methods", "children": [{"attributes": {"access": "protected", "line": 54, "name": "_js_in_array"}, "type": "method", "children": [{"attributes": {}, "type": "params", "children": [{"attributes": {"name": "the_needle"}, "type": "param", "children": [{"attributes": {"text": "<p>String to search</p>"}, "type": "desc"}, {"attributes": {}, "type": "types", "children": [{"attributes": {"type": "String"}, "type": "entry"}]}]}, {"attributes": {"name": "the_haystack"}, "type": "param", "children": [{"attributes": {"text": "<p>Array, which should be searched</p>"}, "type": "desc"}, {"attributes": {}, "type": "types", "children": [{"attributes": {"type": "Array"}, "type": "entry"}]}]}]}, {"attributes": {"text": "<p>Whether the given string (needle) is in the array (haystack)</p>"}, "type": "desc"}, {"attributes": {}, "type": "return", "children": [{"attributes": {"text": "<p>whether the search string was found.</p>"}, "type": "desc"}, {"attributes": {}, "type": "types", "children": [{"attributes": {"type": "Boolean"}, "type": "entry"}]}]}]}, {"attributes": {"line": 88, "name": "addBetweenFilter"}, "type": "method", "children": [{"attributes": {}, "type": "params", "children": [{"attributes": {"name": "filter"}, "type": "param", "children": [{"attributes": {"text": "<p>The type of filter. Accepted strings are &#8220;between&#8221; and &#8221;!between&#8221;.</p>"}, "type": "desc"}, {"attributes": {}, "type": "types", "children": [{"attributes": {"type": "String"}, "type": "entry"}]}]}, {"attributes": {"name": "value1"}, "type": "param", "children": [{"attributes": {"text": "<p>The first value to compare against.</p>"}, "type": "desc"}, {"attributes": {}, "type": "types", "children": [{"attributes": {"type": "Integer"}, "type": "entry"}]}]}, {"attributes": {"name": "value2"}, "type": "param", "children": [{"attributes": {"text": "<p>The second value to compare against.</p>"}, "type": "desc"}, {"attributes": {}, "type": "types", "children": [{"attributes": {"type": "Integer"}, "type": "entry"}]}]}, {"attributes": {"name": "target"}, "type": "param", "children": [{"attributes": {"text": "<p>The text value of the column to compare against.</p>"}, "type": "desc"}, {"attributes": {}, "type": "types", "children": [{"attributes": {"type": "String"}, "type": "entry"}]}]}]}, {"attributes": {"text": "<p>The addBetweenFilter method is used to add a between filter to the\ntable model.</p>"}, "type": "desc"}, {"attributes": {}, "type": "throws", "children": [{"attributes": {"text": "<p>If the filter can not recognized or one of the values is null.</p>", "type": "Error"}, "type": "desc"}]}]}, {"attributes": {"line": 189, "name": "addNotRegex"}, "type": "method", "children": [{"attributes": {}, "type": "params", "children": [{"attributes": {"name": "regex"}, "type": "param", "children": [{"attributes": {"text": "<p>The regular expression to match against.</p>"}, "type": "desc"}, {"attributes": {}, "type": "types", "children": [{"attributes": {"type": "String"}, "type": "entry"}]}]}, {"attributes": {"name": "target"}, "type": "param", "children": [{"attributes": {"text": "<p>The text value of the column to compare against.</p>"}, "type": "desc"}, {"attributes": {}, "type": "types", "children": [{"attributes": {"type": "String"}, "type": "entry"}]}]}, {"attributes": {"name": "ignorecase"}, "type": "param", "children": [{"attributes": {"text": "<p>If true, the regular expression will ignore case.</p>"}, "type": "desc"}, {"attributes": {}, "type": "types", "children": [{"attributes": {"type": "Boolean"}, "type": "entry"}]}]}]}, {"attributes": {"text": "<p>The addNotRegex method is used to add a regular expression filter to the\ntable model and filter cells that do not match.</p>"}, "type": "desc"}, {"attributes": {}, "type": "throws", "children": [{"attributes": {"text": "<p>If the regex is null.</p>", "type": "Error"}, "type": "desc"}]}]}, {"attributes": {"line": 122, "name": "addNumericFilter"}, "type": "method", "children": [{"attributes": {}, "type": "params", "children": [{"attributes": {"name": "filter"}, "type": "param", "children": [{"attributes": {"text": "<p>The type of filter. Accepted strings are: &#8221;==&#8221;, &#8221;!=&#8221;, &#8221;>&#8221;, &#8221;<\", \">=&#8221;, and &#8221;<=&#8221;.</p>"}, "type": "desc"}, {"attributes": {}, "type": "types", "children": [{"attributes": {"type": "String"}, "type": "entry"}]}]}, {"attributes": {"name": "value1"}, "type": "param", "children": [{"attributes": {"text": "<p>The value to compare against.</p>"}, "type": "desc"}, {"attributes": {}, "type": "types", "children": [{"attributes": {"type": "Integer"}, "type": "entry"}]}]}, {"attributes": {"name": "target"}, "type": "param", "children": [{"attributes": {"text": "<p>The text value of the column to compare against.</p>"}, "type": "desc"}, {"attributes": {}, "type": "types", "children": [{"attributes": {"type": "String"}, "type": "entry"}]}]}]}, {"attributes": {"text": "<p>The addNumericFilter method is used to add a basic numeric filter to\nthe table model.</p>"}, "type": "desc"}, {"attributes": {}, "type": "throws", "children": [{"attributes": {"text": "<p>If the filter can not recognized or the target is null.</p>", "type": "Error"}, "type": "desc"}]}]}, {"attributes": {"line": 157, "name": "addRegex"}, "type": "method", "children": [{"attributes": {}, "type": "params", "children": [{"attributes": {"name": "regex"}, "type": "param", "children": [{"attributes": {"text": "<p>The regular expression to match against.</p>"}, "type": "desc"}, {"attributes": {}, "type": "types", "children": [{"attributes": {"type": "String"}, "type": "entry"}]}]}, {"attributes": {"name": "target"}, "type": "param", "children": [{"attributes": {"text": "<p>The text value of the column to compare against.</p>"}, "type": "desc"}, {"attributes": {}, "type": "types", "children": [{"attributes": {"type": "String"}, "type": "entry"}]}]}, {"attributes": {"name": "ignorecase"}, "type": "param", "children": [{"attributes": {"text": "<p>If true, the regular expression will ignore case.</p>"}, "type": "desc"}, {"attributes": {}, "type": "types", "children": [{"attributes": {"type": "Boolean"}, "type": "entry"}]}]}]}, {"attributes": {"text": "<p>The addRegex method is used to add a regular expression filter to the\ntable model.</p>"}, "type": "desc"}, {"attributes": {}, "type": "throws", "children": [{"attributes": {"text": "<p>If the regex is not valid.</p>", "type": "Error"}, "type": "desc"}]}]}, {"attributes": {"line": 208, "name": "applyFilters"}, "type": "method", "children": [{"attributes": {"text": "<p>The applyFilters method is called to apply filters to the table model.</p>"}, "type": "desc"}]}, {"attributes": {"line": 346, "name": "hideRows"}, "type": "method", "children": [{"attributes": {}, "type": "params", "children": [{"attributes": {"name": "rowNum"}, "type": "param", "children": [{"attributes": {"text": "<p>Index of the first row to be hidden in the table.</p>"}, "type": "desc"}, {"attributes": {}, "type": "types", "children": [{"attributes": {"type": "Integer"}, "type": "entry"}]}]}, {"attributes": {"name": "numOfRows"}, "type": "param", "children": [{"attributes": {"text": "<p>The number of rows to be hidden sequentially after rowNum.</p>"}, "type": "desc"}, {"attributes": {}, "type": "types", "children": [{"attributes": {"type": "Integer"}, "type": "entry"}]}]}, {"attributes": {"defaultValue": "true", "optional": true, "name": "dispatchEvent"}, "type": "param", "children": [{"attributes": {"text": "<p>Whether a model change event should be fired.</p>"}, "type": "desc"}, {"attributes": {}, "type": "types", "children": [{"attributes": {"type": "Boolean"}, "type": "entry"}]}]}]}, {"attributes": {"text": "<p>Hides a specified number of rows.</p>"}, "type": "desc"}]}, {"attributes": {"line": 388, "name": "resetHiddenRows"}, "type": "method", "children": [{"attributes": {"text": "<p>Return the table to the original state with all rows shown and clears\nall filters.</p>"}, "type": "desc"}]}, {"attributes": {"docFrom": "qx.ui.table.model.Simple", "line": 401, "overriddenFrom": "qx.ui.table.model.Simple", "name": "setData"}, "type": "method", "children": [{"attributes": {}, "type": "params", "children": [{"attributes": {"name": "rowArr"}, "type": "param"}, {"attributes": {"name": "clearSorting"}, "type": "param"}]}]}]}]}