{"attributes": {"name": "VirtualComboBox", "packageName": "qx.ui.form", "superClass": "qx.ui.form.core.AbstractVirtualBox", "fullName": "qx.ui.form.VirtualComboBox", "type": "class", "interfaces": "qx.ui.form.IStringForm"}, "type": "class", "children": [{"attributes": {"text": "<p>A virtual form widget that allows text entry as well as selection from a\ndrop-down.</p>"}, "type": "desc"}, {"attributes": {}, "type": "childControls", "children": [{"attributes": {"name": "textfield"}, "type": "childControl", "children": [{"attributes": {"text": "<p>Field for text entry.</p>"}, "type": "desc"}, {"attributes": {}, "type": "types", "children": [{"attributes": {"type": "qx.ui.form.TextField"}, "type": "entry"}]}]}, {"attributes": {"name": "button"}, "type": "childControl", "children": [{"attributes": {"text": "<p>Opens the drop-down.</p>"}, "type": "desc"}, {"attributes": {}, "type": "types", "children": [{"attributes": {"type": "qx.ui.form.Button"}, "type": "entry"}]}]}]}, {"attributes": {}, "type": "constructor", "children": [{"attributes": {"docFrom": "qx.ui.form.core.AbstractVirtualBox", "line": 35, "isCtor": true, "overriddenFrom": "qx.ui.form.core.AbstractVirtualBox", "name": "ctor"}, "type": "method", "children": [{"attributes": {}, "type": "params", "children": [{"attributes": {"name": "model"}, "type": "param"}]}]}]}, {"attributes": {}, "type": "properties", "children": [{"attributes": {"name": "appearance", "docFrom": "qx.ui.core.Widget", "defaultValue": "\"virtual-combobox\"", "refine": "true", "propertyType": "new", "overriddenFrom": "qx.ui.core.Widget"}, "type": "property"}, {"attributes": {"allowNull": "true", "defaultValue": "null", "propertyType": "new", "check": "Function", "name": "defaultFormat"}, "type": "property", "children": [{"attributes": {"text": "<p>Formatting function that will be applied to the value of a selected model\nitem&#8217;s label before it is written to the text field. Also used to find\nand preselect the first list entry that begins with the current content\nof the text field when the drop-down list is opened. Can be used e.g. to\nstrip <span class=\"caps\">HTML</span> tags from rich-formatted item labels. The function will be\ncalled with the item&#8217;s label (String) as the only parameter.</p>"}, "type": "desc"}]}, {"attributes": {"allowNull": "true", "propertyType": "new", "check": "String", "name": "placeholder", "apply": "_applyPlaceholder"}, "type": "property", "children": [{"attributes": {"text": "<p>String value which will be shown as a hint if the field is all of:\nunset, unfocused and enabled. Set to null to not show a placeholder\ntext.</p>"}, "type": "desc"}]}, {"attributes": {"allowNull": "true", "propertyType": "new", "event": "changeValue", "name": "value"}, "type": "property", "children": [{"attributes": {"text": "<p>The currently selected or entered value.</p>"}, "type": "desc"}]}, {"attributes": {"name": "width", "docFrom": "qx.ui.core.LayoutItem", "defaultValue": "120", "refine": "true", "propertyType": "new", "overriddenFrom": "qx.ui.form.core.AbstractVirtualBox"}, "type": "property"}]}, {"attributes": {}, "type": "methods", "children": [{"attributes": {"access": "private", "line": 397, "name": "__convertValue"}, "type": "method", "children": [{"attributes": {}, "type": "params", "children": [{"attributes": {"name": "modelItem"}, "type": "param", "children": [{"attributes": {"text": "<p>The model item to convert.</p>"}, "type": "desc"}, {"attributes": {}, "type": "types", "children": [{"attributes": {"type": "var"}, "type": "entry"}]}]}]}, {"attributes": {"text": "<p>Helper method to convert the model item to a String.</p>"}, "type": "desc"}, {"attributes": {}, "type": "return", "children": [{"attributes": {"text": "<p>The converted value.</p>"}, "type": "desc"}, {"attributes": {}, "type": "types", "children": [{"attributes": {"type": "String"}, "type": "entry"}]}]}]}, {"attributes": {"access": "private", "line": 323, "name": "__onSelectionChange"}, "type": "method", "children": [{"attributes": {}, "type": "params", "children": [{"attributes": {"name": "event"}, "type": "param", "children": [{"attributes": {"text": "<p>The change event from the qx.data.Array.</p>"}, "type": "desc"}, {"attributes": {}, "type": "types", "children": [{"attributes": {"type": "qx.event.type.Data"}, "type": "entry"}]}]}]}, {"attributes": {"text": "<p>Handler to synchronize selection changes with the value property.</p>"}, "type": "desc"}]}, {"attributes": {"access": "private", "line": 357, "name": "__selectFirstMatch"}, "type": "method", "children": [{"attributes": {"text": "<p>Selects the first list item that starts with the text field&#8217;s value.</p>"}, "type": "desc"}]}, {"attributes": {"access": "protected", "line": 342, "name": "_applyPlaceholder"}, "type": "method", "children": [{"attributes": {}, "type": "params", "children": [{"attributes": {"name": "value"}, "type": "param", "children": [{"attributes": {"text": "<p>new value of the property</p>"}, "type": "desc"}, {"attributes": {}, "type": "types", "children": [{"attributes": {"type": "String"}, "type": "entry"}]}]}, {"attributes": {"name": "old"}, "type": "param", "children": [{"attributes": {"text": "<p>previous value of the property (null if it was not yet set).</p>"}, "type": "desc"}, {"attributes": {}, "type": "types", "children": [{"attributes": {"type": "String"}, "type": "entry"}]}]}]}, {"attributes": {}, "type": "apply", "children": [{"attributes": {"applies": "qx.ui.form.VirtualComboBox#placeholder"}, "type": "entry"}]}, {"attributes": {"text": "<p>Applies changes of the property value of the property <code>placeholder</code>.</p>\n\n<p>For further details take a look at the property definition: {@link #placeholder}.</p>"}, "type": "desc"}]}, {"attributes": {"access": "protected", "docFrom": "qx.ui.form.core.AbstractVirtualBox", "line": 260, "overriddenFrom": "qx.ui.form.core.AbstractVirtualBox", "name": "_beforeOpen"}, "type": "method"}, {"attributes": {"access": "protected", "docFrom": "qx.ui.core.Widget", "line": 232, "overriddenFrom": "qx.ui.form.core.AbstractVirtualBox", "name": "_createChildControlImpl"}, "type": "method", "children": [{"attributes": {}, "type": "params", "children": [{"attributes": {"name": "id"}, "type": "param"}, {"attributes": {"name": "hash"}, "type": "param"}]}]}, {"attributes": {"access": "protected", "docFrom": "qx.ui.form.core.AbstractVirtualBox", "line": 284, "overriddenFrom": "qx.ui.form.core.AbstractVirtualBox", "name": "_getAction"}, "type": "method", "children": [{"attributes": {}, "type": "params", "children": [{"attributes": {"name": "event"}, "type": "param"}]}]}, {"attributes": {"access": "protected", "docFrom": "qx.ui.form.core.AbstractVirtualBox", "line": 266, "overriddenFrom": "qx.ui.form.core.AbstractVirtualBox", "name": "_handleKeyboard"}, "type": "method", "children": [{"attributes": {}, "type": "params", "children": [{"attributes": {"name": "event"}, "type": "param"}]}]}, {"attributes": {"access": "protected", "docFrom": "qx.ui.form.core.AbstractVirtualBox", "line": 306, "overriddenFrom": "qx.ui.form.core.AbstractVirtualBox", "name": "_handlePointer"}, "type": "method", "children": [{"attributes": {}, "type": "params", "children": [{"attributes": {"name": "event"}, "type": "param"}]}]}, {"attributes": {"line": 183, "name": "clearTextSelection"}, "type": "method", "children": [{"attributes": {"text": "<p>Clears the current selection. This method only works if the widget is\nalready created and added to the document.</p>"}, "type": "desc"}]}, {"attributes": {"docFrom": "qx.ui.core.Widget", "line": 217, "overriddenFrom": "qx.ui.core.Widget", "name": "focus"}, "type": "method"}, {"attributes": {"name": "getDefaultFormat", "fromProperty": "defaultFormat"}, "type": "method", "children": [{"attributes": {"text": "<p>Returns the (computed) value of the property <code>defaultFormat</code>.</p>\n\n<p>For further details take a look at the property definition: {@link #defaultFormat}.</p>"}, "type": "desc"}, {"attributes": {}, "type": "return", "children": [{"attributes": {"text": "<p>(Computed) value of <code>defaultFormat</code>.</p>"}, "type": "desc"}, {"attributes": {}, "type": "types", "children": [{"attributes": {"type": "var"}, "type": "entry"}]}]}]}, {"attributes": {"name": "getPlaceholder", "fromProperty": "placeholder"}, "type": "method", "children": [{"attributes": {"text": "<p>Returns the (computed) value of the property <code>placeholder</code>.</p>\n\n<p>For further details take a look at the property definition: {@link #placeholder}.</p>"}, "type": "desc"}, {"attributes": {}, "type": "return", "children": [{"attributes": {"text": "<p>(Computed) value of <code>placeholder</code>.</p>"}, "type": "desc"}, {"attributes": {}, "type": "types", "children": [{"attributes": {"type": "var"}, "type": "entry"}]}]}]}, {"attributes": {"line": 149, "name": "getTextSelection"}, "type": "method", "children": [{"attributes": {"text": "<p>Returns the current selection. This method only works if the widget is\nalready created and added to the document.</p>"}, "type": "desc"}, {"attributes": {}, "type": "return", "children": [{"attributes": {"text": "<p>The current text selection.</p>"}, "type": "desc"}, {"attributes": {}, "type": "types", "children": [{"attributes": {"type": "String"}, "type": "entry"}, {"attributes": {"type": "null"}, "type": "entry"}]}]}]}, {"attributes": {"line": 160, "name": "getTextSelectionLength"}, "type": "method", "children": [{"attributes": {"text": "<p>Returns the current selection length. This method only works if the\nwidget is already created and added to the document.</p>"}, "type": "desc"}, {"attributes": {}, "type": "return", "children": [{"attributes": {"text": "<p>The current text selection length.</p>"}, "type": "desc"}, {"attributes": {}, "type": "types", "children": [{"attributes": {"type": "Integer"}, "type": "entry"}, {"attributes": {"type": "null"}, "type": "entry"}]}]}]}, {"attributes": {"name": "getValue", "fromProperty": "value"}, "type": "method", "children": [{"attributes": {"text": "<p>Returns the (computed) value of the property <code>value</code>.</p>\n\n<p>For further details take a look at the property definition: {@link #value}.</p>"}, "type": "desc"}, {"attributes": {}, "type": "return", "children": [{"attributes": {"text": "<p>(Computed) value of <code>value</code>.</p>"}, "type": "desc"}, {"attributes": {}, "type": "types", "children": [{"attributes": {"type": "var"}, "type": "entry"}]}]}]}, {"attributes": {"access": "protected", "name": "initDefaultFormat", "fromProperty": "defaultFormat"}, "type": "method", "children": [{"attributes": {}, "type": "params", "children": [{"attributes": {"name": "value"}, "type": "param", "children": [{"attributes": {"text": "<p>Initial value for property <code>defaultFormat</code>.</p>"}, "type": "desc"}, {"attributes": {}, "type": "types", "children": [{"attributes": {"type": "var"}, "type": "entry"}]}]}]}, {"attributes": {"text": "<p>Calls the apply method and dispatches the change event of the property <code>defaultFormat</code>\nwith the default value defined by the class developer. This function can\nonly be called from the constructor of a class.</p>\n\n<p>For further details take a look at the property definition: {@link #defaultFormat}.</p>"}, "type": "desc"}, {"attributes": {}, "type": "return", "children": [{"attributes": {"text": "<p>the default value</p>"}, "type": "desc"}, {"attributes": {}, "type": "types", "children": [{"attributes": {"type": "var"}, "type": "entry"}]}]}]}, {"attributes": {"access": "protected", "name": "initPlaceholder", "fromProperty": "placeholder"}, "type": "method", "children": [{"attributes": {}, "type": "params", "children": [{"attributes": {"name": "value"}, "type": "param", "children": [{"attributes": {"text": "<p>Initial value for property <code>placeholder</code>.</p>"}, "type": "desc"}, {"attributes": {}, "type": "types", "children": [{"attributes": {"type": "var"}, "type": "entry"}]}]}]}, {"attributes": {"text": "<p>Calls the apply method and dispatches the change event of the property <code>placeholder</code>\nwith the default value defined by the class developer. This function can\nonly be called from the constructor of a class.</p>\n\n<p>For further details take a look at the property definition: {@link #placeholder}.</p>"}, "type": "desc"}, {"attributes": {}, "type": "return", "children": [{"attributes": {"text": "<p>the default value</p>"}, "type": "desc"}, {"attributes": {}, "type": "types", "children": [{"attributes": {"type": "var"}, "type": "entry"}]}]}]}, {"attributes": {"access": "protected", "name": "initValue", "fromProperty": "value"}, "type": "method", "children": [{"attributes": {}, "type": "params", "children": [{"attributes": {"name": "value"}, "type": "param", "children": [{"attributes": {"text": "<p>Initial value for property <code>value</code>.</p>"}, "type": "desc"}, {"attributes": {}, "type": "types", "children": [{"attributes": {"type": "var"}, "type": "entry"}]}]}]}, {"attributes": {"text": "<p>Calls the apply method and dispatches the change event of the property <code>value</code>\nwith the default value defined by the class developer. This function can\nonly be called from the constructor of a class.</p>\n\n<p>For further details take a look at the property definition: {@link #value}.</p>"}, "type": "desc"}, {"attributes": {}, "type": "return", "children": [{"attributes": {"text": "<p>the default value</p>"}, "type": "desc"}, {"attributes": {}, "type": "types", "children": [{"attributes": {"type": "var"}, "type": "entry"}]}]}]}, {"attributes": {"line": 199, "name": "resetAllTextSelection"}, "type": "method", "children": [{"attributes": {"text": "<p>Clear any text selection, then select all text.</p>"}, "type": "desc"}]}, {"attributes": {"name": "resetDefaultFormat", "fromProperty": "defaultFormat"}, "type": "method", "children": [{"attributes": {"text": "<p>Resets the user value of the property <code>defaultFormat</code>.</p>\n\n<p>The computed value falls back to the next available value e.g. appearance, init or\ninheritance value depeneding on the property configuration and value availability.</p>\n\n<p>For further details take a look at the property definition: {@link #defaultFormat}.</p>"}, "type": "desc"}]}, {"attributes": {"name": "resetPlaceholder", "fromProperty": "placeholder"}, "type": "method", "children": [{"attributes": {"text": "<p>Resets the user value of the property <code>placeholder</code>.</p>\n\n<p>The computed value falls back to the next available value e.g. appearance, init or\ninheritance value depeneding on the property configuration and value availability.</p>\n\n<p>For further details take a look at the property definition: {@link #placeholder}.</p>"}, "type": "desc"}]}, {"attributes": {"name": "resetValue", "fromProperty": "value"}, "type": "method", "children": [{"attributes": {"text": "<p>Resets the user value of the property <code>value</code>.</p>\n\n<p>The computed value falls back to the next available value e.g. appearance, init or\ninheritance value depeneding on the property configuration and value availability.</p>\n\n<p>For further details take a look at the property definition: {@link #value}.</p>"}, "type": "desc"}]}, {"attributes": {"line": 191, "name": "selectAllText"}, "type": "method", "children": [{"attributes": {"text": "<p>Selects the whole content.</p>"}, "type": "desc"}]}, {"attributes": {"name": "setDefaultFormat", "fromProperty": "defaultFormat"}, "type": "method", "children": [{"attributes": {}, "type": "params", "children": [{"attributes": {"name": "value"}, "type": "param", "children": [{"attributes": {"text": "<p>New value for property <code>defaultFormat</code>.</p>"}, "type": "desc"}, {"attributes": {}, "type": "types", "children": [{"attributes": {"type": "var"}, "type": "entry"}]}]}]}, {"attributes": {"text": "<p>Sets the user value of the property <code>defaultFormat</code>.</p>\n\n<p>For further details take a look at the property definition: {@link #defaultFormat}.</p>"}, "type": "desc"}, {"attributes": {}, "type": "return", "children": [{"attributes": {"text": "<p>The unmodified incoming value.</p>"}, "type": "desc"}, {"attributes": {}, "type": "types", "children": [{"attributes": {"type": "var"}, "type": "entry"}]}]}]}, {"attributes": {"name": "setPlaceholder", "fromProperty": "placeholder"}, "type": "method", "children": [{"attributes": {}, "type": "params", "children": [{"attributes": {"name": "value"}, "type": "param", "children": [{"attributes": {"text": "<p>New value for property <code>placeholder</code>.</p>"}, "type": "desc"}, {"attributes": {}, "type": "types", "children": [{"attributes": {"type": "var"}, "type": "entry"}]}]}]}, {"attributes": {"text": "<p>Sets the user value of the property <code>placeholder</code>.</p>\n\n<p>For further details take a look at the property definition: {@link #placeholder}.</p>"}, "type": "desc"}, {"attributes": {}, "type": "return", "children": [{"attributes": {"text": "<p>The unmodified incoming value.</p>"}, "type": "desc"}, {"attributes": {}, "type": "types", "children": [{"attributes": {"type": "var"}, "type": "entry"}]}]}]}, {"attributes": {"line": 174, "name": "setTextSelection"}, "type": "method", "children": [{"attributes": {}, "type": "params", "children": [{"attributes": {"name": "start"}, "type": "param", "children": [{"attributes": {"text": "<p>Start of the selection (zero-based).</p>"}, "type": "desc"}, {"attributes": {}, "type": "types", "children": [{"attributes": {"type": "Integer"}, "type": "entry"}]}]}, {"attributes": {"name": "end"}, "type": "param", "children": [{"attributes": {"text": "<p>End of the selection.</p>"}, "type": "desc"}, {"attributes": {}, "type": "types", "children": [{"attributes": {"type": "Integer"}, "type": "entry"}]}]}]}, {"attributes": {"text": "<p>Set the selection to the given start and end (zero-based). If no end\nvalue is given the selection will extend to the end of the textfield&#8217;s\ncontent. This method only works if the widget is already created and\nadded to the document.</p>"}, "type": "desc"}]}, {"attributes": {"name": "setValue", "fromProperty": "value"}, "type": "method", "children": [{"attributes": {}, "type": "params", "children": [{"attributes": {"name": "value"}, "type": "param", "children": [{"attributes": {"text": "<p>New value for property <code>value</code>.</p>"}, "type": "desc"}, {"attributes": {}, "type": "types", "children": [{"attributes": {"type": "var"}, "type": "entry"}]}]}]}, {"attributes": {"text": "<p>Sets the user value of the property <code>value</code>.</p>\n\n<p>For further details take a look at the property definition: {@link #value}.</p>"}, "type": "desc"}, {"attributes": {}, "type": "return", "children": [{"attributes": {"text": "<p>The unmodified incoming value.</p>"}, "type": "desc"}, {"attributes": {}, "type": "types", "children": [{"attributes": {"type": "var"}, "type": "entry"}]}]}]}, {"attributes": {"docFrom": "qx.ui.core.Widget", "line": 207, "overriddenFrom": "qx.ui.core.Widget", "name": "tabFocus"}, "type": "method"}]}, {"attributes": {}, "type": "events", "children": [{"attributes": {"name": "changeValue"}, "type": "event", "children": [{"attributes": {"text": "Fired on change of the property {@link #value}."}, "type": "desc"}, {"attributes": {}, "type": "types", "children": [{"attributes": {"type": "qx.event.type.Data"}, "type": "entry"}]}]}]}]}