{"attributes": {"fullName": "qx.ui.virtual.cell.Image", "packageName": "qx.ui.virtual.cell", "type": "class", "name": "Image", "superClass": "qx.ui.virtual.cell.AbstractImage"}, "type": "class", "children": [{"attributes": {"text": "<p><span class=\"caps\">EXPERIMENTAL</span>!</p>"}, "type": "desc"}, {"attributes": {}, "type": "properties", "children": [{"attributes": {"name": "appearance", "docFrom": "qx.ui.virtual.cell.Cell", "defaultValue": "\"cell-image\"", "refine": "true", "propertyType": "new", "overriddenFrom": "qx.ui.virtual.cell.Cell"}, "type": "property"}]}, {"attributes": {}, "type": "methods", "children": [{"attributes": {"access": "protected", "docFrom": "qx.ui.virtual.cell.AbstractImage", "line": 56, "overriddenFrom": "qx.ui.virtual.cell.AbstractImage", "name": "_identifyImage"}, "type": "method", "children": [{"attributes": {}, "type": "params", "children": [{"attributes": {"name": "value"}, "type": "param"}]}]}]}]}