{"attributes": {"fullName": "qx.ui.form.IExecutable", "packageName": "qx.ui.form", "type": "interface", "name": "IExecutable", "implementations": "qx.ui.form.Button,qx.ui.form.SplitButton,qx.ui.menu.AbstractButton,qx.ui.form.HoverButton,qx.ui.control.DateChooser,qx.ui.form.ToggleButton,qx.ui.groupbox.RadioGroupBox,qx.ui.groupbox.CheckGroupBox"}, "type": "class", "children": [{"attributes": {"text": "<p>Form interface for all form widgets which are executable in some way. This\ncould be a button for example.</p>"}, "type": "desc"}, {"attributes": {}, "type": "events", "children": [{"attributes": {"name": "execute"}, "type": "event", "children": [{"attributes": {"text": "<p>Fired when the widget is executed. Sets the &#8220;data&#8221; property of the\nevent to the object that issued the command.</p>"}, "type": "desc"}, {"attributes": {}, "type": "types", "children": [{"attributes": {"type": "qx.event.type.Data"}, "type": "entry"}]}]}]}, {"attributes": {}, "type": "methods", "children": [{"attributes": {"line": 78, "name": "execute"}, "type": "method", "children": [{"attributes": {"text": "<p>Fire the &#8220;execute&#8221; event on the command.</p>"}, "type": "desc"}]}, {"attributes": {"line": 72, "name": "getCommand"}, "type": "method", "children": [{"attributes": {"text": "<p>Return the current set command of this executable.</p>"}, "type": "desc"}, {"attributes": {}, "type": "return", "children": [{"attributes": {"text": "<p>The current set command.</p>"}, "type": "desc"}, {"attributes": {}, "type": "types", "children": [{"attributes": {"type": "qx.ui.core.Command"}, "type": "entry"}]}]}]}, {"attributes": {"line": 62, "name": "setCommand"}, "type": "method", "children": [{"attributes": {}, "type": "params", "children": [{"attributes": {"name": "command"}, "type": "param", "children": [{"attributes": {"text": "<p>The command.</p>"}, "type": "desc"}, {"attributes": {}, "type": "types", "children": [{"attributes": {"type": "qx.ui.core.Command"}, "type": "entry"}]}]}]}, {"attributes": {"text": "<p>Set the command of this executable.</p>"}, "type": "desc"}]}]}]}