{"attributes": {"fullName": "qx.util.Request", "packageName": "qx.util", "isStatic": true, "type": "bootstrap", "name": "Request"}, "type": "class", "children": [{"attributes": {"text": "<p>Static helpers for handling <span class=\"caps\">HTTP</span> requests.</p>"}, "type": "desc"}, {"attributes": {}, "type": "methods-static", "children": [{"attributes": {"line": 35, "isStatic": true, "name": "isCrossDomain"}, "type": "method", "children": [{"attributes": {}, "type": "params", "children": [{"attributes": {"name": "url"}, "type": "param", "children": [{"attributes": {"text": "<p><span class=\"caps\">URL</span>.</p>"}, "type": "desc"}, {"attributes": {}, "type": "types", "children": [{"attributes": {"type": "String"}, "type": "entry"}]}]}]}, {"attributes": {"text": "<p>Whether <span class=\"caps\">URL</span> given points to resource that is cross-domain,\ni.e. not of same origin.</p>"}, "type": "desc"}, {"attributes": {}, "type": "return", "children": [{"attributes": {"text": "<p>Whether <span class=\"caps\">URL</span> is cross domain.</p>"}, "type": "desc"}, {"attributes": {}, "type": "types", "children": [{"attributes": {"type": "Boolean"}, "type": "entry"}]}]}]}, {"attributes": {"line": 75, "isStatic": true, "name": "isMethod"}, "type": "method", "children": [{"attributes": {}, "type": "params", "children": [{"attributes": {"name": "method"}, "type": "param", "children": [{"attributes": {"text": "<p><span class=\"caps\">HTTP</span> method.</p>"}, "type": "desc"}, {"attributes": {}, "type": "types", "children": [{"attributes": {"type": "String"}, "type": "entry"}]}]}]}, {"attributes": {"text": "<p>Determine if given <span class=\"caps\">HTTP</span> method is valid.</p>"}, "type": "desc"}, {"attributes": {}, "type": "return", "children": [{"attributes": {"text": "<p>Whether method is a valid <span class=\"caps\">HTTP</span> method.</p>"}, "type": "desc"}, {"attributes": {}, "type": "types", "children": [{"attributes": {"type": "Boolean"}, "type": "entry"}]}]}]}, {"attributes": {"line": 65, "isStatic": true, "name": "isSuccessful"}, "type": "method", "children": [{"attributes": {}, "type": "params", "children": [{"attributes": {"name": "status"}, "type": "param", "children": [{"attributes": {"text": "<p><span class=\"caps\">HTTP</span> status.</p>"}, "type": "desc"}, {"attributes": {}, "type": "types", "children": [{"attributes": {"type": "Number"}, "type": "entry"}]}]}]}, {"attributes": {"text": "<p>Determine if given <span class=\"caps\">HTTP</span> status is considered successful.</p>"}, "type": "desc"}, {"attributes": {}, "type": "return", "children": [{"attributes": {"text": "<p>Whether status is considered successful.</p>"}, "type": "desc"}, {"attributes": {}, "type": "types", "children": [{"attributes": {"type": "Boolean"}, "type": "entry"}]}]}]}, {"attributes": {"line": 88, "isStatic": true, "name": "methodAllowsRequestBody"}, "type": "method", "children": [{"attributes": {}, "type": "params", "children": [{"attributes": {"name": "method"}, "type": "param", "children": [{"attributes": {"text": "<p>The <span class=\"caps\">HTTP</span> method.</p>"}, "type": "desc"}, {"attributes": {}, "type": "types", "children": [{"attributes": {"type": "String"}, "type": "entry"}]}]}]}, {"attributes": {"text": "<p>Request body is ignored for <span class=\"caps\">HTTP</span> method <span class=\"caps\">GET</span> and <span class=\"caps\">HEAD</span>.</p>\n\n<p>See <a href=\"http://www.w3.org/TR/XMLHttpRequest2/#the-send-method\">http://www.w3.org/TR/XMLHttpRequest2/#the-send-method</a>.</p>"}, "type": "desc"}, {"attributes": {}, "type": "return", "children": [{"attributes": {"text": "<p>Whether request may contain body.</p>"}, "type": "desc"}, {"attributes": {}, "type": "types", "children": [{"attributes": {"type": "Boolean"}, "type": "entry"}]}]}]}]}]}