{"attributes": {"fullName": "qx.ui.core.MSingleSelectionHandling", "packageName": "qx.ui.core", "type": "mixin", "name": "MSingleSelectionHandling", "includer": "qx.ui.form.RadioGroup,qx.ui.container.Stack,qx.ui.form.SelectBox"}, "type": "class", "children": [{"attributes": {"text": "<p>This mixin links all methods to manage the single selection.</p>\n\n<p>The class which includes the mixin has to implements two methods:</p>\n\n<ul>\n<li><code>_getItems</code>, this method has to return a <code>Array</code>\n   of <code>qx.ui.core.Widget</code> that should be managed from the manager.\n</li>\n<li><code>_isAllowEmptySelection</code>, this method has to return a\n   <code>Boolean</code> value for allowing empty selection or not.\n</li>\n</ul>"}, "type": "desc"}, {"attributes": {}, "type": "events", "children": [{"attributes": {"name": "changeSelection"}, "type": "event", "children": [{"attributes": {"text": "<p>Fires after the selection was modified</p>"}, "type": "desc"}, {"attributes": {}, "type": "types", "children": [{"attributes": {"type": "qx.event.type.Data"}, "type": "entry"}]}]}]}, {"attributes": {}, "type": "methods", "children": [{"attributes": {"access": "private", "line": 177, "isMixin": true, "name": "__getManager"}, "type": "method", "children": [{"attributes": {"text": "<p>Return the selection manager if it is already exists, otherwise creates\nthe manager.</p>"}, "type": "desc"}, {"attributes": {}, "type": "return", "children": [{"attributes": {"text": "<p>Single selection manager.</p>"}, "type": "desc"}, {"attributes": {}, "type": "types", "children": [{"attributes": {"type": "qx.ui.core.SingleSelectionManager"}, "type": "entry"}]}]}]}, {"attributes": {"access": "protected", "line": 161, "isMixin": true, "name": "_onChangeSelected"}, "type": "method", "children": [{"attributes": {}, "type": "params", "children": [{"attributes": {"name": "e"}, "type": "param", "children": [{"attributes": {"text": "<p>Data event.</p>"}, "type": "desc"}, {"attributes": {}, "type": "types", "children": [{"attributes": {"type": "qx.event.type.Data"}, "type": "entry"}]}]}]}, {"attributes": {"text": "<p>Event listener for <code>changeSelected</code> event on single\nselection manager.</p>"}, "type": "desc"}]}, {"attributes": {"line": 143, "isMixin": true, "name": "getSelectables"}, "type": "method", "children": [{"attributes": {}, "type": "params", "children": [{"attributes": {"name": "all"}, "type": "param", "children": [{"attributes": {"text": "<p>true for all selectables, false for the selectables the user can interactively select</p>"}, "type": "desc"}, {"attributes": {}, "type": "types", "children": [{"attributes": {"type": "Boolean"}, "type": "entry"}]}]}]}, {"attributes": {"text": "<p>Returns all elements which are selectable.</p>"}, "type": "desc"}, {"attributes": {}, "type": "return", "children": [{"attributes": {"text": "<p>The contained items.</p>"}, "type": "desc"}, {"attributes": {}, "type": "types", "children": [{"attributes": {"type": "qx.ui.core.Widget", "dimensions": 1}, "type": "entry"}]}]}]}, {"attributes": {"line": 76, "isMixin": true, "name": "getSelection"}, "type": "method", "children": [{"attributes": {"text": "<p>Returns an array of currently selected items.</p>\n\n<p>Note: The result is only a set of selected items, so the order can\ndiffer from the sequence in which the items were added.</p>"}, "type": "desc"}, {"attributes": {}, "type": "return", "children": [{"attributes": {"text": "<p>List of items.</p>"}, "type": "desc"}, {"attributes": {}, "type": "types", "children": [{"attributes": {"type": "qx.ui.core.Widget", "dimensions": 1}, "type": "entry"}]}]}]}, {"attributes": {"line": 122, "isMixin": true, "name": "isSelected"}, "type": "method", "children": [{"attributes": {}, "type": "params", "children": [{"attributes": {"name": "item"}, "type": "param", "children": [{"attributes": {"text": "<p>Any valid selectable item.</p>"}, "type": "desc"}, {"attributes": {}, "type": "types", "children": [{"attributes": {"type": "qx.ui.core.Widget"}, "type": "entry"}]}]}]}, {"attributes": {"text": "<p>Detects whether the given item is currently selected.</p>"}, "type": "desc"}, {"attributes": {}, "type": "return", "children": [{"attributes": {"text": "<p>Whether the item is selected.</p>"}, "type": "desc"}, {"attributes": {}, "type": "types", "children": [{"attributes": {"type": "Boolean"}, "type": "entry"}]}]}, {"attributes": {}, "type": "throws", "children": [{"attributes": {"text": "<p>if one of the items is not a child element.</p>", "type": "Error"}, "type": "desc"}]}]}, {"attributes": {"line": 131, "isMixin": true, "name": "isSelectionEmpty"}, "type": "method", "children": [{"attributes": {"text": "<p>Whether the selection is empty.</p>"}, "type": "desc"}, {"attributes": {}, "type": "return", "children": [{"attributes": {"text": "<p>Whether the selection is empty.</p>"}, "type": "desc"}, {"attributes": {}, "type": "types", "children": [{"attributes": {"type": "Boolean"}, "type": "entry"}]}]}]}, {"attributes": {"line": 111, "isMixin": true, "name": "resetSelection"}, "type": "method", "children": [{"attributes": {"text": "<p>Clears the whole selection at once.</p>"}, "type": "desc"}]}, {"attributes": {"line": 93, "isMixin": true, "name": "setSelection"}, "type": "method", "children": [{"attributes": {}, "type": "params", "children": [{"attributes": {"name": "items"}, "type": "param", "children": [{"attributes": {"text": "<p>Items to select.</p>"}, "type": "desc"}, {"attributes": {}, "type": "types", "children": [{"attributes": {"type": "qx.ui.core.Widget", "dimensions": 1}, "type": "entry"}]}]}]}, {"attributes": {"text": "<p>Replaces current selection with the given items.</p>"}, "type": "desc"}, {"attributes": {}, "type": "throws", "children": [{"attributes": {"text": "<p>if one of the items is not a child element and if items contains more than one elements.</p>", "type": "Error"}, "type": "desc"}]}]}]}]}