{"attributes": {"name": "ToggleButton", "packageName": "qx.ui.mobile.form", "mixins": "qx.ui.mobile.form.MValue,qx.ui.form.MForm,qx.ui.form.MModelProperty,qx.ui.mobile.form.MState", "superClass": "qx.ui.mobile.core.Widget", "fullName": "qx.ui.mobile.form.ToggleButton", "type": "class", "interfaces": "qx.ui.form.IForm,qx.ui.form.IModel"}, "type": "class", "children": [{"attributes": {"text": "<p>A toggle Button widget</p>\n\n<p>If the user tap the button, the button toggles between the <code>ON</code>\nand <code><span class=\"caps\">OFF</span></code> state.</p>\n\n<p>Here is a little example of how to use the widget.</p>\n\n<pre class=\"javascript\">\n  var button = new qx.ui.mobile.form.ToggleButton(false,\"YES\",\"NO\");\n\n  button.addListener(\"changeValue\", function(e) {\n    alert(e.getData());\n  }, this);\n\n  this.getRoot.add(button);\n</pre>\n\n<p>This example creates a toggle button and attaches an\nevent listener to the {@link #changeValue} event.</p>"}, "type": "desc"}, {"attributes": {}, "type": "constructor", "children": [{"attributes": {"line": 62, "isCtor": true, "overriddenFrom": "qx.ui.mobile.core.Widget", "name": "ctor"}, "type": "method", "children": [{"attributes": {}, "type": "params", "children": [{"attributes": {"defaultValue": "null", "optional": true, "name": "value"}, "type": "param", "children": [{"attributes": {"text": "<p>The value of the button</p>"}, "type": "desc"}, {"attributes": {}, "type": "types", "children": [{"attributes": {"type": "Boolean"}, "type": "entry"}]}]}, {"attributes": {"defaultValue": "\"ON\"", "optional": true, "name": "labelChecked"}, "type": "param", "children": [{"attributes": {"text": "<p>The value of the text display when toggleButton is active</p>"}, "type": "desc"}, {"attributes": {}, "type": "types", "children": [{"attributes": {"type": "Boolean"}, "type": "entry"}]}]}, {"attributes": {"defaultValue": "\"OFF\"", "optional": true, "name": "labelUnchecked"}, "type": "param", "children": [{"attributes": {"text": "<p>The value of the text display when toggleButton is inactive</p>"}, "type": "desc"}, {"attributes": {}, "type": "types", "children": [{"attributes": {"type": "Boolean"}, "type": "entry"}]}]}]}, {"attributes": {"text": ""}, "type": "desc"}]}]}, {"attributes": {}, "type": "properties", "children": [{"attributes": {"name": "defaultCssClass", "docFrom": "qx.ui.mobile.core.Widget", "defaultValue": "\"togglebutton\"", "refine": "true", "propertyType": "new", "overriddenFrom": "qx.ui.mobile.core.Widget"}, "type": "property"}]}, {"attributes": {}, "type": "methods", "children": [{"attributes": {"access": "protected", "line": 207, "name": "_checkLastPointerTime"}, "type": "method", "children": [{"attributes": {"text": "<p>Checks if last touch event (swipe,tap) is more than 500ms ago.\nBugfix for several simulator/emulator, when tap is immediately followed by a swipe.</p>"}, "type": "desc"}, {"attributes": {}, "type": "return", "children": [{"attributes": {"text": "<code>true</code> if the last event was more than 500ms ago"}, "type": "desc"}, {"attributes": {}, "type": "types", "children": [{"attributes": {"type": "Boolean"}, "type": "entry"}]}]}]}, {"attributes": {"access": "protected", "line": 122, "name": "_createSwitch"}, "type": "method", "children": [{"attributes": {"text": "<p>Creates the switch control of the widget.</p>"}, "type": "desc"}, {"attributes": {}, "type": "return", "children": [{"attributes": {"text": "<p>The switch control.</p>"}, "type": "desc"}, {"attributes": {}, "type": "types", "children": [{"attributes": {"type": "qx.ui.mobile.container.Composite"}, "type": "entry"}]}]}]}, {"attributes": {"access": "protected", "line": 113, "name": "_getChild"}, "type": "method", "children": [{"attributes": {"text": "<p>Returns the child control of the toggle button.</p>"}, "type": "desc"}, {"attributes": {}, "type": "return", "children": [{"attributes": {"text": "<p>the child control.</p>"}, "type": "desc"}, {"attributes": {}, "type": "types", "children": [{"attributes": {"type": "qx.ui.mobile.container.Composite"}, "type": "entry"}]}]}]}, {"attributes": {"access": "protected", "line": 152, "name": "_getValue"}, "type": "method", "children": [{"attributes": {"text": "<p>Gets the value [true/false] of this toggle button.\nIt is called by getValue method of qx.ui.mobile.form.MValue mixin</p>"}, "type": "desc"}, {"attributes": {}, "type": "return", "children": [{"attributes": {"text": "<p>the value of the toggle button</p>"}, "type": "desc"}, {"attributes": {}, "type": "types", "children": [{"attributes": {"type": "Boolean"}, "type": "entry"}]}]}]}, {"attributes": {"access": "protected", "line": 185, "name": "_onSwipe"}, "type": "method", "children": [{"attributes": {}, "type": "params", "children": [{"attributes": {"name": "evt"}, "type": "param", "children": [{"attributes": {"text": "<p>The swipe event.</p>"}, "type": "desc"}, {"attributes": {}, "type": "types", "children": [{"attributes": {"type": "qx.event.type.Swipe"}, "type": "entry"}]}]}]}, {"attributes": {"text": "<p>Event handler. Called when the swipe event occurs.\nToggles the button, when.</p>"}, "type": "desc"}]}, {"attributes": {"access": "protected", "line": 171, "name": "_onTap"}, "type": "method", "children": [{"attributes": {}, "type": "params", "children": [{"attributes": {"name": "evt"}, "type": "param", "children": [{"attributes": {"text": "<p>The tap event.</p>"}, "type": "desc"}, {"attributes": {}, "type": "types", "children": [{"attributes": {"type": "qx.event.type.Tap"}, "type": "entry"}]}]}]}, {"attributes": {"text": "<p>Event handler. Called when the tap event occurs.\nToggles the button.</p>"}, "type": "desc"}]}, {"attributes": {"access": "protected", "line": 134, "name": "_setValue"}, "type": "method", "children": [{"attributes": {}, "type": "params", "children": [{"attributes": {"name": "value"}, "type": "param", "children": [{"attributes": {"text": "<p>the new value of the toggle button</p>"}, "type": "desc"}, {"attributes": {}, "type": "types", "children": [{"attributes": {"type": "Boolean"}, "type": "entry"}]}]}]}, {"attributes": {"text": "<p>Sets the value [true/false] of this toggle button.\nIt is called by setValue method of qx.ui.mobile.form.MValue mixin</p>"}, "type": "desc"}]}, {"attributes": {"line": 160, "name": "toggle"}, "type": "method", "children": [{"attributes": {"text": "<p>Toggles the value of the button.</p>"}, "type": "desc"}]}]}]}