{"attributes": {"name": "ResourceManager", "packageName": "qx.util", "superClass": "qx.core.Object", "isSingleton": true, "fullName": "qx.util.ResourceManager", "type": "class"}, "type": "class", "children": [{"attributes": {"text": "<p>Contains information about images (size, format, clipping, ...) and\nother resources like <span class=\"caps\">CSS</span> files, local data, ...</p>"}, "type": "desc"}, {"attributes": {}, "type": "constructor", "children": [{"attributes": {"docFrom": "qx.core.Object", "line": 36, "isCtor": true, "overriddenFrom": "qx.core.Object", "name": "ctor"}, "type": "method"}]}, {"attributes": {}, "type": "constants", "children": [{"attributes": {"access": "private", "name": "__urlPrefix"}, "type": "constant", "children": [{"attributes": {"text": "<p>prefix per library used in <span class=\"caps\">HTTPS</span> mode for IE</p>"}, "type": "desc"}, {"attributes": {}, "type": "types", "children": [{"attributes": {"type": "Map"}, "type": "entry"}]}]}, {"attributes": {"access": "private", "name": "__registry"}, "type": "constant", "children": [{"attributes": {"text": "<p>the shared image registry</p>"}, "type": "desc"}, {"attributes": {}, "type": "types", "children": [{"attributes": {"type": "Map"}, "type": "entry"}]}]}]}, {"attributes": {}, "type": "methods", "children": [{"attributes": {"line": 139, "name": "getCombinedFormat"}, "type": "method", "children": [{"attributes": {}, "type": "params", "children": [{"attributes": {"name": "id"}, "type": "param", "children": [{"attributes": {"text": "<p>Resource identifier</p>"}, "type": "desc"}, {"attributes": {}, "type": "types", "children": [{"attributes": {"type": "String"}, "type": "entry"}]}]}]}, {"attributes": {"text": "<p>Returns the format of the combined image (png, gif, ...), if the given\nresource identifier is an image contained in one, or the empty string\notherwise.</p>"}, "type": "desc"}, {"attributes": {}, "type": "return", "children": [{"attributes": {"text": "<p>The type of the combined image containing id</p>"}, "type": "desc"}, {"attributes": {}, "type": "types", "children": [{"attributes": {"type": "String"}, "type": "entry"}]}]}]}, {"attributes": {"line": 82, "name": "getData"}, "type": "method", "children": [{"attributes": {}, "type": "params", "children": [{"attributes": {"name": "id"}, "type": "param", "children": [{"attributes": {"text": "<p>The resource to get the information for</p>"}, "type": "desc"}, {"attributes": {}, "type": "types", "children": [{"attributes": {"type": "String"}, "type": "entry"}]}]}]}, {"attributes": {"text": "<p>Get information about an resource.</p>"}, "type": "desc"}, {"attributes": {}, "type": "return", "children": [{"attributes": {"text": "<p>Registered data or <code>null</code></p>"}, "type": "desc"}, {"attributes": {}, "type": "types", "children": [{"attributes": {"type": "Array"}, "type": "entry"}]}]}]}, {"attributes": {"line": 125, "name": "getImageFormat"}, "type": "method", "children": [{"attributes": {}, "type": "params", "children": [{"attributes": {"name": "id"}, "type": "param", "children": [{"attributes": {"text": "<p>Resource identifier</p>"}, "type": "desc"}, {"attributes": {}, "type": "types", "children": [{"attributes": {"type": "String"}, "type": "entry"}]}]}]}, {"attributes": {"text": "<p>Returns the format of the given resource ID,\nwhen it is not a known image <code>null</code>\nis returned.</p>"}, "type": "desc"}, {"attributes": {}, "type": "return", "children": [{"attributes": {"text": "<p>File format of the image</p>"}, "type": "desc"}, {"attributes": {}, "type": "types", "children": [{"attributes": {"type": "String"}, "type": "entry"}]}]}]}, {"attributes": {"line": 110, "name": "getImageHeight"}, "type": "method", "children": [{"attributes": {}, "type": "params", "children": [{"attributes": {"name": "id"}, "type": "param", "children": [{"attributes": {"text": "<p>Resource identifier</p>"}, "type": "desc"}, {"attributes": {}, "type": "types", "children": [{"attributes": {"type": "String"}, "type": "entry"}]}]}]}, {"attributes": {"text": "<p>Returns the height of the given resource ID,\nwhen it is not a known image <code>0</code> is\nreturned.</p>"}, "type": "desc"}, {"attributes": {}, "type": "return", "children": [{"attributes": {"text": "<p>The image height, maybe <code>null</code> when the height is unknown</p>"}, "type": "desc"}, {"attributes": {}, "type": "types", "children": [{"attributes": {"type": "Integer"}, "type": "entry"}]}]}]}, {"attributes": {"line": 95, "name": "getImageWidth"}, "type": "method", "children": [{"attributes": {}, "type": "params", "children": [{"attributes": {"name": "id"}, "type": "param", "children": [{"attributes": {"text": "<p>Resource identifier</p>"}, "type": "desc"}, {"attributes": {}, "type": "types", "children": [{"attributes": {"type": "String"}, "type": "entry"}]}]}]}, {"attributes": {"text": "<p>Returns the width of the given resource ID,\nwhen it is not a known image <code>0</code> is\nreturned.</p>"}, "type": "desc"}, {"attributes": {}, "type": "return", "children": [{"attributes": {"text": "<p>The image width, maybe <code>null</code> when the width is unknown</p>"}, "type": "desc"}, {"attributes": {}, "type": "types", "children": [{"attributes": {"type": "Integer"}, "type": "entry"}]}]}]}, {"attributes": {"line": 71, "name": "has"}, "type": "method", "children": [{"attributes": {}, "type": "params", "children": [{"attributes": {"name": "id"}, "type": "param", "children": [{"attributes": {"text": "<p>The resource to get the information for</p>"}, "type": "desc"}, {"attributes": {}, "type": "types", "children": [{"attributes": {"type": "String"}, "type": "entry"}]}]}]}, {"attributes": {"text": "<p>Whether the registry has information about the given resource.</p>"}, "type": "desc"}, {"attributes": {}, "type": "return", "children": [{"attributes": {"text": "<code>true</code> when the resource is known."}, "type": "desc"}, {"attributes": {}, "type": "types", "children": [{"attributes": {"type": "Boolean"}, "type": "entry"}]}]}]}, {"attributes": {"line": 205, "name": "toDataUri"}, "type": "method", "children": [{"attributes": {}, "type": "params", "children": [{"attributes": {"name": "resid"}, "type": "param", "children": [{"attributes": {"text": "<p>resource id of the image</p>"}, "type": "desc"}, {"attributes": {}, "type": "types", "children": [{"attributes": {"type": "String"}, "type": "entry"}]}]}]}, {"attributes": {"text": "<p>Construct a data: <span class=\"caps\">URI</span> for an image resource.</p>\n\n<p>Constructs a data: <span class=\"caps\">URI</span> for a given resource id, if this resource is\ncontained in a base64 combined image. If this is not the case (e.g.\nbecause the combined image has not been loaded yet), returns the direct\n<span class=\"caps\">URI</span> to the image file itself.</p>"}, "type": "desc"}, {"attributes": {}, "type": "return", "children": [{"attributes": {"text": "<p>&#8220;data:&#8221; or &#8220;http:&#8221; <span class=\"caps\">URI</span></p>"}, "type": "desc"}, {"attributes": {}, "type": "types", "children": [{"attributes": {"type": "String"}, "type": "entry"}]}]}]}, {"attributes": {"line": 160, "name": "toUri"}, "type": "method", "children": [{"attributes": {}, "type": "params", "children": [{"attributes": {"name": "id"}, "type": "param", "children": [{"attributes": {"text": "<p>Resource ID</p>"}, "type": "desc"}, {"attributes": {}, "type": "types", "children": [{"attributes": {"type": "String"}, "type": "entry"}]}]}]}, {"attributes": {"text": "<p>Converts the given resource ID to a full qualified <span class=\"caps\">URI</span></p>"}, "type": "desc"}, {"attributes": {}, "type": "return", "children": [{"attributes": {"text": "<p>Resulting <span class=\"caps\">URI</span></p>"}, "type": "desc"}, {"attributes": {}, "type": "types", "children": [{"attributes": {"type": "String"}, "type": "entry"}]}]}]}]}, {"attributes": {}, "type": "methods-static", "children": [{"attributes": {"line": 11, "isStatic": true, "name": "getInstance"}, "type": "method", "children": [{"attributes": {"text": "<p>Returns a singleton instance of this class. On the first call the class\nis instantiated by calling the constructor with no arguments. All following\ncalls will return this instance.</p>\n\n<p>This method has been added by setting the &#8220;type&#8221; key in the class definition\n({@link qx.Class#define}) to &#8220;singleton&#8221;.</p>"}, "type": "desc"}, {"attributes": {}, "type": "return", "children": [{"attributes": {"text": "<p>The singleton instance of this class.</p>"}, "type": "desc"}, {"attributes": {}, "type": "types", "children": [{"attributes": {"type": "qx.util.ResourceManager"}, "type": "entry"}]}]}]}]}]}