{"attributes": {"name": "ScrollBar", "packageName": "qx.ui.core.scroll", "superClass": "qx.ui.core.Widget", "fullName": "qx.ui.core.scroll.ScrollBar", "type": "class", "interfaces": "qx.ui.core.scroll.IScrollBar"}, "type": "class", "children": [{"attributes": {"text": "<p>The scroll bar widget, is a special slider, which is used in qooxdoo instead\nof the native browser scroll bars.</p>\n\n<p>Scroll bars are used by the {@link qx.ui.container.Scroll} container. Usually\na scroll bar is not used directly.</p>"}, "type": "desc"}, {"attributes": {}, "type": "childControls", "children": [{"attributes": {"name": "slider"}, "type": "childControl", "children": [{"attributes": {"text": "<p>scroll slider component</p>"}, "type": "desc"}, {"attributes": {}, "type": "types", "children": [{"attributes": {"type": "qx.ui.core.scroll.ScrollSlider"}, "type": "entry"}]}]}, {"attributes": {"name": "button-begin"}, "type": "childControl", "children": [{"attributes": {"text": "<p>button to scroll to top</p>"}, "type": "desc"}, {"attributes": {}, "type": "types", "children": [{"attributes": {"type": "qx.ui.form.RepeatButton"}, "type": "entry"}]}]}, {"attributes": {"name": "button-end"}, "type": "childControl", "children": [{"attributes": {"text": "<p>button to scroll to bottom <strong>Example</strong> Here is a little example of how to use the widget.</p>\n\n<pre class=\"javascript\"> var scrollBar = new qx.ui.core.scroll.ScrollBar(\"horizontal\"); scrollBar.set({ maximum: 500 }) this.getRoot().add(scrollBar); </pre>\n\n<p>This example creates a horizontal scroll bar with a maximum value of 500. <strong>External Documentation</strong> <a href=\"http://manual.qooxdoo.org/4.0.1/pages/widget/scrollbar.html\" target=\"_blank\"> Documentation of this widget in the qooxdoo manual.</a></p>"}, "type": "desc"}, {"attributes": {}, "type": "types", "children": [{"attributes": {"type": "qx.ui.form.RepeatButton"}, "type": "entry"}]}]}]}, {"attributes": {}, "type": "constructor", "children": [{"attributes": {"line": 67, "isCtor": true, "overriddenFrom": "qx.ui.core.Widget", "name": "ctor"}, "type": "method", "children": [{"attributes": {}, "type": "params", "children": [{"attributes": {"defaultValue": "\"horizontal\"", "optional": true, "name": "orientation"}, "type": "param", "children": [{"attributes": {"text": "<p>The initial scroll bar orientation</p>"}, "type": "desc"}, {"attributes": {}, "type": "types", "children": [{"attributes": {"type": "String"}, "type": "entry"}]}]}]}, {"attributes": {"text": ""}, "type": "desc"}]}]}, {"attributes": {}, "type": "events", "children": [{"attributes": {"name": "scroll"}, "type": "event", "children": [{"attributes": {"text": "Fired on change of the property {@link #position}."}, "type": "desc"}, {"attributes": {}, "type": "types", "children": [{"attributes": {"type": "qx.event.type.Data"}, "type": "entry"}]}]}, {"attributes": {"name": "scrollAnimationEnd"}, "type": "event", "children": [{"attributes": {"text": "<p>Change event for the value.</p>"}, "type": "desc"}, {"attributes": {}, "type": "types", "children": [{"attributes": {"type": "qx.event.type.Event"}, "type": "entry"}]}]}]}, {"attributes": {}, "type": "methods", "children": [{"attributes": {"access": "protected", "line": 291, "name": "_applyKnobFactor"}, "type": "method", "children": [{"attributes": {}, "type": "params", "children": [{"attributes": {"name": "value"}, "type": "param", "children": [{"attributes": {"text": "<p>new value of the property</p>"}, "type": "desc"}, {"attributes": {}, "type": "types", "children": [{"attributes": {"type": "PositiveNumber"}, "type": "entry"}]}]}, {"attributes": {"name": "old"}, "type": "param", "children": [{"attributes": {"text": "<p>previous value of the property (null if it was not yet set).</p>"}, "type": "desc"}, {"attributes": {}, "type": "types", "children": [{"attributes": {"type": "PositiveNumber"}, "type": "entry"}]}]}]}, {"attributes": {}, "type": "apply", "children": [{"attributes": {"applies": "qx.ui.core.scroll.ScrollBar#knobFactor"}, "type": "entry"}]}, {"attributes": {"text": "<p>Applies changes of the property value of the property <code>knobFactor</code>.</p>\n\n<p>For further details take a look at the property definition: {@link #knobFactor}.</p>"}, "type": "desc"}]}, {"attributes": {"access": "protected", "line": 279, "name": "_applyMaximum"}, "type": "method", "children": [{"attributes": {}, "type": "params", "children": [{"attributes": {"name": "value"}, "type": "param", "children": [{"attributes": {"text": "<p>new value of the property</p>"}, "type": "desc"}, {"attributes": {}, "type": "types", "children": [{"attributes": {"type": "PositiveInteger"}, "type": "entry"}]}]}, {"attributes": {"name": "old"}, "type": "param", "children": [{"attributes": {"text": "<p>previous value of the property (null if it was not yet set).</p>"}, "type": "desc"}, {"attributes": {}, "type": "types", "children": [{"attributes": {"type": "PositiveInteger"}, "type": "entry"}]}]}]}, {"attributes": {}, "type": "apply", "children": [{"attributes": {"applies": "qx.ui.core.scroll.ScrollBar#maximum"}, "type": "entry"}]}, {"attributes": {"text": "<p>Applies changes of the property value of the property <code>maximum</code>.</p>\n\n<p>For further details take a look at the property definition: {@link #maximum}.</p>"}, "type": "desc"}]}, {"attributes": {"access": "protected", "line": 303, "name": "_applyOrientation"}, "type": "method", "children": [{"attributes": {}, "type": "params", "children": [{"attributes": {"name": "value"}, "type": "param", "children": [{"attributes": {"text": "<p>new value of the property</p>"}, "type": "desc"}, {"attributes": {}, "type": "types", "children": [{"attributes": {"type": "var"}, "type": "entry"}]}]}, {"attributes": {"name": "old"}, "type": "param", "children": [{"attributes": {"text": "<p>previous value of the property (null if it was not yet set).</p>"}, "type": "desc"}, {"attributes": {}, "type": "types", "children": [{"attributes": {"type": "var"}, "type": "entry"}]}]}]}, {"attributes": {}, "type": "apply", "children": [{"attributes": {"applies": "qx.ui.core.scroll.ScrollBar#orientation"}, "type": "entry"}]}, {"attributes": {"text": "<p>Applies changes of the property value of the property <code>orientation</code>.</p>\n\n<p>For further details take a look at the property definition: {@link #orientation}.</p>"}, "type": "desc"}]}, {"attributes": {"access": "protected", "line": 297, "name": "_applyPageStep"}, "type": "method", "children": [{"attributes": {}, "type": "params", "children": [{"attributes": {"name": "value"}, "type": "param", "children": [{"attributes": {"text": "<p>new value of the property</p>"}, "type": "desc"}, {"attributes": {}, "type": "types", "children": [{"attributes": {"type": "Integer"}, "type": "entry"}]}]}, {"attributes": {"name": "old"}, "type": "param", "children": [{"attributes": {"text": "<p>previous value of the property (null if it was not yet set).</p>"}, "type": "desc"}, {"attributes": {}, "type": "types", "children": [{"attributes": {"type": "Integer"}, "type": "entry"}]}]}]}, {"attributes": {}, "type": "apply", "children": [{"attributes": {"applies": "qx.ui.core.scroll.ScrollBar#pageStep"}, "type": "entry"}]}, {"attributes": {"text": "<p>Applies changes of the property value of the property <code>pageStep</code>.</p>\n\n<p>For further details take a look at the property definition: {@link #pageStep}.</p>"}, "type": "desc"}]}, {"attributes": {"access": "protected", "line": 285, "name": "_applyPosition"}, "type": "method", "children": [{"attributes": {}, "type": "params", "children": [{"attributes": {"name": "value"}, "type": "param", "children": [{"attributes": {"text": "<p>new value of the property</p>"}, "type": "desc"}, {"attributes": {}, "type": "types", "children": [{"attributes": {"type": "var"}, "type": "entry"}]}]}, {"attributes": {"name": "old"}, "type": "param", "children": [{"attributes": {"text": "<p>previous value of the property (null if it was not yet set).</p>"}, "type": "desc"}, {"attributes": {}, "type": "types", "children": [{"attributes": {"type": "var"}, "type": "entry"}]}]}]}, {"attributes": {}, "type": "apply", "children": [{"attributes": {"applies": "qx.ui.core.scroll.ScrollBar#position"}, "type": "entry"}]}, {"attributes": {"text": "<p>Applies changes of the property value of the property <code>position</code>.</p>\n\n<p>For further details take a look at the property definition: {@link #position}.</p>"}, "type": "desc"}]}, {"attributes": {"access": "protected", "docFrom": "qx.ui.core.LayoutItem", "line": 205, "overriddenFrom": "qx.ui.core.Widget", "name": "_computeSizeHint"}, "type": "method"}, {"attributes": {"access": "protected", "docFrom": "qx.ui.core.Widget", "line": 234, "overriddenFrom": "qx.ui.core.Widget", "name": "_createChildControlImpl"}, "type": "method", "children": [{"attributes": {}, "type": "params", "children": [{"attributes": {"name": "id"}, "type": "param"}, {"attributes": {"name": "hash"}, "type": "param"}]}]}, {"attributes": {"access": "protected", "line": 450, "name": "_onChangeSliderValue"}, "type": "method", "children": [{"attributes": {}, "type": "params", "children": [{"attributes": {"name": "e"}, "type": "param", "children": [{"attributes": {"text": "<p>The change event object</p>"}, "type": "desc"}, {"attributes": {}, "type": "types", "children": [{"attributes": {"type": "qx.event.type.Data"}, "type": "entry"}]}]}]}, {"attributes": {"text": "<p>Change listener for slider value changes.</p>"}, "type": "desc"}]}, {"attributes": {"access": "protected", "line": 422, "name": "_onExecuteBegin"}, "type": "method", "children": [{"attributes": {}, "type": "params", "children": [{"attributes": {"name": "e"}, "type": "param", "children": [{"attributes": {"text": "<p>Execute event of the button</p>"}, "type": "desc"}, {"attributes": {}, "type": "types", "children": [{"attributes": {"type": "qx.event.type.Event"}, "type": "entry"}]}]}]}, {"attributes": {"text": "<p>Executed when the up/left button is executed (pressed)</p>"}, "type": "desc"}]}, {"attributes": {"access": "protected", "line": 432, "name": "_onExecuteEnd"}, "type": "method", "children": [{"attributes": {}, "type": "params", "children": [{"attributes": {"name": "e"}, "type": "param", "children": [{"attributes": {"text": "<p>Execute event of the button</p>"}, "type": "desc"}, {"attributes": {}, "type": "types", "children": [{"attributes": {"type": "qx.event.type.Event"}, "type": "entry"}]}]}]}, {"attributes": {"text": "<p>Executed when the down/right button is executed (pressed)</p>"}, "type": "desc"}]}, {"attributes": {"access": "protected", "line": 460, "name": "_onResizeSlider"}, "type": "method", "children": [{"attributes": {}, "type": "params", "children": [{"attributes": {"name": "e"}, "type": "param", "children": [{"attributes": {"text": "<p>event object</p>"}, "type": "desc"}, {"attributes": {}, "type": "types", "children": [{"attributes": {"type": "qx.event.type.Data"}, "type": "entry"}]}]}]}, {"attributes": {"text": "<p>Hide the knob of the slider if the slidebar is too small or show it\notherwise.</p>"}, "type": "desc"}]}, {"attributes": {"access": "protected", "line": 440, "name": "_onSlideAnimationEnd"}, "type": "method", "children": [{"attributes": {"text": "<p>Change listener for slider animation end.</p>"}, "type": "desc"}]}, {"attributes": {"name": "getKnobFactor", "fromProperty": "knobFactor"}, "type": "method", "children": [{"attributes": {"text": "<p>Returns the (computed) value of the property <code>knobFactor</code>.</p>\n\n<p>For further details take a look at the property definition: {@link #knobFactor}.</p>"}, "type": "desc"}, {"attributes": {}, "type": "return", "children": [{"attributes": {"text": "<p>(Computed) value of <code>knobFactor</code>.</p>"}, "type": "desc"}, {"attributes": {}, "type": "types", "children": [{"attributes": {"type": "var"}, "type": "entry"}]}]}]}, {"attributes": {"name": "getMaximum", "fromProperty": "maximum"}, "type": "method", "children": [{"attributes": {"text": "<p>Returns the (computed) value of the property <code>maximum</code>.</p>\n\n<p>For further details take a look at the property definition: {@link #maximum}.</p>"}, "type": "desc"}, {"attributes": {}, "type": "return", "children": [{"attributes": {"text": "<p>(Computed) value of <code>maximum</code>.</p>"}, "type": "desc"}, {"attributes": {}, "type": "types", "children": [{"attributes": {"type": "var"}, "type": "entry"}]}]}]}, {"attributes": {"name": "getOrientation", "fromProperty": "orientation"}, "type": "method", "children": [{"attributes": {"text": "<p>Returns the (computed) value of the property <code>orientation</code>.</p>\n\n<p>For further details take a look at the property definition: {@link #orientation}.</p>"}, "type": "desc"}, {"attributes": {}, "type": "return", "children": [{"attributes": {"text": "<p>(Computed) value of <code>orientation</code>.</p>"}, "type": "desc"}, {"attributes": {}, "type": "types", "children": [{"attributes": {"type": "var"}, "type": "entry"}]}]}]}, {"attributes": {"name": "getPageStep", "fromProperty": "pageStep"}, "type": "method", "children": [{"attributes": {"text": "<p>Returns the (computed) value of the property <code>pageStep</code>.</p>\n\n<p>For further details take a look at the property definition: {@link #pageStep}.</p>"}, "type": "desc"}, {"attributes": {}, "type": "return", "children": [{"attributes": {"text": "<p>(Computed) value of <code>pageStep</code>.</p>"}, "type": "desc"}, {"attributes": {}, "type": "types", "children": [{"attributes": {"type": "var"}, "type": "entry"}]}]}]}, {"attributes": {"name": "getPosition", "fromProperty": "position"}, "type": "method", "children": [{"attributes": {"text": "<p>Returns the (computed) value of the property <code>position</code>.</p>\n\n<p>For further details take a look at the property definition: {@link #position}.</p>"}, "type": "desc"}, {"attributes": {}, "type": "return", "children": [{"attributes": {"text": "<p>(Computed) value of <code>position</code>.</p>"}, "type": "desc"}, {"attributes": {}, "type": "types", "children": [{"attributes": {"type": "var"}, "type": "entry"}]}]}]}, {"attributes": {"name": "getSingleStep", "fromProperty": "singleStep"}, "type": "method", "children": [{"attributes": {"text": "<p>Returns the (computed) value of the property <code>singleStep</code>.</p>\n\n<p>For further details take a look at the property definition: {@link #singleStep}.</p>"}, "type": "desc"}, {"attributes": {}, "type": "return", "children": [{"attributes": {"text": "<p>(Computed) value of <code>singleStep</code>.</p>"}, "type": "desc"}, {"attributes": {}, "type": "types", "children": [{"attributes": {"type": "var"}, "type": "entry"}]}]}]}, {"attributes": {"access": "protected", "name": "initKnobFactor", "fromProperty": "knobFactor"}, "type": "method", "children": [{"attributes": {}, "type": "params", "children": [{"attributes": {"name": "value"}, "type": "param", "children": [{"attributes": {"text": "<p>Initial value for property <code>knobFactor</code>.</p>"}, "type": "desc"}, {"attributes": {}, "type": "types", "children": [{"attributes": {"type": "var"}, "type": "entry"}]}]}]}, {"attributes": {"text": "<p>Calls the apply method and dispatches the change event of the property <code>knobFactor</code>\nwith the default value defined by the class developer. This function can\nonly be called from the constructor of a class.</p>\n\n<p>For further details take a look at the property definition: {@link #knobFactor}.</p>"}, "type": "desc"}, {"attributes": {}, "type": "return", "children": [{"attributes": {"text": "<p>the default value</p>"}, "type": "desc"}, {"attributes": {}, "type": "types", "children": [{"attributes": {"type": "var"}, "type": "entry"}]}]}]}, {"attributes": {"access": "protected", "name": "initMaximum", "fromProperty": "maximum"}, "type": "method", "children": [{"attributes": {}, "type": "params", "children": [{"attributes": {"name": "value"}, "type": "param", "children": [{"attributes": {"text": "<p>Initial value for property <code>maximum</code>.</p>"}, "type": "desc"}, {"attributes": {}, "type": "types", "children": [{"attributes": {"type": "var"}, "type": "entry"}]}]}]}, {"attributes": {"text": "<p>Calls the apply method and dispatches the change event of the property <code>maximum</code>\nwith the default value defined by the class developer. This function can\nonly be called from the constructor of a class.</p>\n\n<p>For further details take a look at the property definition: {@link #maximum}.</p>"}, "type": "desc"}, {"attributes": {}, "type": "return", "children": [{"attributes": {"text": "<p>the default value</p>"}, "type": "desc"}, {"attributes": {}, "type": "types", "children": [{"attributes": {"type": "var"}, "type": "entry"}]}]}]}, {"attributes": {"access": "protected", "name": "initOrientation", "fromProperty": "orientation"}, "type": "method", "children": [{"attributes": {}, "type": "params", "children": [{"attributes": {"name": "value"}, "type": "param", "children": [{"attributes": {"text": "<p>Initial value for property <code>orientation</code>.</p>"}, "type": "desc"}, {"attributes": {}, "type": "types", "children": [{"attributes": {"type": "var"}, "type": "entry"}]}]}]}, {"attributes": {"text": "<p>Calls the apply method and dispatches the change event of the property <code>orientation</code>\nwith the default value defined by the class developer. This function can\nonly be called from the constructor of a class.</p>\n\n<p>For further details take a look at the property definition: {@link #orientation}.</p>"}, "type": "desc"}, {"attributes": {}, "type": "return", "children": [{"attributes": {"text": "<p>the default value</p>"}, "type": "desc"}, {"attributes": {}, "type": "types", "children": [{"attributes": {"type": "var"}, "type": "entry"}]}]}]}, {"attributes": {"access": "protected", "name": "initPageStep", "fromProperty": "pageStep"}, "type": "method", "children": [{"attributes": {}, "type": "params", "children": [{"attributes": {"name": "value"}, "type": "param", "children": [{"attributes": {"text": "<p>Initial value for property <code>pageStep</code>.</p>"}, "type": "desc"}, {"attributes": {}, "type": "types", "children": [{"attributes": {"type": "var"}, "type": "entry"}]}]}]}, {"attributes": {"text": "<p>Calls the apply method and dispatches the change event of the property <code>pageStep</code>\nwith the default value defined by the class developer. This function can\nonly be called from the constructor of a class.</p>\n\n<p>For further details take a look at the property definition: {@link #pageStep}.</p>"}, "type": "desc"}, {"attributes": {}, "type": "return", "children": [{"attributes": {"text": "<p>the default value</p>"}, "type": "desc"}, {"attributes": {}, "type": "types", "children": [{"attributes": {"type": "var"}, "type": "entry"}]}]}]}, {"attributes": {"access": "protected", "name": "initPosition", "fromProperty": "position"}, "type": "method", "children": [{"attributes": {}, "type": "params", "children": [{"attributes": {"name": "value"}, "type": "param", "children": [{"attributes": {"text": "<p>Initial value for property <code>position</code>.</p>"}, "type": "desc"}, {"attributes": {}, "type": "types", "children": [{"attributes": {"type": "var"}, "type": "entry"}]}]}]}, {"attributes": {"text": "<p>Calls the apply method and dispatches the change event of the property <code>position</code>\nwith the default value defined by the class developer. This function can\nonly be called from the constructor of a class.</p>\n\n<p>For further details take a look at the property definition: {@link #position}.</p>"}, "type": "desc"}, {"attributes": {}, "type": "return", "children": [{"attributes": {"text": "<p>the default value</p>"}, "type": "desc"}, {"attributes": {}, "type": "types", "children": [{"attributes": {"type": "var"}, "type": "entry"}]}]}]}, {"attributes": {"access": "protected", "name": "initSingleStep", "fromProperty": "singleStep"}, "type": "method", "children": [{"attributes": {}, "type": "params", "children": [{"attributes": {"name": "value"}, "type": "param", "children": [{"attributes": {"text": "<p>Initial value for property <code>singleStep</code>.</p>"}, "type": "desc"}, {"attributes": {}, "type": "types", "children": [{"attributes": {"type": "var"}, "type": "entry"}]}]}]}, {"attributes": {"text": "<p>Calls the apply method and dispatches the change event of the property <code>singleStep</code>\nwith the default value defined by the class developer. This function can\nonly be called from the constructor of a class.</p>\n\n<p>For further details take a look at the property definition: {@link #singleStep}.</p>"}, "type": "desc"}, {"attributes": {}, "type": "return", "children": [{"attributes": {"text": "<p>the default value</p>"}, "type": "desc"}, {"attributes": {}, "type": "types", "children": [{"attributes": {"type": "var"}, "type": "entry"}]}]}]}, {"attributes": {"docFrom": "qx.ui.core.LayoutItem", "line": 219, "overriddenFrom": "qx.ui.core.Widget", "name": "renderLayout"}, "type": "method", "children": [{"attributes": {}, "type": "params", "children": [{"attributes": {"name": "left"}, "type": "param"}, {"attributes": {"name": "top"}, "type": "param"}, {"attributes": {"name": "width"}, "type": "param"}, {"attributes": {"name": "height"}, "type": "param"}]}]}, {"attributes": {"name": "resetKnobFactor", "fromProperty": "knobFactor"}, "type": "method", "children": [{"attributes": {"text": "<p>Resets the user value of the property <code>knobFactor</code>.</p>\n\n<p>The computed value falls back to the next available value e.g. appearance, init or\ninheritance value depeneding on the property configuration and value availability.</p>\n\n<p>For further details take a look at the property definition: {@link #knobFactor}.</p>"}, "type": "desc"}]}, {"attributes": {"name": "resetMaximum", "fromProperty": "maximum"}, "type": "method", "children": [{"attributes": {"text": "<p>Resets the user value of the property <code>maximum</code>.</p>\n\n<p>The computed value falls back to the next available value e.g. appearance, init or\ninheritance value depeneding on the property configuration and value availability.</p>\n\n<p>For further details take a look at the property definition: {@link #maximum}.</p>"}, "type": "desc"}]}, {"attributes": {"name": "resetOrientation", "fromProperty": "orientation"}, "type": "method", "children": [{"attributes": {"text": "<p>Resets the user value of the property <code>orientation</code>.</p>\n\n<p>The computed value falls back to the next available value e.g. appearance, init or\ninheritance value depeneding on the property configuration and value availability.</p>\n\n<p>For further details take a look at the property definition: {@link #orientation}.</p>"}, "type": "desc"}]}, {"attributes": {"name": "resetPageStep", "fromProperty": "pageStep"}, "type": "method", "children": [{"attributes": {"text": "<p>Resets the user value of the property <code>pageStep</code>.</p>\n\n<p>The computed value falls back to the next available value e.g. appearance, init or\ninheritance value depeneding on the property configuration and value availability.</p>\n\n<p>For further details take a look at the property definition: {@link #pageStep}.</p>"}, "type": "desc"}]}, {"attributes": {"name": "resetPosition", "fromProperty": "position"}, "type": "method", "children": [{"attributes": {"text": "<p>Resets the user value of the property <code>position</code>.</p>\n\n<p>The computed value falls back to the next available value e.g. appearance, init or\ninheritance value depeneding on the property configuration and value availability.</p>\n\n<p>For further details take a look at the property definition: {@link #position}.</p>"}, "type": "desc"}]}, {"attributes": {"name": "resetSingleStep", "fromProperty": "singleStep"}, "type": "method", "children": [{"attributes": {"text": "<p>Resets the user value of the property <code>singleStep</code>.</p>\n\n<p>The computed value falls back to the next available value e.g. appearance, init or\ninheritance value depeneding on the property configuration and value availability.</p>\n\n<p>For further details take a look at the property definition: {@link #singleStep}.</p>"}, "type": "desc"}]}, {"attributes": {"line": 374, "name": "scrollBy"}, "type": "method", "children": [{"attributes": {}, "type": "params", "children": [{"attributes": {"name": "offset"}, "type": "param", "children": [{"attributes": {"text": "<p>Scroll by this offset</p>"}, "type": "desc"}, {"attributes": {}, "type": "types", "children": [{"attributes": {"type": "Integer"}, "type": "entry"}]}]}, {"attributes": {"name": "duration"}, "type": "param", "children": [{"attributes": {"text": "<p>The time in milliseconds the slide to should take.</p>"}, "type": "desc"}, {"attributes": {}, "type": "types", "children": [{"attributes": {"type": "Number"}, "type": "entry"}]}]}]}, {"attributes": {"text": "<p>Scrolls by the given offset.</p>\n\n<p>This method automatically corrects the given position to respect\nthe {@link #maximum}.</p>"}, "type": "desc"}]}, {"attributes": {"line": 388, "name": "scrollBySteps"}, "type": "method", "children": [{"attributes": {}, "type": "params", "children": [{"attributes": {"name": "steps"}, "type": "param", "children": [{"attributes": {"text": "<p>Number of steps</p>"}, "type": "desc"}, {"attributes": {}, "type": "types", "children": [{"attributes": {"type": "Integer"}, "type": "entry"}]}]}, {"attributes": {"name": "duration"}, "type": "param", "children": [{"attributes": {"text": "<p>The time in milliseconds the slide to should take.</p>"}, "type": "desc"}, {"attributes": {}, "type": "types", "children": [{"attributes": {"type": "Number"}, "type": "entry"}]}]}]}, {"attributes": {"text": "<p>Scrolls by the given number of steps.</p>\n\n<p>This method automatically corrects the given position to respect\nthe {@link #maximum}.</p>"}, "type": "desc"}]}, {"attributes": {"line": 360, "name": "scrollTo"}, "type": "method", "children": [{"attributes": {}, "type": "params", "children": [{"attributes": {"name": "position"}, "type": "param", "children": [{"attributes": {"text": "<p>Scroll to this position. Must be greater zero.</p>"}, "type": "desc"}, {"attributes": {}, "type": "types", "children": [{"attributes": {"type": "Integer"}, "type": "entry"}]}]}, {"attributes": {"name": "duration"}, "type": "param", "children": [{"attributes": {"text": "<p>The time in milliseconds the slide to should take.</p>"}, "type": "desc"}, {"attributes": {}, "type": "types", "children": [{"attributes": {"type": "Number"}, "type": "entry"}]}]}]}, {"attributes": {"text": "<p>Scrolls to the given position.</p>\n\n<p>This method automatically corrects the given position to respect\nthe {@link #maximum}.</p>"}, "type": "desc"}]}, {"attributes": {"name": "setKnobFactor", "fromProperty": "knobFactor"}, "type": "method", "children": [{"attributes": {}, "type": "params", "children": [{"attributes": {"name": "value"}, "type": "param", "children": [{"attributes": {"text": "<p>New value for property <code>knobFactor</code>.</p>"}, "type": "desc"}, {"attributes": {}, "type": "types", "children": [{"attributes": {"type": "var"}, "type": "entry"}]}]}]}, {"attributes": {"text": "<p>Sets the user value of the property <code>knobFactor</code>.</p>\n\n<p>For further details take a look at the property definition: {@link #knobFactor}.</p>"}, "type": "desc"}, {"attributes": {}, "type": "return", "children": [{"attributes": {"text": "<p>The unmodified incoming value.</p>"}, "type": "desc"}, {"attributes": {}, "type": "types", "children": [{"attributes": {"type": "var"}, "type": "entry"}]}]}]}, {"attributes": {"name": "setMaximum", "fromProperty": "maximum"}, "type": "method", "children": [{"attributes": {}, "type": "params", "children": [{"attributes": {"name": "value"}, "type": "param", "children": [{"attributes": {"text": "<p>New value for property <code>maximum</code>.</p>"}, "type": "desc"}, {"attributes": {}, "type": "types", "children": [{"attributes": {"type": "var"}, "type": "entry"}]}]}]}, {"attributes": {"text": "<p>Sets the user value of the property <code>maximum</code>.</p>\n\n<p>For further details take a look at the property definition: {@link #maximum}.</p>"}, "type": "desc"}, {"attributes": {}, "type": "return", "children": [{"attributes": {"text": "<p>The unmodified incoming value.</p>"}, "type": "desc"}, {"attributes": {}, "type": "types", "children": [{"attributes": {"type": "var"}, "type": "entry"}]}]}]}, {"attributes": {"name": "setOrientation", "fromProperty": "orientation"}, "type": "method", "children": [{"attributes": {}, "type": "params", "children": [{"attributes": {"name": "value"}, "type": "param", "children": [{"attributes": {"text": "<p>New value for property <code>orientation</code>.</p>"}, "type": "desc"}, {"attributes": {}, "type": "types", "children": [{"attributes": {"type": "var"}, "type": "entry"}]}]}]}, {"attributes": {"text": "<p>Sets the user value of the property <code>orientation</code>.</p>\n\n<p>For further details take a look at the property definition: {@link #orientation}.</p>"}, "type": "desc"}, {"attributes": {}, "type": "return", "children": [{"attributes": {"text": "<p>The unmodified incoming value.</p>"}, "type": "desc"}, {"attributes": {}, "type": "types", "children": [{"attributes": {"type": "var"}, "type": "entry"}]}]}]}, {"attributes": {"name": "setPageStep", "fromProperty": "pageStep"}, "type": "method", "children": [{"attributes": {}, "type": "params", "children": [{"attributes": {"name": "value"}, "type": "param", "children": [{"attributes": {"text": "<p>New value for property <code>pageStep</code>.</p>"}, "type": "desc"}, {"attributes": {}, "type": "types", "children": [{"attributes": {"type": "var"}, "type": "entry"}]}]}]}, {"attributes": {"text": "<p>Sets the user value of the property <code>pageStep</code>.</p>\n\n<p>For further details take a look at the property definition: {@link #pageStep}.</p>"}, "type": "desc"}, {"attributes": {}, "type": "return", "children": [{"attributes": {"text": "<p>The unmodified incoming value.</p>"}, "type": "desc"}, {"attributes": {}, "type": "types", "children": [{"attributes": {"type": "var"}, "type": "entry"}]}]}]}, {"attributes": {"name": "setPosition", "fromProperty": "position"}, "type": "method", "children": [{"attributes": {}, "type": "params", "children": [{"attributes": {"name": "value"}, "type": "param", "children": [{"attributes": {"text": "<p>New value for property <code>position</code>.</p>"}, "type": "desc"}, {"attributes": {}, "type": "types", "children": [{"attributes": {"type": "var"}, "type": "entry"}]}]}]}, {"attributes": {"text": "<p>Sets the user value of the property <code>position</code>.</p>\n\n<p>For further details take a look at the property definition: {@link #position}.</p>"}, "type": "desc"}, {"attributes": {}, "type": "return", "children": [{"attributes": {"text": "<p>The unmodified incoming value.</p>"}, "type": "desc"}, {"attributes": {}, "type": "types", "children": [{"attributes": {"type": "var"}, "type": "entry"}]}]}]}, {"attributes": {"name": "setSingleStep", "fromProperty": "singleStep"}, "type": "method", "children": [{"attributes": {}, "type": "params", "children": [{"attributes": {"name": "value"}, "type": "param", "children": [{"attributes": {"text": "<p>New value for property <code>singleStep</code>.</p>"}, "type": "desc"}, {"attributes": {}, "type": "types", "children": [{"attributes": {"type": "var"}, "type": "entry"}]}]}]}, {"attributes": {"text": "<p>Sets the user value of the property <code>singleStep</code>.</p>\n\n<p>For further details take a look at the property definition: {@link #singleStep}.</p>"}, "type": "desc"}, {"attributes": {}, "type": "return", "children": [{"attributes": {"text": "<p>The unmodified incoming value.</p>"}, "type": "desc"}, {"attributes": {}, "type": "types", "children": [{"attributes": {"type": "var"}, "type": "entry"}]}]}]}, {"attributes": {"line": 406, "name": "stopScrollAnimation"}, "type": "method", "children": [{"attributes": {"text": "<p>If a scroll animation is running, it will be stopped.</p>"}, "type": "desc"}]}, {"attributes": {"line": 398, "name": "updatePosition"}, "type": "method", "children": [{"attributes": {}, "type": "params", "children": [{"attributes": {"name": "position"}, "type": "param", "children": [{"attributes": {"text": "<p>The new position.</p>"}, "type": "desc"}, {"attributes": {}, "type": "types", "children": [{"attributes": {"type": "Number"}, "type": "entry"}]}]}]}, {"attributes": {"text": "<p>Updates the position property considering the minimum and maximum values.</p>"}, "type": "desc"}]}]}, {"attributes": {}, "type": "properties", "children": [{"attributes": {"name": "appearance", "docFrom": "qx.ui.core.Widget", "defaultValue": "\"scrollbar\"", "refine": "true", "propertyType": "new", "overriddenFrom": "qx.ui.core.Widget"}, "type": "property"}, {"attributes": {"allowNull": "true", "propertyType": "new", "check": "PositiveNumber", "name": "knobFactor", "apply": "_applyKnobFactor"}, "type": "property", "children": [{"attributes": {"text": "<p>Factor to apply to the width/height of the knob in relation\nto the dimension of the underlying area.</p>"}, "type": "desc"}]}, {"attributes": {"apply": "_applyMaximum", "defaultValue": "100", "propertyType": "new", "check": "PositiveInteger", "name": "maximum"}, "type": "property", "children": [{"attributes": {"text": "<p>The maximum value (difference between available size and\ncontent size).</p>"}, "type": "desc"}]}, {"attributes": {"apply": "_applyOrientation", "defaultValue": "\"horizontal\"", "propertyType": "new", "name": "orientation", "possibleValues": "\"horizontal\",\"vertical\""}, "type": "property", "children": [{"attributes": {"text": "<p>The scroll bar orientation</p>"}, "type": "desc"}]}, {"attributes": {"apply": "_applyPageStep", "defaultValue": "10", "propertyType": "new", "check": "Integer", "name": "pageStep"}, "type": "property", "children": [{"attributes": {"text": "<p>The amount to increment on each event. Typically corresponds\nto the user pressing <code>PageUp</code> or <code>PageDown</code>.</p>"}, "type": "desc"}]}, {"attributes": {"name": "position", "defaultValue": "0", "event": "scroll", "propertyType": "new", "apply": "_applyPosition", "check": "Custom check function."}, "type": "property", "children": [{"attributes": {"text": "<p>Position of the scrollbar (which means the scroll left/top of the\nattached area&#8217;s pane)</p>\n\n<p>Strictly validates according to {@link #maximum}.\nDoes not apply any correction to the incoming value. If you depend\non this, please use {@link #scrollTo} instead.</p>"}, "type": "desc"}]}, {"attributes": {"defaultValue": "20", "propertyType": "new", "check": "Integer", "name": "singleStep"}, "type": "property", "children": [{"attributes": {"text": "<p>Step size for each tap on the up/down or left/right buttons.</p>"}, "type": "desc"}]}]}]}