{"attributes": {"fullName": "qx.util.placement.DirectAxis", "packageName": "qx.util.placement", "isStatic": true, "type": "bootstrap", "name": "DirectAxis"}, "type": "class", "children": [{"attributes": {"text": "<p>Places the object directly at the specified position. It is not moved if\nparts of the object are outside of the axis&#8217; range.</p>"}, "type": "desc"}, {"attributes": {}, "type": "constants", "children": [{"attributes": {"access": "protected", "name": "_moveToEdgeAndAlign"}, "type": "constant", "children": [{"attributes": {"text": "<p>Computes the start of the object by taking only the attachment and\nalignment into account. The object by be not fully visible.</p><p>Size of the object to align</p><p>Location of the object to align the object to. This map should have the keys <code>start</code> and <code>end</code>.</p><p>Map with all offsets on each side. Comes with the keys <code>start</code> and <code>end</code>.</p><p>Accepts the same values as the <code> position</code> argument of {@link #computeStart}.</p><p>The computed start position of the object.</p>"}, "type": "desc"}, {"attributes": {}, "type": "types", "children": [{"attributes": {"type": "Integer"}, "type": "entry"}]}, {"attributes": {}, "type": "types", "children": [{"attributes": {"type": "Map"}, "type": "entry"}]}, {"attributes": {}, "type": "types", "children": [{"attributes": {"type": "Map"}, "type": "entry"}]}, {"attributes": {}, "type": "types", "children": [{"attributes": {"type": "String"}, "type": "entry"}]}, {"attributes": {}, "type": "types", "children": [{"attributes": {"type": "Integer"}, "type": "entry"}]}]}]}, {"attributes": {}, "type": "methods-static", "children": [{"attributes": {"line": 63, "isStatic": true, "name": "computeStart"}, "type": "method", "children": [{"attributes": {}, "type": "params", "children": [{"attributes": {"name": "size"}, "type": "param", "children": [{"attributes": {"text": "<p>Size of the object to align</p>"}, "type": "desc"}, {"attributes": {}, "type": "types", "children": [{"attributes": {"type": "Integer"}, "type": "entry"}]}]}, {"attributes": {"name": "target"}, "type": "param", "children": [{"attributes": {"text": "<p>Location of the object to align the object to. This map should have the keys <code>start</code> and <code>end</code>.</p>"}, "type": "desc"}, {"attributes": {}, "type": "types", "children": [{"attributes": {"type": "Map"}, "type": "entry"}]}]}, {"attributes": {"name": "offsets"}, "type": "param", "children": [{"attributes": {"text": "<p>Map with all offsets on each side. Comes with the keys <code>start</code> and <code>end</code>.</p>"}, "type": "desc"}, {"attributes": {}, "type": "types", "children": [{"attributes": {"type": "Map"}, "type": "entry"}]}]}, {"attributes": {"name": "areaSize"}, "type": "param", "children": [{"attributes": {"text": "<p>Size of the axis.</p>"}, "type": "desc"}, {"attributes": {}, "type": "types", "children": [{"attributes": {"type": "Integer"}, "type": "entry"}]}]}, {"attributes": {"name": "position"}, "type": "param", "children": [{"attributes": {"text": "<p>Alignment of the object on the target. Valid values are <ul> <li><code>edge-start</code> The object is placed before the target</li> <li><code>edge-end</code> The object is placed after the target</li> <li><code>align-start</code>The start of the object is aligned with the start of the target</li> <li><code>align-center</code>The center of the object is aligned with the center of the target</li> <li><code>align-end</code>The end of the object is aligned with the end of the object</li> </ul></p>"}, "type": "desc"}, {"attributes": {}, "type": "types", "children": [{"attributes": {"type": "String"}, "type": "entry"}]}]}]}, {"attributes": {"text": "<p>Computes the start of the object on the axis</p>"}, "type": "desc"}, {"attributes": {}, "type": "return", "children": [{"attributes": {"text": "<p>The computed start position of the object.</p>"}, "type": "desc"}, {"attributes": {}, "type": "types", "children": [{"attributes": {"type": "Integer"}, "type": "entry"}]}]}]}]}]}