{"attributes": {"fullName": "qx.ui.form.IDateForm", "packageName": "qx.ui.form", "type": "interface", "name": "IDateForm", "implementations": "qx.ui.control.DateChooser,qx.ui.form.DateField"}, "type": "class", "children": [{"attributes": {"text": "<p>Form interface for all form widgets which have date as their primary\ndata type like datechooser&#8217;s.</p>"}, "type": "desc"}, {"attributes": {}, "type": "events", "children": [{"attributes": {"name": "changeValue"}, "type": "event", "children": [{"attributes": {"text": "<p>Fired when the value was modified</p>"}, "type": "desc"}, {"attributes": {}, "type": "types", "children": [{"attributes": {"type": "qx.event.type.Data"}, "type": "entry"}]}]}]}, {"attributes": {}, "type": "methods", "children": [{"attributes": {"line": 75, "name": "getValue"}, "type": "method", "children": [{"attributes": {"text": "<p>The element&#8217;s user set value.</p>"}, "type": "desc"}, {"attributes": {}, "type": "return", "children": [{"attributes": {"text": "<p>The value.</p>"}, "type": "desc"}, {"attributes": {}, "type": "types", "children": [{"attributes": {"type": "Date"}, "type": "entry"}, {"attributes": {"type": "null"}, "type": "entry"}]}]}]}, {"attributes": {"line": 67, "name": "resetValue"}, "type": "method", "children": [{"attributes": {"text": "<p>Resets the element&#8217;s value to its initial value.</p>"}, "type": "desc"}]}, {"attributes": {"line": 59, "name": "setValue"}, "type": "method", "children": [{"attributes": {}, "type": "params", "children": [{"attributes": {"name": "value"}, "type": "param", "children": [{"attributes": {"text": "<p>The new value of the element.</p>"}, "type": "desc"}, {"attributes": {}, "type": "types", "children": [{"attributes": {"type": "Date"}, "type": "entry"}, {"attributes": {"type": "null"}, "type": "entry"}]}]}]}, {"attributes": {"text": "<p>Sets the element&#8217;s value.</p>"}, "type": "desc"}]}]}]}