{"attributes": {"fullName": "qx.ui.progressive.headfoot.Null", "packageName": "qx.ui.progressive.headfoot", "type": "class", "name": "Null", "superClass": "qx.ui.progressive.headfoot.Abstract"}, "type": "class", "children": [{"attributes": {"text": "<p>A null header/footer.  This is not displayed.</p>"}, "type": "desc"}, {"attributes": {}, "type": "constructor", "children": [{"attributes": {"docFrom": "qx.ui.progressive.headfoot.Abstract", "line": 28, "isCtor": true, "overriddenFrom": "qx.ui.progressive.headfoot.Abstract", "name": "ctor"}, "type": "method"}]}]}