{"attributes": {"name": "TabButton", "packageName": "qx.ui.tabview", "superClass": "qx.ui.form.RadioButton", "fullName": "qx.ui.tabview.TabButton", "type": "class", "interfaces": "qx.ui.form.IRadioItem"}, "type": "class", "children": [{"attributes": {"text": "<p>A TabButton is the tapable part sitting on the {@link qx.ui.tabview.Page}.\nBy tapping on the TabButton the user can set a Page active.</p>"}, "type": "desc"}, {"attributes": {}, "type": "childControls", "children": [{"attributes": {"name": "label"}, "type": "childControl", "children": [{"attributes": {"text": "<p>label of the tab button</p>"}, "type": "desc"}, {"attributes": {}, "type": "types", "children": [{"attributes": {"type": "qx.ui.basic.Label"}, "type": "entry"}]}]}, {"attributes": {"name": "icon"}, "type": "childControl", "children": [{"attributes": {"text": "<p>icon of the tab button</p>"}, "type": "desc"}, {"attributes": {}, "type": "types", "children": [{"attributes": {"type": "qx.ui.basic.Image"}, "type": "entry"}]}]}, {"attributes": {"name": "close-button"}, "type": "childControl", "children": [{"attributes": {"text": "<p>close button of the tab button</p>"}, "type": "desc"}, {"attributes": {}, "type": "types", "children": [{"attributes": {"type": "qx.ui.form.Button"}, "type": "entry"}]}]}]}, {"attributes": {}, "type": "constructor", "children": [{"attributes": {"docFrom": "qx.ui.form.MForm", "line": 40, "isCtor": true, "overriddenFrom": "qx.ui.form.RadioButton", "name": "ctor"}, "type": "method"}]}, {"attributes": {}, "type": "events", "children": [{"attributes": {"name": "close"}, "type": "event", "children": [{"attributes": {"text": "<p>Fired by {@link qx.ui.tabview.Page} if the close button is tapped.</p>\n\n<p>Event data: The tab button.</p>"}, "type": "desc"}, {"attributes": {}, "type": "types", "children": [{"attributes": {"type": "qx.event.type.Data"}, "type": "entry"}]}]}]}, {"attributes": {}, "type": "methods", "children": [{"attributes": {"access": "protected", "line": 242, "overriddenFrom": "qx.ui.basic.Atom", "name": "_applyCenter"}, "type": "method", "children": [{"attributes": {}, "type": "params", "children": [{"attributes": {"name": "value"}, "type": "param", "children": [{"attributes": {"text": "<p>new value of the property</p>"}, "type": "desc"}, {"attributes": {}, "type": "types", "children": [{"attributes": {"type": "Boolean"}, "type": "entry"}]}]}, {"attributes": {"name": "old"}, "type": "param", "children": [{"attributes": {"text": "<p>previous value of the property (null if it was not yet set).</p>"}, "type": "desc"}, {"attributes": {}, "type": "types", "children": [{"attributes": {"type": "Boolean"}, "type": "entry"}]}]}]}, {"attributes": {}, "type": "apply", "children": [{"attributes": {"applies": "qx.ui.basic.Atom#center"}, "type": "entry"}]}, {"attributes": {"text": "<p>Applies changes of the property value of the property <code>center</code>.</p>\n\n<p>For further details take a look at the property definition: {@link #center}.</p>"}, "type": "desc"}]}, {"attributes": {"access": "protected", "line": 119, "overriddenFrom": "qx.ui.basic.Atom", "name": "_applyIconPosition"}, "type": "method", "children": [{"attributes": {}, "type": "params", "children": [{"attributes": {"name": "value"}, "type": "param", "children": [{"attributes": {"text": "<p>new value of the property</p>"}, "type": "desc"}, {"attributes": {}, "type": "types", "children": [{"attributes": {"type": "var"}, "type": "entry"}]}]}, {"attributes": {"name": "old"}, "type": "param", "children": [{"attributes": {"text": "<p>previous value of the property (null if it was not yet set).</p>"}, "type": "desc"}, {"attributes": {}, "type": "types", "children": [{"attributes": {"type": "var"}, "type": "entry"}]}]}]}, {"attributes": {}, "type": "apply", "children": [{"attributes": {"applies": "qx.ui.basic.Atom#iconPosition"}, "type": "entry"}]}, {"attributes": {"text": "<p>Applies changes of the property value of the property <code>iconPosition</code>.</p>\n\n<p>For further details take a look at the property definition: {@link #iconPosition}.</p>"}, "type": "desc"}]}, {"attributes": {"access": "protected", "line": 232, "name": "_applyShowCloseButton"}, "type": "method", "children": [{"attributes": {}, "type": "params", "children": [{"attributes": {"name": "value"}, "type": "param", "children": [{"attributes": {"text": "<p>new value of the property</p>"}, "type": "desc"}, {"attributes": {}, "type": "types", "children": [{"attributes": {"type": "Boolean"}, "type": "entry"}]}]}, {"attributes": {"name": "old"}, "type": "param", "children": [{"attributes": {"text": "<p>previous value of the property (null if it was not yet set).</p>"}, "type": "desc"}, {"attributes": {}, "type": "types", "children": [{"attributes": {"type": "Boolean"}, "type": "entry"}]}]}]}, {"attributes": {}, "type": "apply", "children": [{"attributes": {"applies": "qx.ui.tabview.TabButton#showCloseButton"}, "type": "entry"}]}, {"attributes": {"text": "<p>Applies changes of the property value of the property <code>showCloseButton</code>.</p>\n\n<p>For further details take a look at the property definition: {@link #showCloseButton}.</p>"}, "type": "desc"}]}, {"attributes": {"access": "protected", "docFrom": "qx.ui.core.Widget", "line": 175, "overriddenFrom": "qx.ui.basic.Atom", "name": "_createChildControlImpl"}, "type": "method", "children": [{"attributes": {}, "type": "params", "children": [{"attributes": {"name": "id"}, "type": "param"}, {"attributes": {"name": "hash"}, "type": "param"}]}]}, {"attributes": {"access": "protected", "line": 220, "name": "_onCloseButtonTap"}, "type": "method", "children": [{"attributes": {"text": "<p>Fires a &#8220;close&#8221; event when the close button is tapped.</p>"}, "type": "desc"}]}, {"attributes": {"name": "getShowCloseButton", "fromProperty": "showCloseButton"}, "type": "method", "children": [{"attributes": {"text": "<p>Returns the (computed) value of the property <code>showCloseButton</code>.</p>\n\n<p>For further details take a look at the property definition: {@link #showCloseButton}.</p>"}, "type": "desc"}, {"attributes": {}, "type": "return", "children": [{"attributes": {"text": "<p>(Computed) value of <code>showCloseButton</code>.</p>"}, "type": "desc"}, {"attributes": {}, "type": "types", "children": [{"attributes": {"type": "var"}, "type": "entry"}]}]}]}, {"attributes": {"access": "protected", "name": "initShowCloseButton", "fromProperty": "showCloseButton"}, "type": "method", "children": [{"attributes": {}, "type": "params", "children": [{"attributes": {"name": "value"}, "type": "param", "children": [{"attributes": {"text": "<p>Initial value for property <code>showCloseButton</code>.</p>"}, "type": "desc"}, {"attributes": {}, "type": "types", "children": [{"attributes": {"type": "var"}, "type": "entry"}]}]}]}, {"attributes": {"text": "<p>Calls the apply method and dispatches the change event of the property <code>showCloseButton</code>\nwith the default value defined by the class developer. This function can\nonly be called from the constructor of a class.</p>\n\n<p>For further details take a look at the property definition: {@link #showCloseButton}.</p>"}, "type": "desc"}, {"attributes": {}, "type": "return", "children": [{"attributes": {"text": "<p>the default value</p>"}, "type": "desc"}, {"attributes": {}, "type": "types", "children": [{"attributes": {"type": "var"}, "type": "entry"}]}]}]}, {"attributes": {"name": "isShowCloseButton", "fromProperty": "showCloseButton"}, "type": "method", "children": [{"attributes": {"text": "<p>Check whether the (computed) value of the boolean property <code>showCloseButton</code> equals <code>true</code>.</p>\n\n<p>For further details take a look at the property definition: {@link #showCloseButton}.</p>"}, "type": "desc"}, {"attributes": {}, "type": "return", "children": [{"attributes": {"text": "<p>Whether the property equals <code>true</code>.</p>"}, "type": "desc"}, {"attributes": {}, "type": "types", "children": [{"attributes": {"type": "Boolean"}, "type": "entry"}]}]}]}, {"attributes": {"name": "resetShowCloseButton", "fromProperty": "showCloseButton"}, "type": "method", "children": [{"attributes": {"text": "<p>Resets the user value of the property <code>showCloseButton</code>.</p>\n\n<p>The computed value falls back to the next available value e.g. appearance, init or\ninheritance value depeneding on the property configuration and value availability.</p>\n\n<p>For further details take a look at the property definition: {@link #showCloseButton}.</p>"}, "type": "desc"}]}, {"attributes": {"name": "setShowCloseButton", "fromProperty": "showCloseButton"}, "type": "method", "children": [{"attributes": {}, "type": "params", "children": [{"attributes": {"name": "value"}, "type": "param", "children": [{"attributes": {"text": "<p>New value for property <code>showCloseButton</code>.</p>"}, "type": "desc"}, {"attributes": {}, "type": "types", "children": [{"attributes": {"type": "var"}, "type": "entry"}]}]}]}, {"attributes": {"text": "<p>Sets the user value of the property <code>showCloseButton</code>.</p>\n\n<p>For further details take a look at the property definition: {@link #showCloseButton}.</p>"}, "type": "desc"}, {"attributes": {}, "type": "return", "children": [{"attributes": {"text": "<p>The unmodified incoming value.</p>"}, "type": "desc"}, {"attributes": {}, "type": "types", "children": [{"attributes": {"type": "var"}, "type": "entry"}]}]}]}, {"attributes": {"name": "toggleShowCloseButton", "fromProperty": "showCloseButton"}, "type": "method", "children": [{"attributes": {"text": "<p>Toggles the (computed) value of the boolean property <code>showCloseButton</code>.</p>\n\n<p>For further details take a look at the property definition: {@link #showCloseButton}.</p>"}, "type": "desc"}, {"attributes": {}, "type": "return", "children": [{"attributes": {"text": "<p>the new value</p>"}, "type": "desc"}, {"attributes": {}, "type": "types", "children": [{"attributes": {"type": "Boolean"}, "type": "entry"}]}]}]}]}, {"attributes": {}, "type": "properties", "children": [{"attributes": {"apply": "_applyShowCloseButton", "defaultValue": "false", "propertyType": "new", "check": "Boolean", "name": "showCloseButton"}, "type": "property", "children": [{"attributes": {"text": "<p>Indicates if the close button of a TabButton should be shown.</p>"}, "type": "desc"}]}]}]}