{"attributes": {"name": "DateChooser", "packageName": "qx.ui.control", "mixins": "qx.ui.core.MExecutable,qx.ui.form.MForm", "superClass": "qx.ui.core.Widget", "fullName": "qx.ui.control.DateChooser", "type": "class", "interfaces": "qx.ui.form.IExecutable,qx.ui.form.IForm,qx.ui.form.IDateForm"}, "type": "class", "children": [{"attributes": {"text": "<p>A <strong>date chooser</strong> is a small calendar including a navigation bar to switch the shown\nmonth. It includes a column for the calendar week and shows one month. Selecting\na date is as easy as tapping on it.</p>\n\n<p>To be conform with all form widgets, the {@link qx.ui.form.IForm} interface\nis implemented.</p>\n\n<p>The following example creates and adds a date chooser to the root element.\nA listener alerts the user if a new date is selected.</p>\n\n<pre class=\"javascript\">\nvar chooser = new qx.ui.control.DateChooser();\nthis.getRoot().add(chooser, { left : 20, top: 20});\n\nchooser.addListener(\"changeValue\", function(e) {\n  alert(e.getData());\n});\n</pre>\n\n<p>Additionally to a selection event an execute event is available which is\nfired by doubletap or tapping the space / enter key. With this event you\ncan for example save the selection and close the date chooser.</p>"}, "type": "desc"}, {"attributes": {}, "type": "childControls", "children": [{"attributes": {"name": "navigation-bar"}, "type": "childControl", "children": [{"attributes": {"text": "<p>container for the navigation bar controls</p>"}, "type": "desc"}, {"attributes": {}, "type": "types", "children": [{"attributes": {"type": "qx.ui.container.Composite"}, "type": "entry"}]}]}, {"attributes": {"name": "last-year-button-tooltip"}, "type": "childControl", "children": [{"attributes": {"text": "<p>tooltip for the last year button</p>"}, "type": "desc"}, {"attributes": {}, "type": "types", "children": [{"attributes": {"type": "qx.ui.tooltip.ToolTip"}, "type": "entry"}]}]}, {"attributes": {"name": "last-year-button"}, "type": "childControl", "children": [{"attributes": {"text": "<p>button to jump to the last year</p>"}, "type": "desc"}, {"attributes": {}, "type": "types", "children": [{"attributes": {"type": "qx.ui.form.Button"}, "type": "entry"}]}]}, {"attributes": {"name": "last-month-button-tooltip"}, "type": "childControl", "children": [{"attributes": {"text": "<p>tooltip for the last month button</p>"}, "type": "desc"}, {"attributes": {}, "type": "types", "children": [{"attributes": {"type": "qx.ui.tooltip.ToolTip"}, "type": "entry"}]}]}, {"attributes": {"name": "last-month-button"}, "type": "childControl", "children": [{"attributes": {"text": "<p>button to jump to the last month</p>"}, "type": "desc"}, {"attributes": {}, "type": "types", "children": [{"attributes": {"type": "qx.ui.form.Button"}, "type": "entry"}]}]}, {"attributes": {"name": "next-month-button-tooltip"}, "type": "childControl", "children": [{"attributes": {"text": "<p>tooltip for the next month button</p>"}, "type": "desc"}, {"attributes": {}, "type": "types", "children": [{"attributes": {"type": "qx.ui.tooltip.ToolTip"}, "type": "entry"}]}]}, {"attributes": {"name": "next-month-button"}, "type": "childControl", "children": [{"attributes": {"text": "<p>button to jump to the next month</p>"}, "type": "desc"}, {"attributes": {}, "type": "types", "children": [{"attributes": {"type": "qx.ui.form.Button"}, "type": "entry"}]}]}, {"attributes": {"name": "next-year-button-tooltip"}, "type": "childControl", "children": [{"attributes": {"text": "<p>tooltip for the next year button</p>"}, "type": "desc"}, {"attributes": {}, "type": "types", "children": [{"attributes": {"type": "qx.ui.tooltip.ToolTip"}, "type": "entry"}]}]}, {"attributes": {"name": "next-year-button"}, "type": "childControl", "children": [{"attributes": {"text": "<p>button to jump to the next year</p>"}, "type": "desc"}, {"attributes": {}, "type": "types", "children": [{"attributes": {"type": "qx.ui.form.Button"}, "type": "entry"}]}]}, {"attributes": {"name": "month-year-label"}, "type": "childControl", "children": [{"attributes": {"text": "<p>shows the current month and year</p>"}, "type": "desc"}, {"attributes": {}, "type": "types", "children": [{"attributes": {"type": "qx.ui.basic.Label"}, "type": "entry"}]}]}, {"attributes": {"name": "week"}, "type": "childControl", "children": [{"attributes": {"text": "<p>week label (used multiple times)</p>"}, "type": "desc"}, {"attributes": {}, "type": "types", "children": [{"attributes": {"type": "qx.ui.basic.Label"}, "type": "entry"}]}]}, {"attributes": {"name": "weekday"}, "type": "childControl", "children": [{"attributes": {"text": "<p>weekday label (used multiple times)</p>"}, "type": "desc"}, {"attributes": {}, "type": "types", "children": [{"attributes": {"type": "qx.ui.basic.Label"}, "type": "entry"}]}]}, {"attributes": {"name": "day"}, "type": "childControl", "children": [{"attributes": {"text": "<p>day label (used multiple times)</p>"}, "type": "desc"}, {"attributes": {}, "type": "types", "children": [{"attributes": {"type": "qx.ui.basic.Label"}, "type": "entry"}]}]}, {"attributes": {"name": "date-pane"}, "type": "childControl", "children": [{"attributes": {"text": "<p>the pane used to position the week, weekday and day labels</p>"}, "type": "desc"}, {"attributes": {}, "type": "types", "children": [{"attributes": {"type": "qx.ui.container.Composite"}, "type": "entry"}]}]}]}, {"attributes": {}, "type": "constructor", "children": [{"attributes": {"line": 85, "isCtor": true, "overriddenFrom": "qx.ui.core.Widget", "name": "ctor"}, "type": "method", "children": [{"attributes": {}, "type": "params", "children": [{"attributes": {"defaultValue": "null", "optional": true, "name": "date"}, "type": "param", "children": [{"attributes": {"text": "<p>The initial date to show. If <code>null</code> the current day (today) is shown.</p>"}, "type": "desc"}, {"attributes": {}, "type": "types", "children": [{"attributes": {"type": "Date"}, "type": "entry"}]}]}]}, {"attributes": {"text": ""}, "type": "desc"}]}]}, {"attributes": {}, "type": "constants", "children": [{"attributes": {"type": "String", "name": "WEEK_FORMAT", "value": "ww"}, "type": "constant", "children": [{"attributes": {"text": "<p>The format for the week numbers (the labels of the left column).</p>"}, "type": "desc"}, {"attributes": {}, "type": "types", "children": [{"attributes": {"type": "string"}, "type": "entry"}]}]}, {"attributes": {"type": "String", "name": "WEEKDAY_FORMAT", "value": "EE"}, "type": "constant", "children": [{"attributes": {"text": "<p>The format for the weekday labels (the headers of the date table).</p>"}, "type": "desc"}, {"attributes": {}, "type": "types", "children": [{"attributes": {"type": "string"}, "type": "entry"}]}]}, {"attributes": {"type": "Null", "name": "MONTH_YEAR_FORMAT", "value": "null"}, "type": "constant", "children": [{"attributes": {"text": "<p>The format for the date year label at the top center.</p>"}, "type": "desc"}, {"attributes": {}, "type": "types", "children": [{"attributes": {"type": "string"}, "type": "entry"}]}]}]}, {"attributes": {}, "type": "properties", "children": [{"attributes": {"name": "appearance", "docFrom": "qx.ui.core.Widget", "defaultValue": "\"datechooser\"", "refine": "true", "propertyType": "new", "overriddenFrom": "qx.ui.core.Widget"}, "type": "property"}, {"attributes": {"name": "height", "docFrom": "qx.ui.core.LayoutItem", "defaultValue": "150", "refine": "true", "propertyType": "new", "overriddenFrom": "qx.ui.core.LayoutItem"}, "type": "property"}, {"attributes": {"name": "shownMonth", "defaultValue": "null", "event": "changeShownMonth", "allowNull": "true", "propertyType": "new", "check": "Integer"}, "type": "property", "children": [{"attributes": {"text": "<p>The currently shown month. 0 = january, 1 = february, and so on.</p>"}, "type": "desc"}]}, {"attributes": {"name": "shownYear", "defaultValue": "null", "event": "changeShownYear", "allowNull": "true", "propertyType": "new", "check": "Integer"}, "type": "property", "children": [{"attributes": {"text": "<p>The currently shown year.</p>"}, "type": "desc"}]}, {"attributes": {"name": "value", "defaultValue": "null", "check": "Date", "allowNull": "true", "propertyType": "new", "apply": "_applyValue", "event": "changeValue"}, "type": "property", "children": [{"attributes": {"text": "<p>The date value of the widget.</p>"}, "type": "desc"}]}, {"attributes": {"name": "width", "docFrom": "qx.ui.core.LayoutItem", "defaultValue": "200", "refine": "true", "propertyType": "new", "overriddenFrom": "qx.ui.core.LayoutItem"}, "type": "property"}]}, {"attributes": {}, "type": "events", "children": [{"attributes": {"name": "changeShownMonth"}, "type": "event", "children": [{"attributes": {"text": "Fired on change of the property {@link #shownMonth}."}, "type": "desc"}, {"attributes": {}, "type": "types", "children": [{"attributes": {"type": "qx.event.type.Data"}, "type": "entry"}]}]}, {"attributes": {"name": "changeShownYear"}, "type": "event", "children": [{"attributes": {"text": "Fired on change of the property {@link #shownYear}."}, "type": "desc"}, {"attributes": {}, "type": "types", "children": [{"attributes": {"type": "qx.event.type.Data"}, "type": "entry"}]}]}, {"attributes": {"name": "changeValue"}, "type": "event", "children": [{"attributes": {"text": "Fired on change of the property {@link #value}."}, "type": "desc"}, {"attributes": {}, "type": "types", "children": [{"attributes": {"type": "qx.event.type.Data"}, "type": "entry"}]}]}]}, {"attributes": {}, "type": "methods", "children": [{"attributes": {"access": "protected", "line": 394, "name": "_applyValue"}, "type": "method", "children": [{"attributes": {}, "type": "params", "children": [{"attributes": {"name": "value"}, "type": "param", "children": [{"attributes": {"text": "<p>new value of the property</p>"}, "type": "desc"}, {"attributes": {}, "type": "types", "children": [{"attributes": {"type": "Date"}, "type": "entry"}]}]}, {"attributes": {"name": "old"}, "type": "param", "children": [{"attributes": {"text": "<p>previous value of the property (null if it was not yet set).</p>"}, "type": "desc"}, {"attributes": {}, "type": "types", "children": [{"attributes": {"type": "Date"}, "type": "entry"}]}]}]}, {"attributes": {}, "type": "apply", "children": [{"attributes": {"applies": "qx.ui.control.DateChooser#value"}, "type": "entry"}]}, {"attributes": {"text": "<p>Applies changes of the property value of the property <code>value</code>.</p>\n\n<p>For further details take a look at the property definition: {@link #value}.</p>"}, "type": "desc"}]}, {"attributes": {"access": "protected", "docFrom": "qx.ui.core.Widget", "line": 238, "overriddenFrom": "qx.ui.core.Widget", "name": "_createChildControlImpl"}, "type": "method", "children": [{"attributes": {}, "type": "params", "children": [{"attributes": {"name": "id"}, "type": "param"}, {"attributes": {"name": "hash"}, "type": "param"}]}]}, {"attributes": {"access": "protected", "line": 517, "name": "_onDayDblTap"}, "type": "method", "children": [{"attributes": {"text": "<p>Event handler. Called when a day has been double-tapped.</p>"}, "type": "desc"}]}, {"attributes": {"access": "protected", "line": 507, "name": "_onDayTap"}, "type": "method", "children": [{"attributes": {}, "type": "params", "children": [{"attributes": {"name": "evt"}, "type": "param", "children": [{"attributes": {"text": "<p>The event.</p>"}, "type": "desc"}, {"attributes": {}, "type": "types", "children": [{"attributes": {"type": "qx.event.type.Data"}, "type": "entry"}]}]}]}, {"attributes": {"text": "<p>Event handler. Called when a day has been tapped.</p>"}, "type": "desc"}]}, {"attributes": {"access": "protected", "line": 527, "name": "_onKeyPress"}, "type": "method", "children": [{"attributes": {}, "type": "params", "children": [{"attributes": {"name": "evt"}, "type": "param", "children": [{"attributes": {"text": "<p>The event.</p>"}, "type": "desc"}, {"attributes": {}, "type": "types", "children": [{"attributes": {"type": "qx.event.type.Data"}, "type": "entry"}]}]}]}, {"attributes": {"text": "<p>Event handler. Called when a key was pressed.</p>"}, "type": "desc"}]}, {"attributes": {"access": "protected", "line": 460, "name": "_onNavButtonTap"}, "type": "method", "children": [{"attributes": {}, "type": "params", "children": [{"attributes": {"name": "evt"}, "type": "param", "children": [{"attributes": {"text": "<p>The data event.</p>"}, "type": "desc"}, {"attributes": {}, "type": "types", "children": [{"attributes": {"type": "qx.event.type.Data"}, "type": "entry"}]}]}]}, {"attributes": {"text": "<p>Event handler. Called when a navigation button has been tapped.</p>"}, "type": "desc"}]}, {"attributes": {"access": "protected", "line": 444, "name": "_onPointerUpDown"}, "type": "method", "children": [{"attributes": {}, "type": "params", "children": [{"attributes": {"name": "e"}, "type": "param", "children": [{"attributes": {"text": "<p>The pointer up / down event</p>"}, "type": "desc"}, {"attributes": {}, "type": "types", "children": [{"attributes": {"type": "qx.event.type.Pointer"}, "type": "entry"}]}]}]}, {"attributes": {"text": "<p>Handler which stops the propagation of the tap event if\nthe navigation bar or calendar headers will be tapped.</p>"}, "type": "desc"}]}, {"attributes": {"access": "protected", "line": 654, "name": "_updateDatePane"}, "type": "method", "children": [{"attributes": {"text": "<p>Updates the date pane.</p>"}, "type": "desc"}]}, {"attributes": {"name": "getShownMonth", "fromProperty": "shownMonth"}, "type": "method", "children": [{"attributes": {"text": "<p>Returns the (computed) value of the property <code>shownMonth</code>.</p>\n\n<p>For further details take a look at the property definition: {@link #shownMonth}.</p>"}, "type": "desc"}, {"attributes": {}, "type": "return", "children": [{"attributes": {"text": "<p>(Computed) value of <code>shownMonth</code>.</p>"}, "type": "desc"}, {"attributes": {}, "type": "types", "children": [{"attributes": {"type": "var"}, "type": "entry"}]}]}]}, {"attributes": {"name": "getShownYear", "fromProperty": "shownYear"}, "type": "method", "children": [{"attributes": {"text": "<p>Returns the (computed) value of the property <code>shownYear</code>.</p>\n\n<p>For further details take a look at the property definition: {@link #shownYear}.</p>"}, "type": "desc"}, {"attributes": {}, "type": "return", "children": [{"attributes": {"text": "<p>(Computed) value of <code>shownYear</code>.</p>"}, "type": "desc"}, {"attributes": {}, "type": "types", "children": [{"attributes": {"type": "var"}, "type": "entry"}]}]}]}, {"attributes": {"name": "getValue", "fromProperty": "value"}, "type": "method", "children": [{"attributes": {"text": "<p>Returns the (computed) value of the property <code>value</code>.</p>\n\n<p>For further details take a look at the property definition: {@link #value}.</p>"}, "type": "desc"}, {"attributes": {}, "type": "return", "children": [{"attributes": {"text": "<p>(Computed) value of <code>value</code>.</p>"}, "type": "desc"}, {"attributes": {}, "type": "types", "children": [{"attributes": {"type": "var"}, "type": "entry"}]}]}]}, {"attributes": {"line": 646, "name": "handleKeyPress"}, "type": "method", "children": [{"attributes": {}, "type": "params", "children": [{"attributes": {"name": "e"}, "type": "param", "children": [{"attributes": {"text": "<p>The event.</p>"}, "type": "desc"}, {"attributes": {}, "type": "types", "children": [{"attributes": {"type": "qx.event.type.Data"}, "type": "entry"}]}]}]}, {"attributes": {"text": "<p>Event handler. Used to handle the key events.</p>"}, "type": "desc"}]}, {"attributes": {"access": "protected", "name": "initShownMonth", "fromProperty": "shownMonth"}, "type": "method", "children": [{"attributes": {}, "type": "params", "children": [{"attributes": {"name": "value"}, "type": "param", "children": [{"attributes": {"text": "<p>Initial value for property <code>shownMonth</code>.</p>"}, "type": "desc"}, {"attributes": {}, "type": "types", "children": [{"attributes": {"type": "var"}, "type": "entry"}]}]}]}, {"attributes": {"text": "<p>Calls the apply method and dispatches the change event of the property <code>shownMonth</code>\nwith the default value defined by the class developer. This function can\nonly be called from the constructor of a class.</p>\n\n<p>For further details take a look at the property definition: {@link #shownMonth}.</p>"}, "type": "desc"}, {"attributes": {}, "type": "return", "children": [{"attributes": {"text": "<p>the default value</p>"}, "type": "desc"}, {"attributes": {}, "type": "types", "children": [{"attributes": {"type": "var"}, "type": "entry"}]}]}]}, {"attributes": {"access": "protected", "name": "initShownYear", "fromProperty": "shownYear"}, "type": "method", "children": [{"attributes": {}, "type": "params", "children": [{"attributes": {"name": "value"}, "type": "param", "children": [{"attributes": {"text": "<p>Initial value for property <code>shownYear</code>.</p>"}, "type": "desc"}, {"attributes": {}, "type": "types", "children": [{"attributes": {"type": "var"}, "type": "entry"}]}]}]}, {"attributes": {"text": "<p>Calls the apply method and dispatches the change event of the property <code>shownYear</code>\nwith the default value defined by the class developer. This function can\nonly be called from the constructor of a class.</p>\n\n<p>For further details take a look at the property definition: {@link #shownYear}.</p>"}, "type": "desc"}, {"attributes": {}, "type": "return", "children": [{"attributes": {"text": "<p>the default value</p>"}, "type": "desc"}, {"attributes": {}, "type": "types", "children": [{"attributes": {"type": "var"}, "type": "entry"}]}]}]}, {"attributes": {"access": "protected", "name": "initValue", "fromProperty": "value"}, "type": "method", "children": [{"attributes": {}, "type": "params", "children": [{"attributes": {"name": "value"}, "type": "param", "children": [{"attributes": {"text": "<p>Initial value for property <code>value</code>.</p>"}, "type": "desc"}, {"attributes": {}, "type": "types", "children": [{"attributes": {"type": "var"}, "type": "entry"}]}]}]}, {"attributes": {"text": "<p>Calls the apply method and dispatches the change event of the property <code>value</code>\nwith the default value defined by the class developer. This function can\nonly be called from the constructor of a class.</p>\n\n<p>For further details take a look at the property definition: {@link #value}.</p>"}, "type": "desc"}, {"attributes": {}, "type": "return", "children": [{"attributes": {"text": "<p>the default value</p>"}, "type": "desc"}, {"attributes": {}, "type": "types", "children": [{"attributes": {"type": "var"}, "type": "entry"}]}]}]}, {"attributes": {"name": "resetShownMonth", "fromProperty": "shownMonth"}, "type": "method", "children": [{"attributes": {"text": "<p>Resets the user value of the property <code>shownMonth</code>.</p>\n\n<p>The computed value falls back to the next available value e.g. appearance, init or\ninheritance value depeneding on the property configuration and value availability.</p>\n\n<p>For further details take a look at the property definition: {@link #shownMonth}.</p>"}, "type": "desc"}]}, {"attributes": {"name": "resetShownYear", "fromProperty": "shownYear"}, "type": "method", "children": [{"attributes": {"text": "<p>Resets the user value of the property <code>shownYear</code>.</p>\n\n<p>The computed value falls back to the next available value e.g. appearance, init or\ninheritance value depeneding on the property configuration and value availability.</p>\n\n<p>For further details take a look at the property definition: {@link #shownYear}.</p>"}, "type": "desc"}]}, {"attributes": {"name": "resetValue", "fromProperty": "value"}, "type": "method", "children": [{"attributes": {"text": "<p>Resets the user value of the property <code>value</code>.</p>\n\n<p>The computed value falls back to the next available value e.g. appearance, init or\ninheritance value depeneding on the property configuration and value availability.</p>\n\n<p>For further details take a look at the property definition: {@link #value}.</p>"}, "type": "desc"}]}, {"attributes": {"name": "setShownMonth", "fromProperty": "shownMonth"}, "type": "method", "children": [{"attributes": {}, "type": "params", "children": [{"attributes": {"name": "value"}, "type": "param", "children": [{"attributes": {"text": "<p>New value for property <code>shownMonth</code>.</p>"}, "type": "desc"}, {"attributes": {}, "type": "types", "children": [{"attributes": {"type": "var"}, "type": "entry"}]}]}]}, {"attributes": {"text": "<p>Sets the user value of the property <code>shownMonth</code>.</p>\n\n<p>For further details take a look at the property definition: {@link #shownMonth}.</p>"}, "type": "desc"}, {"attributes": {}, "type": "return", "children": [{"attributes": {"text": "<p>The unmodified incoming value.</p>"}, "type": "desc"}, {"attributes": {}, "type": "types", "children": [{"attributes": {"type": "var"}, "type": "entry"}]}]}]}, {"attributes": {"name": "setShownYear", "fromProperty": "shownYear"}, "type": "method", "children": [{"attributes": {}, "type": "params", "children": [{"attributes": {"name": "value"}, "type": "param", "children": [{"attributes": {"text": "<p>New value for property <code>shownYear</code>.</p>"}, "type": "desc"}, {"attributes": {}, "type": "types", "children": [{"attributes": {"type": "var"}, "type": "entry"}]}]}]}, {"attributes": {"text": "<p>Sets the user value of the property <code>shownYear</code>.</p>\n\n<p>For further details take a look at the property definition: {@link #shownYear}.</p>"}, "type": "desc"}, {"attributes": {}, "type": "return", "children": [{"attributes": {"text": "<p>The unmodified incoming value.</p>"}, "type": "desc"}, {"attributes": {}, "type": "types", "children": [{"attributes": {"type": "var"}, "type": "entry"}]}]}]}, {"attributes": {"name": "setValue", "fromProperty": "value"}, "type": "method", "children": [{"attributes": {}, "type": "params", "children": [{"attributes": {"name": "value"}, "type": "param", "children": [{"attributes": {"text": "<p>New value for property <code>value</code>.</p>"}, "type": "desc"}, {"attributes": {}, "type": "types", "children": [{"attributes": {"type": "var"}, "type": "entry"}]}]}]}, {"attributes": {"text": "<p>Sets the user value of the property <code>value</code>.</p>\n\n<p>For further details take a look at the property definition: {@link #value}.</p>"}, "type": "desc"}, {"attributes": {}, "type": "return", "children": [{"attributes": {"text": "<p>The unmodified incoming value.</p>"}, "type": "desc"}, {"attributes": {}, "type": "types", "children": [{"attributes": {"type": "var"}, "type": "entry"}]}]}]}, {"attributes": {"line": 624, "name": "showMonth"}, "type": "method", "children": [{"attributes": {}, "type": "params", "children": [{"attributes": {"defaultValue": "null", "optional": true, "name": "month"}, "type": "param", "children": [{"attributes": {"text": "<p>the month to show (0 = january). If not set the month will remain the same.</p>"}, "type": "desc"}, {"attributes": {}, "type": "types", "children": [{"attributes": {"type": "Integer"}, "type": "entry"}]}]}, {"attributes": {"defaultValue": "null", "optional": true, "name": "year"}, "type": "param", "children": [{"attributes": {"text": "<p>the year to show. If not set the year will remain the same.</p>"}, "type": "desc"}, {"attributes": {}, "type": "types", "children": [{"attributes": {"type": "Integer"}, "type": "entry"}]}]}]}, {"attributes": {"text": "<p>Shows a certain month.</p>"}, "type": "desc"}]}]}]}