{"attributes": {"fullName": "qx.ui.table.ICellRenderer", "packageName": "qx.ui.table", "type": "interface", "name": "ICellRenderer", "implementations": "qx.ui.table.cellrenderer.Abstract"}, "type": "class", "children": [{"attributes": {"text": "<p>A cell renderer for data cells.</p>"}, "type": "desc"}, {"attributes": {}, "type": "methods", "children": [{"attributes": {"line": 66, "name": "createDataCellHtml"}, "type": "method", "children": [{"attributes": {}, "type": "params", "children": [{"attributes": {"name": "cellInfo"}, "type": "param", "children": [{"attributes": {"text": "<p>A map containing the information about the cell to create.</p>"}, "type": "desc"}, {"attributes": {}, "type": "types", "children": [{"attributes": {"type": "Map"}, "type": "entry"}]}]}, {"attributes": {"name": "htmlArr"}, "type": "param", "children": [{"attributes": {"text": "<p>Target string container. The <span class=\"caps\">HTML</span> of the data cell should be appended to this array.</p>"}, "type": "desc"}, {"attributes": {}, "type": "types", "children": [{"attributes": {"type": "String", "dimensions": 1}, "type": "entry"}]}]}]}, {"attributes": {"text": "<p>Creates the <span class=\"caps\">HTML</span> for a data cell.</p>\n\n<p>The cellInfo map contains the following properties:\n<ul>\n<li>value (var): the cell&#8217;s value.</li>\n<li>rowData (var): contains the row data for the row, the cell belongs to.\n  The kind of this object depends on the table model, see\n  {@link qx.ui.table.ITableModel#getRowData}</li>\n<li>row (int): the model index of the row the cell belongs to.</li>\n<li>col (int): the model index of the column the cell belongs to.</li>\n<li>table (qx.ui.table.Table): the table the cell belongs to.</li>\n<li>xPos (int): the x position of the cell in the table pane.</li>\n<li>selected (boolean): whether the cell is selected.</li>\n<li>focusedRow (boolean): whether the cell is in the same row as the\n  focused cell.</li>\n<li>editable (boolean): whether the cell is editable.</li>\n<li>style (string): The <span class=\"caps\">CSS</span> styles that should be applied to the outer <span class=\"caps\">HTML</span>\n  element.</li>\n<li>styleLeft (string): The left position of the cell.</li>\n<li>styleWidth (string): The cell&#8217;s width (pixel).</li>\n<li>styleHeight (string): The cell&#8217;s height (pixel).</li>\n</ul></p>"}, "type": "desc"}, {"attributes": {}, "type": "return", "children": [{"attributes": {"text": "<p>A return value of <i>true</i> specifies that no additional cells in the row shall be rendered. This may be used, for example, for separator rows or for other special rendering purposes. Traditional cell renderers had no defined return value, so returned nothing (undefined). If this method returns either false or nothing, then rendering continues with the next cell in the row, which the normal mode of operation.</p>"}, "type": "desc"}, {"attributes": {}, "type": "types", "children": [{"attributes": {"type": "Boolean"}, "type": "entry"}, {"attributes": {"type": "undefined"}, "type": "entry"}]}]}]}]}]}