{"attributes": {"name": "Slider", "isInternal": true, "packageName": "qx.ui.splitpane", "access": "internal", "superClass": "qx.ui.core.Widget", "fullName": "qx.ui.splitpane.Slider", "type": "class"}, "type": "class", "children": [{"attributes": {"text": "<p>The slider of the SplitPane (used during drag sessions for fast feedback)</p>"}, "type": "desc"}, {"attributes": {}, "type": "properties", "children": [{"attributes": {"name": "allowShrinkX", "docFrom": "qx.ui.core.LayoutItem", "defaultValue": "false", "refine": "true", "propertyType": "new", "overriddenFrom": "qx.ui.core.LayoutItem"}, "type": "property"}, {"attributes": {"name": "allowShrinkY", "docFrom": "qx.ui.core.LayoutItem", "defaultValue": "false", "refine": "true", "propertyType": "new", "overriddenFrom": "qx.ui.core.LayoutItem"}, "type": "property"}]}]}