{"attributes": {"name": "LineSizeIterator", "isInternal": true, "packageName": "qx.ui.layout", "access": "internal", "superClass": "Object", "fullName": "qx.ui.layout.LineSizeIterator", "type": "class"}, "type": "class", "children": [{"attributes": {"text": "<p>This class iterates over the lines in a flow layout.</p>"}, "type": "desc"}, {"attributes": {}, "type": "constructor", "children": [{"attributes": {"line": 34, "isCtor": true, "name": "ctor"}, "type": "method", "children": [{"attributes": {}, "type": "params", "children": [{"attributes": {"name": "children"}, "type": "param", "children": [{"attributes": {"text": "<p>The children of the flow layout to compute the lines from</p>"}, "type": "desc"}, {"attributes": {}, "type": "types", "children": [{"attributes": {"type": "qx.ui.core.Widget", "dimensions": 1}, "type": "entry"}]}]}, {"attributes": {"name": "spacing"}, "type": "param", "children": [{"attributes": {"text": "<p>The horizontal spacing between the children</p>"}, "type": "desc"}, {"attributes": {}, "type": "types", "children": [{"attributes": {"type": "Integer"}, "type": "entry"}]}]}]}, {"attributes": {"text": ""}, "type": "desc"}]}]}, {"attributes": {}, "type": "methods", "children": [{"attributes": {"access": "private", "line": 117, "name": "__computeGapBeforeChild"}, "type": "method", "children": [{"attributes": {}, "type": "params", "children": [{"attributes": {"name": "childIndex"}, "type": "param", "children": [{"attributes": {"text": "<p>The index of the child widget</p>"}, "type": "desc"}, {"attributes": {}, "type": "types", "children": [{"attributes": {"type": "Integer"}, "type": "entry"}]}]}]}, {"attributes": {"text": "<p>Computes the gap before the child at the given index</p>"}, "type": "desc"}, {"attributes": {}, "type": "return", "children": [{"attributes": {"text": "<p>The gap before the given child</p>"}, "type": "desc"}, {"attributes": {}, "type": "types", "children": [{"attributes": {"type": "Integer"}, "type": "entry"}]}]}]}, {"attributes": {"line": 58, "name": "computeNextLine"}, "type": "method", "children": [{"attributes": {}, "type": "params", "children": [{"attributes": {"name": "availWidth"}, "type": "param", "children": [{"attributes": {"text": "<p>The available width for the next line</p>"}, "type": "desc"}, {"attributes": {}, "type": "types", "children": [{"attributes": {"type": "Integer"}, "type": "entry"}]}]}]}, {"attributes": {"text": "<p>Computes the properties of the next line taking the available width into\naccount</p>"}, "type": "desc"}, {"attributes": {}, "type": "return", "children": [{"attributes": {"text": "<p>A map containing the line&#8217;s properties.</p>"}, "type": "desc"}, {"attributes": {}, "type": "types", "children": [{"attributes": {"type": "Map"}, "type": "entry"}]}]}]}, {"attributes": {"line": 137, "name": "hasMoreLines"}, "type": "method", "children": [{"attributes": {"text": "<p>Whether there are more lines</p>"}, "type": "desc"}, {"attributes": {}, "type": "return", "children": [{"attributes": {"text": "<p>Whether there are more lines</p>"}, "type": "desc"}, {"attributes": {}, "type": "types", "children": [{"attributes": {"type": "Boolean"}, "type": "entry"}]}]}]}]}]}