{"attributes": {"fullName": "qx.ui.progressive.renderer.table.Row", "packageName": "qx.ui.progressive.renderer.table", "type": "class", "name": "Row", "superClass": "qx.ui.progressive.renderer.Abstract"}, "type": "class", "children": [{"attributes": {"text": "<p>Table Row renderer for Progressive.</p>"}, "type": "desc"}, {"attributes": {}, "type": "constructor", "children": [{"attributes": {"line": 32, "isCtor": true, "overriddenFrom": "qx.core.Object", "name": "ctor"}, "type": "method", "children": [{"attributes": {}, "type": "params", "children": [{"attributes": {"name": "columnWidths"}, "type": "param", "children": [{"attributes": {"text": "<p>Information that indicates how to resize each of the column widths</p>"}, "type": "desc"}, {"attributes": {}, "type": "types", "children": [{"attributes": {"type": "qx.ui.progressive.renderer.table.Widths"}, "type": "entry"}]}]}]}, {"attributes": {"text": ""}, "type": "desc"}]}]}, {"attributes": {}, "type": "constants", "children": [{"attributes": {"access": "internal", "isInternal": true, "name": "__tableCellStyleSheet"}, "type": "constant", "children": [{"attributes": {"text": "<p>Default style sheet for table cells.</p>"}, "type": "desc"}]}, {"attributes": {"access": "internal", "isInternal": true, "type": "Null", "name": "__clazz", "value": "null"}, "type": "constant", "children": [{"attributes": {"text": "<p>Storage for each progressive.</p>"}, "type": "desc"}]}, {"attributes": {"access": "internal", "isInternal": true, "type": "Number", "name": "__padding", "value": "6"}, "type": "constant", "children": [{"attributes": {"text": "<p>Default row padding.</p>"}, "type": "desc"}]}]}, {"attributes": {}, "type": "methods", "children": [{"attributes": {"access": "private", "line": 140, "name": "__linkColors"}, "type": "method", "children": [{"attributes": {"text": "<p>Helper to link the theme colors to the current class</p>"}, "type": "desc"}]}, {"attributes": {"access": "protected", "line": 413, "name": "_resizeColumns"}, "type": "method", "children": [{"attributes": {}, "type": "params", "children": [{"attributes": {"name": "e"}, "type": "param", "children": [{"attributes": {"text": "<p>Ignored</p>"}, "type": "desc"}, {"attributes": {}, "type": "types", "children": [{"attributes": {"type": "qx.event.type.Event"}, "type": "entry"}]}]}]}, {"attributes": {"text": "<p>Event handler for the &#8220;resize&#8221; event.  We recalculate the\nwidths of each of the columns, and modify the stylesheet rule\napplicable to each column, to apply the new widths.</p>"}, "type": "desc"}]}, {"attributes": {"line": 225, "name": "addRenderer"}, "type": "method", "children": [{"attributes": {}, "type": "params", "children": [{"attributes": {"name": "column"}, "type": "param", "children": [{"attributes": {"text": "<p>The column number for which the cell renderer applies</p>"}, "type": "desc"}, {"attributes": {}, "type": "types", "children": [{"attributes": {"type": "Integer"}, "type": "entry"}]}]}, {"attributes": {"name": "renderer"}, "type": "param", "children": [{"attributes": {"text": "<p>The cell renderer for the specified column.</p>"}, "type": "desc"}, {"attributes": {}, "type": "types", "children": [{"attributes": {"type": "qx.ui.progressive.renderer.table.cell.Abstract"}, "type": "entry"}]}]}]}, {"attributes": {"text": "<p>Add a cell renderer for use within a row rendered by this row\nrenderer.</p>"}, "type": "desc"}]}, {"attributes": {"name": "getDefaultRowHeight", "fromProperty": "defaultRowHeight"}, "type": "method", "children": [{"attributes": {"text": "<p>Returns the (computed) value of the property <code>defaultRowHeight</code>.</p>\n\n<p>For further details take a look at the property definition: {@link #defaultRowHeight}.</p>"}, "type": "desc"}, {"attributes": {}, "type": "return", "children": [{"attributes": {"text": "<p>(Computed) value of <code>defaultRowHeight</code>.</p>"}, "type": "desc"}, {"attributes": {}, "type": "types", "children": [{"attributes": {"type": "var"}, "type": "entry"}]}]}]}, {"attributes": {"line": 398, "name": "getLayoutChildren"}, "type": "method", "children": [{"attributes": {"text": "<p>This method is required by the box layout. If returns an array of items\nto relayout.</p>"}, "type": "desc"}, {"attributes": {}, "type": "return", "children": [{"attributes": {"text": "<p>Array of column data.</p>"}, "type": "desc"}, {"attributes": {}, "type": "types", "children": [{"attributes": {"type": "Array"}, "type": "entry"}]}]}]}, {"attributes": {"access": "protected", "name": "initDefaultRowHeight", "fromProperty": "defaultRowHeight"}, "type": "method", "children": [{"attributes": {}, "type": "params", "children": [{"attributes": {"name": "value"}, "type": "param", "children": [{"attributes": {"text": "<p>Initial value for property <code>defaultRowHeight</code>.</p>"}, "type": "desc"}, {"attributes": {}, "type": "types", "children": [{"attributes": {"type": "var"}, "type": "entry"}]}]}]}, {"attributes": {"text": "<p>Calls the apply method and dispatches the change event of the property <code>defaultRowHeight</code>\nwith the default value defined by the class developer. This function can\nonly be called from the constructor of a class.</p>\n\n<p>For further details take a look at the property definition: {@link #defaultRowHeight}.</p>"}, "type": "desc"}, {"attributes": {}, "type": "return", "children": [{"attributes": {"text": "<p>the default value</p>"}, "type": "desc"}, {"attributes": {}, "type": "types", "children": [{"attributes": {"type": "var"}, "type": "entry"}]}]}]}, {"attributes": {"docFrom": "qx.ui.progressive.renderer.Abstract", "line": 152, "overriddenFrom": "qx.ui.progressive.renderer.Abstract", "name": "join"}, "type": "method", "children": [{"attributes": {}, "type": "params", "children": [{"attributes": {"name": "progressive"}, "type": "param"}, {"attributes": {"name": "name"}, "type": "param"}]}]}, {"attributes": {"line": 247, "name": "removeRenderer"}, "type": "method", "children": [{"attributes": {}, "type": "params", "children": [{"attributes": {"name": "column"}, "type": "param", "children": [{"attributes": {"text": "<p>The column for which the cell renderer is to be removed.</p>"}, "type": "desc"}, {"attributes": {}, "type": "types", "children": [{"attributes": {"type": "Integer"}, "type": "entry"}]}]}]}, {"attributes": {"text": "<p>Remove a cell renderer previously added with {@link #addRenderer}.</p>"}, "type": "desc"}]}, {"attributes": {"docFrom": "qx.ui.progressive.renderer.Abstract", "line": 268, "overriddenFrom": "qx.ui.progressive.renderer.Abstract", "name": "render"}, "type": "method", "children": [{"attributes": {}, "type": "params", "children": [{"attributes": {"name": "state"}, "type": "param"}, {"attributes": {"name": "element"}, "type": "param"}]}]}, {"attributes": {"name": "resetDefaultRowHeight", "fromProperty": "defaultRowHeight"}, "type": "method", "children": [{"attributes": {"text": "<p>Resets the user value of the property <code>defaultRowHeight</code>.</p>\n\n<p>The computed value falls back to the next available value e.g. appearance, init or\ninheritance value depeneding on the property configuration and value availability.</p>\n\n<p>For further details take a look at the property definition: {@link #defaultRowHeight}.</p>"}, "type": "desc"}]}, {"attributes": {"name": "setDefaultRowHeight", "fromProperty": "defaultRowHeight"}, "type": "method", "children": [{"attributes": {}, "type": "params", "children": [{"attributes": {"name": "value"}, "type": "param", "children": [{"attributes": {"text": "<p>New value for property <code>defaultRowHeight</code>.</p>"}, "type": "desc"}, {"attributes": {}, "type": "types", "children": [{"attributes": {"type": "var"}, "type": "entry"}]}]}]}, {"attributes": {"text": "<p>Sets the user value of the property <code>defaultRowHeight</code>.</p>\n\n<p>For further details take a look at the property definition: {@link #defaultRowHeight}.</p>"}, "type": "desc"}, {"attributes": {}, "type": "return", "children": [{"attributes": {"text": "<p>The unmodified incoming value.</p>"}, "type": "desc"}, {"attributes": {}, "type": "types", "children": [{"attributes": {"type": "var"}, "type": "entry"}]}]}]}]}, {"attributes": {}, "type": "properties", "children": [{"attributes": {"defaultValue": "16", "name": "defaultRowHeight", "propertyType": "new"}, "type": "property", "children": [{"attributes": {"text": "<p>The default height of a row, if not altered by a cell renderer.</p>"}, "type": "desc"}]}]}]}