{"attributes": {"packageName": "qx.ui.mobile.container", "type": "mixin", "fullName": "qx.ui.mobile.container.MIScroll", "name": "MIScroll"}, "type": "class", "children": [{"attributes": {"text": "<p>Mixin for the {@link Scroll} container. Used when the variant\n<code>qx.mobile.nativescroll</code> is set to &#8220;off&#8221;. Uses the iScroll script to simulate\nthe <span class=\"caps\">CSS</span> position:fixed style. Position fixed is not available in iOS and\nAndroid < 2.2.</p>"}, "type": "desc"}, {"attributes": {}, "type": "constructor", "children": [{"attributes": {"line": 44, "isCtor": true, "name": "ctor"}, "type": "method"}]}, {"attributes": {}, "type": "methods", "children": [{"attributes": {"access": "private", "line": 164, "isMixin": true, "name": "__createScrollInstance"}, "type": "method", "children": [{"attributes": {"text": "<p>Creates the iScroll instance.</p>"}, "type": "desc"}, {"attributes": {}, "type": "return", "children": [{"attributes": {"text": "<p>The iScroll instance</p>"}, "type": "desc"}, {"attributes": {}, "type": "types", "children": [{"attributes": {"type": "Object"}, "type": "entry"}]}]}]}, {"attributes": {"access": "private", "line": 131, "isMixin": true, "name": "__initScroll"}, "type": "method", "children": [{"attributes": {"text": "<p>Loads and inits the iScroll instance.</p>"}, "type": "desc"}]}, {"attributes": {"access": "private", "line": 277, "isMixin": true, "name": "__onScrollLoaded"}, "type": "method", "children": [{"attributes": {}, "type": "params", "children": [{"attributes": {"name": "request"}, "type": "param", "children": [{"attributes": {"text": "<p>The Script request object</p>"}, "type": "desc"}, {"attributes": {}, "type": "types", "children": [{"attributes": {"type": "qx.bom.request.Script"}, "type": "entry"}]}]}]}, {"attributes": {"text": "<p>Load callback. Called when the iScroll script is loaded.</p>"}, "type": "desc"}]}, {"attributes": {"access": "private", "line": 251, "isMixin": true, "name": "__registerEventListeners"}, "type": "method", "children": [{"attributes": {"text": "<p>Registers all needed event listener.</p>"}, "type": "desc"}]}, {"attributes": {"access": "private", "line": 263, "isMixin": true, "name": "__unregisterEventListeners"}, "type": "method", "children": [{"attributes": {"text": "<p>Unregisters all needed event listener.</p>"}, "type": "desc"}]}, {"attributes": {"access": "protected", "line": 70, "isMixin": true, "name": "_createScrollElement"}, "type": "method", "children": [{"attributes": {"text": "<p>Mixin method. Creates the scroll element.</p>"}, "type": "desc"}, {"attributes": {}, "type": "return", "children": [{"attributes": {"text": "<p>The scroll element</p>"}, "type": "desc"}, {"attributes": {}, "type": "types", "children": [{"attributes": {"type": "Element"}, "type": "entry"}]}]}]}, {"attributes": {"access": "protected", "line": 183, "isMixin": true, "name": "_getDefaultScrollProperties"}, "type": "method", "children": [{"attributes": {"text": "<p>Returns a map with default iScroll properties for the iScroll instance.</p>"}, "type": "desc"}, {"attributes": {}, "type": "return", "children": [{"attributes": {"text": "<p>Map with default iScroll properties</p>"}, "type": "desc"}, {"attributes": {}, "type": "types", "children": [{"attributes": {"type": "Object"}, "type": "entry"}]}]}]}, {"attributes": {"access": "protected", "line": 94, "isMixin": true, "name": "_getPosition"}, "type": "method", "children": [{"attributes": {"text": "<p>Returns the current scroll position</p>"}, "type": "desc"}, {"attributes": {}, "type": "return", "children": [{"attributes": {"text": "<p>an array with the <code>[scrollLeft,scrollTop]</code>.</p>"}, "type": "desc"}, {"attributes": {}, "type": "types", "children": [{"attributes": {"type": "Array"}, "type": "entry"}]}]}]}, {"attributes": {"access": "protected", "line": 83, "isMixin": true, "name": "_getScrollContentElement"}, "type": "method", "children": [{"attributes": {"text": "<p>Mixin method. Returns the scroll content element..</p>"}, "type": "desc"}, {"attributes": {}, "type": "return", "children": [{"attributes": {"text": "<p>The scroll content element</p>"}, "type": "desc"}, {"attributes": {}, "type": "types", "children": [{"attributes": {"type": "Element"}, "type": "entry"}]}]}]}, {"attributes": {"access": "protected", "line": 329, "isMixin": true, "name": "_refresh"}, "type": "method", "children": [{"attributes": {"text": "<p>Calls the refresh function of iScroll. Needed to recalculate the\nscrolling container.</p>"}, "type": "desc"}]}, {"attributes": {"access": "protected", "line": 107, "isMixin": true, "name": "_scrollTo"}, "type": "method", "children": [{"attributes": {}, "type": "params", "children": [{"attributes": {"name": "x"}, "type": "param", "children": [{"attributes": {"text": "<p>X coordinate to scroll to.</p>"}, "type": "desc"}, {"attributes": {}, "type": "types", "children": [{"attributes": {"type": "Integer"}, "type": "entry"}]}]}, {"attributes": {"name": "y"}, "type": "param", "children": [{"attributes": {"text": "<p>Y coordinate to scroll to.</p>"}, "type": "desc"}, {"attributes": {}, "type": "types", "children": [{"attributes": {"type": "Integer"}, "type": "entry"}]}]}, {"attributes": {"name": "time"}, "type": "param", "children": [{"attributes": {"text": "<p>Time slice in which scrolling should be done.</p>"}, "type": "desc"}, {"attributes": {}, "type": "types", "children": [{"attributes": {"type": "Integer"}, "type": "entry"}]}]}]}, {"attributes": {"text": "<p>Scrolls the wrapper contents to the x/y coordinates in a given period.</p>"}, "type": "desc"}]}, {"attributes": {"access": "protected", "line": 298, "isMixin": true, "name": "_setScroll"}, "type": "method", "children": [{"attributes": {}, "type": "params", "children": [{"attributes": {"name": "scroll"}, "type": "param", "children": [{"attributes": {"text": "<p>iScroll instance.</p>"}, "type": "desc"}, {"attributes": {}, "type": "types", "children": [{"attributes": {"type": "Object"}, "type": "entry"}]}]}]}, {"attributes": {"text": "<p>Setter for the scroll instance.</p>"}, "type": "desc"}]}, {"attributes": {"line": 308, "isMixin": true, "name": "disable"}, "type": "method", "children": [{"attributes": {"text": "<p>Delegation method for iScroll. Disabled the iScroll objects.\nPrevents any further scrolling of this container.</p>"}, "type": "desc"}]}, {"attributes": {"line": 318, "isMixin": true, "name": "enable"}, "type": "method", "children": [{"attributes": {"text": "<p>Delegation method for iScroll. Enables the iScroll object.</p>"}, "type": "desc"}]}]}]}