{"attributes": {"name": "Widget", "packageName": "qx.ui.core.selection", "superClass": "qx.ui.core.selection.Abstract", "childClasses": "qx.ui.core.selection.ScrollArea", "fullName": "qx.ui.core.selection.Widget", "type": "class"}, "type": "class", "children": [{"attributes": {"text": "<p>A selection manager, which handles the selection in widgets.</p>"}, "type": "desc"}, {"attributes": {}, "type": "constructor", "children": [{"attributes": {"line": 38, "isCtor": true, "overriddenFrom": "qx.ui.core.selection.Abstract", "name": "ctor"}, "type": "method", "children": [{"attributes": {}, "type": "params", "children": [{"attributes": {"name": "widget"}, "type": "param", "children": [{"attributes": {"text": "<p>The widget to connect to</p>"}, "type": "desc"}, {"attributes": {}, "type": "types", "children": [{"attributes": {"type": "qx.ui.core.Widget"}, "type": "entry"}]}]}]}, {"attributes": {"text": ""}, "type": "desc"}]}]}, {"attributes": {}, "type": "methods", "children": [{"attributes": {"access": "protected", "docFrom": "qx.ui.core.selection.Abstract", "line": 85, "overriddenFrom": "qx.ui.core.selection.Abstract", "name": "_capture"}, "type": "method"}, {"attributes": {"access": "protected", "docFrom": "qx.ui.core.selection.Abstract", "line": 138, "overriddenFrom": "qx.ui.core.selection.Abstract", "name": "_getDimension"}, "type": "method"}, {"attributes": {"access": "protected", "docFrom": "qx.ui.core.selection.Abstract", "line": 283, "overriddenFrom": "qx.ui.core.selection.Abstract", "name": "_getFirstSelectable"}, "type": "method"}, {"attributes": {"access": "protected", "docFrom": "qx.ui.core.selection.Abstract", "line": 298, "overriddenFrom": "qx.ui.core.selection.Abstract", "name": "_getLastSelectable"}, "type": "method"}, {"attributes": {"access": "protected", "docFrom": "qx.ui.core.selection.Abstract", "line": 130, "overriddenFrom": "qx.ui.core.selection.Abstract", "name": "_getLocation"}, "type": "method"}, {"attributes": {"access": "protected", "docFrom": "qx.ui.core.selection.Abstract", "line": 346, "overriddenFrom": "qx.ui.core.selection.Abstract", "name": "_getPage"}, "type": "method", "children": [{"attributes": {}, "type": "params", "children": [{"attributes": {"name": "lead"}, "type": "param"}, {"attributes": {"name": "up"}, "type": "param"}]}]}, {"attributes": {"access": "protected", "docFrom": "qx.ui.core.selection.Abstract", "line": 313, "overriddenFrom": "qx.ui.core.selection.Abstract", "name": "_getRelatedSelectable"}, "type": "method", "children": [{"attributes": {}, "type": "params", "children": [{"attributes": {"name": "item"}, "type": "param"}, {"attributes": {"name": "relation"}, "type": "param"}]}]}, {"attributes": {"access": "protected", "docFrom": "qx.ui.core.selection.Abstract", "line": 182, "overriddenFrom": "qx.ui.core.selection.Abstract", "name": "_getScroll"}, "type": "method"}, {"attributes": {"access": "protected", "docFrom": "qx.ui.core.selection.Abstract", "line": 144, "overriddenFrom": "qx.ui.core.selection.Abstract", "name": "_getSelectableLocationX"}, "type": "method", "children": [{"attributes": {}, "type": "params", "children": [{"attributes": {"name": "item"}, "type": "param"}]}]}, {"attributes": {"access": "protected", "docFrom": "qx.ui.core.selection.Abstract", "line": 158, "overriddenFrom": "qx.ui.core.selection.Abstract", "name": "_getSelectableLocationY"}, "type": "method", "children": [{"attributes": {}, "type": "params", "children": [{"attributes": {"name": "item"}, "type": "param"}]}]}, {"attributes": {"access": "protected", "docFrom": "qx.ui.core.selection.Abstract", "line": 242, "overriddenFrom": "qx.ui.core.selection.Abstract", "name": "_getSelectableRange"}, "type": "method", "children": [{"attributes": {}, "type": "params", "children": [{"attributes": {"name": "item1"}, "type": "param"}, {"attributes": {"name": "item2"}, "type": "param"}]}]}, {"attributes": {"access": "protected", "line": 116, "name": "_getWidget"}, "type": "method", "children": [{"attributes": {"text": "<p>Returns the connected widget.</p>"}, "type": "desc"}, {"attributes": {}, "type": "return", "children": [{"attributes": {"text": "<p>The widget</p>"}, "type": "desc"}, {"attributes": {}, "type": "types", "children": [{"attributes": {"type": "qx.ui.core.Widget"}, "type": "entry"}]}]}]}, {"attributes": {"access": "protected", "line": 103, "name": "_isItemSelectable"}, "type": "method", "children": [{"attributes": {}, "type": "params", "children": [{"attributes": {"name": "item"}, "type": "param", "children": [{"attributes": {"text": "<p>The item to check.</p>"}, "type": "desc"}, {"attributes": {}, "type": "types", "children": [{"attributes": {"type": "qx.ui.core.Widget"}, "type": "entry"}]}]}]}, {"attributes": {"text": "<p>Helper to return the selectability of the item concerning the\nuser interaaction.</p>"}, "type": "desc"}, {"attributes": {}, "type": "return", "children": [{"attributes": {"text": "<p>true, if the item is selectable.</p>"}, "type": "desc"}, {"attributes": {}, "type": "types", "children": [{"attributes": {"type": "Boolean"}, "type": "entry"}]}]}]}, {"attributes": {"access": "protected", "docFrom": "qx.ui.core.selection.Abstract", "line": 67, "overriddenFrom": "qx.ui.core.selection.Abstract", "name": "_isSelectable"}, "type": "method", "children": [{"attributes": {}, "type": "params", "children": [{"attributes": {"name": "item"}, "type": "param"}]}]}, {"attributes": {"access": "protected", "docFrom": "qx.ui.core.selection.Abstract", "line": 91, "overriddenFrom": "qx.ui.core.selection.Abstract", "name": "_releaseCapture"}, "type": "method"}, {"attributes": {"access": "protected", "docFrom": "qx.ui.core.selection.Abstract", "line": 192, "overriddenFrom": "qx.ui.core.selection.Abstract", "name": "_scrollBy"}, "type": "method", "children": [{"attributes": {}, "type": "params", "children": [{"attributes": {"name": "xoff"}, "type": "param"}, {"attributes": {"name": "yoff"}, "type": "param"}]}]}, {"attributes": {"access": "protected", "docFrom": "qx.ui.core.selection.Abstract", "line": 198, "overriddenFrom": "qx.ui.core.selection.Abstract", "name": "_scrollItemIntoView"}, "type": "method", "children": [{"attributes": {}, "type": "params", "children": [{"attributes": {"name": "item"}, "type": "param"}]}]}, {"attributes": {"access": "protected", "docFrom": "qx.ui.core.selection.Abstract", "line": 73, "overriddenFrom": "qx.ui.core.selection.Abstract", "name": "_selectableToHashCode"}, "type": "method", "children": [{"attributes": {}, "type": "params", "children": [{"attributes": {"name": "item"}, "type": "param"}]}]}, {"attributes": {"access": "protected", "docFrom": "qx.ui.core.selection.Abstract", "line": 79, "overriddenFrom": "qx.ui.core.selection.Abstract", "name": "_styleSelectable"}, "type": "method", "children": [{"attributes": {}, "type": "params", "children": [{"attributes": {"name": "item"}, "type": "param"}, {"attributes": {"name": "type"}, "type": "param"}, {"attributes": {"name": "enabled"}, "type": "param"}]}]}, {"attributes": {"docFrom": "qx.ui.core.selection.Abstract", "line": 214, "overriddenFrom": "qx.ui.core.selection.Abstract", "name": "getSelectables"}, "type": "method", "children": [{"attributes": {}, "type": "params", "children": [{"attributes": {"name": "all"}, "type": "param"}]}]}]}]}