{"attributes": {"fullName": "qx.ui.virtual.core.Pane", "packageName": "qx.ui.virtual.core", "type": "class", "name": "Pane", "superClass": "qx.ui.core.Widget"}, "type": "class", "children": [{"attributes": {"text": "<p><span class=\"caps\">EXPERIMENTAL</span>!</p>\n\n<p>The Pane provides a window of a larger virtual grid.</p>\n\n<p>The actual rendering is performed by one or several layers ({@link ILayer}.\nThe pane computes, which cells of the virtual area is visible and instructs\nthe layers to render these cells.</p>"}, "type": "desc"}, {"attributes": {}, "type": "constructor", "children": [{"attributes": {"line": 41, "isCtor": true, "overriddenFrom": "qx.ui.core.Widget", "name": "ctor"}, "type": "method", "children": [{"attributes": {}, "type": "params", "children": [{"attributes": {"defaultValue": "0", "optional": true, "name": "rowCount"}, "type": "param", "children": [{"attributes": {"text": "<p>The number of rows of the virtual grid.</p>"}, "type": "desc"}, {"attributes": {}, "type": "types", "children": [{"attributes": {"type": "Integer"}, "type": "entry"}]}]}, {"attributes": {"defaultValue": "0", "optional": true, "name": "columnCount"}, "type": "param", "children": [{"attributes": {"text": "<p>The number of columns of the virtual grid.</p>"}, "type": "desc"}, {"attributes": {}, "type": "types", "children": [{"attributes": {"type": "Integer"}, "type": "entry"}]}]}, {"attributes": {"defaultValue": "10", "optional": true, "name": "cellHeight"}, "type": "param", "children": [{"attributes": {"text": "<p>The default cell height.</p>"}, "type": "desc"}, {"attributes": {}, "type": "types", "children": [{"attributes": {"type": "Integer"}, "type": "entry"}]}]}, {"attributes": {"defaultValue": "10", "optional": true, "name": "cellWidth"}, "type": "param", "children": [{"attributes": {"text": "<p>The default cell width.</p>"}, "type": "desc"}, {"attributes": {}, "type": "types", "children": [{"attributes": {"type": "Integer"}, "type": "entry"}]}]}]}, {"attributes": {"text": ""}, "type": "desc"}]}]}, {"attributes": {}, "type": "events", "children": [{"attributes": {"name": "cellContextmenu"}, "type": "event", "children": [{"attributes": {"text": "<p>Fired if a cell is right-clicked.</p>"}, "type": "desc"}, {"attributes": {}, "type": "types", "children": [{"attributes": {"type": "qx.ui.virtual.core.CellEvent"}, "type": "entry"}]}]}, {"attributes": {"name": "cellDbltap"}, "type": "event", "children": [{"attributes": {"text": "<p>Fired if a cell is double-tapped.</p>"}, "type": "desc"}, {"attributes": {}, "type": "types", "children": [{"attributes": {"type": "qx.ui.virtual.core.CellEvent"}, "type": "entry"}]}]}, {"attributes": {"name": "cellTap"}, "type": "event", "children": [{"attributes": {"text": "<p>Fired if a cell is tapped.</p>"}, "type": "desc"}, {"attributes": {}, "type": "types", "children": [{"attributes": {"type": "qx.ui.virtual.core.CellEvent"}, "type": "entry"}]}]}, {"attributes": {"name": "scrollX"}, "type": "event", "children": [{"attributes": {"text": "<p>Fired if the pane is scrolled horizontally.</p>"}, "type": "desc"}, {"attributes": {}, "type": "types", "children": [{"attributes": {"type": "qx.event.type.Data"}, "type": "entry"}]}]}, {"attributes": {"name": "scrollY"}, "type": "event", "children": [{"attributes": {"text": "<p>Fired if the pane is scrolled vertically.</p>"}, "type": "desc"}, {"attributes": {}, "type": "types", "children": [{"attributes": {"type": "qx.event.type.Data"}, "type": "entry"}]}]}, {"attributes": {"name": "update"}, "type": "event", "children": [{"attributes": {"text": "<p>Fired on resize of either the container or the (virtual) content.</p>"}, "type": "desc"}, {"attributes": {}, "type": "types", "children": [{"attributes": {"type": "qx.event.type.Event"}, "type": "entry"}]}]}]}, {"attributes": {}, "type": "properties", "children": [{"attributes": {"name": "height", "docFrom": "qx.ui.core.LayoutItem", "defaultValue": "300", "refine": "true", "propertyType": "new", "overriddenFrom": "qx.ui.core.LayoutItem"}, "type": "property"}, {"attributes": {"name": "width", "docFrom": "qx.ui.core.LayoutItem", "defaultValue": "400", "refine": "true", "propertyType": "new", "overriddenFrom": "qx.ui.core.LayoutItem"}, "type": "property"}]}, {"attributes": {}, "type": "methods", "children": [{"attributes": {"access": "private", "line": 813, "name": "__checkPaneResize"}, "type": "method", "children": [{"attributes": {"text": "<p>Check whether the pane was resized and fire an {@link #update} event if\nit was.</p>"}, "type": "desc"}]}, {"attributes": {"access": "private", "line": 685, "name": "__handlePointerCellEvent"}, "type": "method", "children": [{"attributes": {}, "type": "params", "children": [{"attributes": {"name": "e"}, "type": "param", "children": [{"attributes": {"text": "<p>The pointer event.</p>"}, "type": "desc"}, {"attributes": {}, "type": "types", "children": [{"attributes": {"type": "qx.event.type.Pointer"}, "type": "entry"}]}]}, {"attributes": {"name": "cellEventType"}, "type": "param", "children": [{"attributes": {"text": "<p>The name of the cell event to fire.</p>"}, "type": "desc"}, {"attributes": {}, "type": "types", "children": [{"attributes": {"type": "String"}, "type": "entry"}]}]}]}, {"attributes": {"text": "<p>Converts a pointer event into a cell event and fires the cell event if the\npointer is over a cell.</p>"}, "type": "desc"}]}, {"attributes": {"access": "protected", "line": 888, "name": "_deferredUpdateScrollPosition"}, "type": "method", "children": [{"attributes": {"text": "<p>Schedule an update the visible window of the grid according to the top\nand left scroll positions.</p>"}, "type": "desc"}]}, {"attributes": {"access": "protected", "line": 856, "name": "_fullUpdate"}, "type": "method", "children": [{"attributes": {"text": "<p>Perform a full update on all visible layers. All cached data will be\ndiscarded.</p>"}, "type": "desc"}]}, {"attributes": {"access": "protected", "line": 635, "name": "_onAppear"}, "type": "method", "children": [{"attributes": {"text": "<p>Resize event handler. Do a full update on first appear.</p>"}, "type": "desc"}]}, {"attributes": {"access": "protected", "line": 663, "name": "_onContextmenu"}, "type": "method", "children": [{"attributes": {}, "type": "params", "children": [{"attributes": {"name": "e"}, "type": "param", "children": [{"attributes": {"text": "<p>The incoming pointer event.</p>"}, "type": "desc"}, {"attributes": {}, "type": "types", "children": [{"attributes": {"type": "qx.event.type.Pointer"}, "type": "entry"}]}]}]}, {"attributes": {"text": "<p>Event listener for context menu taps. Fires an cellContextmenu event.</p>"}, "type": "desc"}]}, {"attributes": {"access": "protected", "line": 673, "name": "_onDbltap"}, "type": "method", "children": [{"attributes": {}, "type": "params", "children": [{"attributes": {"name": "e"}, "type": "param", "children": [{"attributes": {"text": "<p>The incoming pointer event.</p>"}, "type": "desc"}, {"attributes": {}, "type": "types", "children": [{"attributes": {"type": "qx.event.type.Pointer"}, "type": "entry"}]}]}]}, {"attributes": {"text": "<p>Event listener for double taps. Fires an cellDbltap event.</p>"}, "type": "desc"}]}, {"attributes": {"access": "protected", "line": 644, "name": "_onPointerDown"}, "type": "method", "children": [{"attributes": {}, "type": "params", "children": [{"attributes": {"name": "e"}, "type": "param", "children": [{"attributes": {"text": "<p>The incoming pointer event.</p>"}, "type": "desc"}, {"attributes": {}, "type": "types", "children": [{"attributes": {"type": "qx.event.type.Pointer"}, "type": "entry"}]}]}]}, {"attributes": {"text": "<p>Event listener for pointer down. Remembers cell position to prevent pointer event when cell position change.</p>"}, "type": "desc"}]}, {"attributes": {"access": "protected", "line": 620, "name": "_onResize"}, "type": "method", "children": [{"attributes": {"text": "<p>Resize event handler.</p>\n\n<p>Updates the visible window.</p>"}, "type": "desc"}]}, {"attributes": {"access": "protected", "line": 653, "name": "_onTap"}, "type": "method", "children": [{"attributes": {}, "type": "params", "children": [{"attributes": {"name": "e"}, "type": "param", "children": [{"attributes": {"text": "<p>The incoming pointer event.</p>"}, "type": "desc"}, {"attributes": {}, "type": "types", "children": [{"attributes": {"type": "qx.event.type.Pointer"}, "type": "entry"}]}]}]}, {"attributes": {"text": "<p>Event listener for pointer taps. Fires an cellTap event.</p>"}, "type": "desc"}]}, {"attributes": {"access": "protected", "line": 740, "name": "_setLayerWindow"}, "type": "method", "children": [{"attributes": {}, "type": "params", "children": [{"attributes": {"name": "layers"}, "type": "param", "children": [{"attributes": {"text": "<p>List of layers to update.</p>"}, "type": "desc"}, {"attributes": {}, "type": "types", "children": [{"attributes": {"type": "ILayer", "dimensions": 1}, "type": "entry"}]}]}, {"attributes": {"name": "left"}, "type": "param", "children": [{"attributes": {"text": "<p>Maximum left pixel coordinate of the layers.</p>"}, "type": "desc"}, {"attributes": {}, "type": "types", "children": [{"attributes": {"type": "Integer"}, "type": "entry"}]}]}, {"attributes": {"name": "top"}, "type": "param", "children": [{"attributes": {"text": "<p>Maximum top pixel coordinate of the layers.</p>"}, "type": "desc"}, {"attributes": {}, "type": "types", "children": [{"attributes": {"type": "Integer"}, "type": "entry"}]}]}, {"attributes": {"name": "minWidth"}, "type": "param", "children": [{"attributes": {"text": "<p>The minimum end coordinate of the layers will be larger than <code>left+minWidth</code>.</p>"}, "type": "desc"}, {"attributes": {}, "type": "types", "children": [{"attributes": {"type": "Integer"}, "type": "entry"}]}]}, {"attributes": {"name": "minHeight"}, "type": "param", "children": [{"attributes": {"text": "<p>The minimum end coordinate of the layers will be larger than <code>top+minHeight</code>.</p>"}, "type": "desc"}, {"attributes": {}, "type": "types", "children": [{"attributes": {"type": "Integer"}, "type": "entry"}]}]}, {"attributes": {"defaultValue": "false", "optional": true, "name": "doFullUpdate"}, "type": "param", "children": [{"attributes": {"text": "<p>Whether a full update on the layer should be performed of if only the layer window should be updated.</p>"}, "type": "desc"}, {"attributes": {}, "type": "types", "children": [{"attributes": {"type": "Boolean"}, "type": "entry"}]}]}]}, {"attributes": {"text": "<p>Sets the size of the layers to contain the cells at the pixel position\n&#8220;left/right&#8221; up to &#8220;left+minHeight/right+minHeight&#8221;. The offset of the\nlayer container is adjusted to respect the pane&#8217;s scroll top and scroll\nleft values.</p>"}, "type": "desc"}]}, {"attributes": {"access": "protected", "line": 899, "name": "_updateScrollPosition"}, "type": "method", "children": [{"attributes": {"text": "<p>Update the visible window of the grid according to the top and left scroll\npositions.</p>"}, "type": "desc"}]}, {"attributes": {"line": 187, "name": "addLayer"}, "type": "method", "children": [{"attributes": {}, "type": "params", "children": [{"attributes": {"name": "layer"}, "type": "param", "children": [{"attributes": {"text": "<p>The layer to add.</p>"}, "type": "desc"}, {"attributes": {}, "type": "types", "children": [{"attributes": {"type": "ILayer"}, "type": "entry"}]}]}]}, {"attributes": {"text": "<p>Add a layer to the layer container.</p>"}, "type": "desc"}]}, {"attributes": {"line": 835, "name": "fullUpdate"}, "type": "method", "children": [{"attributes": {"text": "<p>Schedule a full update on all visible layers.</p>"}, "type": "desc"}]}, {"attributes": {"line": 473, "name": "getCellAtPosition"}, "type": "method", "children": [{"attributes": {}, "type": "params", "children": [{"attributes": {"name": "documentX"}, "type": "param", "children": [{"attributes": {"text": "<p>The x coordinate relative to the viewport origin.</p>"}, "type": "desc"}, {"attributes": {}, "type": "types", "children": [{"attributes": {"type": "Integer"}, "type": "entry"}]}]}, {"attributes": {"name": "documentY"}, "type": "param", "children": [{"attributes": {"text": "<p>The y coordinate relative to the viewport origin.</p>"}, "type": "desc"}, {"attributes": {}, "type": "types", "children": [{"attributes": {"type": "Integer"}, "type": "entry"}]}]}]}, {"attributes": {"text": "<p>Get the grid cell at the given absolute document coordinates. This method\ncan be used to convert the pointer position returned by\n{@link qx.event.type.Pointer#getDocumentLeft} and\n{@link qx.event.type.Pointer#getDocumentLeft} into cell coordinates.</p>"}, "type": "desc"}, {"attributes": {}, "type": "return", "children": [{"attributes": {"text": "<p>A map containing the <code>row</code> and <code>column</code> of the found cell. If the coordinate is outside of the pane&#8217;s bounds or there is no cell at the coordinate <code>null</code> is returned.</p>"}, "type": "desc"}, {"attributes": {}, "type": "types", "children": [{"attributes": {"type": "Map"}, "type": "entry"}, {"attributes": {"type": "null"}, "type": "entry"}]}]}]}, {"attributes": {"line": 177, "name": "getChildren"}, "type": "method", "children": [{"attributes": {"text": "<p>Returns an array containing the layer container.</p>"}, "type": "desc"}, {"attributes": {}, "type": "return", "children": [{"attributes": {"text": "<p>The layer container array.</p>"}, "type": "desc"}, {"attributes": {}, "type": "types", "children": [{"attributes": {"type": "Object", "dimensions": 1}, "type": "entry"}]}]}]}, {"attributes": {"line": 160, "name": "getColumnConfig"}, "type": "method", "children": [{"attributes": {"text": "<p>Get the axis object, which defines the column numbers and the column sizes.</p>"}, "type": "desc"}, {"attributes": {}, "type": "return", "children": [{"attributes": {"text": "<p>The column configuration.</p>"}, "type": "desc"}, {"attributes": {}, "type": "types", "children": [{"attributes": {"type": "Axis"}, "type": "entry"}]}]}]}, {"attributes": {"line": 204, "name": "getLayers"}, "type": "method", "children": [{"attributes": {"text": "<p>Get a list of all layers.</p>"}, "type": "desc"}, {"attributes": {}, "type": "return", "children": [{"attributes": {"text": "<p>List of the pane&#8217;s layers.</p>"}, "type": "desc"}, {"attributes": {}, "type": "types", "children": [{"attributes": {"type": "ILayer", "dimensions": 1}, "type": "entry"}]}]}]}, {"attributes": {"line": 150, "name": "getRowConfig"}, "type": "method", "children": [{"attributes": {"text": "<p>Get the axis object, which defines the row numbers and the row sizes.</p>"}, "type": "desc"}, {"attributes": {}, "type": "return", "children": [{"attributes": {"text": "<p>The row configuration.</p>"}, "type": "desc"}, {"attributes": {}, "type": "types", "children": [{"attributes": {"type": "Axis"}, "type": "entry"}]}]}]}, {"attributes": {"line": 240, "name": "getScrollMaxX"}, "type": "method", "children": [{"attributes": {"text": "<p>The maximum horizontal scroll position.</p>"}, "type": "desc"}, {"attributes": {}, "type": "return", "children": [{"attributes": {"text": "<p>Maximum horizontal scroll position.</p>"}, "type": "desc"}, {"attributes": {}, "type": "types", "children": [{"attributes": {"type": "Integer"}, "type": "entry"}]}]}]}, {"attributes": {"line": 257, "name": "getScrollMaxY"}, "type": "method", "children": [{"attributes": {"text": "<p>The maximum vertical scroll position.</p>"}, "type": "desc"}, {"attributes": {}, "type": "return", "children": [{"attributes": {"text": "<p>Maximum vertical scroll position.</p>"}, "type": "desc"}, {"attributes": {}, "type": "types", "children": [{"attributes": {"type": "Integer"}, "type": "entry"}]}]}]}, {"attributes": {"line": 346, "name": "getScrollSize"}, "type": "method", "children": [{"attributes": {"text": "<p>The (virtual) size of the content.</p>"}, "type": "desc"}, {"attributes": {}, "type": "return", "children": [{"attributes": {"text": "<p>Size of the content (keys: <code>width</code> and <code>height</code>).</p>"}, "type": "desc"}, {"attributes": {}, "type": "types", "children": [{"attributes": {"type": "Map"}, "type": "entry"}]}]}]}, {"attributes": {"line": 335, "name": "getScrollX"}, "type": "method", "children": [{"attributes": {"text": "<p>Returns the horizontal scroll offset.</p>"}, "type": "desc"}, {"attributes": {}, "type": "return", "children": [{"attributes": {"text": "<p>The horizontal scroll offset.</p>"}, "type": "desc"}, {"attributes": {}, "type": "types", "children": [{"attributes": {"type": "Integer"}, "type": "entry"}]}]}]}, {"attributes": {"line": 299, "name": "getScrollY"}, "type": "method", "children": [{"attributes": {"text": "<p>Returns the vertical scroll offset.</p>"}, "type": "desc"}, {"attributes": {}, "type": "return", "children": [{"attributes": {"text": "<p>The vertical scroll offset.</p>"}, "type": "desc"}, {"attributes": {}, "type": "types", "children": [{"attributes": {"type": "Integer"}, "type": "entry"}]}]}]}, {"attributes": {"line": 214, "name": "getVisibleLayers"}, "type": "method", "children": [{"attributes": {"text": "<p>Get a list of all visible layers.</p>"}, "type": "desc"}, {"attributes": {}, "type": "return", "children": [{"attributes": {"text": "<p>List of the pane&#8217;s visible layers.</p>"}, "type": "desc"}, {"attributes": {}, "type": "types", "children": [{"attributes": {"type": "ILayer", "dimensions": 1}, "type": "entry"}]}]}]}, {"attributes": {"line": 847, "name": "isUpdatePending"}, "type": "method", "children": [{"attributes": {"text": "<p>Whether a full update is scheduled.</p>"}, "type": "desc"}, {"attributes": {}, "type": "return", "children": [{"attributes": {"text": "<p>Whether a full update is scheduled.</p>"}, "type": "desc"}, {"attributes": {}, "type": "types", "children": [{"attributes": {"type": "Boolean"}, "type": "entry"}]}]}]}, {"attributes": {"line": 528, "name": "prefetchX"}, "type": "method", "children": [{"attributes": {}, "type": "params", "children": [{"attributes": {"name": "minLeft"}, "type": "param", "children": [{"attributes": {"text": "<p>Only prefetch if the invisible part left of the pane window if smaller than this (pixel) value.</p>"}, "type": "desc"}, {"attributes": {}, "type": "types", "children": [{"attributes": {"type": "Integer"}, "type": "entry"}]}]}, {"attributes": {"name": "maxLeft"}, "type": "param", "children": [{"attributes": {"text": "<p>The amount of pixel the layers should reach left of the pane window.</p>"}, "type": "desc"}, {"attributes": {}, "type": "types", "children": [{"attributes": {"type": "Integer"}, "type": "entry"}]}]}, {"attributes": {"name": "minRight"}, "type": "param", "children": [{"attributes": {"text": "<p>Only prefetch if the invisible part right of the pane window if smaller than this (pixel) value.</p>"}, "type": "desc"}, {"attributes": {}, "type": "types", "children": [{"attributes": {"type": "Integer"}, "type": "entry"}]}]}, {"attributes": {"name": "maxRight"}, "type": "param", "children": [{"attributes": {"text": "<p>The amount of pixel the layers should reach right of the pane window.</p>"}, "type": "desc"}, {"attributes": {}, "type": "types", "children": [{"attributes": {"type": "Integer"}, "type": "entry"}]}]}]}, {"attributes": {"text": "<p>Increase the layers width beyond the needed width to improve\nhorizontal scrolling. The layers are only resized if invisible parts\nleft/right of the pane window are smaller than minLeft/minRight.</p>"}, "type": "desc"}]}, {"attributes": {"line": 575, "name": "prefetchY"}, "type": "method", "children": [{"attributes": {}, "type": "params", "children": [{"attributes": {"name": "minAbove"}, "type": "param", "children": [{"attributes": {"text": "<p>Only prefetch if the invisible part above the pane window if smaller than this (pixel) value.</p>"}, "type": "desc"}, {"attributes": {}, "type": "types", "children": [{"attributes": {"type": "Integer"}, "type": "entry"}]}]}, {"attributes": {"name": "maxAbove"}, "type": "param", "children": [{"attributes": {"text": "<p>The amount of pixel the layers should reach above the pane window.</p>"}, "type": "desc"}, {"attributes": {}, "type": "types", "children": [{"attributes": {"type": "Integer"}, "type": "entry"}]}]}, {"attributes": {"name": "minBelow"}, "type": "param", "children": [{"attributes": {"text": "<p>Only prefetch if the invisible part below the pane window if smaller than this (pixel) value.</p>"}, "type": "desc"}, {"attributes": {}, "type": "types", "children": [{"attributes": {"type": "Integer"}, "type": "entry"}]}]}, {"attributes": {"name": "maxBelow"}, "type": "param", "children": [{"attributes": {"text": "<p>The amount of pixel the layers should reach below the pane window.</p>"}, "type": "desc"}, {"attributes": {}, "type": "types", "children": [{"attributes": {"type": "Integer"}, "type": "entry"}]}]}]}, {"attributes": {"text": "<p>Increase the layers height beyond the needed height to improve\nvertical scrolling. The layers are only resized if invisible parts\nabove/below the pane window are smaller than minAbove/minBelow.</p>"}, "type": "desc"}]}, {"attributes": {"line": 432, "name": "scrollCellIntoView"}, "type": "method", "children": [{"attributes": {}, "type": "params", "children": [{"attributes": {"name": "column"}, "type": "param", "children": [{"attributes": {"text": "<p>The cell&#8217;s column index.</p>"}, "type": "desc"}, {"attributes": {}, "type": "types", "children": [{"attributes": {"type": "Integer"}, "type": "entry"}]}]}, {"attributes": {"name": "row"}, "type": "param", "children": [{"attributes": {"text": "<p>The cell&#8217;s row index.</p>"}, "type": "desc"}, {"attributes": {}, "type": "types", "children": [{"attributes": {"type": "Integer"}, "type": "entry"}]}]}]}, {"attributes": {"text": "<p>Scrolls a grid cell into the visible area of the pane.</p>"}, "type": "desc"}]}, {"attributes": {"line": 399, "name": "scrollColumnIntoView"}, "type": "method", "children": [{"attributes": {}, "type": "params", "children": [{"attributes": {"name": "column"}, "type": "param", "children": [{"attributes": {"text": "<p>The column&#8217;s index.</p>"}, "type": "desc"}, {"attributes": {}, "type": "types", "children": [{"attributes": {"type": "Integer"}, "type": "entry"}]}]}]}, {"attributes": {"text": "<p>Scrolls a column into the visible area of the pane.</p>"}, "type": "desc"}]}, {"attributes": {"line": 367, "name": "scrollRowIntoView"}, "type": "method", "children": [{"attributes": {}, "type": "params", "children": [{"attributes": {"name": "row"}, "type": "param", "children": [{"attributes": {"text": "<p>The row&#8217;s index.</p>"}, "type": "desc"}, {"attributes": {}, "type": "types", "children": [{"attributes": {"type": "Integer"}, "type": "entry"}]}]}]}, {"attributes": {"text": "<p>Scrolls a row into the visible area of the pane.</p>"}, "type": "desc"}]}, {"attributes": {"line": 309, "name": "setScrollX"}, "type": "method", "children": [{"attributes": {}, "type": "params", "children": [{"attributes": {"name": "value"}, "type": "param", "children": [{"attributes": {"text": "<p>The horizontal position to scroll to.</p>"}, "type": "desc"}, {"attributes": {}, "type": "types", "children": [{"attributes": {"type": "Integer"}, "type": "entry"}]}]}]}, {"attributes": {"text": "<p>Scrolls the content to the given top coordinate.</p>"}, "type": "desc"}]}, {"attributes": {"line": 274, "name": "setScrollY"}, "type": "method", "children": [{"attributes": {}, "type": "params", "children": [{"attributes": {"name": "value"}, "type": "param", "children": [{"attributes": {"text": "<p>The vertical position to scroll to.</p>"}, "type": "desc"}, {"attributes": {}, "type": "types", "children": [{"attributes": {"type": "Integer"}, "type": "entry"}]}]}]}, {"attributes": {"text": "<p>Scrolls the content to the given left coordinate.</p>"}, "type": "desc"}]}, {"attributes": {"docFrom": "qx.ui.core.Widget", "line": 713, "overriddenFrom": "qx.ui.core.Widget", "name": "syncWidget"}, "type": "method", "children": [{"attributes": {}, "type": "params", "children": [{"attributes": {"name": "jobs"}, "type": "param"}]}]}]}]}