{"attributes": {"fullName": "qx.ui.progressive.renderer.table.cell.Boolean", "packageName": "qx.ui.progressive.renderer.table.cell", "type": "class", "name": "Boolean", "superClass": "qx.ui.progressive.renderer.table.cell.Icon"}, "type": "class", "children": [{"attributes": {"text": "<p>Table Cell Boolean Renderer.</p>"}, "type": "desc"}, {"attributes": {}, "type": "constructor", "children": [{"attributes": {"docFrom": "qx.ui.progressive.renderer.table.cell.Icon", "line": 31, "isCtor": true, "overriddenFrom": "qx.ui.progressive.renderer.table.cell.Icon", "name": "ctor"}, "type": "method"}]}, {"attributes": {}, "type": "methods", "children": [{"attributes": {"access": "private", "line": 77, "name": "__resolveImages"}, "type": "method", "children": [{"attributes": {"text": "<p>Resolve the boolean images using the alias and resource manager.</p>"}, "type": "desc"}]}, {"attributes": {"access": "protected", "docFrom": "qx.ui.progressive.renderer.table.cell.Abstract", "line": 185, "overriddenFrom": "qx.ui.progressive.renderer.table.cell.Icon", "name": "_getCellStyle"}, "type": "method", "children": [{"attributes": {}, "type": "params", "children": [{"attributes": {"name": "cellInfo"}, "type": "param"}]}]}, {"attributes": {"access": "protected", "docFrom": "qx.ui.progressive.renderer.table.cell.Icon", "line": 91, "overriddenFrom": "qx.ui.progressive.renderer.table.cell.Icon", "name": "_identifyImage"}, "type": "method", "children": [{"attributes": {}, "type": "params", "children": [{"attributes": {"name": "cellInfo"}, "type": "param"}]}]}, {"attributes": {"name": "getAllowToggle", "fromProperty": "allowToggle"}, "type": "method", "children": [{"attributes": {"text": "<p>Returns the (computed) value of the property <code>allowToggle</code>.</p>\n\n<p>For further details take a look at the property definition: {@link #allowToggle}.</p>"}, "type": "desc"}, {"attributes": {}, "type": "return", "children": [{"attributes": {"text": "<p>(Computed) value of <code>allowToggle</code>.</p>"}, "type": "desc"}, {"attributes": {}, "type": "types", "children": [{"attributes": {"type": "var"}, "type": "entry"}]}]}]}, {"attributes": {"access": "protected", "name": "initAllowToggle", "fromProperty": "allowToggle"}, "type": "method", "children": [{"attributes": {}, "type": "params", "children": [{"attributes": {"name": "value"}, "type": "param", "children": [{"attributes": {"text": "<p>Initial value for property <code>allowToggle</code>.</p>"}, "type": "desc"}, {"attributes": {}, "type": "types", "children": [{"attributes": {"type": "var"}, "type": "entry"}]}]}]}, {"attributes": {"text": "<p>Calls the apply method and dispatches the change event of the property <code>allowToggle</code>\nwith the default value defined by the class developer. This function can\nonly be called from the constructor of a class.</p>\n\n<p>For further details take a look at the property definition: {@link #allowToggle}.</p>"}, "type": "desc"}, {"attributes": {}, "type": "return", "children": [{"attributes": {"text": "<p>the default value</p>"}, "type": "desc"}, {"attributes": {}, "type": "types", "children": [{"attributes": {"type": "var"}, "type": "entry"}]}]}]}, {"attributes": {"name": "isAllowToggle", "fromProperty": "allowToggle"}, "type": "method", "children": [{"attributes": {"text": "<p>Check whether the (computed) value of the boolean property <code>allowToggle</code> equals <code>true</code>.</p>\n\n<p>For further details take a look at the property definition: {@link #allowToggle}.</p>"}, "type": "desc"}, {"attributes": {}, "type": "return", "children": [{"attributes": {"text": "<p>Whether the property equals <code>true</code>.</p>"}, "type": "desc"}, {"attributes": {}, "type": "types", "children": [{"attributes": {"type": "Boolean"}, "type": "entry"}]}]}]}, {"attributes": {"name": "resetAllowToggle", "fromProperty": "allowToggle"}, "type": "method", "children": [{"attributes": {"text": "<p>Resets the user value of the property <code>allowToggle</code>.</p>\n\n<p>The computed value falls back to the next available value e.g. appearance, init or\ninheritance value depeneding on the property configuration and value availability.</p>\n\n<p>For further details take a look at the property definition: {@link #allowToggle}.</p>"}, "type": "desc"}]}, {"attributes": {"name": "setAllowToggle", "fromProperty": "allowToggle"}, "type": "method", "children": [{"attributes": {}, "type": "params", "children": [{"attributes": {"name": "value"}, "type": "param", "children": [{"attributes": {"text": "<p>New value for property <code>allowToggle</code>.</p>"}, "type": "desc"}, {"attributes": {}, "type": "types", "children": [{"attributes": {"type": "var"}, "type": "entry"}]}]}]}, {"attributes": {"text": "<p>Sets the user value of the property <code>allowToggle</code>.</p>\n\n<p>For further details take a look at the property definition: {@link #allowToggle}.</p>"}, "type": "desc"}, {"attributes": {}, "type": "return", "children": [{"attributes": {"text": "<p>The unmodified incoming value.</p>"}, "type": "desc"}, {"attributes": {}, "type": "types", "children": [{"attributes": {"type": "var"}, "type": "entry"}]}]}]}, {"attributes": {"name": "toggleAllowToggle", "fromProperty": "allowToggle"}, "type": "method", "children": [{"attributes": {"text": "<p>Toggles the (computed) value of the boolean property <code>allowToggle</code>.</p>\n\n<p>For further details take a look at the property definition: {@link #allowToggle}.</p>"}, "type": "desc"}, {"attributes": {}, "type": "return", "children": [{"attributes": {"text": "<p>the new value</p>"}, "type": "desc"}, {"attributes": {}, "type": "types", "children": [{"attributes": {"type": "Boolean"}, "type": "entry"}]}]}]}]}, {"attributes": {}, "type": "properties", "children": [{"attributes": {"defaultValue": "false", "propertyType": "new", "check": "Boolean", "name": "allowToggle"}, "type": "property", "children": [{"attributes": {"text": "<p>Whether to add code which will toggle the checkbox on/off.  (There is\nnot yet code here to generate an event when this occurs, so it&#8217;s not\nyet very useful.)</p>"}, "type": "desc"}]}]}]}