{"attributes": {"packageName": "qx.ui.table", "type": "mixin", "fullName": "qx.ui.table.MTableContextMenu", "name": "MTableContextMenu"}, "type": "class", "children": [{"attributes": {"text": "<p>This mixin allows easily adding handlers for context menus on table columns.</p>"}, "type": "desc"}, {"attributes": {}, "type": "constructor", "children": [{"attributes": {"line": 25, "isCtor": true, "name": "ctor"}, "type": "method"}]}, {"attributes": {}, "type": "methods", "children": [{"attributes": {"line": 170, "isMixin": true, "name": "getContextMenuHandler"}, "type": "method", "children": [{"attributes": {}, "type": "params", "children": [{"attributes": {"name": "col"}, "type": "param", "children": [{"attributes": {"text": "<p>The column number for which the context menu handler is requested</p>"}, "type": "desc"}, {"attributes": {}, "type": "types", "children": [{"attributes": {"type": "Integer"}, "type": "entry"}]}]}]}, {"attributes": {"text": "<p>Return the registered context menu handler for a column.</p>"}, "type": "desc"}, {"attributes": {}, "type": "return", "children": [{"attributes": {"text": "<p>The handler function which has been registered for the specified column. The arguments of the handler is documented in {@link #setContextMenuHandler}.</p>"}, "type": "desc"}, {"attributes": {}, "type": "types", "children": [{"attributes": {"type": "Function"}, "type": "entry"}]}]}]}, {"attributes": {"line": 153, "isMixin": true, "name": "setContextMenuHandler"}, "type": "method", "children": [{"attributes": {}, "type": "params", "children": [{"attributes": {"name": "col"}, "type": "param", "children": [{"attributes": {"text": "<p>The column number in which the context menu request originated</p>"}, "type": "desc"}, {"attributes": {}, "type": "types", "children": [{"attributes": {"type": "Integer"}, "type": "entry"}]}]}, {"attributes": {"name": "handler"}, "type": "param", "children": [{"attributes": {"text": "<p>The function to call when a context menu request originates in the specified column. The handler is called with the following arguments: <ul> <li> <b>column</b>: (Integer) The number of the column in which the right click was issued </li> <li> <b>row</b>: (Integer) The number of the row in which the right click was issued </li> <li> <b>table</b>: {@link qx.ui.table.Table} The table in which the right click was issued </li> <li> <b>dataModel</b>: {@link qx.ui.table.model.Abstract} Complete data model of the table </li> <li> <b>contextMenu</b>: {@link qx.ui.menu.Menu} Menu in which buttons can be added to implement this context menu </li> </ul> The function must return a (Boolean), indicating whether the context menu should be shown or not. The context menu will be shown when the handler function returns <code>true</code>. When the handler function returns <code>false</code> the context menu will <b>not</b> be shown.</p>"}, "type": "desc"}, {"attributes": {}, "type": "types", "children": [{"attributes": {"type": "Function"}, "type": "entry"}]}]}, {"attributes": {"defaultValue": "this", "optional": true, "name": "context"}, "type": "param", "children": [{"attributes": {"text": "<p>Optional execution context for the callback (i.e. &#8220;this&#8221;). If not provided, the {@link qx.ui.table.Table} object this mixin is applied to is used.</p>"}, "type": "desc"}, {"attributes": {}, "type": "types", "children": [{"attributes": {"type": "Object"}, "type": "entry"}]}]}]}, {"attributes": {"text": "<p>Add a handler for a context menu which is initiated in a specific\ncolumn.</p>"}, "type": "desc"}]}]}]}