{"attributes": {"name": "Button", "packageName": "qx.ui.menubar", "superClass": "qx.ui.form.MenuButton", "childClasses": "qx.ui.toolbar.MenuButton", "fullName": "qx.ui.menubar.Button", "type": "class"}, "type": "class", "children": [{"attributes": {"text": "<p>A menubar button</p>"}, "type": "desc"}, {"attributes": {}, "type": "constructor", "children": [{"attributes": {"docFrom": "qx.ui.form.MenuButton", "line": 36, "isCtor": true, "overriddenFrom": "qx.ui.form.MenuButton", "name": "ctor"}, "type": "method", "children": [{"attributes": {}, "type": "params", "children": [{"attributes": {"name": "label"}, "type": "param"}, {"attributes": {"name": "icon"}, "type": "param"}, {"attributes": {"name": "menu"}, "type": "param"}]}]}]}, {"attributes": {}, "type": "properties", "children": [{"attributes": {"name": "appearance", "docFrom": "qx.ui.core.Widget", "defaultValue": "\"menubar-button\"", "refine": "true", "propertyType": "new", "overriddenFrom": "qx.ui.form.MenuButton"}, "type": "property"}, {"attributes": {"name": "focusable", "docFrom": "qx.ui.core.Widget", "defaultValue": "false", "refine": "true", "propertyType": "new", "overriddenFrom": "qx.ui.form.Button"}, "type": "property"}, {"attributes": {"name": "show", "docFrom": "qx.ui.basic.Atom", "defaultValue": "\"inherit\"", "refine": "true", "propertyType": "new", "overriddenFrom": "qx.ui.basic.Atom"}, "type": "property"}]}, {"attributes": {}, "type": "methods", "children": [{"attributes": {"access": "protected", "line": 136, "overriddenFrom": "qx.ui.form.MenuButton", "name": "_onMenuChange"}, "type": "method", "children": [{"attributes": {}, "type": "params", "children": [{"attributes": {"name": "e"}, "type": "param", "children": [{"attributes": {"text": "<p>Property change event</p>"}, "type": "desc"}, {"attributes": {}, "type": "types", "children": [{"attributes": {"type": "qx.event.type.Data"}, "type": "entry"}]}]}]}, {"attributes": {"text": "<p>Listener for visibility property changes of the attached menu</p>"}, "type": "desc"}]}, {"attributes": {"access": "protected", "line": 179, "overriddenFrom": "qx.ui.form.MenuButton", "name": "_onPointerOver"}, "type": "method", "children": [{"attributes": {}, "type": "params", "children": [{"attributes": {"name": "e"}, "type": "param", "children": [{"attributes": {"text": "<p>pointerover event object</p>"}, "type": "desc"}, {"attributes": {}, "type": "types", "children": [{"attributes": {"type": "qx.event.type.Pointer"}, "type": "entry"}]}]}]}, {"attributes": {"text": "<p>Event listener for pointerover event</p>"}, "type": "desc"}]}, {"attributes": {"access": "protected", "docFrom": "qx.ui.form.Button", "line": 163, "overriddenFrom": "qx.ui.form.MenuButton", "name": "_onPointerUp"}, "type": "method", "children": [{"attributes": {}, "type": "params", "children": [{"attributes": {"name": "e"}, "type": "param"}]}]}, {"attributes": {"line": 96, "name": "getMenuBar"}, "type": "method", "children": [{"attributes": {"text": "<p>Inspects the parent chain to find the MenuBar</p>"}, "type": "desc"}, {"attributes": {}, "type": "return", "children": [{"attributes": {"text": "<p>MenuBar instance or <code>null</code>.</p>"}, "type": "desc"}, {"attributes": {}, "type": "types", "children": [{"attributes": {"type": "qx.ui.menubar.MenuBar"}, "type": "entry"}]}]}]}, {"attributes": {"docFrom": "qx.ui.form.MenuButton", "line": 115, "overriddenFrom": "qx.ui.form.MenuButton", "name": "open"}, "type": "method", "children": [{"attributes": {}, "type": "params", "children": [{"attributes": {"name": "selectFirst"}, "type": "param"}]}]}]}]}