{"attributes": {"fullName": "qx.ui.mobile.form.Form", "packageName": "qx.ui.mobile.form", "type": "class", "name": "Form", "superClass": "qx.ui.form.Form"}, "type": "class", "children": [{"attributes": {"text": "<p>Representation of a form. A form widget can contain one or more {@link Row} widgets.</p>\n\n<p><strong>Example</strong></p>\n\n<p>Here is an example of how to use the widget.</p>\n\n<pre class=\"javascript\">\n  var title = new qx.ui.mobile.form.Title(\"Group\");\n  var form = new qx.ui.mobile.form.Form();\n  form.add(new qx.ui.mobile.form.TextField(), \"Username: \");\n\n  this.getRoot().add(title);\n  this.getRoot().add(new qx.ui.mobile.form.renderer.Single(form));\n</pre>\n\n<p>This example creates a form and adds a row with a text field in it.</p>"}, "type": "desc"}, {"attributes": {}, "type": "constructor", "children": [{"attributes": {"docFrom": "qx.core.Object", "line": 48, "isCtor": true, "overriddenFrom": "qx.ui.form.Form", "name": "ctor"}, "type": "method"}]}, {"attributes": {}, "type": "methods", "children": [{"attributes": {"access": "protected", "docFrom": "qx.ui.form.Form", "line": 69, "overriddenFrom": "qx.ui.form.Form", "name": "_createResetter"}, "type": "method"}, {"attributes": {"access": "protected", "line": 163, "name": "_getItemByIndex"}, "type": "method", "children": [{"attributes": {}, "type": "params", "children": [{"attributes": {"name": "groupIndex"}, "type": "param", "children": [{"attributes": {"text": "<p>the index of the group to which the row belongs to</p>"}, "type": "desc"}, {"attributes": {}, "type": "types", "children": [{"attributes": {"type": "Integer"}, "type": "entry"}]}]}, {"attributes": {"name": "rowIndex"}, "type": "param", "children": [{"attributes": {"text": "<p>the index of the row inside the target group</p>"}, "type": "desc"}, {"attributes": {}, "type": "types", "children": [{"attributes": {"type": "Integer"}, "type": "entry"}]}]}]}, {"attributes": {"text": "<p>Gets the item with the given group and rowIndex.</p>"}, "type": "desc"}, {"attributes": {}, "type": "return", "children": [{"attributes": {"text": "<p>The validation result.</p>"}, "type": "desc"}, {"attributes": {}, "type": "types", "children": [{"attributes": {"type": "qx.ui.form.IForm"}, "type": "entry"}, {"attributes": {"type": "null"}, "type": "entry"}]}]}]}, {"attributes": {"line": 187, "name": "getInvalidItems"}, "type": "method", "children": [{"attributes": {"text": "<p>Returns the invalid items of the form, which were determined by {@link qx.ui.mobile.form.Form#validate} before.\nIt returns an empty array if no items are invalid.</p>"}, "type": "desc"}, {"attributes": {}, "type": "return", "children": [{"attributes": {"text": "<p>The invalid items of the form.</p>"}, "type": "desc"}, {"attributes": {}, "type": "types", "children": [{"attributes": {"type": "qx.ui.mobile.core.Widget", "dimensions": 1}, "type": "entry"}]}]}]}, {"attributes": {"line": 149, "name": "hideRow"}, "type": "method", "children": [{"attributes": {}, "type": "params", "children": [{"attributes": {"name": "groupIndex"}, "type": "param", "children": [{"attributes": {"text": "<p>the index of the group to which the row belongs to</p>"}, "type": "desc"}, {"attributes": {}, "type": "types", "children": [{"attributes": {"type": "Integer"}, "type": "entry"}]}]}, {"attributes": {"name": "rowIndex"}, "type": "param", "children": [{"attributes": {"text": "<p>the index of the row inside the target group</p>"}, "type": "desc"}, {"attributes": {}, "type": "types", "children": [{"attributes": {"type": "Integer"}, "type": "entry"}]}]}]}, {"attributes": {"text": "<p>Makes a row invisible, identified by its group and row index.</p>"}, "type": "desc"}]}, {"attributes": {"docFrom": "qx.core.MProperty", "line": 176, "overriddenFrom": "qx.core.MProperty", "name": "reset"}, "type": "method"}, {"attributes": {"line": 78, "name": "setRenderer"}, "type": "method", "children": [{"attributes": {}, "type": "params", "children": [{"attributes": {"name": "renderer"}, "type": "param", "children": [{"attributes": {"text": "<p>the renderer</p>"}, "type": "desc"}, {"attributes": {}, "type": "types", "children": [{"attributes": {"type": "qx.ui.mobile.form.renderer.AbstractRenderer"}, "type": "entry"}]}]}]}, {"attributes": {"text": "<p>Setter for the renderer private variable</p>"}, "type": "desc"}]}, {"attributes": {"line": 136, "name": "showRow"}, "type": "method", "children": [{"attributes": {}, "type": "params", "children": [{"attributes": {"name": "groupIndex"}, "type": "param", "children": [{"attributes": {"text": "<p>the index of the group to which the row belongs to</p>"}, "type": "desc"}, {"attributes": {}, "type": "types", "children": [{"attributes": {"type": "Integer"}, "type": "entry"}]}]}, {"attributes": {"name": "rowIndex"}, "type": "param", "children": [{"attributes": {"text": "<p>the index of the row inside the target group</p>"}, "type": "desc"}, {"attributes": {}, "type": "types", "children": [{"attributes": {"type": "Integer"}, "type": "entry"}]}]}]}, {"attributes": {"text": "<p>Makes a row visible, identified by its group and row index.</p>"}, "type": "desc"}]}, {"attributes": {"line": 91, "overriddenFrom": "qx.ui.form.Form", "name": "validate"}, "type": "method", "children": [{"attributes": {"text": "<p>Validates the form using the\n{@link qx.ui.form.validation.Manager#validate} method.</p>"}, "type": "desc"}, {"attributes": {}, "type": "return", "children": [{"attributes": {"text": "<p>The validation result.</p>"}, "type": "desc"}, {"attributes": {}, "type": "types", "children": [{"attributes": {"type": "Boolean"}, "type": "entry"}, {"attributes": {"type": "null"}, "type": "entry"}]}]}]}]}]}