{"attributes": {"fullName": "qx.ui.progressive.renderer.table.cell.String", "packageName": "qx.ui.progressive.renderer.table.cell", "type": "class", "name": "String", "superClass": "qx.ui.progressive.renderer.table.cell.Abstract"}, "type": "class", "children": [{"attributes": {"text": "<p>Table Cell Renderer for Progressive.</p>"}, "type": "desc"}, {"attributes": {}, "type": "constructor", "children": [{"attributes": {"line": 30, "isCtor": true, "overriddenFrom": "qx.core.Object", "name": "ctor"}, "type": "method", "children": [{"attributes": {"text": ""}, "type": "desc"}]}]}, {"attributes": {}, "type": "methods", "children": [{"attributes": {"access": "protected", "docFrom": "qx.ui.progressive.renderer.table.cell.Abstract", "line": 39, "overriddenFrom": "qx.ui.progressive.renderer.table.cell.Abstract", "name": "_getContentHtml"}, "type": "method", "children": [{"attributes": {}, "type": "params", "children": [{"attributes": {"name": "cellInfo"}, "type": "param"}]}]}]}]}