{"attributes": {"fullName": "qx.ui.treevirtual.SimpleTreeDataRowRenderer", "packageName": "qx.ui.treevirtual", "type": "class", "name": "SimpleTreeDataRowRenderer", "superClass": "qx.ui.table.rowrenderer.Default"}, "type": "class", "children": [{"attributes": {"text": "<p>A data row renderer for a simple tree row</p>"}, "type": "desc"}, {"attributes": {}, "type": "constructor", "children": [{"attributes": {"docFrom": "qx.core.Object", "line": 36, "isCtor": true, "overriddenFrom": "qx.ui.table.rowrenderer.Default", "name": "ctor"}, "type": "method"}]}, {"attributes": {}, "type": "methods", "children": [{"attributes": {"docFrom": "qx.ui.table.IRowRenderer", "line": 52, "overriddenFrom": "qx.ui.table.rowrenderer.Default", "name": "updateDataRowElement"}, "type": "method", "children": [{"attributes": {}, "type": "params", "children": [{"attributes": {"name": "rowInfo"}, "type": "param"}, {"attributes": {"name": "rowElem"}, "type": "param"}]}]}]}]}