{"attributes": {"fullName": "qx.util.fsm.Transition", "packageName": "qx.util.fsm", "type": "class", "name": "Transition", "superClass": "qx.core.Object"}, "type": "class", "children": [{"attributes": {"text": "<p>Create a new possible transition from one state to another.</p>"}, "type": "desc"}, {"attributes": {}, "type": "constructor", "children": [{"attributes": {"line": 131, "isCtor": true, "overriddenFrom": "qx.core.Object", "name": "ctor"}, "type": "method", "children": [{"attributes": {}, "type": "params", "children": [{"attributes": {"name": "transitionName"}, "type": "param", "children": [{"attributes": {"text": "<p>The name of this transition, used in debug messages.</p>"}, "type": "desc"}, {"attributes": {}, "type": "types", "children": [{"attributes": {"type": "String"}, "type": "entry"}]}]}, {"attributes": {"name": "transitionInfo"}, "type": "param", "children": [{"attributes": {"text": "<pre> An object optionally containing any of the following properties: context - A context in which all of the following functions should be run. predicate - A function which is called to determine whether this transition is acceptable.  An acceptable transition will cause the transition's \"ontransition\" function to be run, the current state's \"onexit\" function to be run, and the new state's \"onentry\" function to be run. The predicate function's signature is function(fsm, event) and it is saved in the predicate property of the transition object.  In the predicate function: fsm - The finite state machine object to which this state is attached. event - The event that caused a run of the finite state machine The predicate function should return one of the following three values: - true means the transition is acceptable - false means the transition is not acceptable, and the next transition (if one exists) should be tried to determine if it is acceptable - null means that the transition determined that no further transitions should be tried.  This might be used when the transition ascertained that the event is for a target that is not available in the current state, and the event has called fsm.queueEvent() to have the event delivered upon state transition. It is possible to create a default predicate -- one that will cause a transition to be acceptable always -- by either not providing a predicate property, or by explicitely either setting the predicate property to 'true' or setting it to a function that unconditionally returns 'true'.  This default transition should, of course, always be the last transition added to a state, since no transition added after it will ever be tried. nextState - The state to which we transition, if the predicate returns true (meaning the transition is acceptable).  The value of nextState may be: - a string, the state name of the state to transition to - One of the constants: - qx.util.fsm.FiniteStateMachine.StateChange.CURRENT_STATE: Remain in whatever is the current state - qx.util.fsm.FiniteStateMachine.StateChange.POP_STATE_STACK: Transition to the state at the top of the saved-state stack, and remove the top element from the saved-state stack.  Elements are added to the saved-state stack using fsm.pushState().  It is an error if no state exists on the saved-state stack. - qx.util.fsm.FiniteStateMachine.StateChange.TERMINATE: TBD autoActionsBeforeOntransition - autoActionsAfterOntransition - Automatic actions which take place at the time specified by the property name.  In all cases, the action takes place immediately before or after the specified function. The property value for each of these properties is an object which describes some number of functions to invoke on a set of specified objects (typically widgets). See {@link qx.util.fsm.State} for an example of autoActions. ontransition - A function which is called if the predicate function for this transition returns true.  Its signature is function(fsm, event) and it is saved in the ontransition property of the transition object. In the ontransition function: fsm - The finite state machine object to which this state is attached. event - The event that caused a run of the finite state machine Additional properties may be provided in transInfo.  They will not be used by the finite state machine, but will be available via this.getUserData(\"\") during the transition's predicate and ontransition functions. </pre>"}, "type": "desc"}, {"attributes": {}, "type": "types", "children": [{"attributes": {"type": "Object"}, "type": "entry"}]}]}]}, {"attributes": {"text": ""}, "type": "desc"}]}]}, {"attributes": {}, "type": "methods", "children": [{"attributes": {"access": "private", "line": 426, "name": "__bindIfFunction"}, "type": "method", "children": [{"attributes": {}, "type": "params", "children": [{"attributes": {"name": "f"}, "type": "param", "children": [{"attributes": {"text": "<p>The (possibly) function to be bound to the specified context.</p>"}, "type": "desc"}, {"attributes": {}, "type": "types", "children": [{"attributes": {"type": "Function"}, "type": "entry"}, {"attributes": {"type": "var"}, "type": "entry"}]}]}, {"attributes": {"name": "context"}, "type": "param", "children": [{"attributes": {"text": "<p>The context to bind the function to.</p>"}, "type": "desc"}, {"attributes": {}, "type": "types", "children": [{"attributes": {"type": "Object"}, "type": "entry"}]}]}]}, {"attributes": {"text": "<p>If given a function, bind it to a specified context.</p>"}, "type": "desc"}, {"attributes": {}, "type": "return", "children": [{"attributes": {"text": "<p>If f was a function, the return value is f wrapped such that it will be called in the specified context. Otherwise, f is returned unaltered.</p>"}, "type": "desc"}, {"attributes": {}, "type": "types", "children": [{"attributes": {"type": "Function"}, "type": "entry"}]}]}]}, {"attributes": {"access": "private", "line": 378, "name": "__transformAutoActionsAfterOntransition"}, "type": "method", "children": [{"attributes": {}, "type": "params", "children": [{"attributes": {"name": "value"}, "type": "param", "children": [{"attributes": {"text": "<p>Current value</p>"}, "type": "desc"}, {"attributes": {}, "type": "types", "children": [{"attributes": {"type": "var"}, "type": "entry"}]}]}]}, {"attributes": {"text": "<p>Internal transform method</p>"}, "type": "desc"}, {"attributes": {}, "type": "return", "children": [{"attributes": {"text": "<p>the final value</p>"}, "type": "desc"}, {"attributes": {}, "type": "types", "children": [{"attributes": {"type": "Function"}, "type": "entry"}]}]}]}, {"attributes": {"access": "private", "line": 363, "name": "__transformAutoActionsBeforeOntransition"}, "type": "method", "children": [{"attributes": {}, "type": "params", "children": [{"attributes": {"name": "value"}, "type": "param", "children": [{"attributes": {"text": "<p>Current value</p>"}, "type": "desc"}, {"attributes": {}, "type": "types", "children": [{"attributes": {"type": "var"}, "type": "entry"}]}]}]}, {"attributes": {"text": "<p>Internal transform method</p>"}, "type": "desc"}, {"attributes": {}, "type": "return", "children": [{"attributes": {"text": "<p>the final value</p>"}, "type": "desc"}, {"attributes": {}, "type": "types", "children": [{"attributes": {"type": "Function"}, "type": "entry"}]}]}]}, {"attributes": {"access": "private", "line": 324, "name": "__transformNextState"}, "type": "method", "children": [{"attributes": {}, "type": "params", "children": [{"attributes": {"name": "value"}, "type": "param", "children": [{"attributes": {"text": "<p>Current value</p>"}, "type": "desc"}, {"attributes": {}, "type": "types", "children": [{"attributes": {"type": "var"}, "type": "entry"}]}]}]}, {"attributes": {"text": "<p>Internal transform method</p>"}, "type": "desc"}, {"attributes": {}, "type": "return", "children": [{"attributes": {"text": "<p>the final value</p>"}, "type": "desc"}, {"attributes": {}, "type": "types", "children": [{"attributes": {"type": "Function"}, "type": "entry"}]}]}]}, {"attributes": {"access": "private", "line": 393, "name": "__transformOntransition"}, "type": "method", "children": [{"attributes": {}, "type": "params", "children": [{"attributes": {"name": "value"}, "type": "param", "children": [{"attributes": {"text": "<p>Current value</p>"}, "type": "desc"}, {"attributes": {}, "type": "types", "children": [{"attributes": {"type": "var"}, "type": "entry"}]}]}]}, {"attributes": {"text": "<p>Internal transform method</p>"}, "type": "desc"}, {"attributes": {}, "type": "return", "children": [{"attributes": {"text": "<p>the final value</p>"}, "type": "desc"}, {"attributes": {}, "type": "types", "children": [{"attributes": {"type": "Function"}, "type": "entry"}]}]}]}, {"attributes": {"access": "private", "line": 288, "name": "__transformPredicate"}, "type": "method", "children": [{"attributes": {}, "type": "params", "children": [{"attributes": {"name": "value"}, "type": "param", "children": [{"attributes": {"text": "<p>incoming value</p>"}, "type": "desc"}, {"attributes": {}, "type": "types", "children": [{"attributes": {"type": "var"}, "type": "entry"}]}]}]}, {"attributes": {"text": "<p>Validate the predicate. Converts all incoming values to functions.</p>"}, "type": "desc"}, {"attributes": {}, "type": "return", "children": [{"attributes": {"text": "<p>predicate function</p>"}, "type": "desc"}, {"attributes": {}, "type": "types", "children": [{"attributes": {"type": "Function"}, "type": "entry"}]}]}]}, {"attributes": {"name": "getAutoActionsAfterOntransition", "fromProperty": "autoActionsAfterOntransition"}, "type": "method", "children": [{"attributes": {"text": "<p>Returns the (computed) value of the property <code>autoActionsAfterOntransition</code>.</p>\n\n<p>For further details take a look at the property definition: {@link #autoActionsAfterOntransition}.</p>"}, "type": "desc"}, {"attributes": {}, "type": "return", "children": [{"attributes": {"text": "<p>(Computed) value of <code>autoActionsAfterOntransition</code>.</p>"}, "type": "desc"}, {"attributes": {}, "type": "types", "children": [{"attributes": {"type": "var"}, "type": "entry"}]}]}]}, {"attributes": {"name": "getAutoActionsBeforeOntransition", "fromProperty": "autoActionsBeforeOntransition"}, "type": "method", "children": [{"attributes": {"text": "<p>Returns the (computed) value of the property <code>autoActionsBeforeOntransition</code>.</p>\n\n<p>For further details take a look at the property definition: {@link #autoActionsBeforeOntransition}.</p>"}, "type": "desc"}, {"attributes": {}, "type": "return", "children": [{"attributes": {"text": "<p>(Computed) value of <code>autoActionsBeforeOntransition</code>.</p>"}, "type": "desc"}, {"attributes": {}, "type": "types", "children": [{"attributes": {"type": "var"}, "type": "entry"}]}]}]}, {"attributes": {"name": "getName", "fromProperty": "name"}, "type": "method", "children": [{"attributes": {"text": "<p>Returns the (computed) value of the property <code>name</code>.</p>\n\n<p>For further details take a look at the property definition: {@link #name}.</p>"}, "type": "desc"}, {"attributes": {}, "type": "return", "children": [{"attributes": {"text": "<p>(Computed) value of <code>name</code>.</p>"}, "type": "desc"}, {"attributes": {}, "type": "types", "children": [{"attributes": {"type": "var"}, "type": "entry"}]}]}]}, {"attributes": {"name": "getNextState", "fromProperty": "nextState"}, "type": "method", "children": [{"attributes": {"text": "<p>Returns the (computed) value of the property <code>nextState</code>.</p>\n\n<p>For further details take a look at the property definition: {@link #nextState}.</p>"}, "type": "desc"}, {"attributes": {}, "type": "return", "children": [{"attributes": {"text": "<p>(Computed) value of <code>nextState</code>.</p>"}, "type": "desc"}, {"attributes": {}, "type": "types", "children": [{"attributes": {"type": "var"}, "type": "entry"}]}]}]}, {"attributes": {"name": "getOntransition", "fromProperty": "ontransition"}, "type": "method", "children": [{"attributes": {"text": "<p>Returns the (computed) value of the property <code>ontransition</code>.</p>\n\n<p>For further details take a look at the property definition: {@link #ontransition}.</p>"}, "type": "desc"}, {"attributes": {}, "type": "return", "children": [{"attributes": {"text": "<p>(Computed) value of <code>ontransition</code>.</p>"}, "type": "desc"}, {"attributes": {}, "type": "types", "children": [{"attributes": {"type": "var"}, "type": "entry"}]}]}]}, {"attributes": {"name": "getPredicate", "fromProperty": "predicate"}, "type": "method", "children": [{"attributes": {"text": "<p>Returns the (computed) value of the property <code>predicate</code>.</p>\n\n<p>For further details take a look at the property definition: {@link #predicate}.</p>"}, "type": "desc"}, {"attributes": {}, "type": "return", "children": [{"attributes": {"text": "<p>(Computed) value of <code>predicate</code>.</p>"}, "type": "desc"}, {"attributes": {}, "type": "types", "children": [{"attributes": {"type": "var"}, "type": "entry"}]}]}]}, {"attributes": {"access": "protected", "name": "initAutoActionsAfterOntransition", "fromProperty": "autoActionsAfterOntransition"}, "type": "method", "children": [{"attributes": {}, "type": "params", "children": [{"attributes": {"name": "value"}, "type": "param", "children": [{"attributes": {"text": "<p>Initial value for property <code>autoActionsAfterOntransition</code>.</p>"}, "type": "desc"}, {"attributes": {}, "type": "types", "children": [{"attributes": {"type": "var"}, "type": "entry"}]}]}]}, {"attributes": {"text": "<p>Calls the apply method and dispatches the change event of the property <code>autoActionsAfterOntransition</code>\nwith the default value defined by the class developer. This function can\nonly be called from the constructor of a class.</p>\n\n<p>For further details take a look at the property definition: {@link #autoActionsAfterOntransition}.</p>"}, "type": "desc"}, {"attributes": {}, "type": "return", "children": [{"attributes": {"text": "<p>the default value</p>"}, "type": "desc"}, {"attributes": {}, "type": "types", "children": [{"attributes": {"type": "var"}, "type": "entry"}]}]}]}, {"attributes": {"access": "protected", "name": "initAutoActionsBeforeOntransition", "fromProperty": "autoActionsBeforeOntransition"}, "type": "method", "children": [{"attributes": {}, "type": "params", "children": [{"attributes": {"name": "value"}, "type": "param", "children": [{"attributes": {"text": "<p>Initial value for property <code>autoActionsBeforeOntransition</code>.</p>"}, "type": "desc"}, {"attributes": {}, "type": "types", "children": [{"attributes": {"type": "var"}, "type": "entry"}]}]}]}, {"attributes": {"text": "<p>Calls the apply method and dispatches the change event of the property <code>autoActionsBeforeOntransition</code>\nwith the default value defined by the class developer. This function can\nonly be called from the constructor of a class.</p>\n\n<p>For further details take a look at the property definition: {@link #autoActionsBeforeOntransition}.</p>"}, "type": "desc"}, {"attributes": {}, "type": "return", "children": [{"attributes": {"text": "<p>the default value</p>"}, "type": "desc"}, {"attributes": {}, "type": "types", "children": [{"attributes": {"type": "var"}, "type": "entry"}]}]}]}, {"attributes": {"access": "protected", "name": "initName", "fromProperty": "name"}, "type": "method", "children": [{"attributes": {}, "type": "params", "children": [{"attributes": {"name": "value"}, "type": "param", "children": [{"attributes": {"text": "<p>Initial value for property <code>name</code>.</p>"}, "type": "desc"}, {"attributes": {}, "type": "types", "children": [{"attributes": {"type": "var"}, "type": "entry"}]}]}]}, {"attributes": {"text": "<p>Calls the apply method and dispatches the change event of the property <code>name</code>\nwith the default value defined by the class developer. This function can\nonly be called from the constructor of a class.</p>\n\n<p>For further details take a look at the property definition: {@link #name}.</p>"}, "type": "desc"}, {"attributes": {}, "type": "return", "children": [{"attributes": {"text": "<p>the default value</p>"}, "type": "desc"}, {"attributes": {}, "type": "types", "children": [{"attributes": {"type": "var"}, "type": "entry"}]}]}]}, {"attributes": {"access": "protected", "name": "initNextState", "fromProperty": "nextState"}, "type": "method", "children": [{"attributes": {}, "type": "params", "children": [{"attributes": {"name": "value"}, "type": "param", "children": [{"attributes": {"text": "<p>Initial value for property <code>nextState</code>.</p>"}, "type": "desc"}, {"attributes": {}, "type": "types", "children": [{"attributes": {"type": "var"}, "type": "entry"}]}]}]}, {"attributes": {"text": "<p>Calls the apply method and dispatches the change event of the property <code>nextState</code>\nwith the default value defined by the class developer. This function can\nonly be called from the constructor of a class.</p>\n\n<p>For further details take a look at the property definition: {@link #nextState}.</p>"}, "type": "desc"}, {"attributes": {}, "type": "return", "children": [{"attributes": {"text": "<p>the default value</p>"}, "type": "desc"}, {"attributes": {}, "type": "types", "children": [{"attributes": {"type": "var"}, "type": "entry"}]}]}]}, {"attributes": {"access": "protected", "name": "initOntransition", "fromProperty": "ontransition"}, "type": "method", "children": [{"attributes": {}, "type": "params", "children": [{"attributes": {"name": "value"}, "type": "param", "children": [{"attributes": {"text": "<p>Initial value for property <code>ontransition</code>.</p>"}, "type": "desc"}, {"attributes": {}, "type": "types", "children": [{"attributes": {"type": "var"}, "type": "entry"}]}]}]}, {"attributes": {"text": "<p>Calls the apply method and dispatches the change event of the property <code>ontransition</code>\nwith the default value defined by the class developer. This function can\nonly be called from the constructor of a class.</p>\n\n<p>For further details take a look at the property definition: {@link #ontransition}.</p>"}, "type": "desc"}, {"attributes": {}, "type": "return", "children": [{"attributes": {"text": "<p>the default value</p>"}, "type": "desc"}, {"attributes": {}, "type": "types", "children": [{"attributes": {"type": "var"}, "type": "entry"}]}]}]}, {"attributes": {"access": "protected", "name": "initPredicate", "fromProperty": "predicate"}, "type": "method", "children": [{"attributes": {}, "type": "params", "children": [{"attributes": {"name": "value"}, "type": "param", "children": [{"attributes": {"text": "<p>Initial value for property <code>predicate</code>.</p>"}, "type": "desc"}, {"attributes": {}, "type": "types", "children": [{"attributes": {"type": "var"}, "type": "entry"}]}]}]}, {"attributes": {"text": "<p>Calls the apply method and dispatches the change event of the property <code>predicate</code>\nwith the default value defined by the class developer. This function can\nonly be called from the constructor of a class.</p>\n\n<p>For further details take a look at the property definition: {@link #predicate}.</p>"}, "type": "desc"}, {"attributes": {}, "type": "return", "children": [{"attributes": {"text": "<p>the default value</p>"}, "type": "desc"}, {"attributes": {}, "type": "types", "children": [{"attributes": {"type": "var"}, "type": "entry"}]}]}]}, {"attributes": {"name": "resetAutoActionsAfterOntransition", "fromProperty": "autoActionsAfterOntransition"}, "type": "method", "children": [{"attributes": {"text": "<p>Resets the user value of the property <code>autoActionsAfterOntransition</code>.</p>\n\n<p>The computed value falls back to the next available value e.g. appearance, init or\ninheritance value depeneding on the property configuration and value availability.</p>\n\n<p>For further details take a look at the property definition: {@link #autoActionsAfterOntransition}.</p>"}, "type": "desc"}]}, {"attributes": {"name": "resetAutoActionsBeforeOntransition", "fromProperty": "autoActionsBeforeOntransition"}, "type": "method", "children": [{"attributes": {"text": "<p>Resets the user value of the property <code>autoActionsBeforeOntransition</code>.</p>\n\n<p>The computed value falls back to the next available value e.g. appearance, init or\ninheritance value depeneding on the property configuration and value availability.</p>\n\n<p>For further details take a look at the property definition: {@link #autoActionsBeforeOntransition}.</p>"}, "type": "desc"}]}, {"attributes": {"name": "resetName", "fromProperty": "name"}, "type": "method", "children": [{"attributes": {"text": "<p>Resets the user value of the property <code>name</code>.</p>\n\n<p>The computed value falls back to the next available value e.g. appearance, init or\ninheritance value depeneding on the property configuration and value availability.</p>\n\n<p>For further details take a look at the property definition: {@link #name}.</p>"}, "type": "desc"}]}, {"attributes": {"name": "resetNextState", "fromProperty": "nextState"}, "type": "method", "children": [{"attributes": {"text": "<p>Resets the user value of the property <code>nextState</code>.</p>\n\n<p>The computed value falls back to the next available value e.g. appearance, init or\ninheritance value depeneding on the property configuration and value availability.</p>\n\n<p>For further details take a look at the property definition: {@link #nextState}.</p>"}, "type": "desc"}]}, {"attributes": {"name": "resetOntransition", "fromProperty": "ontransition"}, "type": "method", "children": [{"attributes": {"text": "<p>Resets the user value of the property <code>ontransition</code>.</p>\n\n<p>The computed value falls back to the next available value e.g. appearance, init or\ninheritance value depeneding on the property configuration and value availability.</p>\n\n<p>For further details take a look at the property definition: {@link #ontransition}.</p>"}, "type": "desc"}]}, {"attributes": {"name": "resetPredicate", "fromProperty": "predicate"}, "type": "method", "children": [{"attributes": {"text": "<p>Resets the user value of the property <code>predicate</code>.</p>\n\n<p>The computed value falls back to the next available value e.g. appearance, init or\ninheritance value depeneding on the property configuration and value availability.</p>\n\n<p>For further details take a look at the property definition: {@link #predicate}.</p>"}, "type": "desc"}]}, {"attributes": {"name": "setAutoActionsAfterOntransition", "fromProperty": "autoActionsAfterOntransition"}, "type": "method", "children": [{"attributes": {}, "type": "params", "children": [{"attributes": {"name": "value"}, "type": "param", "children": [{"attributes": {"text": "<p>New value for property <code>autoActionsAfterOntransition</code>.</p>"}, "type": "desc"}, {"attributes": {}, "type": "types", "children": [{"attributes": {"type": "var"}, "type": "entry"}]}]}]}, {"attributes": {"text": "<p>Sets the user value of the property <code>autoActionsAfterOntransition</code>.</p>\n\n<p>For further details take a look at the property definition: {@link #autoActionsAfterOntransition}.</p>"}, "type": "desc"}, {"attributes": {}, "type": "return", "children": [{"attributes": {"text": "<p>The unmodified incoming value.</p>"}, "type": "desc"}, {"attributes": {}, "type": "types", "children": [{"attributes": {"type": "var"}, "type": "entry"}]}]}]}, {"attributes": {"name": "setAutoActionsBeforeOntransition", "fromProperty": "autoActionsBeforeOntransition"}, "type": "method", "children": [{"attributes": {}, "type": "params", "children": [{"attributes": {"name": "value"}, "type": "param", "children": [{"attributes": {"text": "<p>New value for property <code>autoActionsBeforeOntransition</code>.</p>"}, "type": "desc"}, {"attributes": {}, "type": "types", "children": [{"attributes": {"type": "var"}, "type": "entry"}]}]}]}, {"attributes": {"text": "<p>Sets the user value of the property <code>autoActionsBeforeOntransition</code>.</p>\n\n<p>For further details take a look at the property definition: {@link #autoActionsBeforeOntransition}.</p>"}, "type": "desc"}, {"attributes": {}, "type": "return", "children": [{"attributes": {"text": "<p>The unmodified incoming value.</p>"}, "type": "desc"}, {"attributes": {}, "type": "types", "children": [{"attributes": {"type": "var"}, "type": "entry"}]}]}]}, {"attributes": {"name": "setName", "fromProperty": "name"}, "type": "method", "children": [{"attributes": {}, "type": "params", "children": [{"attributes": {"name": "value"}, "type": "param", "children": [{"attributes": {"text": "<p>New value for property <code>name</code>.</p>"}, "type": "desc"}, {"attributes": {}, "type": "types", "children": [{"attributes": {"type": "var"}, "type": "entry"}]}]}]}, {"attributes": {"text": "<p>Sets the user value of the property <code>name</code>.</p>\n\n<p>For further details take a look at the property definition: {@link #name}.</p>"}, "type": "desc"}, {"attributes": {}, "type": "return", "children": [{"attributes": {"text": "<p>The unmodified incoming value.</p>"}, "type": "desc"}, {"attributes": {}, "type": "types", "children": [{"attributes": {"type": "var"}, "type": "entry"}]}]}]}, {"attributes": {"name": "setNextState", "fromProperty": "nextState"}, "type": "method", "children": [{"attributes": {}, "type": "params", "children": [{"attributes": {"name": "value"}, "type": "param", "children": [{"attributes": {"text": "<p>New value for property <code>nextState</code>.</p>"}, "type": "desc"}, {"attributes": {}, "type": "types", "children": [{"attributes": {"type": "var"}, "type": "entry"}]}]}]}, {"attributes": {"text": "<p>Sets the user value of the property <code>nextState</code>.</p>\n\n<p>For further details take a look at the property definition: {@link #nextState}.</p>"}, "type": "desc"}, {"attributes": {}, "type": "return", "children": [{"attributes": {"text": "<p>The unmodified incoming value.</p>"}, "type": "desc"}, {"attributes": {}, "type": "types", "children": [{"attributes": {"type": "var"}, "type": "entry"}]}]}]}, {"attributes": {"name": "setOntransition", "fromProperty": "ontransition"}, "type": "method", "children": [{"attributes": {}, "type": "params", "children": [{"attributes": {"name": "value"}, "type": "param", "children": [{"attributes": {"text": "<p>New value for property <code>ontransition</code>.</p>"}, "type": "desc"}, {"attributes": {}, "type": "types", "children": [{"attributes": {"type": "var"}, "type": "entry"}]}]}]}, {"attributes": {"text": "<p>Sets the user value of the property <code>ontransition</code>.</p>\n\n<p>For further details take a look at the property definition: {@link #ontransition}.</p>"}, "type": "desc"}, {"attributes": {}, "type": "return", "children": [{"attributes": {"text": "<p>The unmodified incoming value.</p>"}, "type": "desc"}, {"attributes": {}, "type": "types", "children": [{"attributes": {"type": "var"}, "type": "entry"}]}]}]}, {"attributes": {"name": "setPredicate", "fromProperty": "predicate"}, "type": "method", "children": [{"attributes": {}, "type": "params", "children": [{"attributes": {"name": "value"}, "type": "param", "children": [{"attributes": {"text": "<p>New value for property <code>predicate</code>.</p>"}, "type": "desc"}, {"attributes": {}, "type": "types", "children": [{"attributes": {"type": "var"}, "type": "entry"}]}]}]}, {"attributes": {"text": "<p>Sets the user value of the property <code>predicate</code>.</p>\n\n<p>For further details take a look at the property definition: {@link #predicate}.</p>"}, "type": "desc"}, {"attributes": {}, "type": "return", "children": [{"attributes": {"text": "<p>The unmodified incoming value.</p>"}, "type": "desc"}, {"attributes": {}, "type": "types", "children": [{"attributes": {"type": "var"}, "type": "entry"}]}]}]}]}, {"attributes": {}, "type": "properties", "children": [{"attributes": {"defaultValue": "[Unsupported item type: function]", "name": "autoActionsAfterOntransition", "propertyType": "new"}, "type": "property", "children": [{"attributes": {"text": "<p>Automatic actions to take immediately after calling the transition&#8217;s\nontransition function.  This is documented in the constructor, and is\ntypically provided through the constructor&#8217;s transitionInfo object, but\nit is also possible (but highly <span class=\"caps\">NOT</span> recommended) to change this\ndynamically.</p>"}, "type": "desc"}]}, {"attributes": {"defaultValue": "[Unsupported item type: function]", "name": "autoActionsBeforeOntransition", "propertyType": "new"}, "type": "property", "children": [{"attributes": {"text": "<p>Automatic actions to take prior to calling the transition&#8217;s\nontransition function.  This is documented in the constructor, and is\ntypically provided through the constructor&#8217;s transitionInfo object, but\nit is also possible (but highly <span class=\"caps\">NOT</span> recommended) to change this\ndynamically.</p>"}, "type": "desc"}]}, {"attributes": {"allowNull": "true", "propertyType": "new", "check": "String", "name": "name"}, "type": "property", "children": [{"attributes": {"text": "<p>The name of this transition</p>"}, "type": "desc"}]}, {"attributes": {"defaultValue": "qx.util.fsm.FiniteStateMachine.StateChange.CURRENT_STATE", "name": "nextState", "propertyType": "new"}, "type": "property", "children": [{"attributes": {"text": "<p>The state to transition to, if the predicate determines that this\ntransition is acceptable.  This is documented in the constructor, and\nis typically provided through the constructor&#8217;s transitionInfo object,\nbut it is also possible (but highly <span class=\"caps\">NOT</span> recommended) to change this\ndynamically.</p>"}, "type": "desc"}]}, {"attributes": {"defaultValue": "[Unsupported item type: function]", "name": "ontransition", "propertyType": "new"}, "type": "property", "children": [{"attributes": {"text": "<p>The function run when the transition is accepted.  This is documented\nin the constructor, and is typically provided through the constructor&#8217;s\ntransitionInfo object, but it is also possible (but highly <span class=\"caps\">NOT</span>\nrecommended) to change this dynamically.</p>"}, "type": "desc"}]}, {"attributes": {"defaultValue": "[Unsupported item type: function]", "name": "predicate", "propertyType": "new"}, "type": "property", "children": [{"attributes": {"text": "<p>The predicate function for this transition.  This is documented in the\nconstructor, and is typically provided through the constructor&#8217;s\ntransitionInfo object, but it is also possible (but highly <span class=\"caps\">NOT</span>\nrecommended) to change this dynamically.</p>"}, "type": "desc"}]}]}]}