{"attributes": {"fullName": "qx.ui.progressive.renderer.table.cell.Conditional", "packageName": "qx.ui.progressive.renderer.table.cell", "type": "class", "name": "Conditional", "superClass": "qx.ui.progressive.renderer.table.cell.Abstract"}, "type": "class", "children": [{"attributes": {"text": "<p>Table Cell Renderer for Progressive.</p>"}, "type": "desc"}, {"attributes": {}, "type": "constructor", "children": [{"attributes": {"line": 43, "isCtor": true, "overriddenFrom": "qx.core.Object", "name": "ctor"}, "type": "method", "children": [{"attributes": {}, "type": "params", "children": [{"attributes": {"name": "align"}, "type": "param", "children": [{"attributes": {"text": "<p>The default alignment to format the cell with if the condition matches.</p>"}, "type": "desc"}, {"attributes": {}, "type": "types", "children": [{"attributes": {"type": "String"}, "type": "entry"}]}]}, {"attributes": {"name": "color"}, "type": "param", "children": [{"attributes": {"text": "<p>The default color to format the cell with if the condition matches.</p>"}, "type": "desc"}, {"attributes": {}, "type": "types", "children": [{"attributes": {"type": "String"}, "type": "entry"}]}]}, {"attributes": {"name": "style"}, "type": "param", "children": [{"attributes": {"text": "<p>The default style to format the cell with if the condition matches.</p>"}, "type": "desc"}, {"attributes": {}, "type": "types", "children": [{"attributes": {"type": "String"}, "type": "entry"}]}]}, {"attributes": {"name": "weight"}, "type": "param", "children": [{"attributes": {"text": "<p>The default weight to format the cell with if the condition matches.</p>"}, "type": "desc"}, {"attributes": {}, "type": "types", "children": [{"attributes": {"type": "String"}, "type": "entry"}]}]}]}, {"attributes": {"text": ""}, "type": "desc"}]}]}, {"attributes": {}, "type": "methods", "children": [{"attributes": {"access": "private", "line": 92, "name": "__applyFormatting"}, "type": "method", "children": [{"attributes": {}, "type": "params", "children": [{"attributes": {"name": "condition"}, "type": "param", "children": [{"attributes": {"text": "<p>The matched condition</p>"}, "type": "desc"}, {"attributes": {}, "type": "types", "children": [{"attributes": {"type": "Array"}, "type": "entry"}]}]}, {"attributes": {"name": "style"}, "type": "param", "children": [{"attributes": {"text": "<p>map of already applied styles.</p>"}, "type": "desc"}, {"attributes": {}, "type": "types", "children": [{"attributes": {"type": "Map"}, "type": "entry"}]}]}]}, {"attributes": {"text": "<p>Applies the cell styles to the style map.</p>"}, "type": "desc"}]}, {"attributes": {"access": "protected", "line": 304, "overriddenFrom": "qx.ui.progressive.renderer.table.cell.Abstract", "name": "_getCellStyle"}, "type": "method", "children": [{"attributes": {}, "type": "params", "children": [{"attributes": {"name": "cellInfo"}, "type": "param", "children": [{"attributes": {"text": "<p>The information about the cell.  See {@link qx.ui.table.cellrenderer.Abstract#createDataCellHtml}.</p>"}, "type": "desc"}, {"attributes": {}, "type": "types", "children": [{"attributes": {"type": "Map"}, "type": "entry"}]}]}]}, {"attributes": {"text": "<p>Overridden; called whenever the cell updates. The cell will iterate\nthrough each available condition and apply formatting for those that\nmatch. Multiple conditions can match, but later conditions will\noverride earlier ones. Conditions with null values will stack with\nother conditions that apply to that value.</p>"}, "type": "desc"}, {"attributes": {}, "type": "return", "children": [{"attributes": {"text": ""}, "type": "desc"}, {"attributes": {}, "type": "types", "children": [{"attributes": {"type": "Map"}, "type": "entry"}]}]}]}, {"attributes": {"line": 215, "name": "addBetweenCondition"}, "type": "method", "children": [{"attributes": {}, "type": "params", "children": [{"attributes": {"name": "condition"}, "type": "param", "children": [{"attributes": {"text": "<p>The type of condition. Accepted strings are &#8220;between&#8221; and &#8221;!between&#8221;.</p>"}, "type": "desc"}, {"attributes": {}, "type": "types", "children": [{"attributes": {"type": "String"}, "type": "entry"}]}]}, {"attributes": {"name": "value1"}, "type": "param", "children": [{"attributes": {"text": "<p>The first value to compare against.</p>"}, "type": "desc"}, {"attributes": {}, "type": "types", "children": [{"attributes": {"type": "Integer"}, "type": "entry"}]}]}, {"attributes": {"name": "value2"}, "type": "param", "children": [{"attributes": {"text": "<p>The second value to compare against.</p>"}, "type": "desc"}, {"attributes": {}, "type": "types", "children": [{"attributes": {"type": "Integer"}, "type": "entry"}]}]}, {"attributes": {"name": "align"}, "type": "param", "children": [{"attributes": {"text": "<p>The alignment to format the cell with if the condition matches.</p>"}, "type": "desc"}, {"attributes": {}, "type": "types", "children": [{"attributes": {"type": "String"}, "type": "entry"}]}]}, {"attributes": {"name": "color"}, "type": "param", "children": [{"attributes": {"text": "<p>The color to format the cell with if the condition matches.</p>"}, "type": "desc"}, {"attributes": {}, "type": "types", "children": [{"attributes": {"type": "String"}, "type": "entry"}]}]}, {"attributes": {"name": "style"}, "type": "param", "children": [{"attributes": {"text": "<p>The style to format the cell with if the condition matches.</p>"}, "type": "desc"}, {"attributes": {}, "type": "types", "children": [{"attributes": {"type": "String"}, "type": "entry"}]}]}, {"attributes": {"name": "weight"}, "type": "param", "children": [{"attributes": {"text": "<p>The weight to format the cell with if the condition matches.</p>"}, "type": "desc"}, {"attributes": {}, "type": "types", "children": [{"attributes": {"type": "String"}, "type": "entry"}]}]}, {"attributes": {"name": "target"}, "type": "param", "children": [{"attributes": {"text": "<p>The text value of the column to compare against. If this is null, comparisons will be against the contents of this cell.</p>"}, "type": "desc"}, {"attributes": {}, "type": "types", "children": [{"attributes": {"type": "String"}, "type": "entry"}]}]}]}, {"attributes": {"text": "<p>The addBetweenCondition method is used to add a between condition to\nthe cell renderer.</p>\n\n<p>Note: Passing null is different from passing an empty string in the\nalign, color, style and weight arguments. Null will allow pre-existing\nformatting to pass through, where an empty string will clear it back to\nthe default formatting set in the constructor.</p>"}, "type": "desc"}, {"attributes": {}, "type": "throws", "children": [{"attributes": {"text": "<p>If the condition can not recognized or one of the values is null.</p>", "type": "Error"}, "type": "desc"}]}]}, {"attributes": {"line": 153, "name": "addNumericCondition"}, "type": "method", "children": [{"attributes": {}, "type": "params", "children": [{"attributes": {"name": "condition"}, "type": "param", "children": [{"attributes": {"text": "<p>The type of condition. Accepted strings are &#8221;==&#8221;, &#8221;!=&#8221;, &#8221;>&#8221;, &#8221;<\", \">=&#8221;, and &#8221;<=&#8221;.</p>"}, "type": "desc"}, {"attributes": {}, "type": "types", "children": [{"attributes": {"type": "String"}, "type": "entry"}]}]}, {"attributes": {"name": "value1"}, "type": "param", "children": [{"attributes": {"text": "<p>The value to compare against.</p>"}, "type": "desc"}, {"attributes": {}, "type": "types", "children": [{"attributes": {"type": "Integer"}, "type": "entry"}]}]}, {"attributes": {"name": "align"}, "type": "param", "children": [{"attributes": {"text": "<p>The alignment to format the cell with if the condition matches.</p>"}, "type": "desc"}, {"attributes": {}, "type": "types", "children": [{"attributes": {"type": "String"}, "type": "entry"}]}]}, {"attributes": {"name": "color"}, "type": "param", "children": [{"attributes": {"text": "<p>The color to format the cell with if the condition matches.</p>"}, "type": "desc"}, {"attributes": {}, "type": "types", "children": [{"attributes": {"type": "String"}, "type": "entry"}]}]}, {"attributes": {"name": "style"}, "type": "param", "children": [{"attributes": {"text": "<p>The style to format the cell with if the condition matches.</p>"}, "type": "desc"}, {"attributes": {}, "type": "types", "children": [{"attributes": {"type": "String"}, "type": "entry"}]}]}, {"attributes": {"name": "weight"}, "type": "param", "children": [{"attributes": {"text": "<p>The weight to format the cell with if the condition matches.</p>"}, "type": "desc"}, {"attributes": {}, "type": "types", "children": [{"attributes": {"type": "String"}, "type": "entry"}]}]}, {"attributes": {"name": "target"}, "type": "param", "children": [{"attributes": {"text": "<p>The text value of the column to compare against. If this is null, comparisons will be against the contents of this cell.</p>"}, "type": "desc"}, {"attributes": {}, "type": "types", "children": [{"attributes": {"type": "String"}, "type": "entry"}]}]}]}, {"attributes": {"text": "<p>The addNumericCondition method is used to add a basic numeric condition\nto the cell renderer.</p>\n\n<p>Note: Passing null is different from passing an empty string in the\nalign, color, style and weight arguments. Null will allow pre-existing\nformatting to pass through, where an empty string will clear it back to\nthe default formatting set in the constructor.</p>"}, "type": "desc"}, {"attributes": {}, "type": "throws", "children": [{"attributes": {"text": "<p>If the condition can not be recognized or the value is null.</p>", "type": "Error"}, "type": "desc"}]}]}, {"attributes": {"line": 271, "name": "addRegex"}, "type": "method", "children": [{"attributes": {}, "type": "params", "children": [{"attributes": {"name": "regex"}, "type": "param", "children": [{"attributes": {"text": "<p>The regular expression to match against.</p>"}, "type": "desc"}, {"attributes": {}, "type": "types", "children": [{"attributes": {"type": "String"}, "type": "entry"}]}]}, {"attributes": {"name": "align"}, "type": "param", "children": [{"attributes": {"text": "<p>The alignment to format the cell with if the condition matches.</p>"}, "type": "desc"}, {"attributes": {}, "type": "types", "children": [{"attributes": {"type": "String"}, "type": "entry"}]}]}, {"attributes": {"name": "color"}, "type": "param", "children": [{"attributes": {"text": "<p>The color to format the cell with if the condition matches.</p>"}, "type": "desc"}, {"attributes": {}, "type": "types", "children": [{"attributes": {"type": "String"}, "type": "entry"}]}]}, {"attributes": {"name": "style"}, "type": "param", "children": [{"attributes": {"text": "<p>The style to format the cell with if the condition matches.</p>"}, "type": "desc"}, {"attributes": {}, "type": "types", "children": [{"attributes": {"type": "String"}, "type": "entry"}]}]}, {"attributes": {"name": "weight"}, "type": "param", "children": [{"attributes": {"text": "<p>The weight to format the cell with if the condition matches.</p>"}, "type": "desc"}, {"attributes": {}, "type": "types", "children": [{"attributes": {"type": "String"}, "type": "entry"}]}]}, {"attributes": {"name": "target"}, "type": "param", "children": [{"attributes": {"text": "<p>The text value of the column to compare against. If this is null, comparisons will be against the contents of this cell.</p>"}, "type": "desc"}, {"attributes": {}, "type": "types", "children": [{"attributes": {"type": "String"}, "type": "entry"}]}]}]}, {"attributes": {"text": "<p>The addRegex method is used to add a regular expression condition to\nthe cell renderer.</p>\n\n<p>Note: Passing null is different from passing an empty string in the\nalign, color, style and weight arguments. Null will allow pre-existing\nformatting to pass through, where an empty string will clear it back to\nthe default formatting set in the constructor.</p>"}, "type": "desc"}, {"attributes": {}, "type": "throws", "children": [{"attributes": {"text": "<p>If the regex is null.</p>", "type": "Error"}, "type": "desc"}]}]}]}]}