{"attributes": {"name": "EventHandler", "packageName": "qx.ui.mobile.core", "superClass": "qx.core.Object", "fullName": "qx.ui.mobile.core.EventHandler", "type": "class", "interfaces": "qx.event.IEventHandler"}, "type": "class", "children": [{"attributes": {"text": "<p>Connects the widgets to the browser <span class=\"caps\">DOM</span> events.</p>"}, "type": "desc"}, {"attributes": {}, "type": "constructor", "children": [{"attributes": {"docFrom": "qx.core.Object", "line": 41, "isCtor": true, "overriddenFrom": "qx.core.Object", "name": "ctor"}, "type": "method"}]}, {"attributes": {}, "type": "methods-static", "children": [{"attributes": {"access": "private", "line": 231, "isStatic": true, "name": "__cancelActiveStateTimer"}, "type": "method", "children": [{"attributes": {"text": "<p>Cancels the active state timer.</p>"}, "type": "desc"}]}, {"attributes": {"access": "private", "line": 156, "isStatic": true, "name": "__onPointerDown"}, "type": "method", "children": [{"attributes": {}, "type": "params", "children": [{"attributes": {"name": "domEvent"}, "type": "param", "children": [{"attributes": {"text": "<p>The pointerdown event</p>"}, "type": "desc"}, {"attributes": {}, "type": "types", "children": [{"attributes": {"type": "qx.event.type.Pointer"}, "type": "entry"}]}]}]}, {"attributes": {"text": "<p>Event handler. Called when the pointerdown event occurs.\nSets the <code>active class to the event target after a certain\ntime.</p>"}, "type": "desc"}]}, {"attributes": {"access": "private", "line": 207, "isStatic": true, "name": "__onPointerMove"}, "type": "method", "children": [{"attributes": {}, "type": "params", "children": [{"attributes": {"name": "domEvent"}, "type": "param", "children": [{"attributes": {"text": "<p>The pointermove event</p>"}, "type": "desc"}, {"attributes": {}, "type": "types", "children": [{"attributes": {"type": "qx.event.type.Pointer"}, "type": "entry"}]}]}]}, {"attributes": {"text": "<p>Event handler. Called when the pointermove event occurs.\nRemoves the <code>active class from the event target\nwhen the viewport was scrolled.</p>"}, "type": "desc"}]}, {"attributes": {"access": "private", "line": 194, "isStatic": true, "name": "__onPointerUp"}, "type": "method", "children": [{"attributes": {}, "type": "params", "children": [{"attributes": {"name": "domEvent"}, "type": "param", "children": [{"attributes": {"text": "<p>The pointerup event</p>"}, "type": "desc"}, {"attributes": {}, "type": "types", "children": [{"attributes": {"type": "qx.event.type.Pointer"}, "type": "entry"}]}]}]}, {"attributes": {"text": "<p>Event handler. Called when the pointerup event occurs.\nRemoves the <code>active class from the event target.</p>"}, "type": "desc"}]}, {"attributes": {"access": "private", "line": 244, "isStatic": true, "name": "__removeActiveState"}, "type": "method", "children": [{"attributes": {"text": "<p>Removes the <code>active class from the active target.</p>"}, "type": "desc"}]}]}, {"attributes": {}, "type": "constants", "children": [{"attributes": {"access": "private", "type": "Null", "name": "__scrollTop", "value": "null"}, "type": "constant"}, {"attributes": {"access": "private", "type": "Null", "name": "__timer", "value": "null"}, "type": "constant"}, {"attributes": {"access": "private", "type": "Null", "name": "__startY", "value": "null"}, "type": "constant"}, {"attributes": {"access": "private", "type": "Null", "name": "__activeTarget", "value": "null"}, "type": "constant"}, {"attributes": {"name": "SUPPORTED_TYPES"}, "type": "constant", "children": [{"attributes": {"text": "<p>Supported event types. Identical to events map of qx.ui.core.Widget</p>"}, "type": "desc"}, {"attributes": {}, "type": "types", "children": [{"attributes": {"type": "Map"}, "type": "entry"}]}]}, {"attributes": {"name": "PRIORITY"}, "type": "constant", "children": [{"attributes": {"text": "<p>Priority of this handler</p>"}, "type": "desc"}, {"attributes": {}, "type": "types", "children": [{"attributes": {"type": "Integer"}, "type": "entry"}]}]}, {"attributes": {"access": "private", "type": "Null", "name": "__scrollLeft", "value": "null"}, "type": "constant"}, {"attributes": {"type": "Boolean", "name": "IGNORE_CAN_HANDLE", "value": "false"}, "type": "constant", "children": [{"attributes": {"text": "<p>Whether the method &#8220;canHandleEvent&#8221; must be called</p>"}, "type": "desc"}, {"attributes": {}, "type": "types", "children": [{"attributes": {"type": "Integer"}, "type": "entry"}]}]}]}, {"attributes": {}, "type": "methods", "children": [{"attributes": {"access": "protected", "line": 297, "name": "_dispatchEvent"}, "type": "method", "children": [{"attributes": {}, "type": "params", "children": [{"attributes": {"name": "domEvent"}, "type": "param", "children": [{"attributes": {"text": "<p>The event object to dispatch.</p>"}, "type": "desc"}, {"attributes": {}, "type": "types", "children": [{"attributes": {"type": "qx.event.type.Event"}, "type": "entry"}]}]}]}, {"attributes": {"text": "<p>Dispatches a <span class=\"caps\">DOM</span> event on a widget.</p>"}, "type": "desc"}]}, {"attributes": {"docFrom": "qx.event.IEventHandler", "line": 271, "name": "canHandleEvent"}, "type": "method", "children": [{"attributes": {}, "type": "params", "children": [{"attributes": {"name": "target"}, "type": "param"}, {"attributes": {"name": "type"}, "type": "param"}]}]}, {"attributes": {"docFrom": "qx.event.IEventHandler", "line": 277, "name": "registerEvent"}, "type": "method", "children": [{"attributes": {}, "type": "params", "children": [{"attributes": {"name": "target"}, "type": "param"}, {"attributes": {"name": "type"}, "type": "param"}, {"attributes": {"name": "capture"}, "type": "param"}]}]}, {"attributes": {"docFrom": "qx.event.IEventHandler", "line": 285, "name": "unregisterEvent"}, "type": "method", "children": [{"attributes": {}, "type": "params", "children": [{"attributes": {"name": "target"}, "type": "param"}, {"attributes": {"name": "type"}, "type": "param"}, {"attributes": {"name": "capture"}, "type": "param"}]}]}]}]}