{"attributes": {"name": "SinglePlaceholder", "packageName": "qx.ui.form.renderer", "superClass": "qx.ui.form.renderer.Single", "fullName": "qx.ui.form.renderer.SinglePlaceholder", "type": "class", "interfaces": "qx.ui.form.renderer.IFormRenderer"}, "type": "class", "children": [{"attributes": {"text": "<p>Renderer using the placeholder property of {@link qx.ui.form.AbstractField}\nto visualize the name.</p>"}, "type": "desc"}, {"attributes": {}, "type": "methods", "children": [{"attributes": {"docFrom": "qx.ui.form.renderer.IFormRenderer", "line": 31, "overriddenFrom": "qx.ui.form.renderer.Single", "name": "addItems"}, "type": "method", "children": [{"attributes": {}, "type": "params", "children": [{"attributes": {"name": "items"}, "type": "param"}, {"attributes": {"name": "names"}, "type": "param"}, {"attributes": {"name": "title"}, "type": "param"}]}]}]}]}