{"attributes": {"name": "CellStylesheet", "packageName": "qx.ui.virtual.cell", "superClass": "qx.core.Object", "isSingleton": true, "fullName": "qx.ui.virtual.cell.CellStylesheet", "type": "class"}, "type": "class", "children": [{"attributes": {"text": "<p>Singleton wrapper for the stylesheet containing the <span class=\"caps\">CSS</span> rules for <span class=\"caps\">HTML</span> cells.</p>\n\n<p><span class=\"caps\">EXPERIMENTAL</span>!</p>"}, "type": "desc"}, {"attributes": {}, "type": "constructor", "children": [{"attributes": {"docFrom": "qx.core.Object", "line": 31, "isCtor": true, "overriddenFrom": "qx.core.Object", "name": "ctor"}, "type": "method"}]}, {"attributes": {}, "type": "methods", "children": [{"attributes": {"access": "private", "line": 117, "name": "__getNextClassname"}, "type": "method", "children": [{"attributes": {"text": "<p>Get the next unique <span class=\"caps\">CSS</span> class name</p>"}, "type": "desc"}, {"attributes": {}, "type": "return", "children": [{"attributes": {"text": "<p>The next unique <span class=\"caps\">CSS</span> class name</p>"}, "type": "desc"}, {"attributes": {}, "type": "types", "children": [{"attributes": {"type": "String"}, "type": "entry"}]}]}]}, {"attributes": {"line": 96, "name": "computeClassForStyles"}, "type": "method", "children": [{"attributes": {}, "type": "params", "children": [{"attributes": {"name": "key"}, "type": "param", "children": [{"attributes": {"text": "<p>The key under which the class name should be stored</p>"}, "type": "desc"}, {"attributes": {}, "type": "types", "children": [{"attributes": {"type": "String"}, "type": "entry"}]}]}, {"attributes": {"name": "styleString"}, "type": "param", "children": [{"attributes": {"text": "<p>A compiled string of <span class=\"caps\">CSS</span> rules.</p>"}, "type": "desc"}, {"attributes": {}, "type": "types", "children": [{"attributes": {"type": "String"}, "type": "entry"}]}]}]}, {"attributes": {"text": "<p>Dynamically create a <span class=\"caps\">CSS</span> rule for the given style string. The selector is\nan unique class name, which is returned. The class is stored under the\ngiven key name and can be queried using {@link #getCssClass}.</p>"}, "type": "desc"}, {"attributes": {}, "type": "return", "children": [{"attributes": {"text": "<p>The <span class=\"caps\">CSS</span> class name.</p>"}, "type": "desc"}, {"attributes": {}, "type": "types", "children": [{"attributes": {"type": "String"}, "type": "entry"}]}]}]}, {"attributes": {"line": 82, "name": "getCssClass"}, "type": "method", "children": [{"attributes": {}, "type": "params", "children": [{"attributes": {"name": "key"}, "type": "param", "children": [{"attributes": {"text": "<p>The key under which the class name is stored</p>"}, "type": "desc"}, {"attributes": {}, "type": "types", "children": [{"attributes": {"type": "String"}, "type": "entry"}]}]}]}, {"attributes": {"text": "<p>Get the <span class=\"caps\">CSS</span> class stored under the given key</p>"}, "type": "desc"}, {"attributes": {}, "type": "return", "children": [{"attributes": {"text": "<p>The <span class=\"caps\">CSS</span> class stored under the given key or <code>null</code>.</p>"}, "type": "desc"}, {"attributes": {}, "type": "types", "children": [{"attributes": {"type": "String"}, "type": "entry"}, {"attributes": {"type": "null"}, "type": "entry"}]}]}]}, {"attributes": {"line": 70, "name": "getStylesheet"}, "type": "method", "children": [{"attributes": {"text": "<p>Get the <span class=\"caps\">DOM</span> stylesheet element</p>"}, "type": "desc"}, {"attributes": {}, "type": "return", "children": [{"attributes": {"text": "<p>The <span class=\"caps\">DOM</span> stylesheet element</p>"}, "type": "desc"}, {"attributes": {}, "type": "types", "children": [{"attributes": {"type": "StyleSheet"}, "type": "entry"}]}]}]}]}, {"attributes": {}, "type": "methods-static", "children": [{"attributes": {"line": 11, "isStatic": true, "name": "getInstance"}, "type": "method", "children": [{"attributes": {"text": "<p>Returns a singleton instance of this class. On the first call the class\nis instantiated by calling the constructor with no arguments. All following\ncalls will return this instance.</p>\n\n<p>This method has been added by setting the &#8220;type&#8221; key in the class definition\n({@link qx.Class#define}) to &#8220;singleton&#8221;.</p>"}, "type": "desc"}, {"attributes": {}, "type": "return", "children": [{"attributes": {"text": "<p>The singleton instance of this class.</p>"}, "type": "desc"}, {"attributes": {}, "type": "types", "children": [{"attributes": {"type": "qx.ui.virtual.cell.CellStylesheet"}, "type": "entry"}]}]}]}]}]}