{"attributes": {"fullName": "qx.ui.mobile.toolbar.ToolBar", "packageName": "qx.ui.mobile.toolbar", "type": "class", "name": "ToolBar", "superClass": "qx.ui.mobile.container.Composite"}, "type": "class", "children": [{"attributes": {"text": "<p>A toolbar widget.</p>"}, "type": "desc"}, {"attributes": {}, "type": "constructor", "children": [{"attributes": {"docFrom": "qx.ui.mobile.container.Composite", "line": 34, "isCtor": true, "overriddenFrom": "qx.ui.mobile.container.Composite", "name": "ctor"}, "type": "method", "children": [{"attributes": {}, "type": "params", "children": [{"attributes": {"name": "layout"}, "type": "param"}]}]}]}, {"attributes": {}, "type": "properties", "children": [{"attributes": {"name": "defaultCssClass", "docFrom": "qx.ui.mobile.core.Widget", "defaultValue": "\"toolbar\"", "refine": "true", "propertyType": "new", "overriddenFrom": "qx.ui.mobile.core.Widget"}, "type": "property"}]}, {"attributes": {}, "type": "methods", "children": [{"attributes": {"line": 76, "name": "add"}, "type": "method", "children": [{"attributes": {}, "type": "params", "children": [{"attributes": {"name": "child"}, "type": "param", "children": [{"attributes": {"text": "<p>the widget to add.</p>"}, "type": "desc"}, {"attributes": {}, "type": "types", "children": [{"attributes": {"type": "qx.ui.mobile.core.Widget"}, "type": "entry"}]}]}, {"attributes": {"defaultValue": "null", "optional": true, "name": "layoutProperties"}, "type": "param", "children": [{"attributes": {"text": "<p>Optional layout data for widget.</p>"}, "type": "desc"}, {"attributes": {}, "type": "types", "children": [{"attributes": {"type": "Map"}, "type": "entry"}]}]}]}, {"attributes": {"text": "<p>Adds a new child widget.</p>"}, "type": "desc"}]}]}]}