{"attributes": {"fullName": "qx.ui.progressive.State", "packageName": "qx.ui.progressive", "type": "class", "name": "State", "superClass": "qx.core.Object"}, "type": "class", "children": [{"attributes": {"text": "<p>State of renderering by Progressive.</p>"}, "type": "desc"}, {"attributes": {}, "type": "constructor", "children": [{"attributes": {"line": 46, "isCtor": true, "overriddenFrom": "qx.core.Object", "name": "ctor"}, "type": "method", "children": [{"attributes": {}, "type": "params", "children": [{"attributes": {"name": "initialState"}, "type": "param", "children": [{"attributes": {"text": "<p>Map containing these members: <dl> <dt>progressive</dt> <dd>see {@link #progressive}</dd> <dt>model</dt> <dd>see {@link #model}</dd> <dt>pane</dt> <dd>see {@link #pane}</dd> <dt>batchSize</dt> <dd>see {@link #batchSize}</dd> <dt>rendererData</dt> <dd>see {@link #rendererData}</dd> <dt>userData</dt> <dd>see {@link #userData}</dd> </dl></p>"}, "type": "desc"}, {"attributes": {}, "type": "types", "children": [{"attributes": {"type": "Map"}, "type": "entry"}]}]}]}, {"attributes": {"text": ""}, "type": "desc"}]}]}, {"attributes": {}, "type": "methods", "children": [{"attributes": {"name": "getBatchSize", "fromProperty": "batchSize"}, "type": "method", "children": [{"attributes": {"text": "<p>Returns the (computed) value of the property <code>batchSize</code>.</p>\n\n<p>For further details take a look at the property definition: {@link #batchSize}.</p>"}, "type": "desc"}, {"attributes": {}, "type": "return", "children": [{"attributes": {"text": "<p>(Computed) value of <code>batchSize</code>.</p>"}, "type": "desc"}, {"attributes": {}, "type": "types", "children": [{"attributes": {"type": "var"}, "type": "entry"}]}]}]}, {"attributes": {"name": "getModel", "fromProperty": "model"}, "type": "method", "children": [{"attributes": {"text": "<p>Returns the (computed) value of the property <code>model</code>.</p>\n\n<p>For further details take a look at the property definition: {@link #model}.</p>"}, "type": "desc"}, {"attributes": {}, "type": "return", "children": [{"attributes": {"text": "<p>(Computed) value of <code>model</code>.</p>"}, "type": "desc"}, {"attributes": {}, "type": "types", "children": [{"attributes": {"type": "var"}, "type": "entry"}]}]}]}, {"attributes": {"name": "getPane", "fromProperty": "pane"}, "type": "method", "children": [{"attributes": {"text": "<p>Returns the (computed) value of the property <code>pane</code>.</p>\n\n<p>For further details take a look at the property definition: {@link #pane}.</p>"}, "type": "desc"}, {"attributes": {}, "type": "return", "children": [{"attributes": {"text": "<p>(Computed) value of <code>pane</code>.</p>"}, "type": "desc"}, {"attributes": {}, "type": "types", "children": [{"attributes": {"type": "var"}, "type": "entry"}]}]}]}, {"attributes": {"name": "getProgressive", "fromProperty": "progressive"}, "type": "method", "children": [{"attributes": {"text": "<p>Returns the (computed) value of the property <code>progressive</code>.</p>\n\n<p>For further details take a look at the property definition: {@link #progressive}.</p>"}, "type": "desc"}, {"attributes": {}, "type": "return", "children": [{"attributes": {"text": "<p>(Computed) value of <code>progressive</code>.</p>"}, "type": "desc"}, {"attributes": {}, "type": "types", "children": [{"attributes": {"type": "var"}, "type": "entry"}]}]}]}, {"attributes": {"name": "getRendererData", "fromProperty": "rendererData"}, "type": "method", "children": [{"attributes": {"text": "<p>Returns the (computed) value of the property <code>rendererData</code>.</p>\n\n<p>For further details take a look at the property definition: {@link #rendererData}.</p>"}, "type": "desc"}, {"attributes": {}, "type": "return", "children": [{"attributes": {"text": "<p>(Computed) value of <code>rendererData</code>.</p>"}, "type": "desc"}, {"attributes": {}, "type": "types", "children": [{"attributes": {"type": "var"}, "type": "entry"}]}]}]}, {"attributes": {"overriddenFrom": "qx.core.Object", "name": "getUserData", "fromProperty": "userData"}, "type": "method", "children": [{"attributes": {"text": "<p>Returns the (computed) value of the property <code>userData</code>.</p>\n\n<p>For further details take a look at the property definition: {@link #userData}.</p>"}, "type": "desc"}, {"attributes": {}, "type": "return", "children": [{"attributes": {"text": "<p>(Computed) value of <code>userData</code>.</p>"}, "type": "desc"}, {"attributes": {}, "type": "types", "children": [{"attributes": {"type": "var"}, "type": "entry"}]}]}]}, {"attributes": {"access": "protected", "name": "initBatchSize", "fromProperty": "batchSize"}, "type": "method", "children": [{"attributes": {}, "type": "params", "children": [{"attributes": {"name": "value"}, "type": "param", "children": [{"attributes": {"text": "<p>Initial value for property <code>batchSize</code>.</p>"}, "type": "desc"}, {"attributes": {}, "type": "types", "children": [{"attributes": {"type": "var"}, "type": "entry"}]}]}]}, {"attributes": {"text": "<p>Calls the apply method and dispatches the change event of the property <code>batchSize</code>\nwith the default value defined by the class developer. This function can\nonly be called from the constructor of a class.</p>\n\n<p>For further details take a look at the property definition: {@link #batchSize}.</p>"}, "type": "desc"}, {"attributes": {}, "type": "return", "children": [{"attributes": {"text": "<p>the default value</p>"}, "type": "desc"}, {"attributes": {}, "type": "types", "children": [{"attributes": {"type": "var"}, "type": "entry"}]}]}]}, {"attributes": {"access": "protected", "name": "initModel", "fromProperty": "model"}, "type": "method", "children": [{"attributes": {}, "type": "params", "children": [{"attributes": {"name": "value"}, "type": "param", "children": [{"attributes": {"text": "<p>Initial value for property <code>model</code>.</p>"}, "type": "desc"}, {"attributes": {}, "type": "types", "children": [{"attributes": {"type": "var"}, "type": "entry"}]}]}]}, {"attributes": {"text": "<p>Calls the apply method and dispatches the change event of the property <code>model</code>\nwith the default value defined by the class developer. This function can\nonly be called from the constructor of a class.</p>\n\n<p>For further details take a look at the property definition: {@link #model}.</p>"}, "type": "desc"}, {"attributes": {}, "type": "return", "children": [{"attributes": {"text": "<p>the default value</p>"}, "type": "desc"}, {"attributes": {}, "type": "types", "children": [{"attributes": {"type": "var"}, "type": "entry"}]}]}]}, {"attributes": {"access": "protected", "name": "initPane", "fromProperty": "pane"}, "type": "method", "children": [{"attributes": {}, "type": "params", "children": [{"attributes": {"name": "value"}, "type": "param", "children": [{"attributes": {"text": "<p>Initial value for property <code>pane</code>.</p>"}, "type": "desc"}, {"attributes": {}, "type": "types", "children": [{"attributes": {"type": "var"}, "type": "entry"}]}]}]}, {"attributes": {"text": "<p>Calls the apply method and dispatches the change event of the property <code>pane</code>\nwith the default value defined by the class developer. This function can\nonly be called from the constructor of a class.</p>\n\n<p>For further details take a look at the property definition: {@link #pane}.</p>"}, "type": "desc"}, {"attributes": {}, "type": "return", "children": [{"attributes": {"text": "<p>the default value</p>"}, "type": "desc"}, {"attributes": {}, "type": "types", "children": [{"attributes": {"type": "var"}, "type": "entry"}]}]}]}, {"attributes": {"access": "protected", "name": "initProgressive", "fromProperty": "progressive"}, "type": "method", "children": [{"attributes": {}, "type": "params", "children": [{"attributes": {"name": "value"}, "type": "param", "children": [{"attributes": {"text": "<p>Initial value for property <code>progressive</code>.</p>"}, "type": "desc"}, {"attributes": {}, "type": "types", "children": [{"attributes": {"type": "var"}, "type": "entry"}]}]}]}, {"attributes": {"text": "<p>Calls the apply method and dispatches the change event of the property <code>progressive</code>\nwith the default value defined by the class developer. This function can\nonly be called from the constructor of a class.</p>\n\n<p>For further details take a look at the property definition: {@link #progressive}.</p>"}, "type": "desc"}, {"attributes": {}, "type": "return", "children": [{"attributes": {"text": "<p>the default value</p>"}, "type": "desc"}, {"attributes": {}, "type": "types", "children": [{"attributes": {"type": "var"}, "type": "entry"}]}]}]}, {"attributes": {"access": "protected", "name": "initRendererData", "fromProperty": "rendererData"}, "type": "method", "children": [{"attributes": {}, "type": "params", "children": [{"attributes": {"name": "value"}, "type": "param", "children": [{"attributes": {"text": "<p>Initial value for property <code>rendererData</code>.</p>"}, "type": "desc"}, {"attributes": {}, "type": "types", "children": [{"attributes": {"type": "var"}, "type": "entry"}]}]}]}, {"attributes": {"text": "<p>Calls the apply method and dispatches the change event of the property <code>rendererData</code>\nwith the default value defined by the class developer. This function can\nonly be called from the constructor of a class.</p>\n\n<p>For further details take a look at the property definition: {@link #rendererData}.</p>"}, "type": "desc"}, {"attributes": {}, "type": "return", "children": [{"attributes": {"text": "<p>the default value</p>"}, "type": "desc"}, {"attributes": {}, "type": "types", "children": [{"attributes": {"type": "var"}, "type": "entry"}]}]}]}, {"attributes": {"access": "protected", "name": "initUserData", "fromProperty": "userData"}, "type": "method", "children": [{"attributes": {}, "type": "params", "children": [{"attributes": {"name": "value"}, "type": "param", "children": [{"attributes": {"text": "<p>Initial value for property <code>userData</code>.</p>"}, "type": "desc"}, {"attributes": {}, "type": "types", "children": [{"attributes": {"type": "var"}, "type": "entry"}]}]}]}, {"attributes": {"text": "<p>Calls the apply method and dispatches the change event of the property <code>userData</code>\nwith the default value defined by the class developer. This function can\nonly be called from the constructor of a class.</p>\n\n<p>For further details take a look at the property definition: {@link #userData}.</p>"}, "type": "desc"}, {"attributes": {}, "type": "return", "children": [{"attributes": {"text": "<p>the default value</p>"}, "type": "desc"}, {"attributes": {}, "type": "types", "children": [{"attributes": {"type": "var"}, "type": "entry"}]}]}]}, {"attributes": {"name": "resetBatchSize", "fromProperty": "batchSize"}, "type": "method", "children": [{"attributes": {"text": "<p>Resets the user value of the property <code>batchSize</code>.</p>\n\n<p>The computed value falls back to the next available value e.g. appearance, init or\ninheritance value depeneding on the property configuration and value availability.</p>\n\n<p>For further details take a look at the property definition: {@link #batchSize}.</p>"}, "type": "desc"}]}, {"attributes": {"name": "resetModel", "fromProperty": "model"}, "type": "method", "children": [{"attributes": {"text": "<p>Resets the user value of the property <code>model</code>.</p>\n\n<p>The computed value falls back to the next available value e.g. appearance, init or\ninheritance value depeneding on the property configuration and value availability.</p>\n\n<p>For further details take a look at the property definition: {@link #model}.</p>"}, "type": "desc"}]}, {"attributes": {"name": "resetPane", "fromProperty": "pane"}, "type": "method", "children": [{"attributes": {"text": "<p>Resets the user value of the property <code>pane</code>.</p>\n\n<p>The computed value falls back to the next available value e.g. appearance, init or\ninheritance value depeneding on the property configuration and value availability.</p>\n\n<p>For further details take a look at the property definition: {@link #pane}.</p>"}, "type": "desc"}]}, {"attributes": {"name": "resetProgressive", "fromProperty": "progressive"}, "type": "method", "children": [{"attributes": {"text": "<p>Resets the user value of the property <code>progressive</code>.</p>\n\n<p>The computed value falls back to the next available value e.g. appearance, init or\ninheritance value depeneding on the property configuration and value availability.</p>\n\n<p>For further details take a look at the property definition: {@link #progressive}.</p>"}, "type": "desc"}]}, {"attributes": {"name": "resetRendererData", "fromProperty": "rendererData"}, "type": "method", "children": [{"attributes": {"text": "<p>Resets the user value of the property <code>rendererData</code>.</p>\n\n<p>The computed value falls back to the next available value e.g. appearance, init or\ninheritance value depeneding on the property configuration and value availability.</p>\n\n<p>For further details take a look at the property definition: {@link #rendererData}.</p>"}, "type": "desc"}]}, {"attributes": {"name": "resetUserData", "fromProperty": "userData"}, "type": "method", "children": [{"attributes": {"text": "<p>Resets the user value of the property <code>userData</code>.</p>\n\n<p>The computed value falls back to the next available value e.g. appearance, init or\ninheritance value depeneding on the property configuration and value availability.</p>\n\n<p>For further details take a look at the property definition: {@link #userData}.</p>"}, "type": "desc"}]}, {"attributes": {"name": "setBatchSize", "fromProperty": "batchSize"}, "type": "method", "children": [{"attributes": {}, "type": "params", "children": [{"attributes": {"name": "value"}, "type": "param", "children": [{"attributes": {"text": "<p>New value for property <code>batchSize</code>.</p>"}, "type": "desc"}, {"attributes": {}, "type": "types", "children": [{"attributes": {"type": "var"}, "type": "entry"}]}]}]}, {"attributes": {"text": "<p>Sets the user value of the property <code>batchSize</code>.</p>\n\n<p>For further details take a look at the property definition: {@link #batchSize}.</p>"}, "type": "desc"}, {"attributes": {}, "type": "return", "children": [{"attributes": {"text": "<p>The unmodified incoming value.</p>"}, "type": "desc"}, {"attributes": {}, "type": "types", "children": [{"attributes": {"type": "var"}, "type": "entry"}]}]}]}, {"attributes": {"name": "setModel", "fromProperty": "model"}, "type": "method", "children": [{"attributes": {}, "type": "params", "children": [{"attributes": {"name": "value"}, "type": "param", "children": [{"attributes": {"text": "<p>New value for property <code>model</code>.</p>"}, "type": "desc"}, {"attributes": {}, "type": "types", "children": [{"attributes": {"type": "var"}, "type": "entry"}]}]}]}, {"attributes": {"text": "<p>Sets the user value of the property <code>model</code>.</p>\n\n<p>For further details take a look at the property definition: {@link #model}.</p>"}, "type": "desc"}, {"attributes": {}, "type": "return", "children": [{"attributes": {"text": "<p>The unmodified incoming value.</p>"}, "type": "desc"}, {"attributes": {}, "type": "types", "children": [{"attributes": {"type": "var"}, "type": "entry"}]}]}]}, {"attributes": {"name": "setPane", "fromProperty": "pane"}, "type": "method", "children": [{"attributes": {}, "type": "params", "children": [{"attributes": {"name": "value"}, "type": "param", "children": [{"attributes": {"text": "<p>New value for property <code>pane</code>.</p>"}, "type": "desc"}, {"attributes": {}, "type": "types", "children": [{"attributes": {"type": "var"}, "type": "entry"}]}]}]}, {"attributes": {"text": "<p>Sets the user value of the property <code>pane</code>.</p>\n\n<p>For further details take a look at the property definition: {@link #pane}.</p>"}, "type": "desc"}, {"attributes": {}, "type": "return", "children": [{"attributes": {"text": "<p>The unmodified incoming value.</p>"}, "type": "desc"}, {"attributes": {}, "type": "types", "children": [{"attributes": {"type": "var"}, "type": "entry"}]}]}]}, {"attributes": {"name": "setProgressive", "fromProperty": "progressive"}, "type": "method", "children": [{"attributes": {}, "type": "params", "children": [{"attributes": {"name": "value"}, "type": "param", "children": [{"attributes": {"text": "<p>New value for property <code>progressive</code>.</p>"}, "type": "desc"}, {"attributes": {}, "type": "types", "children": [{"attributes": {"type": "var"}, "type": "entry"}]}]}]}, {"attributes": {"text": "<p>Sets the user value of the property <code>progressive</code>.</p>\n\n<p>For further details take a look at the property definition: {@link #progressive}.</p>"}, "type": "desc"}, {"attributes": {}, "type": "return", "children": [{"attributes": {"text": "<p>The unmodified incoming value.</p>"}, "type": "desc"}, {"attributes": {}, "type": "types", "children": [{"attributes": {"type": "var"}, "type": "entry"}]}]}]}, {"attributes": {"name": "setRendererData", "fromProperty": "rendererData"}, "type": "method", "children": [{"attributes": {}, "type": "params", "children": [{"attributes": {"name": "value"}, "type": "param", "children": [{"attributes": {"text": "<p>New value for property <code>rendererData</code>.</p>"}, "type": "desc"}, {"attributes": {}, "type": "types", "children": [{"attributes": {"type": "var"}, "type": "entry"}]}]}]}, {"attributes": {"text": "<p>Sets the user value of the property <code>rendererData</code>.</p>\n\n<p>For further details take a look at the property definition: {@link #rendererData}.</p>"}, "type": "desc"}, {"attributes": {}, "type": "return", "children": [{"attributes": {"text": "<p>The unmodified incoming value.</p>"}, "type": "desc"}, {"attributes": {}, "type": "types", "children": [{"attributes": {"type": "var"}, "type": "entry"}]}]}]}, {"attributes": {"overriddenFrom": "qx.core.Object", "name": "setUserData", "fromProperty": "userData"}, "type": "method", "children": [{"attributes": {}, "type": "params", "children": [{"attributes": {"name": "value"}, "type": "param", "children": [{"attributes": {"text": "<p>New value for property <code>userData</code>.</p>"}, "type": "desc"}, {"attributes": {}, "type": "types", "children": [{"attributes": {"type": "var"}, "type": "entry"}]}]}]}, {"attributes": {"text": "<p>Sets the user value of the property <code>userData</code>.</p>\n\n<p>For further details take a look at the property definition: {@link #userData}.</p>"}, "type": "desc"}, {"attributes": {}, "type": "return", "children": [{"attributes": {"text": "<p>The unmodified incoming value.</p>"}, "type": "desc"}, {"attributes": {}, "type": "types", "children": [{"attributes": {"type": "var"}, "type": "entry"}]}]}]}]}, {"attributes": {}, "type": "properties", "children": [{"attributes": {"name": "batchSize", "propertyType": "new"}, "type": "property", "children": [{"attributes": {"text": "<p>How many elements are rendered at a time, before yielding to the\nbrowser.  This property should be treated as read-only.</p>"}, "type": "desc"}]}, {"attributes": {"allowNull": "true", "name": "model", "propertyType": "new"}, "type": "property", "children": [{"attributes": {"text": "<p>The data model being used. This property should be treated as\nread-only.</p>"}, "type": "desc"}]}, {"attributes": {"allowNull": "true", "name": "pane", "propertyType": "new"}, "type": "property", "children": [{"attributes": {"text": "<p>The widget in which the element data should be rendered.  This property\nshould be treated as read-only.</p>"}, "type": "desc"}]}, {"attributes": {"allowNull": "true", "name": "progressive", "propertyType": "new"}, "type": "property", "children": [{"attributes": {"text": "<p>The {@link qx.ui.progressive.Progressive} with which this {@link\nState} is associated. This property should be treated as read-only.</p>"}, "type": "desc"}]}, {"attributes": {"name": "rendererData", "propertyType": "new"}, "type": "property", "children": [{"attributes": {"text": "<p>Add a place for renderers&#8217; private data.  If multiple renderers are\nbeing used, each renderer should place its own private data in the the\nstate object area reserved for that renderer&#8217;s use:\nstate.getRendererData()[element.renderer].  This property should be\naccessed only by renderers, and all elements of the array other than a\nrenderer&#8217;s own element should be treated as read-only.</p>\n\n<p><span class=\"caps\">IMPORTANT</span> <span class=\"caps\">NOTE</span>:  It is the renderer&#8217;s responsibility to clean up its\n                 own mess.  If the renderer places data here, it should\n                 also add an event listener for &#8220;renderEnd&#8221; so that it\n                 can clean up.</p>"}, "type": "desc"}]}, {"attributes": {"name": "userData", "propertyType": "new"}, "type": "property", "children": [{"attributes": {"text": "<p>User data.  This is useful, for example, by communication between\nthe renderStart event listener and the renderers.</p>\n\n<p><span class=\"caps\">IMPORTANT</span> <span class=\"caps\">NOTE</span>:  It is the user&#8217;s responsibility to clean up his\n                 own mess.  If you place data here, you should\n                 also add an event listener for &#8220;renderEnd&#8221; to\n                 dispose any objects you placed here.</p>"}, "type": "desc"}]}]}]}