{"attributes": {"name": "NumberFormat", "packageName": "qx.util.format", "superClass": "qx.core.Object", "fullName": "qx.util.format.NumberFormat", "type": "class", "interfaces": "qx.util.format.IFormat"}, "type": "class", "children": [{"attributes": {"text": "<p>A formatter and parser for numbers.</p>"}, "type": "desc"}, {"attributes": {}, "type": "constructor", "children": [{"attributes": {"line": 39, "isCtor": true, "overriddenFrom": "qx.core.Object", "name": "ctor"}, "type": "method", "children": [{"attributes": {}, "type": "params", "children": [{"attributes": {"name": "locale"}, "type": "param", "children": [{"attributes": {"text": "<p>optional locale to be used</p>"}, "type": "desc"}, {"attributes": {}, "type": "types", "children": [{"attributes": {"type": "String"}, "type": "entry"}]}]}]}, {"attributes": {"text": ""}, "type": "desc"}, {"attributes": {}, "type": "throws", "children": [{"attributes": {"text": "<p>If the number of arguments !== 1 and the argument is not a string.</p>", "type": "Error"}, "type": "desc"}]}]}]}, {"attributes": {}, "type": "methods", "children": [{"attributes": {"line": 154, "name": "format"}, "type": "method", "children": [{"attributes": {}, "type": "params", "children": [{"attributes": {"name": "num"}, "type": "param", "children": [{"attributes": {"text": "<p>the number to format.</p>"}, "type": "desc"}, {"attributes": {}, "type": "types", "children": [{"attributes": {"type": "Number"}, "type": "entry"}]}]}]}, {"attributes": {"text": "<p>Formats a number.</p>"}, "type": "desc"}, {"attributes": {}, "type": "return", "children": [{"attributes": {"text": "<p>the formatted number as a string.</p>"}, "type": "desc"}, {"attributes": {}, "type": "types", "children": [{"attributes": {"type": "String"}, "type": "entry"}]}]}]}, {"attributes": {"name": "getGroupingUsed", "fromProperty": "groupingUsed"}, "type": "method", "children": [{"attributes": {"text": "<p>Returns the (computed) value of the property <code>groupingUsed</code>.</p>\n\n<p>For further details take a look at the property definition: {@link #groupingUsed}.</p>"}, "type": "desc"}, {"attributes": {}, "type": "return", "children": [{"attributes": {"text": "<p>(Computed) value of <code>groupingUsed</code>.</p>"}, "type": "desc"}, {"attributes": {}, "type": "types", "children": [{"attributes": {"type": "var"}, "type": "entry"}]}]}]}, {"attributes": {"name": "getMaximumFractionDigits", "fromProperty": "maximumFractionDigits"}, "type": "method", "children": [{"attributes": {"text": "<p>Returns the (computed) value of the property <code>maximumFractionDigits</code>.</p>\n\n<p>For further details take a look at the property definition: {@link #maximumFractionDigits}.</p>"}, "type": "desc"}, {"attributes": {}, "type": "return", "children": [{"attributes": {"text": "<p>(Computed) value of <code>maximumFractionDigits</code>.</p>"}, "type": "desc"}, {"attributes": {}, "type": "types", "children": [{"attributes": {"type": "var"}, "type": "entry"}]}]}]}, {"attributes": {"name": "getMaximumIntegerDigits", "fromProperty": "maximumIntegerDigits"}, "type": "method", "children": [{"attributes": {"text": "<p>Returns the (computed) value of the property <code>maximumIntegerDigits</code>.</p>\n\n<p>For further details take a look at the property definition: {@link #maximumIntegerDigits}.</p>"}, "type": "desc"}, {"attributes": {}, "type": "return", "children": [{"attributes": {"text": "<p>(Computed) value of <code>maximumIntegerDigits</code>.</p>"}, "type": "desc"}, {"attributes": {}, "type": "types", "children": [{"attributes": {"type": "var"}, "type": "entry"}]}]}]}, {"attributes": {"name": "getMinimumFractionDigits", "fromProperty": "minimumFractionDigits"}, "type": "method", "children": [{"attributes": {"text": "<p>Returns the (computed) value of the property <code>minimumFractionDigits</code>.</p>\n\n<p>For further details take a look at the property definition: {@link #minimumFractionDigits}.</p>"}, "type": "desc"}, {"attributes": {}, "type": "return", "children": [{"attributes": {"text": "<p>(Computed) value of <code>minimumFractionDigits</code>.</p>"}, "type": "desc"}, {"attributes": {}, "type": "types", "children": [{"attributes": {"type": "var"}, "type": "entry"}]}]}]}, {"attributes": {"name": "getMinimumIntegerDigits", "fromProperty": "minimumIntegerDigits"}, "type": "method", "children": [{"attributes": {"text": "<p>Returns the (computed) value of the property <code>minimumIntegerDigits</code>.</p>\n\n<p>For further details take a look at the property definition: {@link #minimumIntegerDigits}.</p>"}, "type": "desc"}, {"attributes": {}, "type": "return", "children": [{"attributes": {"text": "<p>(Computed) value of <code>minimumIntegerDigits</code>.</p>"}, "type": "desc"}, {"attributes": {}, "type": "types", "children": [{"attributes": {"type": "var"}, "type": "entry"}]}]}]}, {"attributes": {"name": "getPostfix", "fromProperty": "postfix"}, "type": "method", "children": [{"attributes": {"text": "<p>Returns the (computed) value of the property <code>postfix</code>.</p>\n\n<p>For further details take a look at the property definition: {@link #postfix}.</p>"}, "type": "desc"}, {"attributes": {}, "type": "return", "children": [{"attributes": {"text": "<p>(Computed) value of <code>postfix</code>.</p>"}, "type": "desc"}, {"attributes": {}, "type": "types", "children": [{"attributes": {"type": "var"}, "type": "entry"}]}]}]}, {"attributes": {"name": "getPrefix", "fromProperty": "prefix"}, "type": "method", "children": [{"attributes": {"text": "<p>Returns the (computed) value of the property <code>prefix</code>.</p>\n\n<p>For further details take a look at the property definition: {@link #prefix}.</p>"}, "type": "desc"}, {"attributes": {}, "type": "return", "children": [{"attributes": {"text": "<p>(Computed) value of <code>prefix</code>.</p>"}, "type": "desc"}, {"attributes": {}, "type": "types", "children": [{"attributes": {"type": "var"}, "type": "entry"}]}]}]}, {"attributes": {"access": "protected", "name": "initGroupingUsed", "fromProperty": "groupingUsed"}, "type": "method", "children": [{"attributes": {}, "type": "params", "children": [{"attributes": {"name": "value"}, "type": "param", "children": [{"attributes": {"text": "<p>Initial value for property <code>groupingUsed</code>.</p>"}, "type": "desc"}, {"attributes": {}, "type": "types", "children": [{"attributes": {"type": "var"}, "type": "entry"}]}]}]}, {"attributes": {"text": "<p>Calls the apply method and dispatches the change event of the property <code>groupingUsed</code>\nwith the default value defined by the class developer. This function can\nonly be called from the constructor of a class.</p>\n\n<p>For further details take a look at the property definition: {@link #groupingUsed}.</p>"}, "type": "desc"}, {"attributes": {}, "type": "return", "children": [{"attributes": {"text": "<p>the default value</p>"}, "type": "desc"}, {"attributes": {}, "type": "types", "children": [{"attributes": {"type": "var"}, "type": "entry"}]}]}]}, {"attributes": {"access": "protected", "name": "initMaximumFractionDigits", "fromProperty": "maximumFractionDigits"}, "type": "method", "children": [{"attributes": {}, "type": "params", "children": [{"attributes": {"name": "value"}, "type": "param", "children": [{"attributes": {"text": "<p>Initial value for property <code>maximumFractionDigits</code>.</p>"}, "type": "desc"}, {"attributes": {}, "type": "types", "children": [{"attributes": {"type": "var"}, "type": "entry"}]}]}]}, {"attributes": {"text": "<p>Calls the apply method and dispatches the change event of the property <code>maximumFractionDigits</code>\nwith the default value defined by the class developer. This function can\nonly be called from the constructor of a class.</p>\n\n<p>For further details take a look at the property definition: {@link #maximumFractionDigits}.</p>"}, "type": "desc"}, {"attributes": {}, "type": "return", "children": [{"attributes": {"text": "<p>the default value</p>"}, "type": "desc"}, {"attributes": {}, "type": "types", "children": [{"attributes": {"type": "var"}, "type": "entry"}]}]}]}, {"attributes": {"access": "protected", "name": "initMaximumIntegerDigits", "fromProperty": "maximumIntegerDigits"}, "type": "method", "children": [{"attributes": {}, "type": "params", "children": [{"attributes": {"name": "value"}, "type": "param", "children": [{"attributes": {"text": "<p>Initial value for property <code>maximumIntegerDigits</code>.</p>"}, "type": "desc"}, {"attributes": {}, "type": "types", "children": [{"attributes": {"type": "var"}, "type": "entry"}]}]}]}, {"attributes": {"text": "<p>Calls the apply method and dispatches the change event of the property <code>maximumIntegerDigits</code>\nwith the default value defined by the class developer. This function can\nonly be called from the constructor of a class.</p>\n\n<p>For further details take a look at the property definition: {@link #maximumIntegerDigits}.</p>"}, "type": "desc"}, {"attributes": {}, "type": "return", "children": [{"attributes": {"text": "<p>the default value</p>"}, "type": "desc"}, {"attributes": {}, "type": "types", "children": [{"attributes": {"type": "var"}, "type": "entry"}]}]}]}, {"attributes": {"access": "protected", "name": "initMinimumFractionDigits", "fromProperty": "minimumFractionDigits"}, "type": "method", "children": [{"attributes": {}, "type": "params", "children": [{"attributes": {"name": "value"}, "type": "param", "children": [{"attributes": {"text": "<p>Initial value for property <code>minimumFractionDigits</code>.</p>"}, "type": "desc"}, {"attributes": {}, "type": "types", "children": [{"attributes": {"type": "var"}, "type": "entry"}]}]}]}, {"attributes": {"text": "<p>Calls the apply method and dispatches the change event of the property <code>minimumFractionDigits</code>\nwith the default value defined by the class developer. This function can\nonly be called from the constructor of a class.</p>\n\n<p>For further details take a look at the property definition: {@link #minimumFractionDigits}.</p>"}, "type": "desc"}, {"attributes": {}, "type": "return", "children": [{"attributes": {"text": "<p>the default value</p>"}, "type": "desc"}, {"attributes": {}, "type": "types", "children": [{"attributes": {"type": "var"}, "type": "entry"}]}]}]}, {"attributes": {"access": "protected", "name": "initMinimumIntegerDigits", "fromProperty": "minimumIntegerDigits"}, "type": "method", "children": [{"attributes": {}, "type": "params", "children": [{"attributes": {"name": "value"}, "type": "param", "children": [{"attributes": {"text": "<p>Initial value for property <code>minimumIntegerDigits</code>.</p>"}, "type": "desc"}, {"attributes": {}, "type": "types", "children": [{"attributes": {"type": "var"}, "type": "entry"}]}]}]}, {"attributes": {"text": "<p>Calls the apply method and dispatches the change event of the property <code>minimumIntegerDigits</code>\nwith the default value defined by the class developer. This function can\nonly be called from the constructor of a class.</p>\n\n<p>For further details take a look at the property definition: {@link #minimumIntegerDigits}.</p>"}, "type": "desc"}, {"attributes": {}, "type": "return", "children": [{"attributes": {"text": "<p>the default value</p>"}, "type": "desc"}, {"attributes": {}, "type": "types", "children": [{"attributes": {"type": "var"}, "type": "entry"}]}]}]}, {"attributes": {"access": "protected", "name": "initPostfix", "fromProperty": "postfix"}, "type": "method", "children": [{"attributes": {}, "type": "params", "children": [{"attributes": {"name": "value"}, "type": "param", "children": [{"attributes": {"text": "<p>Initial value for property <code>postfix</code>.</p>"}, "type": "desc"}, {"attributes": {}, "type": "types", "children": [{"attributes": {"type": "var"}, "type": "entry"}]}]}]}, {"attributes": {"text": "<p>Calls the apply method and dispatches the change event of the property <code>postfix</code>\nwith the default value defined by the class developer. This function can\nonly be called from the constructor of a class.</p>\n\n<p>For further details take a look at the property definition: {@link #postfix}.</p>"}, "type": "desc"}, {"attributes": {}, "type": "return", "children": [{"attributes": {"text": "<p>the default value</p>"}, "type": "desc"}, {"attributes": {}, "type": "types", "children": [{"attributes": {"type": "var"}, "type": "entry"}]}]}]}, {"attributes": {"access": "protected", "name": "initPrefix", "fromProperty": "prefix"}, "type": "method", "children": [{"attributes": {}, "type": "params", "children": [{"attributes": {"name": "value"}, "type": "param", "children": [{"attributes": {"text": "<p>Initial value for property <code>prefix</code>.</p>"}, "type": "desc"}, {"attributes": {}, "type": "types", "children": [{"attributes": {"type": "var"}, "type": "entry"}]}]}]}, {"attributes": {"text": "<p>Calls the apply method and dispatches the change event of the property <code>prefix</code>\nwith the default value defined by the class developer. This function can\nonly be called from the constructor of a class.</p>\n\n<p>For further details take a look at the property definition: {@link #prefix}.</p>"}, "type": "desc"}, {"attributes": {}, "type": "return", "children": [{"attributes": {"text": "<p>the default value</p>"}, "type": "desc"}, {"attributes": {}, "type": "types", "children": [{"attributes": {"type": "var"}, "type": "entry"}]}]}]}, {"attributes": {"name": "isGroupingUsed", "fromProperty": "groupingUsed"}, "type": "method", "children": [{"attributes": {"text": "<p>Check whether the (computed) value of the boolean property <code>groupingUsed</code> equals <code>true</code>.</p>\n\n<p>For further details take a look at the property definition: {@link #groupingUsed}.</p>"}, "type": "desc"}, {"attributes": {}, "type": "return", "children": [{"attributes": {"text": "<p>Whether the property equals <code>true</code>.</p>"}, "type": "desc"}, {"attributes": {}, "type": "types", "children": [{"attributes": {"type": "Boolean"}, "type": "entry"}]}]}]}, {"attributes": {"line": 251, "name": "parse"}, "type": "method", "children": [{"attributes": {}, "type": "params", "children": [{"attributes": {"name": "str"}, "type": "param", "children": [{"attributes": {"text": "<p>the string to parse.</p>"}, "type": "desc"}, {"attributes": {}, "type": "types", "children": [{"attributes": {"type": "String"}, "type": "entry"}]}]}]}, {"attributes": {"text": "<p>Parses a number.</p>"}, "type": "desc"}, {"attributes": {}, "type": "return", "children": [{"attributes": {"text": "<p>the number.</p>"}, "type": "desc"}, {"attributes": {}, "type": "types", "children": [{"attributes": {"type": "Double"}, "type": "entry"}]}]}, {"attributes": {}, "type": "throws", "children": [{"attributes": {"text": "<p>If the number string does not match the number format.</p>", "type": "Error"}, "type": "desc"}]}]}, {"attributes": {"name": "resetGroupingUsed", "fromProperty": "groupingUsed"}, "type": "method", "children": [{"attributes": {"text": "<p>Resets the user value of the property <code>groupingUsed</code>.</p>\n\n<p>The computed value falls back to the next available value e.g. appearance, init or\ninheritance value depeneding on the property configuration and value availability.</p>\n\n<p>For further details take a look at the property definition: {@link #groupingUsed}.</p>"}, "type": "desc"}]}, {"attributes": {"name": "resetMaximumFractionDigits", "fromProperty": "maximumFractionDigits"}, "type": "method", "children": [{"attributes": {"text": "<p>Resets the user value of the property <code>maximumFractionDigits</code>.</p>\n\n<p>The computed value falls back to the next available value e.g. appearance, init or\ninheritance value depeneding on the property configuration and value availability.</p>\n\n<p>For further details take a look at the property definition: {@link #maximumFractionDigits}.</p>"}, "type": "desc"}]}, {"attributes": {"name": "resetMaximumIntegerDigits", "fromProperty": "maximumIntegerDigits"}, "type": "method", "children": [{"attributes": {"text": "<p>Resets the user value of the property <code>maximumIntegerDigits</code>.</p>\n\n<p>The computed value falls back to the next available value e.g. appearance, init or\ninheritance value depeneding on the property configuration and value availability.</p>\n\n<p>For further details take a look at the property definition: {@link #maximumIntegerDigits}.</p>"}, "type": "desc"}]}, {"attributes": {"name": "resetMinimumFractionDigits", "fromProperty": "minimumFractionDigits"}, "type": "method", "children": [{"attributes": {"text": "<p>Resets the user value of the property <code>minimumFractionDigits</code>.</p>\n\n<p>The computed value falls back to the next available value e.g. appearance, init or\ninheritance value depeneding on the property configuration and value availability.</p>\n\n<p>For further details take a look at the property definition: {@link #minimumFractionDigits}.</p>"}, "type": "desc"}]}, {"attributes": {"name": "resetMinimumIntegerDigits", "fromProperty": "minimumIntegerDigits"}, "type": "method", "children": [{"attributes": {"text": "<p>Resets the user value of the property <code>minimumIntegerDigits</code>.</p>\n\n<p>The computed value falls back to the next available value e.g. appearance, init or\ninheritance value depeneding on the property configuration and value availability.</p>\n\n<p>For further details take a look at the property definition: {@link #minimumIntegerDigits}.</p>"}, "type": "desc"}]}, {"attributes": {"name": "resetPostfix", "fromProperty": "postfix"}, "type": "method", "children": [{"attributes": {"text": "<p>Resets the user value of the property <code>postfix</code>.</p>\n\n<p>The computed value falls back to the next available value e.g. appearance, init or\ninheritance value depeneding on the property configuration and value availability.</p>\n\n<p>For further details take a look at the property definition: {@link #postfix}.</p>"}, "type": "desc"}]}, {"attributes": {"name": "resetPrefix", "fromProperty": "prefix"}, "type": "method", "children": [{"attributes": {"text": "<p>Resets the user value of the property <code>prefix</code>.</p>\n\n<p>The computed value falls back to the next available value e.g. appearance, init or\ninheritance value depeneding on the property configuration and value availability.</p>\n\n<p>For further details take a look at the property definition: {@link #prefix}.</p>"}, "type": "desc"}]}, {"attributes": {"name": "setGroupingUsed", "fromProperty": "groupingUsed"}, "type": "method", "children": [{"attributes": {}, "type": "params", "children": [{"attributes": {"name": "value"}, "type": "param", "children": [{"attributes": {"text": "<p>New value for property <code>groupingUsed</code>.</p>"}, "type": "desc"}, {"attributes": {}, "type": "types", "children": [{"attributes": {"type": "var"}, "type": "entry"}]}]}]}, {"attributes": {"text": "<p>Sets the user value of the property <code>groupingUsed</code>.</p>\n\n<p>For further details take a look at the property definition: {@link #groupingUsed}.</p>"}, "type": "desc"}, {"attributes": {}, "type": "return", "children": [{"attributes": {"text": "<p>The unmodified incoming value.</p>"}, "type": "desc"}, {"attributes": {}, "type": "types", "children": [{"attributes": {"type": "var"}, "type": "entry"}]}]}]}, {"attributes": {"name": "setMaximumFractionDigits", "fromProperty": "maximumFractionDigits"}, "type": "method", "children": [{"attributes": {}, "type": "params", "children": [{"attributes": {"name": "value"}, "type": "param", "children": [{"attributes": {"text": "<p>New value for property <code>maximumFractionDigits</code>.</p>"}, "type": "desc"}, {"attributes": {}, "type": "types", "children": [{"attributes": {"type": "var"}, "type": "entry"}]}]}]}, {"attributes": {"text": "<p>Sets the user value of the property <code>maximumFractionDigits</code>.</p>\n\n<p>For further details take a look at the property definition: {@link #maximumFractionDigits}.</p>"}, "type": "desc"}, {"attributes": {}, "type": "return", "children": [{"attributes": {"text": "<p>The unmodified incoming value.</p>"}, "type": "desc"}, {"attributes": {}, "type": "types", "children": [{"attributes": {"type": "var"}, "type": "entry"}]}]}]}, {"attributes": {"name": "setMaximumIntegerDigits", "fromProperty": "maximumIntegerDigits"}, "type": "method", "children": [{"attributes": {}, "type": "params", "children": [{"attributes": {"name": "value"}, "type": "param", "children": [{"attributes": {"text": "<p>New value for property <code>maximumIntegerDigits</code>.</p>"}, "type": "desc"}, {"attributes": {}, "type": "types", "children": [{"attributes": {"type": "var"}, "type": "entry"}]}]}]}, {"attributes": {"text": "<p>Sets the user value of the property <code>maximumIntegerDigits</code>.</p>\n\n<p>For further details take a look at the property definition: {@link #maximumIntegerDigits}.</p>"}, "type": "desc"}, {"attributes": {}, "type": "return", "children": [{"attributes": {"text": "<p>The unmodified incoming value.</p>"}, "type": "desc"}, {"attributes": {}, "type": "types", "children": [{"attributes": {"type": "var"}, "type": "entry"}]}]}]}, {"attributes": {"name": "setMinimumFractionDigits", "fromProperty": "minimumFractionDigits"}, "type": "method", "children": [{"attributes": {}, "type": "params", "children": [{"attributes": {"name": "value"}, "type": "param", "children": [{"attributes": {"text": "<p>New value for property <code>minimumFractionDigits</code>.</p>"}, "type": "desc"}, {"attributes": {}, "type": "types", "children": [{"attributes": {"type": "var"}, "type": "entry"}]}]}]}, {"attributes": {"text": "<p>Sets the user value of the property <code>minimumFractionDigits</code>.</p>\n\n<p>For further details take a look at the property definition: {@link #minimumFractionDigits}.</p>"}, "type": "desc"}, {"attributes": {}, "type": "return", "children": [{"attributes": {"text": "<p>The unmodified incoming value.</p>"}, "type": "desc"}, {"attributes": {}, "type": "types", "children": [{"attributes": {"type": "var"}, "type": "entry"}]}]}]}, {"attributes": {"name": "setMinimumIntegerDigits", "fromProperty": "minimumIntegerDigits"}, "type": "method", "children": [{"attributes": {}, "type": "params", "children": [{"attributes": {"name": "value"}, "type": "param", "children": [{"attributes": {"text": "<p>New value for property <code>minimumIntegerDigits</code>.</p>"}, "type": "desc"}, {"attributes": {}, "type": "types", "children": [{"attributes": {"type": "var"}, "type": "entry"}]}]}]}, {"attributes": {"text": "<p>Sets the user value of the property <code>minimumIntegerDigits</code>.</p>\n\n<p>For further details take a look at the property definition: {@link #minimumIntegerDigits}.</p>"}, "type": "desc"}, {"attributes": {}, "type": "return", "children": [{"attributes": {"text": "<p>The unmodified incoming value.</p>"}, "type": "desc"}, {"attributes": {}, "type": "types", "children": [{"attributes": {"type": "var"}, "type": "entry"}]}]}]}, {"attributes": {"name": "setPostfix", "fromProperty": "postfix"}, "type": "method", "children": [{"attributes": {}, "type": "params", "children": [{"attributes": {"name": "value"}, "type": "param", "children": [{"attributes": {"text": "<p>New value for property <code>postfix</code>.</p>"}, "type": "desc"}, {"attributes": {}, "type": "types", "children": [{"attributes": {"type": "var"}, "type": "entry"}]}]}]}, {"attributes": {"text": "<p>Sets the user value of the property <code>postfix</code>.</p>\n\n<p>For further details take a look at the property definition: {@link #postfix}.</p>"}, "type": "desc"}, {"attributes": {}, "type": "return", "children": [{"attributes": {"text": "<p>The unmodified incoming value.</p>"}, "type": "desc"}, {"attributes": {}, "type": "types", "children": [{"attributes": {"type": "var"}, "type": "entry"}]}]}]}, {"attributes": {"name": "setPrefix", "fromProperty": "prefix"}, "type": "method", "children": [{"attributes": {}, "type": "params", "children": [{"attributes": {"name": "value"}, "type": "param", "children": [{"attributes": {"text": "<p>New value for property <code>prefix</code>.</p>"}, "type": "desc"}, {"attributes": {}, "type": "types", "children": [{"attributes": {"type": "var"}, "type": "entry"}]}]}]}, {"attributes": {"text": "<p>Sets the user value of the property <code>prefix</code>.</p>\n\n<p>For further details take a look at the property definition: {@link #prefix}.</p>"}, "type": "desc"}, {"attributes": {}, "type": "return", "children": [{"attributes": {"text": "<p>The unmodified incoming value.</p>"}, "type": "desc"}, {"attributes": {}, "type": "types", "children": [{"attributes": {"type": "var"}, "type": "entry"}]}]}]}, {"attributes": {"name": "toggleGroupingUsed", "fromProperty": "groupingUsed"}, "type": "method", "children": [{"attributes": {"text": "<p>Toggles the (computed) value of the boolean property <code>groupingUsed</code>.</p>\n\n<p>For further details take a look at the property definition: {@link #groupingUsed}.</p>"}, "type": "desc"}, {"attributes": {}, "type": "return", "children": [{"attributes": {"text": "<p>the new value</p>"}, "type": "desc"}, {"attributes": {}, "type": "types", "children": [{"attributes": {"type": "Boolean"}, "type": "entry"}]}]}]}]}, {"attributes": {}, "type": "properties", "children": [{"attributes": {"defaultValue": "true", "propertyType": "new", "check": "Boolean", "name": "groupingUsed"}, "type": "property", "children": [{"attributes": {"text": "<p>Whether thousand groupings should be used {e.g. &#8220;1,432,234.65&#8221;}.</p>"}, "type": "desc"}]}, {"attributes": {"allowNull": "true", "propertyType": "new", "check": "Number", "name": "maximumFractionDigits"}, "type": "property", "children": [{"attributes": {"text": "<p>The maximum number of fraction digits (digits after the decimal separator).\nSuperfluous digits will cause rounding (&#8220;1.8277&#8221; -> &#8220;1.83&#8221;)</p>"}, "type": "desc"}]}, {"attributes": {"allowNull": "true", "propertyType": "new", "check": "Number", "name": "maximumIntegerDigits"}, "type": "property", "children": [{"attributes": {"text": "<p>The maximum number of integer digits (superfluous digits will be cut off\n(&#8220;1923&#8221; -> &#8220;23&#8221;).</p>"}, "type": "desc"}]}, {"attributes": {"defaultValue": "0", "propertyType": "new", "check": "Number", "name": "minimumFractionDigits"}, "type": "property", "children": [{"attributes": {"text": "<p>The minimum number of fraction digits (digits after the decimal separator).\nMissing digits will be filled up with 0 (&#8220;1.5&#8221; -> &#8220;1.500&#8221;)</p>"}, "type": "desc"}]}, {"attributes": {"defaultValue": "0", "propertyType": "new", "check": "Number", "name": "minimumIntegerDigits"}, "type": "property", "children": [{"attributes": {"text": "<p>The minimum number of integer digits (digits before the decimal separator).\nMissing digits will be filled up with 0 (&#8220;19&#8221; -> &#8220;0019&#8221;).</p>"}, "type": "desc"}]}, {"attributes": {"defaultValue": "\"\"", "propertyType": "new", "event": "changeNumberFormat", "name": "postfix", "check": "String"}, "type": "property", "children": [{"attributes": {"text": "<p>Sets the postfix to put after the number {&#8221; %&#8221; -> &#8220;56.13 %&#8221;}.</p>"}, "type": "desc"}]}, {"attributes": {"defaultValue": "\"\"", "propertyType": "new", "event": "changeNumberFormat", "name": "prefix", "check": "String"}, "type": "property", "children": [{"attributes": {"text": "<p>The prefix to put before the number {&#8220;EUR &#8221; -> &#8220;EUR 12.31&#8221;}.</p>"}, "type": "desc"}]}]}, {"attributes": {}, "type": "events", "children": [{"attributes": {"name": "changeNumberFormat"}, "type": "event", "children": [{"attributes": {"text": "Fired on change of the property {@link #postfix}."}, "type": "desc"}, {"attributes": {}, "type": "types", "children": [{"attributes": {"type": "qx.event.type.Data"}, "type": "entry"}]}]}, {"attributes": {"name": "changeNumberFormat"}, "type": "event", "children": [{"attributes": {"text": "Fired on change of the property {@link #prefix}."}, "type": "desc"}, {"attributes": {}, "type": "types", "children": [{"attributes": {"type": "qx.event.type.Data"}, "type": "entry"}]}]}]}]}