{"attributes": {"fullName": "qx.util.OOUtil", "packageName": "qx.util", "isStatic": true, "type": "bootstrap", "name": "OOUtil"}, "type": "class", "children": [{"attributes": {"text": "<p>This class is a base class for the OO system defined by Class, Mixin\nand Interface. It contains helper which are basically needed to create the\nClasses which define the OO system.</p>"}, "type": "desc"}, {"attributes": {}, "type": "methods-static", "children": [{"attributes": {"line": 34, "isStatic": true, "name": "classIsDefined"}, "type": "method", "children": [{"attributes": {}, "type": "params", "children": [{"attributes": {"name": "name"}, "type": "param", "children": [{"attributes": {"text": "<p>class name to check</p>"}, "type": "desc"}, {"attributes": {}, "type": "types", "children": [{"attributes": {"type": "String"}, "type": "entry"}]}]}]}, {"attributes": {"text": "<p>Whether the given class exists</p>"}, "type": "desc"}, {"attributes": {}, "type": "return", "children": [{"attributes": {"text": "<p>true if class exists</p>"}, "type": "desc"}, {"attributes": {}, "type": "types", "children": [{"attributes": {"type": "Boolean"}, "type": "entry"}]}]}]}, {"attributes": {"line": 120, "isStatic": true, "name": "getByInterface"}, "type": "method", "children": [{"attributes": {}, "type": "params", "children": [{"attributes": {"name": "clazz"}, "type": "param", "children": [{"attributes": {"text": "<p>class to look for the interface</p>"}, "type": "desc"}, {"attributes": {}, "type": "types", "children": [{"attributes": {"type": "Class"}, "type": "entry"}]}]}, {"attributes": {"name": "iface"}, "type": "param", "children": [{"attributes": {"text": "<p>interface to look for</p>"}, "type": "desc"}, {"attributes": {}, "type": "types", "children": [{"attributes": {"type": "Interface"}, "type": "entry"}]}]}]}, {"attributes": {"text": "<p>Returns the class or one of its super classes which contains the\ndeclaration of the given interface. Returns null if the interface is not\nspecified anywhere.</p>"}, "type": "desc"}, {"attributes": {}, "type": "return", "children": [{"attributes": {"text": "<p>the class which directly implements the given interface</p>"}, "type": "desc"}, {"attributes": {}, "type": "types", "children": [{"attributes": {"type": "Class"}, "type": "entry"}, {"attributes": {"type": "null"}, "type": "entry"}]}]}]}, {"attributes": {"line": 82, "isStatic": true, "name": "getEventType"}, "type": "method", "children": [{"attributes": {}, "type": "params", "children": [{"attributes": {"name": "clazz"}, "type": "param", "children": [{"attributes": {"text": "<p>class to check</p>"}, "type": "desc"}, {"attributes": {}, "type": "types", "children": [{"attributes": {"type": "Class"}, "type": "entry"}]}]}, {"attributes": {"name": "name"}, "type": "param", "children": [{"attributes": {"text": "<p>name of the event</p>"}, "type": "desc"}, {"attributes": {}, "type": "types", "children": [{"attributes": {"type": "String"}, "type": "entry"}]}]}]}, {"attributes": {"text": "<p>Returns the event type of the given event. Returns null if\nthe event does not exist.</p>"}, "type": "desc"}, {"attributes": {}, "type": "return", "children": [{"attributes": {"text": "<p>Event type of the given event.</p>"}, "type": "desc"}, {"attributes": {}, "type": "types", "children": [{"attributes": {"type": "String"}, "type": "entry"}, {"attributes": {"type": "null"}, "type": "entry"}]}]}]}, {"attributes": {"line": 168, "isStatic": true, "name": "getMixins"}, "type": "method", "children": [{"attributes": {}, "type": "params", "children": [{"attributes": {"name": "clazz"}, "type": "param", "children": [{"attributes": {"text": "<p>class which should be inspected</p>"}, "type": "desc"}, {"attributes": {}, "type": "types", "children": [{"attributes": {"type": "Class"}, "type": "entry"}]}]}]}, {"attributes": {"text": "<p>Returns a list of all mixins available in a given class.</p>"}, "type": "desc"}, {"attributes": {}, "type": "return", "children": [{"attributes": {"text": "<p>array of mixins this class uses</p>"}, "type": "desc"}, {"attributes": {}, "type": "types", "children": [{"attributes": {"type": "Mixin", "dimensions": 1}, "type": "entry"}]}]}]}, {"attributes": {"line": 47, "isStatic": true, "name": "getPropertyDefinition"}, "type": "method", "children": [{"attributes": {}, "type": "params", "children": [{"attributes": {"name": "clazz"}, "type": "param", "children": [{"attributes": {"text": "<p>class to check</p>"}, "type": "desc"}, {"attributes": {}, "type": "types", "children": [{"attributes": {"type": "Class"}, "type": "entry"}]}]}, {"attributes": {"name": "name"}, "type": "param", "children": [{"attributes": {"text": "<p>name of the class to check for</p>"}, "type": "desc"}, {"attributes": {}, "type": "types", "children": [{"attributes": {"type": "String"}, "type": "entry"}]}]}]}, {"attributes": {"text": "<p>Returns the definition of the given property, if not redefined.\nReturns null if the property does not exist.</p>"}, "type": "desc"}, {"attributes": {}, "type": "return", "children": [{"attributes": {"text": "<p>whether the object support the given event.</p>"}, "type": "desc"}, {"attributes": {}, "type": "types", "children": [{"attributes": {"type": "Map"}, "type": "entry"}, {"attributes": {"type": "null"}, "type": "entry"}]}]}]}, {"attributes": {"line": 157, "isStatic": true, "name": "hasInterface"}, "type": "method", "children": [{"attributes": {}, "type": "params", "children": [{"attributes": {"name": "clazz"}, "type": "param", "children": [{"attributes": {"text": "<p>class to check</p>"}, "type": "desc"}, {"attributes": {}, "type": "types", "children": [{"attributes": {"type": "Class"}, "type": "entry"}]}]}, {"attributes": {"name": "iface"}, "type": "param", "children": [{"attributes": {"text": "<p>the interface to check for</p>"}, "type": "desc"}, {"attributes": {}, "type": "types", "children": [{"attributes": {"type": "Interface"}, "type": "entry"}]}]}]}, {"attributes": {"text": "<p>Whether a given class or any of its super classes includes a given interface.</p>\n\n<p>This function will return &#8220;true&#8221; if the interface was defined\nin the class declaration ({@link qx.Class#define}) of the class\nor any of its super classes using the &#8220;implement&#8221;\nkey.</p>"}, "type": "desc"}, {"attributes": {}, "type": "return", "children": [{"attributes": {"text": "<p>whether the class includes the interface.</p>"}, "type": "desc"}, {"attributes": {}, "type": "types", "children": [{"attributes": {"type": "Boolean"}, "type": "entry"}]}]}]}, {"attributes": {"line": 69, "isStatic": true, "name": "hasProperty"}, "type": "method", "children": [{"attributes": {}, "type": "params", "children": [{"attributes": {"name": "clazz"}, "type": "param", "children": [{"attributes": {"text": "<p>class to check</p>"}, "type": "desc"}, {"attributes": {}, "type": "types", "children": [{"attributes": {"type": "Class"}, "type": "entry"}]}]}, {"attributes": {"name": "name"}, "type": "param", "children": [{"attributes": {"text": "<p>name of the property to check for</p>"}, "type": "desc"}, {"attributes": {}, "type": "types", "children": [{"attributes": {"type": "String"}, "type": "entry"}]}]}]}, {"attributes": {"text": "<p>Whether a class has the given property</p>"}, "type": "desc"}, {"attributes": {}, "type": "return", "children": [{"attributes": {"text": "<p>whether the class includes the given property.</p>"}, "type": "desc"}, {"attributes": {}, "type": "types", "children": [{"attributes": {"type": "Boolean"}, "type": "entry"}]}]}]}, {"attributes": {"line": 106, "isStatic": true, "name": "supportsEvent"}, "type": "method", "children": [{"attributes": {}, "type": "params", "children": [{"attributes": {"name": "clazz"}, "type": "param", "children": [{"attributes": {"text": "<p>class to check</p>"}, "type": "desc"}, {"attributes": {}, "type": "types", "children": [{"attributes": {"type": "Class"}, "type": "entry"}]}]}, {"attributes": {"name": "name"}, "type": "param", "children": [{"attributes": {"text": "<p>name of the event to check for</p>"}, "type": "desc"}, {"attributes": {}, "type": "types", "children": [{"attributes": {"type": "String"}, "type": "entry"}]}]}]}, {"attributes": {"text": "<p>Whether a class supports the given event type</p>"}, "type": "desc"}, {"attributes": {}, "type": "return", "children": [{"attributes": {"text": "<p>whether the class supports the given event.</p>"}, "type": "desc"}, {"attributes": {}, "type": "types", "children": [{"attributes": {"type": "Boolean"}, "type": "entry"}]}]}]}]}]}