{"attributes": {"fullName": "qx.ui.tree.core.IVirtualTree", "packageName": "qx.ui.tree.core", "type": "interface", "name": "IVirtualTree", "implementations": "qx.ui.tree.VirtualTree"}, "type": "class", "children": [{"attributes": {"text": "<p>Interface describes the methods which the {@link qx.ui.tree.provider.WidgetProvider}\nuses for communication.</p>"}, "type": "desc"}, {"attributes": {}, "type": "methods", "children": [{"attributes": {"line": 123, "name": "closeNode"}, "type": "method", "children": [{"attributes": {}, "type": "params", "children": [{"attributes": {"name": "node"}, "type": "param", "children": [{"attributes": {"text": "<p>Node to close.</p>"}, "type": "desc"}, {"attributes": {}, "type": "types", "children": [{"attributes": {"type": "qx.core.Object"}, "type": "entry"}]}]}]}, {"attributes": {"text": "<p>Closes the passed node.</p>"}, "type": "desc"}]}, {"attributes": {"line": 84, "name": "getLevel"}, "type": "method", "children": [{"attributes": {}, "type": "params", "children": [{"attributes": {"name": "row"}, "type": "param", "children": [{"attributes": {"text": "<p>The row to get the nesting level.</p>"}, "type": "desc"}, {"attributes": {}, "type": "types", "children": [{"attributes": {"type": "Integer"}, "type": "entry"}]}]}]}, {"attributes": {"text": "<p>Returns the row&#8217;s nesting level.</p>"}, "type": "desc"}, {"attributes": {}, "type": "return", "children": [{"attributes": {"text": "<p>The row&#8217;s nesting level or <code>null</code>.</p>"}, "type": "desc"}, {"attributes": {}, "type": "types", "children": [{"attributes": {"type": "Integer"}, "type": "entry"}]}]}]}, {"attributes": {"access": "internal", "isInternal": true, "line": 46, "name": "getLookupTable"}, "type": "method", "children": [{"attributes": {"text": "<p>Returns the internal data structure. The Array index is the row and the\nvalue is the model item.</p>"}, "type": "desc"}, {"attributes": {}, "type": "return", "children": [{"attributes": {"text": "<p>The internal data structure.</p>"}, "type": "desc"}, {"attributes": {}, "type": "types", "children": [{"attributes": {"type": "qx.data.Array"}, "type": "entry"}]}]}]}, {"attributes": {"line": 134, "name": "getSelection"}, "type": "method", "children": [{"attributes": {"text": "<p>Returns the current selection.</p>"}, "type": "desc"}, {"attributes": {}, "type": "return", "children": [{"attributes": {"text": "<p>The current selected elements.</p>"}, "type": "desc"}, {"attributes": {}, "type": "types", "children": [{"attributes": {"type": "qx.data.Array"}, "type": "entry"}]}]}]}, {"attributes": {"access": "internal", "isInternal": true, "line": 99, "name": "hasChildren"}, "type": "method", "children": [{"attributes": {}, "type": "params", "children": [{"attributes": {"name": "node"}, "type": "param", "children": [{"attributes": {"text": "<p>Node to check.</p>"}, "type": "desc"}, {"attributes": {}, "type": "types", "children": [{"attributes": {"type": "qx.core.Object"}, "type": "entry"}]}]}]}, {"attributes": {"text": "<p>Return whether the node has visible children or not.</p>"}, "type": "desc"}, {"attributes": {}, "type": "return", "children": [{"attributes": {"text": "<code>True</code> when the node has visible children, <code>false</code> otherwise."}, "type": "desc"}, {"attributes": {}, "type": "types", "children": [{"attributes": {"type": "Boolean"}, "type": "entry"}]}]}]}, {"attributes": {"access": "internal", "isInternal": true, "line": 57, "name": "isNode"}, "type": "method", "children": [{"attributes": {}, "type": "params", "children": [{"attributes": {"name": "item"}, "type": "param", "children": [{"attributes": {"text": "<p>Item to check.</p>"}, "type": "desc"}, {"attributes": {}, "type": "types", "children": [{"attributes": {"type": "qx.core.Object"}, "type": "entry"}]}]}]}, {"attributes": {"text": "<p>Returns if the passed item is a note or a leaf.</p>"}, "type": "desc"}, {"attributes": {}, "type": "return", "children": [{"attributes": {"text": "<code>True</code> when item is a node, </code>false</code> when item is a leaf."}, "type": "desc"}, {"attributes": {}, "type": "types", "children": [{"attributes": {"type": "Boolean"}, "type": "entry"}]}]}]}, {"attributes": {"line": 71, "name": "isNodeOpen"}, "type": "method", "children": [{"attributes": {}, "type": "params", "children": [{"attributes": {"name": "node"}, "type": "param", "children": [{"attributes": {"text": "<p>Node to check.</p>"}, "type": "desc"}, {"attributes": {}, "type": "types", "children": [{"attributes": {"type": "qx.core.Object"}, "type": "entry"}]}]}]}, {"attributes": {"text": "<p>Return whether the node is opened or closed.</p>"}, "type": "desc"}, {"attributes": {}, "type": "return", "children": [{"attributes": {"text": "<p>Returns <code>true</code> when the node is opened, <code>false</code> otherwise.</p>"}, "type": "desc"}, {"attributes": {}, "type": "types", "children": [{"attributes": {"type": "Boolean"}, "type": "entry"}]}]}]}, {"attributes": {"line": 36, "name": "isShowTopLevelOpenCloseIcons"}, "type": "method", "children": [{"attributes": {"text": "<p>Return whether top level items should have an open/close button. The top\nlevel item item is normally the root item, but when the root is hidden,\nthe root children are the top level items.</p>"}, "type": "desc"}, {"attributes": {}, "type": "return", "children": [{"attributes": {"text": "<p>Returns <code>true</code> when top level items should show open/close buttons, <code>false</code> otherwise.</p>"}, "type": "desc"}, {"attributes": {}, "type": "types", "children": [{"attributes": {"type": "Boolean"}, "type": "entry"}]}]}]}, {"attributes": {"line": 111, "name": "openNode"}, "type": "method", "children": [{"attributes": {}, "type": "params", "children": [{"attributes": {"name": "node"}, "type": "param", "children": [{"attributes": {"text": "<p>Node to open.</p>"}, "type": "desc"}, {"attributes": {}, "type": "types", "children": [{"attributes": {"type": "qx.core.Object"}, "type": "entry"}]}]}]}, {"attributes": {"text": "<p>Opens the passed node.</p>"}, "type": "desc"}]}]}]}