{"attributes": {"fullName": "qx.ui.table.IColumnMenuButton", "packageName": "qx.ui.table", "type": "interface", "name": "IColumnMenuButton", "implementations": "qx.ui.table.columnmenu.Button"}, "type": "class", "children": [{"attributes": {"text": "<p>Interface for creating the column visibility menu</p>"}, "type": "desc"}, {"attributes": {}, "type": "methods", "children": [{"attributes": {"line": 88, "name": "empty"}, "type": "method", "children": [{"attributes": {"text": "<p>Empty the menu of all items, in preparation for building a new column\nvisibility menu.</p>"}, "type": "desc"}]}, {"attributes": {"line": 78, "name": "factory"}, "type": "method", "children": [{"attributes": {}, "type": "params", "children": [{"attributes": {"name": "item"}, "type": "param", "children": [{"attributes": {"text": "<p>One of the following strings, indicating what type of column-menu-specific object to instantiate: <dl> <dt>menu</dt> <dd> Instantiate a menu which will appear when the column visibility button is pressed. No options are provided in this case. </dd> <dt>menu-button</dt> <dd> Instantiate a button to correspond to a column within the table. The options are a map containing <i>text</i>, the name of the column; <i>column</i>, the column number; and <i>bVisible</i>, a boolean indicating whether this column is currently visible. The instantiated return object must implement interface {@link qx.ui.table.IColumnMenuItem} </dd> <dt>user-button</dt> <dd> Instantiate a button for other than a column name. This is used, for example, to add the &#8220;Reset column widths&#8221; button when the Resize column model is requested. The options is a map containing <i>text</i>, the text to present in the button. </dd> <dt>separator</dt> <dd> Instantiate a separator object to added to the menu. This is used, for example, to separate the table column name list from the &#8220;Reset column widths&#8221; button when the Resize column model is requested. No options are provided in this case. </dd> </dl></p>"}, "type": "desc"}, {"attributes": {}, "type": "types", "children": [{"attributes": {"type": "String"}, "type": "entry"}]}]}, {"attributes": {"name": "options"}, "type": "param", "children": [{"attributes": {"text": "<p>Options specific to the <i>item</i> being requested.</p>"}, "type": "desc"}, {"attributes": {}, "type": "types", "children": [{"attributes": {"type": "Map"}, "type": "entry"}]}]}]}, {"attributes": {"text": "<p>Instantiate a sub-widget.</p>"}, "type": "desc"}, {"attributes": {}, "type": "return", "children": [{"attributes": {"text": "<p>The instantiated object as specified by <i>item</i>.</p>"}, "type": "desc"}, {"attributes": {}, "type": "types", "children": [{"attributes": {"type": "qx.ui.core.Widget"}, "type": "entry"}]}]}]}, {"attributes": {"name": "getMenu", "fromProperty": "menu"}, "type": "method", "children": [{"attributes": {"text": "<p>Returns the (computed) value of the property <code>menu</code>.</p>\n\n<p>For further details take a look at the property definition: {@link #menu}.</p>"}, "type": "desc"}, {"attributes": {}, "type": "return", "children": [{"attributes": {"text": "<p>(Computed) value of <code>menu</code>.</p>"}, "type": "desc"}, {"attributes": {}, "type": "types", "children": [{"attributes": {"type": "var"}, "type": "entry"}]}]}]}, {"attributes": {"access": "protected", "name": "initMenu", "fromProperty": "menu"}, "type": "method", "children": [{"attributes": {}, "type": "params", "children": [{"attributes": {"name": "value"}, "type": "param", "children": [{"attributes": {"text": "<p>Initial value for property <code>menu</code>.</p>"}, "type": "desc"}, {"attributes": {}, "type": "types", "children": [{"attributes": {"type": "var"}, "type": "entry"}]}]}]}, {"attributes": {"text": "<p>Calls the apply method and dispatches the change event of the property <code>menu</code>\nwith the default value defined by the class developer. This function can\nonly be called from the constructor of a class.</p>\n\n<p>For further details take a look at the property definition: {@link #menu}.</p>"}, "type": "desc"}, {"attributes": {}, "type": "return", "children": [{"attributes": {"text": "<p>the default value</p>"}, "type": "desc"}, {"attributes": {}, "type": "types", "children": [{"attributes": {"type": "var"}, "type": "entry"}]}]}]}, {"attributes": {"name": "resetMenu", "fromProperty": "menu"}, "type": "method", "children": [{"attributes": {"text": "<p>Resets the user value of the property <code>menu</code>.</p>\n\n<p>The computed value falls back to the next available value e.g. appearance, init or\ninheritance value depeneding on the property configuration and value availability.</p>\n\n<p>For further details take a look at the property definition: {@link #menu}.</p>"}, "type": "desc"}]}, {"attributes": {"name": "setMenu", "fromProperty": "menu"}, "type": "method", "children": [{"attributes": {}, "type": "params", "children": [{"attributes": {"name": "value"}, "type": "param", "children": [{"attributes": {"text": "<p>New value for property <code>menu</code>.</p>"}, "type": "desc"}, {"attributes": {}, "type": "types", "children": [{"attributes": {"type": "var"}, "type": "entry"}]}]}]}, {"attributes": {"text": "<p>Sets the user value of the property <code>menu</code>.</p>\n\n<p>For further details take a look at the property definition: {@link #menu}.</p>"}, "type": "desc"}, {"attributes": {}, "type": "return", "children": [{"attributes": {"text": "<p>The unmodified incoming value.</p>"}, "type": "desc"}, {"attributes": {}, "type": "types", "children": [{"attributes": {"type": "var"}, "type": "entry"}]}]}]}]}, {"attributes": {}, "type": "properties", "children": [{"attributes": {"name": "menu", "propertyType": "new"}, "type": "property", "children": [{"attributes": {"text": "<p>The menu which is displayed when this button is pressed.</p>"}, "type": "desc"}]}]}]}