{"attributes": {"name": "Tree", "interfaces": "qx.ui.core.IMultiSelection,qx.ui.form.IModelSelection,qx.ui.form.IForm", "mixins": "qx.ui.core.MMultiSelectionHandling,qx.ui.core.MContentPadding,qx.ui.form.MModelSelection,qx.ui.form.MForm", "superClass": "qx.ui.core.scroll.AbstractScrollArea", "fullName": "qx.ui.tree.Tree", "type": "class", "packageName": "qx.ui.tree"}, "type": "class", "children": [{"attributes": {"text": "<p>The Tree class implements a tree widget, with collapsible and expandable\ncontainer nodes and terminal leaf nodes. You instantiate a Tree object and\nthen assign the tree a root folder using the {@link #root} property.</p>\n\n<p>If you don&#8217;t want to show the root item, you can hide it with the\n{@link #hideRoot} property.</p>\n\n<p>The handling of <b>selections</b> within a tree is somewhat distributed\nbetween the root tree object and the attached {@link qx.ui.tree.selection.SelectionManager}.\nTo get the currently selected element of a tree use the tree {@link #getSelection}\nmethod and tree {@link #setSelection} to set it. The TreeSelectionManager\nhandles more coarse-grained issues like providing {@link #selectAll} and\n{@link #resetSelection} methods.</p>"}, "type": "desc"}, {"attributes": {}, "type": "constructor", "children": [{"attributes": {"docFrom": "qx.core.Object", "line": 63, "isCtor": true, "overriddenFrom": "qx.ui.core.scroll.AbstractScrollArea", "name": "ctor"}, "type": "method"}]}, {"attributes": {}, "type": "events", "children": [{"attributes": {"name": "addItem"}, "type": "event", "children": [{"attributes": {"text": "<p>This event is fired after a tree item was added to the tree. The\n{@link qx.event.type.Data#getData} method of the event returns the\nadded item.</p>"}, "type": "desc"}, {"attributes": {}, "type": "types", "children": [{"attributes": {"type": "qx.event.type.Data"}, "type": "entry"}]}]}, {"attributes": {"name": "changeOpenMode"}, "type": "event", "children": [{"attributes": {"text": "Fired on change of the property {@link #openMode}."}, "type": "desc"}, {"attributes": {}, "type": "types", "children": [{"attributes": {"type": "qx.event.type.Data"}, "type": "entry"}]}]}, {"attributes": {"name": "changeRoot"}, "type": "event", "children": [{"attributes": {"text": "Fired on change of the property {@link #root}."}, "type": "desc"}, {"attributes": {}, "type": "types", "children": [{"attributes": {"type": "qx.event.type.Data"}, "type": "entry"}]}]}, {"attributes": {"name": "removeItem"}, "type": "event", "children": [{"attributes": {"text": "<p>This event is fired after a tree item has been removed from the tree.\nThe {@link qx.event.type.Data#getData} method of the event returns the\nremoved item.</p>"}, "type": "desc"}, {"attributes": {}, "type": "types", "children": [{"attributes": {"type": "qx.event.type.Data"}, "type": "entry"}]}]}]}, {"attributes": {}, "type": "methods", "children": [{"attributes": {"access": "protected", "line": 240, "name": "_applyHideRoot"}, "type": "method", "children": [{"attributes": {}, "type": "params", "children": [{"attributes": {"name": "value"}, "type": "param", "children": [{"attributes": {"text": "<p>new value of the property</p>"}, "type": "desc"}, {"attributes": {}, "type": "types", "children": [{"attributes": {"type": "Boolean"}, "type": "entry"}]}]}, {"attributes": {"name": "old"}, "type": "param", "children": [{"attributes": {"text": "<p>previous value of the property (null if it was not yet set).</p>"}, "type": "desc"}, {"attributes": {}, "type": "types", "children": [{"attributes": {"type": "Boolean"}, "type": "entry"}]}]}]}, {"attributes": {}, "type": "apply", "children": [{"attributes": {"applies": "qx.ui.tree.Tree#hideRoot"}, "type": "entry"}]}, {"attributes": {"text": "<p>Applies changes of the property value of the property <code>hideRoot</code>.</p>\n\n<p>For further details take a look at the property definition: {@link #hideRoot}.</p>"}, "type": "desc"}]}, {"attributes": {"access": "protected", "line": 493, "name": "_applyOpenMode"}, "type": "method", "children": [{"attributes": {}, "type": "params", "children": [{"attributes": {"name": "value"}, "type": "param", "children": [{"attributes": {"text": "<p>new value of the property</p>"}, "type": "desc"}, {"attributes": {}, "type": "types", "children": [{"attributes": {"type": "var"}, "type": "entry"}]}]}, {"attributes": {"name": "old"}, "type": "param", "children": [{"attributes": {"text": "<p>previous value of the property (null if it was not yet set).</p>"}, "type": "desc"}, {"attributes": {}, "type": "types", "children": [{"attributes": {"type": "var"}, "type": "entry"}]}]}]}, {"attributes": {}, "type": "apply", "children": [{"attributes": {"applies": "qx.ui.tree.Tree#openMode"}, "type": "entry"}]}, {"attributes": {"text": "<p>Applies changes of the property value of the property <code>openMode</code>.</p>\n\n<p>For further details take a look at the property definition: {@link #openMode}.</p>"}, "type": "desc"}]}, {"attributes": {"access": "protected", "line": 214, "name": "_applyRoot"}, "type": "method", "children": [{"attributes": {}, "type": "params", "children": [{"attributes": {"name": "value"}, "type": "param", "children": [{"attributes": {"text": "<p>new value of the property</p>"}, "type": "desc"}, {"attributes": {}, "type": "types", "children": [{"attributes": {"type": "qx.ui.tree.core.AbstractTreeItem"}, "type": "entry"}]}]}, {"attributes": {"name": "old"}, "type": "param", "children": [{"attributes": {"text": "<p>previous value of the property (null if it was not yet set).</p>"}, "type": "desc"}, {"attributes": {}, "type": "types", "children": [{"attributes": {"type": "qx.ui.tree.core.AbstractTreeItem"}, "type": "entry"}]}]}]}, {"attributes": {}, "type": "apply", "children": [{"attributes": {"applies": "qx.ui.tree.Tree#root"}, "type": "entry"}]}, {"attributes": {"text": "<p>Applies changes of the property value of the property <code>root</code>.</p>\n\n<p>For further details take a look at the property definition: {@link #root}.</p>"}, "type": "desc"}]}, {"attributes": {"access": "protected", "line": 253, "name": "_applyRootOpenClose"}, "type": "method", "children": [{"attributes": {}, "type": "params", "children": [{"attributes": {"name": "value"}, "type": "param", "children": [{"attributes": {"text": "<p>new value of the property</p>"}, "type": "desc"}, {"attributes": {}, "type": "types", "children": [{"attributes": {"type": "Boolean"}, "type": "entry"}]}]}, {"attributes": {"name": "old"}, "type": "param", "children": [{"attributes": {"text": "<p>previous value of the property (null if it was not yet set).</p>"}, "type": "desc"}, {"attributes": {}, "type": "types", "children": [{"attributes": {"type": "Boolean"}, "type": "entry"}]}]}]}, {"attributes": {}, "type": "apply", "children": [{"attributes": {"applies": "qx.ui.tree.Tree#rootOpenClose"}, "type": "entry"}]}, {"attributes": {"text": "<p>Applies changes of the property value of the property <code>rootOpenClose</code>.</p>\n\n<p>For further details take a look at the property definition: {@link #rootOpenClose}.</p>"}, "type": "desc"}]}, {"attributes": {"access": "protected", "line": 268, "name": "_getContentPaddingTarget"}, "type": "method", "children": [{"attributes": {"text": "<p>Returns the element, to which the content padding should be applied.</p>"}, "type": "desc"}, {"attributes": {}, "type": "return", "children": [{"attributes": {"text": "<p>The content padding target.</p>"}, "type": "desc"}, {"attributes": {}, "type": "types", "children": [{"attributes": {"type": "qx.ui.core.Widget"}, "type": "entry"}]}]}]}, {"attributes": {"access": "protected", "line": 533, "name": "_onChangeSelection"}, "type": "method", "children": [{"attributes": {}, "type": "params", "children": [{"attributes": {"name": "e"}, "type": "param", "children": [{"attributes": {"text": "<p>The selection data event.</p>"}, "type": "desc"}, {"attributes": {}, "type": "types", "children": [{"attributes": {"type": "qx.event.type.Data"}, "type": "entry"}]}]}]}, {"attributes": {"text": "<p>Event handler for changeSelection events, which opens all parent folders\nof the selected folders.</p>"}, "type": "desc"}]}, {"attributes": {"access": "protected", "line": 554, "name": "_onKeyPress"}, "type": "method", "children": [{"attributes": {}, "type": "params", "children": [{"attributes": {"name": "e"}, "type": "param", "children": [{"attributes": {"text": "<p>key event.</p>"}, "type": "desc"}, {"attributes": {}, "type": "types", "children": [{"attributes": {"type": "qx.event.type.KeySequence"}, "type": "entry"}]}]}]}, {"attributes": {"text": "<p>Event handler for key press events. Open and close the current selected\nitem on key left and right press. Jump to parent on key left if already\nclosed.</p>"}, "type": "desc"}]}, {"attributes": {"access": "protected", "line": 515, "name": "_onOpen"}, "type": "method", "children": [{"attributes": {}, "type": "params", "children": [{"attributes": {"name": "e"}, "type": "param", "children": [{"attributes": {"text": "<p>The tap event object</p>"}, "type": "desc"}, {"attributes": {}, "type": "types", "children": [{"attributes": {"type": "qx.event.type.Pointer"}, "type": "entry"}]}]}]}, {"attributes": {"text": "<p>Event handler for tap events, which could change a tree item&#8217;s open\nstate.</p>"}, "type": "desc"}]}, {"attributes": {"line": 448, "name": "getChildren"}, "type": "method", "children": [{"attributes": {"text": "<p>Returns the tree&#8217;s only &#8220;external&#8221; child, namely the root node.</p>"}, "type": "desc"}, {"attributes": {}, "type": "return", "children": [{"attributes": {"text": "<p>Array containing the root node</p>"}, "type": "desc"}, {"attributes": {}, "type": "types", "children": [{"attributes": {"type": "qx.ui.tree.core.AbstractTreeItem", "dimensions": 1}, "type": "entry"}]}]}]}, {"attributes": {"line": 208, "overriddenFrom": "qx.ui.core.Widget", "name": "getChildrenContainer"}, "type": "method", "children": [{"attributes": {"text": "<p>Get the widget, which contains the root tree item. This widget must\nhave a vertical box layout.</p>"}, "type": "desc"}, {"attributes": {}, "type": "return", "children": [{"attributes": {"text": "<p>the children container</p>"}, "type": "desc"}, {"attributes": {}, "type": "types", "children": [{"attributes": {"type": "qx.ui.core.Widget"}, "type": "entry"}]}]}]}, {"attributes": {"name": "getHideRoot", "fromProperty": "hideRoot"}, "type": "method", "children": [{"attributes": {"text": "<p>Returns the (computed) value of the property <code>hideRoot</code>.</p>\n\n<p>For further details take a look at the property definition: {@link #hideRoot}.</p>"}, "type": "desc"}, {"attributes": {}, "type": "return", "children": [{"attributes": {"text": "<p>(Computed) value of <code>hideRoot</code>.</p>"}, "type": "desc"}, {"attributes": {}, "type": "types", "children": [{"attributes": {"type": "var"}, "type": "entry"}]}]}]}, {"attributes": {"line": 433, "name": "getItems"}, "type": "method", "children": [{"attributes": {}, "type": "params", "children": [{"attributes": {"defaultValue": "false", "optional": true, "name": "recursive"}, "type": "param", "children": [{"attributes": {"text": "<p>whether children of subfolder should be included</p>"}, "type": "desc"}, {"attributes": {}, "type": "types", "children": [{"attributes": {"type": "Boolean"}, "type": "entry"}]}]}, {"attributes": {"defaultValue": "true", "optional": true, "name": "invisible"}, "type": "param", "children": [{"attributes": {"text": "<p>whether invisible children should be included</p>"}, "type": "desc"}, {"attributes": {}, "type": "types", "children": [{"attributes": {"type": "Boolean"}, "type": "entry"}]}]}]}, {"attributes": {"text": "<p>Returns all children of the tree.</p>"}, "type": "desc"}, {"attributes": {}, "type": "return", "children": [{"attributes": {"text": "<p>list of children</p>"}, "type": "desc"}, {"attributes": {}, "type": "types", "children": [{"attributes": {"type": "qx.ui.tree.core.AbstractTreeItem", "dimensions": 1}, "type": "entry"}]}]}]}, {"attributes": {"line": 290, "name": "getNextNodeOf"}, "type": "method", "children": [{"attributes": {}, "type": "params", "children": [{"attributes": {"name": "treeItem"}, "type": "param", "children": [{"attributes": {"text": "<p>The tree item to get the item after</p>"}, "type": "desc"}, {"attributes": {}, "type": "types", "children": [{"attributes": {"type": "qx.ui.tree.core.AbstractTreeItem"}, "type": "entry"}]}]}, {"attributes": {"defaultValue": "true", "optional": true, "name": "invisible"}, "type": "param", "children": [{"attributes": {"text": "<p>Whether invisible/closed tree items should be returned as well.</p>"}, "type": "desc"}, {"attributes": {}, "type": "types", "children": [{"attributes": {"type": "Boolean"}, "type": "entry"}]}]}]}, {"attributes": {"text": "<p>Get the tree item following the given item in the tree hierarchy.</p>"}, "type": "desc"}, {"attributes": {}, "type": "return", "children": [{"attributes": {"text": "<p>The item after the given item. May be <code>null</code> if the item is the last item.</p>"}, "type": "desc"}, {"attributes": {}, "type": "types", "children": [{"attributes": {"type": "qx.ui.tree.core.AbstractTreeItem"}, "type": "entry"}]}]}]}, {"attributes": {"line": 378, "name": "getNextSiblingOf"}, "type": "method", "children": [{"attributes": {}, "type": "params", "children": [{"attributes": {"name": "treeItem"}, "type": "param", "children": [{"attributes": {"text": "<p>The tree item to get the following sibling of.</p>"}, "type": "desc"}, {"attributes": {}, "type": "types", "children": [{"attributes": {"type": "qx.ui.tree.core.AbstractTreeItem"}, "type": "entry"}]}]}]}, {"attributes": {"text": "<p>Get the tree item&#8217;s next sibling.</p>"}, "type": "desc"}, {"attributes": {}, "type": "return", "children": [{"attributes": {"text": "<p>The item following the given item. May be <code>null</code> if the given item is the last in it&#8217;s nesting level.</p>"}, "type": "desc"}, {"attributes": {}, "type": "types", "children": [{"attributes": {"type": "qx.ui.tree.core.AbstractTreeItem"}, "type": "entry"}]}]}]}, {"attributes": {"name": "getOpenMode", "fromProperty": "openMode"}, "type": "method", "children": [{"attributes": {"text": "<p>Returns the (computed) value of the property <code>openMode</code>.</p>\n\n<p>For further details take a look at the property definition: {@link #openMode}.</p>"}, "type": "desc"}, {"attributes": {}, "type": "return", "children": [{"attributes": {"text": "<p>(Computed) value of <code>openMode</code>.</p>"}, "type": "desc"}, {"attributes": {}, "type": "types", "children": [{"attributes": {"type": "var"}, "type": "entry"}]}]}]}, {"attributes": {"line": 326, "name": "getPreviousNodeOf"}, "type": "method", "children": [{"attributes": {}, "type": "params", "children": [{"attributes": {"name": "treeItem"}, "type": "param", "children": [{"attributes": {"text": "<p>The tree item to get the item before</p>"}, "type": "desc"}, {"attributes": {}, "type": "types", "children": [{"attributes": {"type": "qx.ui.tree.core.AbstractTreeItem"}, "type": "entry"}]}]}, {"attributes": {"defaultValue": "true", "optional": true, "name": "invisible"}, "type": "param", "children": [{"attributes": {"text": "<p>Whether invisible/closed tree items should be returned as well.</p>"}, "type": "desc"}, {"attributes": {}, "type": "types", "children": [{"attributes": {"type": "Boolean"}, "type": "entry"}]}]}]}, {"attributes": {"text": "<p>Get the tree item preceding the given item in the tree hierarchy.</p>"}, "type": "desc"}, {"attributes": {}, "type": "return", "children": [{"attributes": {"text": "<p>The item before the given item. May be <code>null</code> if the given item is the tree&#8217;s root.</p>"}, "type": "desc"}, {"attributes": {}, "type": "types", "children": [{"attributes": {"type": "qx.ui.tree.core.AbstractTreeItem"}, "type": "entry"}]}]}]}, {"attributes": {"line": 406, "name": "getPreviousSiblingOf"}, "type": "method", "children": [{"attributes": {}, "type": "params", "children": [{"attributes": {"name": "treeItem"}, "type": "param", "children": [{"attributes": {"text": "<p>The tree item to get the previous sibling of.</p>"}, "type": "desc"}, {"attributes": {}, "type": "types", "children": [{"attributes": {"type": "qx.ui.tree.core.AbstractTreeItem"}, "type": "entry"}]}]}]}, {"attributes": {"text": "<p>Get the tree item&#8217;s previous sibling.</p>"}, "type": "desc"}, {"attributes": {}, "type": "return", "children": [{"attributes": {"text": "<p>The item preceding the given item. May be <code>null</code> if the given item is the first in it&#8217;s nesting level.</p>"}, "type": "desc"}, {"attributes": {}, "type": "types", "children": [{"attributes": {"type": "qx.ui.tree.core.AbstractTreeItem"}, "type": "entry"}]}]}]}, {"attributes": {"name": "getRoot", "fromProperty": "root"}, "type": "method", "children": [{"attributes": {"text": "<p>Returns the (computed) value of the property <code>root</code>.</p>\n\n<p>For further details take a look at the property definition: {@link #root}.</p>"}, "type": "desc"}, {"attributes": {}, "type": "return", "children": [{"attributes": {"text": "<p>(Computed) value of <code>root</code>.</p>"}, "type": "desc"}, {"attributes": {}, "type": "types", "children": [{"attributes": {"type": "var"}, "type": "entry"}]}]}]}, {"attributes": {"name": "getRootOpenClose", "fromProperty": "rootOpenClose"}, "type": "method", "children": [{"attributes": {"text": "<p>Returns the (computed) value of the property <code>rootOpenClose</code>.</p>\n\n<p>For further details take a look at the property definition: {@link #rootOpenClose}.</p>"}, "type": "desc"}, {"attributes": {}, "type": "return", "children": [{"attributes": {"text": "<p>(Computed) value of <code>rootOpenClose</code>.</p>"}, "type": "desc"}, {"attributes": {}, "type": "types", "children": [{"attributes": {"type": "var"}, "type": "entry"}]}]}]}, {"attributes": {"line": 473, "name": "getTreeItem"}, "type": "method", "children": [{"attributes": {}, "type": "params", "children": [{"attributes": {"name": "widget"}, "type": "param", "children": [{"attributes": {"text": "<p>The widget to get the containing tree item for.</p>"}, "type": "desc"}, {"attributes": {}, "type": "types", "children": [{"attributes": {"type": "qx.ui.core.Widget"}, "type": "entry"}]}]}]}, {"attributes": {"text": "<p>Returns the tree item, which contains the given widget.</p>"}, "type": "desc"}, {"attributes": {}, "type": "return", "children": [{"attributes": {"text": "<p>The tree item containing the widget. If the widget is not inside of any tree item <code>null</code> is returned.</p>"}, "type": "desc"}, {"attributes": {}, "type": "types", "children": [{"attributes": {"type": "qx.ui.tree.core.AbstractTreeItem"}, "type": "entry"}, {"attributes": {"type": "null"}, "type": "entry"}]}]}]}, {"attributes": {"access": "protected", "name": "initHideRoot", "fromProperty": "hideRoot"}, "type": "method", "children": [{"attributes": {}, "type": "params", "children": [{"attributes": {"name": "value"}, "type": "param", "children": [{"attributes": {"text": "<p>Initial value for property <code>hideRoot</code>.</p>"}, "type": "desc"}, {"attributes": {}, "type": "types", "children": [{"attributes": {"type": "var"}, "type": "entry"}]}]}]}, {"attributes": {"text": "<p>Calls the apply method and dispatches the change event of the property <code>hideRoot</code>\nwith the default value defined by the class developer. This function can\nonly be called from the constructor of a class.</p>\n\n<p>For further details take a look at the property definition: {@link #hideRoot}.</p>"}, "type": "desc"}, {"attributes": {}, "type": "return", "children": [{"attributes": {"text": "<p>the default value</p>"}, "type": "desc"}, {"attributes": {}, "type": "types", "children": [{"attributes": {"type": "var"}, "type": "entry"}]}]}]}, {"attributes": {"access": "protected", "name": "initOpenMode", "fromProperty": "openMode"}, "type": "method", "children": [{"attributes": {}, "type": "params", "children": [{"attributes": {"name": "value"}, "type": "param", "children": [{"attributes": {"text": "<p>Initial value for property <code>openMode</code>.</p>"}, "type": "desc"}, {"attributes": {}, "type": "types", "children": [{"attributes": {"type": "var"}, "type": "entry"}]}]}]}, {"attributes": {"text": "<p>Calls the apply method and dispatches the change event of the property <code>openMode</code>\nwith the default value defined by the class developer. This function can\nonly be called from the constructor of a class.</p>\n\n<p>For further details take a look at the property definition: {@link #openMode}.</p>"}, "type": "desc"}, {"attributes": {}, "type": "return", "children": [{"attributes": {"text": "<p>the default value</p>"}, "type": "desc"}, {"attributes": {}, "type": "types", "children": [{"attributes": {"type": "var"}, "type": "entry"}]}]}]}, {"attributes": {"access": "protected", "name": "initRoot", "fromProperty": "root"}, "type": "method", "children": [{"attributes": {}, "type": "params", "children": [{"attributes": {"name": "value"}, "type": "param", "children": [{"attributes": {"text": "<p>Initial value for property <code>root</code>.</p>"}, "type": "desc"}, {"attributes": {}, "type": "types", "children": [{"attributes": {"type": "var"}, "type": "entry"}]}]}]}, {"attributes": {"text": "<p>Calls the apply method and dispatches the change event of the property <code>root</code>\nwith the default value defined by the class developer. This function can\nonly be called from the constructor of a class.</p>\n\n<p>For further details take a look at the property definition: {@link #root}.</p>"}, "type": "desc"}, {"attributes": {}, "type": "return", "children": [{"attributes": {"text": "<p>the default value</p>"}, "type": "desc"}, {"attributes": {}, "type": "types", "children": [{"attributes": {"type": "var"}, "type": "entry"}]}]}]}, {"attributes": {"access": "protected", "name": "initRootOpenClose", "fromProperty": "rootOpenClose"}, "type": "method", "children": [{"attributes": {}, "type": "params", "children": [{"attributes": {"name": "value"}, "type": "param", "children": [{"attributes": {"text": "<p>Initial value for property <code>rootOpenClose</code>.</p>"}, "type": "desc"}, {"attributes": {}, "type": "types", "children": [{"attributes": {"type": "var"}, "type": "entry"}]}]}]}, {"attributes": {"text": "<p>Calls the apply method and dispatches the change event of the property <code>rootOpenClose</code>\nwith the default value defined by the class developer. This function can\nonly be called from the constructor of a class.</p>\n\n<p>For further details take a look at the property definition: {@link #rootOpenClose}.</p>"}, "type": "desc"}, {"attributes": {}, "type": "return", "children": [{"attributes": {"text": "<p>the default value</p>"}, "type": "desc"}, {"attributes": {}, "type": "types", "children": [{"attributes": {"type": "var"}, "type": "entry"}]}]}]}, {"attributes": {"name": "isHideRoot", "fromProperty": "hideRoot"}, "type": "method", "children": [{"attributes": {"text": "<p>Check whether the (computed) value of the boolean property <code>hideRoot</code> equals <code>true</code>.</p>\n\n<p>For further details take a look at the property definition: {@link #hideRoot}.</p>"}, "type": "desc"}, {"attributes": {}, "type": "return", "children": [{"attributes": {"text": "<p>Whether the property equals <code>true</code>.</p>"}, "type": "desc"}, {"attributes": {}, "type": "types", "children": [{"attributes": {"type": "Boolean"}, "type": "entry"}]}]}]}, {"attributes": {"name": "isRootOpenClose", "fromProperty": "rootOpenClose"}, "type": "method", "children": [{"attributes": {"text": "<p>Check whether the (computed) value of the boolean property <code>rootOpenClose</code> equals <code>true</code>.</p>\n\n<p>For further details take a look at the property definition: {@link #rootOpenClose}.</p>"}, "type": "desc"}, {"attributes": {}, "type": "return", "children": [{"attributes": {"text": "<p>Whether the property equals <code>true</code>.</p>"}, "type": "desc"}, {"attributes": {}, "type": "types", "children": [{"attributes": {"type": "Boolean"}, "type": "entry"}]}]}]}, {"attributes": {"name": "resetHideRoot", "fromProperty": "hideRoot"}, "type": "method", "children": [{"attributes": {"text": "<p>Resets the user value of the property <code>hideRoot</code>.</p>\n\n<p>The computed value falls back to the next available value e.g. appearance, init or\ninheritance value depeneding on the property configuration and value availability.</p>\n\n<p>For further details take a look at the property definition: {@link #hideRoot}.</p>"}, "type": "desc"}]}, {"attributes": {"name": "resetOpenMode", "fromProperty": "openMode"}, "type": "method", "children": [{"attributes": {"text": "<p>Resets the user value of the property <code>openMode</code>.</p>\n\n<p>The computed value falls back to the next available value e.g. appearance, init or\ninheritance value depeneding on the property configuration and value availability.</p>\n\n<p>For further details take a look at the property definition: {@link #openMode}.</p>"}, "type": "desc"}]}, {"attributes": {"name": "resetRoot", "fromProperty": "root"}, "type": "method", "children": [{"attributes": {"text": "<p>Resets the user value of the property <code>root</code>.</p>\n\n<p>The computed value falls back to the next available value e.g. appearance, init or\ninheritance value depeneding on the property configuration and value availability.</p>\n\n<p>For further details take a look at the property definition: {@link #root}.</p>"}, "type": "desc"}]}, {"attributes": {"name": "resetRootOpenClose", "fromProperty": "rootOpenClose"}, "type": "method", "children": [{"attributes": {"text": "<p>Resets the user value of the property <code>rootOpenClose</code>.</p>\n\n<p>The computed value falls back to the next available value e.g. appearance, init or\ninheritance value depeneding on the property configuration and value availability.</p>\n\n<p>For further details take a look at the property definition: {@link #rootOpenClose}.</p>"}, "type": "desc"}]}, {"attributes": {"name": "setHideRoot", "fromProperty": "hideRoot"}, "type": "method", "children": [{"attributes": {}, "type": "params", "children": [{"attributes": {"name": "value"}, "type": "param", "children": [{"attributes": {"text": "<p>New value for property <code>hideRoot</code>.</p>"}, "type": "desc"}, {"attributes": {}, "type": "types", "children": [{"attributes": {"type": "var"}, "type": "entry"}]}]}]}, {"attributes": {"text": "<p>Sets the user value of the property <code>hideRoot</code>.</p>\n\n<p>For further details take a look at the property definition: {@link #hideRoot}.</p>"}, "type": "desc"}, {"attributes": {}, "type": "return", "children": [{"attributes": {"text": "<p>The unmodified incoming value.</p>"}, "type": "desc"}, {"attributes": {}, "type": "types", "children": [{"attributes": {"type": "var"}, "type": "entry"}]}]}]}, {"attributes": {"name": "setOpenMode", "fromProperty": "openMode"}, "type": "method", "children": [{"attributes": {}, "type": "params", "children": [{"attributes": {"name": "value"}, "type": "param", "children": [{"attributes": {"text": "<p>New value for property <code>openMode</code>.</p>"}, "type": "desc"}, {"attributes": {}, "type": "types", "children": [{"attributes": {"type": "var"}, "type": "entry"}]}]}]}, {"attributes": {"text": "<p>Sets the user value of the property <code>openMode</code>.</p>\n\n<p>For further details take a look at the property definition: {@link #openMode}.</p>"}, "type": "desc"}, {"attributes": {}, "type": "return", "children": [{"attributes": {"text": "<p>The unmodified incoming value.</p>"}, "type": "desc"}, {"attributes": {}, "type": "types", "children": [{"attributes": {"type": "var"}, "type": "entry"}]}]}]}, {"attributes": {"name": "setRoot", "fromProperty": "root"}, "type": "method", "children": [{"attributes": {}, "type": "params", "children": [{"attributes": {"name": "value"}, "type": "param", "children": [{"attributes": {"text": "<p>New value for property <code>root</code>.</p>"}, "type": "desc"}, {"attributes": {}, "type": "types", "children": [{"attributes": {"type": "var"}, "type": "entry"}]}]}]}, {"attributes": {"text": "<p>Sets the user value of the property <code>root</code>.</p>\n\n<p>For further details take a look at the property definition: {@link #root}.</p>"}, "type": "desc"}, {"attributes": {}, "type": "return", "children": [{"attributes": {"text": "<p>The unmodified incoming value.</p>"}, "type": "desc"}, {"attributes": {}, "type": "types", "children": [{"attributes": {"type": "var"}, "type": "entry"}]}]}]}, {"attributes": {"name": "setRootOpenClose", "fromProperty": "rootOpenClose"}, "type": "method", "children": [{"attributes": {}, "type": "params", "children": [{"attributes": {"name": "value"}, "type": "param", "children": [{"attributes": {"text": "<p>New value for property <code>rootOpenClose</code>.</p>"}, "type": "desc"}, {"attributes": {}, "type": "types", "children": [{"attributes": {"type": "var"}, "type": "entry"}]}]}]}, {"attributes": {"text": "<p>Sets the user value of the property <code>rootOpenClose</code>.</p>\n\n<p>For further details take a look at the property definition: {@link #rootOpenClose}.</p>"}, "type": "desc"}, {"attributes": {}, "type": "return", "children": [{"attributes": {"text": "<p>The unmodified incoming value.</p>"}, "type": "desc"}, {"attributes": {}, "type": "types", "children": [{"attributes": {"type": "var"}, "type": "entry"}]}]}]}, {"attributes": {"name": "toggleHideRoot", "fromProperty": "hideRoot"}, "type": "method", "children": [{"attributes": {"text": "<p>Toggles the (computed) value of the boolean property <code>hideRoot</code>.</p>\n\n<p>For further details take a look at the property definition: {@link #hideRoot}.</p>"}, "type": "desc"}, {"attributes": {}, "type": "return", "children": [{"attributes": {"text": "<p>the new value</p>"}, "type": "desc"}, {"attributes": {}, "type": "types", "children": [{"attributes": {"type": "Boolean"}, "type": "entry"}]}]}]}, {"attributes": {"name": "toggleRootOpenClose", "fromProperty": "rootOpenClose"}, "type": "method", "children": [{"attributes": {"text": "<p>Toggles the (computed) value of the boolean property <code>rootOpenClose</code>.</p>\n\n<p>For further details take a look at the property definition: {@link #rootOpenClose}.</p>"}, "type": "desc"}, {"attributes": {}, "type": "return", "children": [{"attributes": {"text": "<p>the new value</p>"}, "type": "desc"}, {"attributes": {}, "type": "types", "children": [{"attributes": {"type": "Boolean"}, "type": "entry"}]}]}]}]}, {"attributes": {}, "type": "properties", "children": [{"attributes": {"name": "appearance", "docFrom": "qx.ui.core.Widget", "defaultValue": "\"tree\"", "refine": "true", "propertyType": "new", "overriddenFrom": "qx.ui.core.scroll.AbstractScrollArea"}, "type": "property"}, {"attributes": {"name": "focusable", "docFrom": "qx.ui.core.Widget", "defaultValue": "true", "refine": "true", "propertyType": "new", "overriddenFrom": "qx.ui.core.Widget"}, "type": "property"}, {"attributes": {"apply": "_applyHideRoot", "defaultValue": "false", "propertyType": "new", "check": "Boolean", "name": "hideRoot"}, "type": "property", "children": [{"attributes": {"text": "<p>Hide the root (Tree) node.  This differs from the visibility property in\nthat this property hides <strong>only</strong> the root node, not the node&#8217;s children.</p>"}, "type": "desc"}]}, {"attributes": {"name": "openMode", "defaultValue": "\"dbltap\"", "propertyType": "new", "possibleValues": "\"tap\",\"dbltap\",\"none\"", "apply": "_applyOpenMode", "event": "changeOpenMode", "themeable": "true"}, "type": "property", "children": [{"attributes": {"text": "<p>Control whether tap or double tap should open or close the tapped\nfolder.</p>"}, "type": "desc"}]}, {"attributes": {"name": "root", "defaultValue": "null", "check": "qx.ui.tree.core.AbstractTreeItem", "allowNull": "true", "propertyType": "new", "apply": "_applyRoot", "event": "changeRoot"}, "type": "property", "children": [{"attributes": {"text": "<p>The root tree item of the tree to display</p>"}, "type": "desc"}]}, {"attributes": {"apply": "_applyRootOpenClose", "defaultValue": "false", "propertyType": "new", "check": "Boolean", "name": "rootOpenClose"}, "type": "property", "children": [{"attributes": {"text": "<p>Whether the Root should have an open/close button.  This may also be\nused in conjunction with the hideNode property to provide for virtual root\nnodes.  In the latter case, be very sure that the virtual root nodes are\nexpanded programatically, since there will be no open/close button for the\nuser to open them.</p>"}, "type": "desc"}]}]}]}