{"attributes": {"name": "Manager", "packageName": "qx.ui.popup", "superClass": "qx.core.Object", "isSingleton": true, "fullName": "qx.ui.popup.Manager", "type": "class"}, "type": "class", "children": [{"attributes": {"text": "<p>This singleton is used to manager multiple instances of popups and their\nstate.</p>"}, "type": "desc"}, {"attributes": {}, "type": "constructor", "children": [{"attributes": {"docFrom": "qx.core.Object", "line": 38, "isCtor": true, "overriddenFrom": "qx.core.Object", "name": "ctor"}, "type": "method"}]}, {"attributes": {}, "type": "methods", "children": [{"attributes": {"access": "private", "line": 157, "name": "__onPointerDown"}, "type": "method", "children": [{"attributes": {}, "type": "params", "children": [{"attributes": {"name": "e"}, "type": "param", "children": [{"attributes": {"text": "<p>Pointer event object</p>"}, "type": "desc"}, {"attributes": {}, "type": "types", "children": [{"attributes": {"type": "qx.event.type.Pointer"}, "type": "entry"}]}]}]}, {"attributes": {"text": "<p>Event handler for pointer down events</p>"}, "type": "desc"}]}, {"attributes": {"access": "private", "line": 135, "name": "__updateIndexes"}, "type": "method", "children": [{"attributes": {"text": "<p>Updates the zIndex of all registered items to push\nnewly added ones on top of existing ones</p>"}, "type": "desc"}]}, {"attributes": {"line": 72, "name": "add"}, "type": "method", "children": [{"attributes": {}, "type": "params", "children": [{"attributes": {"name": "obj"}, "type": "param", "children": [{"attributes": {"text": "<p>The popup to register</p>"}, "type": "desc"}, {"attributes": {}, "type": "types", "children": [{"attributes": {"type": "qx.ui.popup.Popup"}, "type": "entry"}]}]}]}, {"attributes": {"text": "<p>Registers a visible popup.</p>"}, "type": "desc"}]}, {"attributes": {"line": 109, "name": "hideAll"}, "type": "method", "children": [{"attributes": {"text": "<p>Excludes all currently open popups,\nexcept those with {@link qx.ui.popup.Popup#autoHide} set to false.</p>"}, "type": "desc"}]}, {"attributes": {"line": 91, "name": "remove"}, "type": "method", "children": [{"attributes": {}, "type": "params", "children": [{"attributes": {"name": "obj"}, "type": "param", "children": [{"attributes": {"text": "<p>The popup which was excluded</p>"}, "type": "desc"}, {"attributes": {}, "type": "types", "children": [{"attributes": {"type": "qx.ui.popup.Popup"}, "type": "entry"}]}]}]}, {"attributes": {"text": "<p>Removes a popup from the registry</p>"}, "type": "desc"}]}]}, {"attributes": {}, "type": "methods-static", "children": [{"attributes": {"line": 11, "isStatic": true, "name": "getInstance"}, "type": "method", "children": [{"attributes": {"text": "<p>Returns a singleton instance of this class. On the first call the class\nis instantiated by calling the constructor with no arguments. All following\ncalls will return this instance.</p>\n\n<p>This method has been added by setting the &#8220;type&#8221; key in the class definition\n({@link qx.Class#define}) to &#8220;singleton&#8221;.</p>"}, "type": "desc"}, {"attributes": {}, "type": "return", "children": [{"attributes": {"text": "<p>The singleton instance of this class.</p>"}, "type": "desc"}, {"attributes": {}, "type": "types", "children": [{"attributes": {"type": "qx.ui.popup.Manager"}, "type": "entry"}]}]}]}]}]}