{"attributes": {"fullName": "qx.ui.table.IColumnMenuItem", "packageName": "qx.ui.table", "type": "interface", "name": "IColumnMenuItem", "implementations": "qx.ui.table.columnmenu.MenuItem"}, "type": "class", "children": [{"attributes": {"text": "<p>Interface for a column menu item corresponding to a table column.</p>"}, "type": "desc"}, {"attributes": {}, "type": "methods", "children": [{"attributes": {"name": "getVisible", "fromProperty": "visible"}, "type": "method", "children": [{"attributes": {"text": "<p>Returns the (computed) value of the property <code>visible</code>.</p>\n\n<p>For further details take a look at the property definition: {@link #visible}.</p>"}, "type": "desc"}, {"attributes": {}, "type": "return", "children": [{"attributes": {"text": "<p>(Computed) value of <code>visible</code>.</p>"}, "type": "desc"}, {"attributes": {}, "type": "types", "children": [{"attributes": {"type": "var"}, "type": "entry"}]}]}]}, {"attributes": {"access": "protected", "name": "initVisible", "fromProperty": "visible"}, "type": "method", "children": [{"attributes": {}, "type": "params", "children": [{"attributes": {"name": "value"}, "type": "param", "children": [{"attributes": {"text": "<p>Initial value for property <code>visible</code>.</p>"}, "type": "desc"}, {"attributes": {}, "type": "types", "children": [{"attributes": {"type": "var"}, "type": "entry"}]}]}]}, {"attributes": {"text": "<p>Calls the apply method and dispatches the change event of the property <code>visible</code>\nwith the default value defined by the class developer. This function can\nonly be called from the constructor of a class.</p>\n\n<p>For further details take a look at the property definition: {@link #visible}.</p>"}, "type": "desc"}, {"attributes": {}, "type": "return", "children": [{"attributes": {"text": "<p>the default value</p>"}, "type": "desc"}, {"attributes": {}, "type": "types", "children": [{"attributes": {"type": "var"}, "type": "entry"}]}]}]}, {"attributes": {"name": "resetVisible", "fromProperty": "visible"}, "type": "method", "children": [{"attributes": {"text": "<p>Resets the user value of the property <code>visible</code>.</p>\n\n<p>The computed value falls back to the next available value e.g. appearance, init or\ninheritance value depeneding on the property configuration and value availability.</p>\n\n<p>For further details take a look at the property definition: {@link #visible}.</p>"}, "type": "desc"}]}, {"attributes": {"name": "setVisible", "fromProperty": "visible"}, "type": "method", "children": [{"attributes": {}, "type": "params", "children": [{"attributes": {"name": "value"}, "type": "param", "children": [{"attributes": {"text": "<p>New value for property <code>visible</code>.</p>"}, "type": "desc"}, {"attributes": {}, "type": "types", "children": [{"attributes": {"type": "var"}, "type": "entry"}]}]}]}, {"attributes": {"text": "<p>Sets the user value of the property <code>visible</code>.</p>\n\n<p>For further details take a look at the property definition: {@link #visible}.</p>"}, "type": "desc"}, {"attributes": {}, "type": "return", "children": [{"attributes": {"text": "<p>The unmodified incoming value.</p>"}, "type": "desc"}, {"attributes": {}, "type": "types", "children": [{"attributes": {"type": "var"}, "type": "entry"}]}]}]}]}, {"attributes": {}, "type": "properties", "children": [{"attributes": {"name": "visible", "propertyType": "new"}, "type": "property", "children": [{"attributes": {"text": "<p>Whether the table column associated with this menu item is visible</p>"}, "type": "desc"}]}]}, {"attributes": {}, "type": "events", "children": [{"attributes": {"name": "changeVisible"}, "type": "event", "children": [{"attributes": {"text": "<p>Dispatched when a column changes visibility state. The event data is a\nboolean indicating whether the table column associated with this menu\nitem is now visible.</p>"}, "type": "desc"}, {"attributes": {}, "type": "types", "children": [{"attributes": {"type": "qx.event.type.Data"}, "type": "entry"}]}]}]}]}