{"attributes": {"fullName": "qx.ui.table.cellrenderer.Date", "packageName": "qx.ui.table.cellrenderer", "type": "class", "name": "Date", "superClass": "qx.ui.table.cellrenderer.Conditional"}, "type": "class", "children": [{"attributes": {"text": "<p>Specific data cell renderer for dates.</p>"}, "type": "desc"}, {"attributes": {}, "type": "methods", "children": [{"attributes": {"access": "protected", "docFrom": "qx.ui.table.cellrenderer.Abstract", "line": 75, "overriddenFrom": "qx.ui.table.cellrenderer.Default", "name": "_getCellClass"}, "type": "method", "children": [{"attributes": {}, "type": "params", "children": [{"attributes": {"name": "cellInfo"}, "type": "param"}]}]}, {"attributes": {"access": "protected", "docFrom": "qx.ui.table.cellrenderer.Abstract", "line": 55, "overriddenFrom": "qx.ui.table.cellrenderer.Default", "name": "_getContentHtml"}, "type": "method", "children": [{"attributes": {}, "type": "params", "children": [{"attributes": {"name": "cellInfo"}, "type": "param"}]}]}, {"attributes": {"name": "getDateFormat", "fromProperty": "dateFormat"}, "type": "method", "children": [{"attributes": {"text": "<p>Returns the (computed) value of the property <code>dateFormat</code>.</p>\n\n<p>For further details take a look at the property definition: {@link #dateFormat}.</p>"}, "type": "desc"}, {"attributes": {}, "type": "return", "children": [{"attributes": {"text": "<p>(Computed) value of <code>dateFormat</code>.</p>"}, "type": "desc"}, {"attributes": {}, "type": "types", "children": [{"attributes": {"type": "var"}, "type": "entry"}]}]}]}, {"attributes": {"access": "protected", "name": "initDateFormat", "fromProperty": "dateFormat"}, "type": "method", "children": [{"attributes": {}, "type": "params", "children": [{"attributes": {"name": "value"}, "type": "param", "children": [{"attributes": {"text": "<p>Initial value for property <code>dateFormat</code>.</p>"}, "type": "desc"}, {"attributes": {}, "type": "types", "children": [{"attributes": {"type": "var"}, "type": "entry"}]}]}]}, {"attributes": {"text": "<p>Calls the apply method and dispatches the change event of the property <code>dateFormat</code>\nwith the default value defined by the class developer. This function can\nonly be called from the constructor of a class.</p>\n\n<p>For further details take a look at the property definition: {@link #dateFormat}.</p>"}, "type": "desc"}, {"attributes": {}, "type": "return", "children": [{"attributes": {"text": "<p>the default value</p>"}, "type": "desc"}, {"attributes": {}, "type": "types", "children": [{"attributes": {"type": "var"}, "type": "entry"}]}]}]}, {"attributes": {"name": "resetDateFormat", "fromProperty": "dateFormat"}, "type": "method", "children": [{"attributes": {"text": "<p>Resets the user value of the property <code>dateFormat</code>.</p>\n\n<p>The computed value falls back to the next available value e.g. appearance, init or\ninheritance value depeneding on the property configuration and value availability.</p>\n\n<p>For further details take a look at the property definition: {@link #dateFormat}.</p>"}, "type": "desc"}]}, {"attributes": {"name": "setDateFormat", "fromProperty": "dateFormat"}, "type": "method", "children": [{"attributes": {}, "type": "params", "children": [{"attributes": {"name": "value"}, "type": "param", "children": [{"attributes": {"text": "<p>New value for property <code>dateFormat</code>.</p>"}, "type": "desc"}, {"attributes": {}, "type": "types", "children": [{"attributes": {"type": "var"}, "type": "entry"}]}]}]}, {"attributes": {"text": "<p>Sets the user value of the property <code>dateFormat</code>.</p>\n\n<p>For further details take a look at the property definition: {@link #dateFormat}.</p>"}, "type": "desc"}, {"attributes": {}, "type": "return", "children": [{"attributes": {"text": "<p>The unmodified incoming value.</p>"}, "type": "desc"}, {"attributes": {}, "type": "types", "children": [{"attributes": {"type": "var"}, "type": "entry"}]}]}]}]}, {"attributes": {}, "type": "properties", "children": [{"attributes": {"allowNull": "true", "defaultValue": "null", "propertyType": "new", "check": "qx.util.format.DateFormat", "name": "dateFormat"}, "type": "property", "children": [{"attributes": {"text": "<p>DateFormat used to format the data.</p>"}, "type": "desc"}]}]}]}