{"attributes": {"name": "Layout", "isInternal": true, "packageName": "qx.ui.menu", "access": "internal", "superClass": "qx.ui.layout.VBox", "fullName": "qx.ui.menu.Layout", "type": "class"}, "type": "class", "children": [{"attributes": {"text": "<p>Layouter used by the qooxdoo menu&#8217;s to render their buttons</p>"}, "type": "desc"}, {"attributes": {}, "type": "methods", "children": [{"attributes": {"access": "protected", "docFrom": "qx.ui.layout.Abstract", "line": 98, "overriddenFrom": "qx.ui.layout.VBox", "name": "_computeSizeHint"}, "type": "method"}, {"attributes": {"name": "getArrowColumnWidth", "fromProperty": "arrowColumnWidth"}, "type": "method", "children": [{"attributes": {"text": "<p>Returns the (computed) value of the property <code>arrowColumnWidth</code>.</p>\n\n<p>For further details take a look at the property definition: {@link #arrowColumnWidth}.</p>"}, "type": "desc"}, {"attributes": {}, "type": "return", "children": [{"attributes": {"text": "<p>(Computed) value of <code>arrowColumnWidth</code>.</p>"}, "type": "desc"}, {"attributes": {}, "type": "types", "children": [{"attributes": {"type": "var"}, "type": "entry"}]}]}]}, {"attributes": {"line": 180, "name": "getColumnSizes"}, "type": "method", "children": [{"attributes": {"text": "<p>Returns the column sizes detected during the pre-layout phase</p>"}, "type": "desc"}, {"attributes": {}, "type": "return", "children": [{"attributes": {"text": "<p>List of all column widths</p>"}, "type": "desc"}, {"attributes": {}, "type": "types", "children": [{"attributes": {"type": "Array"}, "type": "entry"}]}]}]}, {"attributes": {"name": "getColumnSpacing", "fromProperty": "columnSpacing"}, "type": "method", "children": [{"attributes": {"text": "<p>Returns the (computed) value of the property <code>columnSpacing</code>.</p>\n\n<p>For further details take a look at the property definition: {@link #columnSpacing}.</p>"}, "type": "desc"}, {"attributes": {}, "type": "return", "children": [{"attributes": {"text": "<p>(Computed) value of <code>columnSpacing</code>.</p>"}, "type": "desc"}, {"attributes": {}, "type": "types", "children": [{"attributes": {"type": "var"}, "type": "entry"}]}]}]}, {"attributes": {"name": "getIconColumnWidth", "fromProperty": "iconColumnWidth"}, "type": "method", "children": [{"attributes": {"text": "<p>Returns the (computed) value of the property <code>iconColumnWidth</code>.</p>\n\n<p>For further details take a look at the property definition: {@link #iconColumnWidth}.</p>"}, "type": "desc"}, {"attributes": {}, "type": "return", "children": [{"attributes": {"text": "<p>(Computed) value of <code>iconColumnWidth</code>.</p>"}, "type": "desc"}, {"attributes": {}, "type": "types", "children": [{"attributes": {"type": "var"}, "type": "entry"}]}]}]}, {"attributes": {"name": "getSpanColumn", "fromProperty": "spanColumn"}, "type": "method", "children": [{"attributes": {"text": "<p>Returns the (computed) value of the property <code>spanColumn</code>.</p>\n\n<p>For further details take a look at the property definition: {@link #spanColumn}.</p>"}, "type": "desc"}, {"attributes": {}, "type": "return", "children": [{"attributes": {"text": "<p>(Computed) value of <code>spanColumn</code>.</p>"}, "type": "desc"}, {"attributes": {}, "type": "types", "children": [{"attributes": {"type": "var"}, "type": "entry"}]}]}]}, {"attributes": {"access": "protected", "name": "initArrowColumnWidth", "fromProperty": "arrowColumnWidth"}, "type": "method", "children": [{"attributes": {}, "type": "params", "children": [{"attributes": {"name": "value"}, "type": "param", "children": [{"attributes": {"text": "<p>Initial value for property <code>arrowColumnWidth</code>.</p>"}, "type": "desc"}, {"attributes": {}, "type": "types", "children": [{"attributes": {"type": "var"}, "type": "entry"}]}]}]}, {"attributes": {"text": "<p>Calls the apply method and dispatches the change event of the property <code>arrowColumnWidth</code>\nwith the default value defined by the class developer. This function can\nonly be called from the constructor of a class.</p>\n\n<p>For further details take a look at the property definition: {@link #arrowColumnWidth}.</p>"}, "type": "desc"}, {"attributes": {}, "type": "return", "children": [{"attributes": {"text": "<p>the default value</p>"}, "type": "desc"}, {"attributes": {}, "type": "types", "children": [{"attributes": {"type": "var"}, "type": "entry"}]}]}]}, {"attributes": {"access": "protected", "name": "initColumnSpacing", "fromProperty": "columnSpacing"}, "type": "method", "children": [{"attributes": {}, "type": "params", "children": [{"attributes": {"name": "value"}, "type": "param", "children": [{"attributes": {"text": "<p>Initial value for property <code>columnSpacing</code>.</p>"}, "type": "desc"}, {"attributes": {}, "type": "types", "children": [{"attributes": {"type": "var"}, "type": "entry"}]}]}]}, {"attributes": {"text": "<p>Calls the apply method and dispatches the change event of the property <code>columnSpacing</code>\nwith the default value defined by the class developer. This function can\nonly be called from the constructor of a class.</p>\n\n<p>For further details take a look at the property definition: {@link #columnSpacing}.</p>"}, "type": "desc"}, {"attributes": {}, "type": "return", "children": [{"attributes": {"text": "<p>the default value</p>"}, "type": "desc"}, {"attributes": {}, "type": "types", "children": [{"attributes": {"type": "var"}, "type": "entry"}]}]}]}, {"attributes": {"access": "protected", "name": "initIconColumnWidth", "fromProperty": "iconColumnWidth"}, "type": "method", "children": [{"attributes": {}, "type": "params", "children": [{"attributes": {"name": "value"}, "type": "param", "children": [{"attributes": {"text": "<p>Initial value for property <code>iconColumnWidth</code>.</p>"}, "type": "desc"}, {"attributes": {}, "type": "types", "children": [{"attributes": {"type": "var"}, "type": "entry"}]}]}]}, {"attributes": {"text": "<p>Calls the apply method and dispatches the change event of the property <code>iconColumnWidth</code>\nwith the default value defined by the class developer. This function can\nonly be called from the constructor of a class.</p>\n\n<p>For further details take a look at the property definition: {@link #iconColumnWidth}.</p>"}, "type": "desc"}, {"attributes": {}, "type": "return", "children": [{"attributes": {"text": "<p>the default value</p>"}, "type": "desc"}, {"attributes": {}, "type": "types", "children": [{"attributes": {"type": "var"}, "type": "entry"}]}]}]}, {"attributes": {"access": "protected", "name": "initSpanColumn", "fromProperty": "spanColumn"}, "type": "method", "children": [{"attributes": {}, "type": "params", "children": [{"attributes": {"name": "value"}, "type": "param", "children": [{"attributes": {"text": "<p>Initial value for property <code>spanColumn</code>.</p>"}, "type": "desc"}, {"attributes": {}, "type": "types", "children": [{"attributes": {"type": "var"}, "type": "entry"}]}]}]}, {"attributes": {"text": "<p>Calls the apply method and dispatches the change event of the property <code>spanColumn</code>\nwith the default value defined by the class developer. This function can\nonly be called from the constructor of a class.</p>\n\n<p>For further details take a look at the property definition: {@link #spanColumn}.</p>"}, "type": "desc"}, {"attributes": {}, "type": "return", "children": [{"attributes": {"text": "<p>the default value</p>"}, "type": "desc"}, {"attributes": {}, "type": "types", "children": [{"attributes": {"type": "var"}, "type": "entry"}]}]}]}, {"attributes": {"name": "resetArrowColumnWidth", "fromProperty": "arrowColumnWidth"}, "type": "method", "children": [{"attributes": {"text": "<p>Resets the user value of the property <code>arrowColumnWidth</code>.</p>\n\n<p>The computed value falls back to the next available value e.g. appearance, init or\ninheritance value depeneding on the property configuration and value availability.</p>\n\n<p>For further details take a look at the property definition: {@link #arrowColumnWidth}.</p>"}, "type": "desc"}]}, {"attributes": {"name": "resetColumnSpacing", "fromProperty": "columnSpacing"}, "type": "method", "children": [{"attributes": {"text": "<p>Resets the user value of the property <code>columnSpacing</code>.</p>\n\n<p>The computed value falls back to the next available value e.g. appearance, init or\ninheritance value depeneding on the property configuration and value availability.</p>\n\n<p>For further details take a look at the property definition: {@link #columnSpacing}.</p>"}, "type": "desc"}]}, {"attributes": {"name": "resetIconColumnWidth", "fromProperty": "iconColumnWidth"}, "type": "method", "children": [{"attributes": {"text": "<p>Resets the user value of the property <code>iconColumnWidth</code>.</p>\n\n<p>The computed value falls back to the next available value e.g. appearance, init or\ninheritance value depeneding on the property configuration and value availability.</p>\n\n<p>For further details take a look at the property definition: {@link #iconColumnWidth}.</p>"}, "type": "desc"}]}, {"attributes": {"name": "resetSpanColumn", "fromProperty": "spanColumn"}, "type": "method", "children": [{"attributes": {"text": "<p>Resets the user value of the property <code>spanColumn</code>.</p>\n\n<p>The computed value falls back to the next available value e.g. appearance, init or\ninheritance value depeneding on the property configuration and value availability.</p>\n\n<p>For further details take a look at the property definition: {@link #spanColumn}.</p>"}, "type": "desc"}]}, {"attributes": {"name": "setArrowColumnWidth", "fromProperty": "arrowColumnWidth"}, "type": "method", "children": [{"attributes": {}, "type": "params", "children": [{"attributes": {"name": "value"}, "type": "param", "children": [{"attributes": {"text": "<p>New value for property <code>arrowColumnWidth</code>.</p>"}, "type": "desc"}, {"attributes": {}, "type": "types", "children": [{"attributes": {"type": "var"}, "type": "entry"}]}]}]}, {"attributes": {"text": "<p>Sets the user value of the property <code>arrowColumnWidth</code>.</p>\n\n<p>For further details take a look at the property definition: {@link #arrowColumnWidth}.</p>"}, "type": "desc"}, {"attributes": {}, "type": "return", "children": [{"attributes": {"text": "<p>The unmodified incoming value.</p>"}, "type": "desc"}, {"attributes": {}, "type": "types", "children": [{"attributes": {"type": "var"}, "type": "entry"}]}]}]}, {"attributes": {"name": "setColumnSpacing", "fromProperty": "columnSpacing"}, "type": "method", "children": [{"attributes": {}, "type": "params", "children": [{"attributes": {"name": "value"}, "type": "param", "children": [{"attributes": {"text": "<p>New value for property <code>columnSpacing</code>.</p>"}, "type": "desc"}, {"attributes": {}, "type": "types", "children": [{"attributes": {"type": "var"}, "type": "entry"}]}]}]}, {"attributes": {"text": "<p>Sets the user value of the property <code>columnSpacing</code>.</p>\n\n<p>For further details take a look at the property definition: {@link #columnSpacing}.</p>"}, "type": "desc"}, {"attributes": {}, "type": "return", "children": [{"attributes": {"text": "<p>The unmodified incoming value.</p>"}, "type": "desc"}, {"attributes": {}, "type": "types", "children": [{"attributes": {"type": "var"}, "type": "entry"}]}]}]}, {"attributes": {"name": "setIconColumnWidth", "fromProperty": "iconColumnWidth"}, "type": "method", "children": [{"attributes": {}, "type": "params", "children": [{"attributes": {"name": "value"}, "type": "param", "children": [{"attributes": {"text": "<p>New value for property <code>iconColumnWidth</code>.</p>"}, "type": "desc"}, {"attributes": {}, "type": "types", "children": [{"attributes": {"type": "var"}, "type": "entry"}]}]}]}, {"attributes": {"text": "<p>Sets the user value of the property <code>iconColumnWidth</code>.</p>\n\n<p>For further details take a look at the property definition: {@link #iconColumnWidth}.</p>"}, "type": "desc"}, {"attributes": {}, "type": "return", "children": [{"attributes": {"text": "<p>The unmodified incoming value.</p>"}, "type": "desc"}, {"attributes": {}, "type": "types", "children": [{"attributes": {"type": "var"}, "type": "entry"}]}]}]}, {"attributes": {"name": "setSpanColumn", "fromProperty": "spanColumn"}, "type": "method", "children": [{"attributes": {}, "type": "params", "children": [{"attributes": {"name": "value"}, "type": "param", "children": [{"attributes": {"text": "<p>New value for property <code>spanColumn</code>.</p>"}, "type": "desc"}, {"attributes": {}, "type": "types", "children": [{"attributes": {"type": "var"}, "type": "entry"}]}]}]}, {"attributes": {"text": "<p>Sets the user value of the property <code>spanColumn</code>.</p>\n\n<p>For further details take a look at the property definition: {@link #spanColumn}.</p>"}, "type": "desc"}, {"attributes": {}, "type": "return", "children": [{"attributes": {"text": "<p>The unmodified incoming value.</p>"}, "type": "desc"}, {"attributes": {}, "type": "types", "children": [{"attributes": {"type": "var"}, "type": "entry"}]}]}]}]}, {"attributes": {}, "type": "properties", "children": [{"attributes": {"name": "arrowColumnWidth", "defaultValue": "0", "propertyType": "new", "apply": "_applyLayoutChange", "check": "Integer", "themeable": "true"}, "type": "property", "children": [{"attributes": {"text": "<p>Default arrow column width if no sub menus are rendered</p>"}, "type": "desc"}]}, {"attributes": {"apply": "_applyLayoutChange", "defaultValue": "0", "propertyType": "new", "check": "Integer", "name": "columnSpacing"}, "type": "property", "children": [{"attributes": {"text": "<p>Spacing between each cell on the menu buttons</p>"}, "type": "desc"}]}, {"attributes": {"name": "iconColumnWidth", "defaultValue": "0", "propertyType": "new", "apply": "_applyLayoutChange", "check": "Integer", "themeable": "true"}, "type": "property", "children": [{"attributes": {"text": "<p>Default icon column width if no icons are rendered</p>"}, "type": "desc"}]}, {"attributes": {"name": "spanColumn", "defaultValue": "1", "allowNull": "true", "propertyType": "new", "apply": "_applyLayoutChange", "check": "Integer"}, "type": "property", "children": [{"attributes": {"text": "<p>Whether a column and which column should automatically span\nwhen the following cell is empty. Spanning may be disabled\nthrough setting this property to <code>null</code>.</p>"}, "type": "desc"}]}]}]}