{"attributes": {"name": "RadioButton", "packageName": "qx.ui.toolbar", "mixins": "qx.ui.form.MModelProperty", "superClass": "qx.ui.toolbar.CheckBox", "fullName": "qx.ui.toolbar.RadioButton", "type": "class", "interfaces": "qx.ui.form.IModel,qx.ui.form.IRadioItem"}, "type": "class", "children": [{"attributes": {"text": "<p>Radio buttons are used to manage a single selection. Radio buttons only\nmake sense used in a group of two or more of them. They are managed (connected)\nto a {@link qx.ui.form.RadioGroup} to handle the selection.</p>"}, "type": "desc"}, {"attributes": {}, "type": "methods", "children": [{"attributes": {"access": "protected", "line": 51, "overriddenFrom": "qx.ui.form.ToggleButton", "name": "_applyValue"}, "type": "method", "children": [{"attributes": {}, "type": "params", "children": [{"attributes": {"name": "value"}, "type": "param", "children": [{"attributes": {"text": "<p>new value of the property</p>"}, "type": "desc"}, {"attributes": {}, "type": "types", "children": [{"attributes": {"type": "Boolean"}, "type": "entry"}]}]}, {"attributes": {"name": "old"}, "type": "param", "children": [{"attributes": {"text": "<p>previous value of the property (null if it was not yet set).</p>"}, "type": "desc"}, {"attributes": {}, "type": "types", "children": [{"attributes": {"type": "Boolean"}, "type": "entry"}]}]}]}, {"attributes": {}, "type": "apply", "children": [{"attributes": {"applies": "qx.ui.form.ToggleButton#value"}, "type": "entry"}]}, {"attributes": {"text": "<p>Applies changes of the property value of the property <code>value</code>.</p>\n\n<p>For further details take a look at the property definition: {@link #value}.</p>"}, "type": "desc"}]}, {"attributes": {"access": "protected", "docFrom": "qx.ui.form.ToggleButton", "line": 66, "overriddenFrom": "qx.ui.form.ToggleButton", "name": "_onExecute"}, "type": "method", "children": [{"attributes": {}, "type": "params", "children": [{"attributes": {"name": "e"}, "type": "param"}]}]}]}]}