{"attributes": {"name": "MenuSlideBar", "isInternal": true, "packageName": "qx.ui.menu", "access": "internal", "superClass": "qx.ui.container.SlideBar", "fullName": "qx.ui.menu.MenuSlideBar", "type": "class"}, "type": "class", "children": [{"attributes": {"text": "<p>The MenuSlideBar is used to scroll menus if they don&#8217;t fit on the screen.</p>"}, "type": "desc"}, {"attributes": {}, "type": "childControls", "children": [{"attributes": {"name": "button-forward"}, "type": "childControl", "children": [{"attributes": {"text": "<p>scrolls forward of hovered</p>"}, "type": "desc"}, {"attributes": {}, "type": "types", "children": [{"attributes": {"type": "qx.ui.form.HoverButton"}, "type": "entry"}]}]}, {"attributes": {"name": "button-backward"}, "type": "childControl", "children": [{"attributes": {"text": "<p>scrolls backward if hovered</p>"}, "type": "desc"}, {"attributes": {}, "type": "types", "children": [{"attributes": {"type": "qx.ui.form.HoverButton"}, "type": "entry"}]}]}]}, {"attributes": {}, "type": "constructor", "children": [{"attributes": {"line": 32, "isCtor": true, "overriddenFrom": "qx.ui.container.SlideBar", "name": "ctor"}, "type": "method"}]}, {"attributes": {}, "type": "properties", "children": [{"attributes": {"name": "appearance", "docFrom": "qx.ui.core.Widget", "defaultValue": "\"menu-slidebar\"", "refine": "true", "propertyType": "new", "overriddenFrom": "qx.ui.container.SlideBar"}, "type": "property"}]}, {"attributes": {}, "type": "methods", "children": [{"attributes": {"access": "protected", "docFrom": "qx.ui.core.Widget", "line": 49, "overriddenFrom": "qx.ui.container.SlideBar", "name": "_createChildControlImpl"}, "type": "method", "children": [{"attributes": {}, "type": "params", "children": [{"attributes": {"name": "id"}, "type": "param"}, {"attributes": {"name": "hash"}, "type": "param"}]}]}]}]}