{"attributes": {"group": "Widget", "name": "Rating", "packageName": "qx.ui.website", "superClass": "qx.ui.website.Widget", "fullName": "qx.ui.website.Rating", "type": "bootstrap"}, "type": "class", "children": [{"attributes": {"text": "<p>This is a simple rating widget which can be used to display a predefined\nnumber of symbols which the user can click or tap to give a rating e.g.\n3 out of 5 stars.</p>\n\n<h2>Markup</h2>\nEach rating item is a span element. Span elements already existing within\nthe Rating's container will be used, otherwise new elements will be added or\nremoved according to the <code>length</code> config option.\n\n<h2>CSS Classes</h2>\n<table>\n  <thead>\n    <tr>\n      <td>Class Name</td>\n      <td>Applied to</td>\n      <td>Description</td>\n    </tr>\n  </thead>\n  <tbody>\n    <tr>\n      <td><code>qx-rating</code></td>\n      <td>Container element</td>\n      <td>Identifies the Rating widget</td>\n    </tr>\n    <tr>\n      <td><code>qx-rating-item</code></td>\n      <td>Rating item (span)</td>\n      <td>Identifies and styles an active Rating item</td>\n    </tr>\n    <tr>\n      <td><code>qx-rating-item-off</code></td>\n      <td>Rating item (span)</td>\n      <td>Identifies and styles an inactive Rating item. Applied in addition to <code>qx-rating-item</code></td>\n    </tr>\n  </tbody>\n</table>\n\n<h2 class=\"widget-markup\">Generated DOM Structure</h2>"}, "type": "desc"}, {"attributes": {}, "type": "methods-static", "children": [{"attributes": {"line": 99, "isStatic": true, "name": "rating"}, "type": "method", "children": [{"attributes": {}, "type": "params", "children": [{"attributes": {"defaultValue": "0", "optional": true, "name": "initValue"}, "type": "param", "children": [{"attributes": {"text": "<p>The initial value of the rating.</p>"}, "type": "desc"}, {"attributes": {}, "type": "types", "children": [{"attributes": {"type": "Number"}, "type": "entry"}]}]}, {"attributes": {"defaultValue": "\"\u2605\"", "optional": true, "name": "symbol"}, "type": "param", "children": [{"attributes": {"text": "<p>The symbol which should be used for each rating item.</p>"}, "type": "desc"}, {"attributes": {}, "type": "types", "children": [{"attributes": {"type": "String"}, "type": "entry"}]}]}, {"attributes": {"defaultValue": "5", "optional": true, "name": "length"}, "type": "param", "children": [{"attributes": {"text": "<p>The length of the rating widget.</p>"}, "type": "desc"}, {"attributes": {}, "type": "types", "children": [{"attributes": {"type": "Number"}, "type": "entry"}]}]}]}, {"attributes": {"text": "<p>Factory method which converts the current collection into a collection of\nrating widgets. Therefore, an initialization process needs to be done which\ncan be configured with some parameter.</p>"}, "type": "desc"}, {"attributes": {}, "type": "return", "children": [{"attributes": {"text": "<p>A new rating collection.</p>"}, "type": "desc"}, {"attributes": {}, "type": "types", "children": [{"attributes": {"type": "qx.ui.website.Rating"}, "type": "entry"}]}]}, {"attributes": {"targetMethod": "", "targetClass": "qxWeb", "sourceMethod": "rating", "sourceClass": "qx.ui.website.Rating"}, "type": "attach"}]}]}, {"attributes": {}, "type": "constants", "children": [{"attributes": {"access": "protected", "name": "_config"}, "type": "constant", "children": [{"attributes": {"text": "<p><strong>length</strong></p>\n\n<p>The length of the rating widget.</p>\n\n<p>Default value:</p>\n\n<pre>5</pre>\n\n<p><strong>symbol</strong></p>\n\n<p>The symbol used to render the rating items. This can be any\nString e.g. a <span class=\"caps\">UTF</span>-8 character.</p>\n\n<p>Default value:</p>\n\n<pre>\u2605</pre>"}, "type": "desc"}]}]}, {"attributes": {}, "type": "constructor", "children": [{"attributes": {"docFrom": "qxWeb", "line": 127, "isCtor": true, "overriddenFrom": "qx.ui.website.Widget", "name": "ctor"}, "type": "method", "children": [{"attributes": {}, "type": "params", "children": [{"attributes": {"name": "selector"}, "type": "param"}, {"attributes": {"name": "context"}, "type": "param"}]}]}]}, {"attributes": {}, "type": "events", "children": [{"attributes": {"name": "changeValue"}, "type": "event", "children": [{"attributes": {"text": "<p>Fired at each value change</p>"}, "type": "desc"}, {"attributes": {}, "type": "types", "children": [{"attributes": {"type": "Number"}, "type": "entry"}]}]}]}, {"attributes": {}, "type": "methods", "children": [{"attributes": {"access": "protected", "line": 263, "name": "_onBlur"}, "type": "method", "children": [{"attributes": {}, "type": "params", "children": [{"attributes": {"name": "e"}, "type": "param", "children": [{"attributes": {"text": "<p>The native blur event.</p>"}, "type": "desc"}, {"attributes": {}, "type": "types", "children": [{"attributes": {"type": "Event"}, "type": "entry"}]}]}]}, {"attributes": {"text": "<p>Removes the keydown listener if the widget loses focus.</p>"}, "type": "desc"}]}, {"attributes": {"access": "protected", "line": 253, "name": "_onFocus"}, "type": "method", "children": [{"attributes": {}, "type": "params", "children": [{"attributes": {"name": "e"}, "type": "param", "children": [{"attributes": {"text": "<p>The native focus event.</p>"}, "type": "desc"}, {"attributes": {}, "type": "types", "children": [{"attributes": {"type": "Event"}, "type": "entry"}]}]}]}, {"attributes": {"text": "<p>Attaches the keydown listener.</p>"}, "type": "desc"}]}, {"attributes": {"access": "protected", "line": 273, "name": "_onKeyDown"}, "type": "method", "children": [{"attributes": {}, "type": "params", "children": [{"attributes": {"name": "e"}, "type": "param", "children": [{"attributes": {"text": "<p>The native keydown event.</p>"}, "type": "desc"}, {"attributes": {}, "type": "types", "children": [{"attributes": {"type": "Event"}, "type": "entry"}]}]}]}, {"attributes": {"text": "<p>Changes the value if the left or right arrow key is pressed.</p>"}, "type": "desc"}]}, {"attributes": {"access": "protected", "line": 243, "name": "_onTap"}, "type": "method", "children": [{"attributes": {}, "type": "params", "children": [{"attributes": {"name": "e"}, "type": "param", "children": [{"attributes": {"text": "<p>tap event</p>"}, "type": "desc"}, {"attributes": {}, "type": "types", "children": [{"attributes": {"type": "Event"}, "type": "entry"}]}]}]}, {"attributes": {"text": "<p>Tap handler which updates the value depending on the selected element.</p>"}, "type": "desc"}]}, {"attributes": {"access": "protected", "line": 212, "name": "_updateSymbolLength"}, "type": "method", "children": [{"attributes": {"text": "<p>Checks the set length and adds / removes spans containing the rating symbol.</p>"}, "type": "desc"}, {"attributes": {}, "type": "return", "children": [{"attributes": {"text": "<code>this</code> reference for chaining."}, "type": "desc"}, {"attributes": {}, "type": "types", "children": [{"attributes": {"type": "qx.ui.website.Rating"}, "type": "entry"}]}]}]}, {"attributes": {"docFrom": "qx.ui.website.Widget", "line": 284, "overriddenFrom": "qx.ui.website.Widget", "name": "dispose"}, "type": "method"}, {"attributes": {"line": 195, "name": "getValue"}, "type": "method", "children": [{"attributes": {"text": "<p>Reads the current value of the first rating widget in the collection\nfrom the <span class=\"caps\">DOM</span> and returns it.</p>"}, "type": "desc"}, {"attributes": {}, "type": "return", "children": [{"attributes": {"text": "<p>The current value.</p>"}, "type": "desc"}, {"attributes": {}, "type": "types", "children": [{"attributes": {"type": "Number"}, "type": "entry"}]}]}]}, {"attributes": {"docFrom": "qx.ui.website.Widget", "line": 141, "overriddenFrom": "qx.ui.website.Widget", "name": "init"}, "type": "method"}, {"attributes": {"docFrom": "qx.ui.website.Widget", "line": 202, "overriddenFrom": "qx.ui.website.Widget", "name": "render"}, "type": "method"}, {"attributes": {"line": 171, "name": "setValue"}, "type": "method", "children": [{"attributes": {}, "type": "params", "children": [{"attributes": {"name": "value"}, "type": "param", "children": [{"attributes": {"text": "<p>The value of the rating.</p>"}, "type": "desc"}, {"attributes": {}, "type": "types", "children": [{"attributes": {"type": "Number"}, "type": "entry"}]}]}]}, {"attributes": {"text": "<p>Sets the given value of the raining widget&#8217;s in the collection. The value will be\nconverted to the maximum or minimum if our of range.</p>"}, "type": "desc"}, {"attributes": {}, "type": "return", "children": [{"attributes": {"text": "<code>this</code> reference for chaining."}, "type": "desc"}, {"attributes": {}, "type": "types", "children": [{"attributes": {"type": "qx.ui.website.Rating"}, "type": "entry"}]}]}]}]}]}