{"attributes": {"fullName": "qx.util.fsm.FiniteStateMachine", "packageName": "qx.util.fsm", "type": "class", "name": "FiniteStateMachine", "superClass": "qx.core.Object"}, "type": "class", "children": [{"attributes": {"text": "<p>A finite state machine.</p>\n\n<p>See {@link qx.util.fsm.State} for details on creating States,\nand {@link qx.util.fsm.Transition} for details on creating\ntransitions between states.</p>"}, "type": "desc"}, {"attributes": {}, "type": "constructor", "children": [{"attributes": {"line": 35, "isCtor": true, "overriddenFrom": "qx.core.Object", "name": "ctor"}, "type": "method", "children": [{"attributes": {}, "type": "params", "children": [{"attributes": {"name": "machineName"}, "type": "param", "children": [{"attributes": {"text": "<p>The name of this finite state machine</p>"}, "type": "desc"}, {"attributes": {}, "type": "types", "children": [{"attributes": {"type": "String"}, "type": "entry"}]}]}]}, {"attributes": {"text": ""}, "type": "desc"}]}]}, {"attributes": {}, "type": "constants", "children": [{"attributes": {"name": "DebugFlags"}, "type": "constant", "children": [{"attributes": {"text": "<p>Debug bitmask values.</p>"}, "type": "desc"}]}, {"attributes": {"name": "StateChange"}, "type": "constant", "children": [{"attributes": {"text": "<p>Constants which may be values of the nextState member in the\ntransitionInfo parameter of the Transition constructor.</p>"}, "type": "desc"}]}, {"attributes": {"name": "EventHandling"}, "type": "constant", "children": [{"attributes": {"text": "<p>Constants for use in the events member of the transitionInfo parameter\nof the Transition constructor.</p>"}, "type": "desc"}]}]}, {"attributes": {}, "type": "methods", "children": [{"attributes": {"access": "private", "line": 857, "name": "__processEvents"}, "type": "method", "children": [{"attributes": {"text": "<p>Process all of the events on the event queue.</p>"}, "type": "desc"}]}, {"attributes": {"access": "private", "line": 911, "name": "__run"}, "type": "method", "children": [{"attributes": {}, "type": "params", "children": [{"attributes": {"name": "event"}, "type": "param", "children": [{"attributes": {"text": "<p>An event that has been dispatched.  The event may be handled (if the current state handles this event type), queued (if the current state blocks this event type), or discarded (if the current state neither handles nor blocks this event type).</p>"}, "type": "desc"}, {"attributes": {}, "type": "types", "children": [{"attributes": {"type": "qx.event.type.Event"}, "type": "entry"}]}]}]}, {"attributes": {"text": "<p>Run the finite state machine to process a single event.</p>"}, "type": "desc"}, {"attributes": {}, "type": "return", "children": [{"attributes": {"text": "<p>Whether the event should be disposed.  If it was blocked, we&#8217;ve pushed it back onto the event queue, and it should not be disposed.</p>"}, "type": "desc"}, {"attributes": {}, "type": "types", "children": [{"attributes": {"type": "Boolean"}, "type": "entry"}]}]}, {"attributes": {}, "type": "throws", "children": [{"attributes": {"text": "<p>If the explicit transitions does not exist.</p>", "type": "Error"}, "type": "desc"}, {"attributes": {"text": "<p>If the transition returns an invalid value.</p>", "type": "Error"}, "type": "desc"}, {"attributes": {"text": "<p>If the next step will transit to an nonexistent state.</p>", "type": "Error"}, "type": "desc"}, {"attributes": {"text": "<p>If the state stack is empty and the next state is POP_STATE_STACK</p>", "type": "Error"}, "type": "desc"}, {"attributes": {"text": "<p>If the next state is invalid.</p>", "type": "Error"}, "type": "desc"}]}]}, {"attributes": {"access": "protected", "line": 559, "name": "_getInternalData"}, "type": "method", "children": [{"attributes": {"text": "<p>Get internal data for debugging</p>"}, "type": "desc"}, {"attributes": {}, "type": "return", "children": [{"attributes": {"text": "<p>A map containing the following: __states __startState __eventQueue __blockedEvents __savedStates __friendlyToObject __friendlyToHash __hashToFriendly __groupToFriendly __friendlyToGroups __bEventProcessingInProgress</p>"}, "type": "desc"}, {"attributes": {}, "type": "types", "children": [{"attributes": {"type": "Map"}, "type": "entry"}]}]}]}, {"attributes": {"line": 357, "name": "addObject"}, "type": "method", "children": [{"attributes": {}, "type": "params", "children": [{"attributes": {"name": "friendlyName"}, "type": "param", "children": [{"attributes": {"text": "<p>The friendly name to used for access to the object being added.</p>"}, "type": "desc"}, {"attributes": {}, "type": "types", "children": [{"attributes": {"type": "String"}, "type": "entry"}]}]}, {"attributes": {"name": "obj"}, "type": "param", "children": [{"attributes": {"text": "<p>The object to associate with the specified friendly name</p>"}, "type": "desc"}, {"attributes": {}, "type": "types", "children": [{"attributes": {"type": "Object"}, "type": "entry"}]}]}, {"attributes": {"name": "groupNames"}, "type": "param", "children": [{"attributes": {"text": "<p>An optional list of group names of which this object is a member.</p>"}, "type": "desc"}, {"attributes": {}, "type": "types", "children": [{"attributes": {"type": "Array"}, "type": "entry"}]}]}]}, {"attributes": {"text": "<p>Add an object (typically a widget) that is to be accessed during state\ntransitions, to the finite state machine.</p>"}, "type": "desc"}]}, {"attributes": {"line": 261, "name": "addState"}, "type": "method", "children": [{"attributes": {}, "type": "params", "children": [{"attributes": {"name": "state"}, "type": "param", "children": [{"attributes": {"text": "<p>An object of class qx.util.fsm.State representing a state which is to be a part of this finite state machine.</p>"}, "type": "desc"}, {"attributes": {}, "type": "types", "children": [{"attributes": {"type": "qx.util.fsm.State"}, "type": "entry"}]}]}]}, {"attributes": {"text": "<p>Add a state to the finite state machine.</p>"}, "type": "desc"}, {"attributes": {}, "type": "throws", "children": [{"attributes": {"text": "<p>If the given state is not an instanceof of qx.util.fsm.State.</p>", "type": "Error"}, "type": "desc"}, {"attributes": {"text": "<p>If the given state already exists.</p>", "type": "Error"}, "type": "desc"}]}]}, {"attributes": {"line": 525, "name": "displayAllObjects"}, "type": "method", "children": [{"attributes": {"text": "<p>Display all of the saved objects and their reverse mappings.</p>"}, "type": "desc"}]}, {"attributes": {"line": 728, "name": "enqueueEvent"}, "type": "method", "children": [{"attributes": {}, "type": "params", "children": [{"attributes": {"name": "event"}, "type": "param", "children": [{"attributes": {"text": "<p>The event to be enqueued</p>"}, "type": "desc"}, {"attributes": {}, "type": "types", "children": [{"attributes": {"type": "qx.event.type.Event"}, "type": "entry"}]}]}, {"attributes": {"name": "bAddAtHead"}, "type": "param", "children": [{"attributes": {"text": "<p>If <i>true</i>, put the event at the head of the queue for immediate processing.  If <i>false</i>, place the event at the tail of the queue so that it receives in-order processing.</p>"}, "type": "desc"}, {"attributes": {}, "type": "types", "children": [{"attributes": {"type": "Boolean"}, "type": "entry"}]}]}]}, {"attributes": {"text": "<p>Enqueue an event for processing</p>"}, "type": "desc"}]}, {"attributes": {"line": 767, "name": "eventListener"}, "type": "method", "children": [{"attributes": {}, "type": "params", "children": [{"attributes": {"name": "event"}, "type": "param", "children": [{"attributes": {"text": "<p>The event that was dispatched.</p>"}, "type": "desc"}, {"attributes": {}, "type": "types", "children": [{"attributes": {"type": "qx.event.type.Event"}, "type": "entry"}]}]}]}, {"attributes": {"text": "<p>Event listener for all event types in the finite state machine</p>"}, "type": "desc"}]}, {"attributes": {"line": 800, "name": "fireImmediateEvent"}, "type": "method", "children": [{"attributes": {}, "type": "params", "children": [{"attributes": {"name": "type"}, "type": "param", "children": [{"attributes": {"text": "<p>The type of event, e.g. &#8220;execute&#8221;</p>"}, "type": "desc"}, {"attributes": {}, "type": "types", "children": [{"attributes": {"type": "String"}, "type": "entry"}]}]}, {"attributes": {"name": "target"}, "type": "param", "children": [{"attributes": {"text": "<p>The target of the event</p>"}, "type": "desc"}, {"attributes": {}, "type": "types", "children": [{"attributes": {"type": "qx.core.Object"}, "type": "entry"}]}]}, {"attributes": {"name": "data"}, "type": "param", "children": [{"attributes": {"text": "<p>The data, if any, to issue in the event.  If this parameter is null then a qx.event.type.Event is instantiated.  Otherwise, an event of type qx.event.type.Data is instantiated and this data is applied to it.</p>"}, "type": "desc"}, {"attributes": {}, "type": "types", "children": [{"attributes": {"type": "Object"}, "type": "entry"}, {"attributes": {"type": "null"}, "type": "entry"}]}]}]}, {"attributes": {"text": "<p>Create an event and send it immediately to the finite state machine.</p>"}, "type": "desc"}]}, {"attributes": {"name": "getDebugFlags", "fromProperty": "debugFlags"}, "type": "method", "children": [{"attributes": {"text": "<p>Returns the (computed) value of the property <code>debugFlags</code>.</p>\n\n<p>For further details take a look at the property definition: {@link #debugFlags}.</p>"}, "type": "desc"}, {"attributes": {}, "type": "return", "children": [{"attributes": {"text": "<p>(Computed) value of <code>debugFlags</code>.</p>"}, "type": "desc"}, {"attributes": {}, "type": "types", "children": [{"attributes": {"type": "var"}, "type": "entry"}]}]}]}, {"attributes": {"line": 489, "name": "getFriendlyName"}, "type": "method", "children": [{"attributes": {}, "type": "params", "children": [{"attributes": {"name": "obj"}, "type": "param", "children": [{"attributes": {"text": "<p>The object for which the friendly name is desired</p>"}, "type": "desc"}, {"attributes": {}, "type": "types", "children": [{"attributes": {"type": "Object"}, "type": "entry"}]}]}]}, {"attributes": {"text": "<p>Get the friendly name of an object.</p>"}, "type": "desc"}, {"attributes": {}, "type": "return", "children": [{"attributes": {"text": "<p>If the object has been previously registered via {@link #addObject}, then the friendly name of the object is returned; otherwise, null.</p>"}, "type": "desc"}, {"attributes": {}, "type": "types", "children": [{"attributes": {"type": "String"}, "type": "entry"}]}]}]}, {"attributes": {"line": 508, "name": "getGroupObjects"}, "type": "method", "children": [{"attributes": {}, "type": "params", "children": [{"attributes": {"name": "groupName"}, "type": "param", "children": [{"attributes": {"text": "<p>The name of the group for which the member list is desired.</p>"}, "type": "desc"}, {"attributes": {}, "type": "types", "children": [{"attributes": {"type": "String"}, "type": "entry"}]}]}]}, {"attributes": {"text": "<p>Retrieve the list of objects which have registered, via {@link #addObject}\nas being members of the specified group.</p>"}, "type": "desc"}, {"attributes": {}, "type": "return", "children": [{"attributes": {"text": "<p>An array containing the friendly names of any objects which are members of the specified group.  The resultant array may be empty.</p>"}, "type": "desc"}, {"attributes": {}, "type": "types", "children": [{"attributes": {"type": "Array"}, "type": "entry"}]}]}]}, {"attributes": {"name": "getMaxSavedStates", "fromProperty": "maxSavedStates"}, "type": "method", "children": [{"attributes": {"text": "<p>Returns the (computed) value of the property <code>maxSavedStates</code>.</p>\n\n<p>For further details take a look at the property definition: {@link #maxSavedStates}.</p>"}, "type": "desc"}, {"attributes": {}, "type": "return", "children": [{"attributes": {"text": "<p>(Computed) value of <code>maxSavedStates</code>.</p>"}, "type": "desc"}, {"attributes": {}, "type": "types", "children": [{"attributes": {"type": "var"}, "type": "entry"}]}]}]}, {"attributes": {"name": "getName", "fromProperty": "name"}, "type": "method", "children": [{"attributes": {"text": "<p>Returns the (computed) value of the property <code>name</code>.</p>\n\n<p>For further details take a look at the property definition: {@link #name}.</p>"}, "type": "desc"}, {"attributes": {}, "type": "return", "children": [{"attributes": {"text": "<p>(Computed) value of <code>name</code>.</p>"}, "type": "desc"}, {"attributes": {}, "type": "types", "children": [{"attributes": {"type": "var"}, "type": "entry"}]}]}]}, {"attributes": {"name": "getNextState", "fromProperty": "nextState"}, "type": "method", "children": [{"attributes": {"text": "<p>Returns the (computed) value of the property <code>nextState</code>.</p>\n\n<p>For further details take a look at the property definition: {@link #nextState}.</p>"}, "type": "desc"}, {"attributes": {}, "type": "return", "children": [{"attributes": {"text": "<p>(Computed) value of <code>nextState</code>.</p>"}, "type": "desc"}, {"attributes": {}, "type": "types", "children": [{"attributes": {"type": "var"}, "type": "entry"}]}]}]}, {"attributes": {"line": 472, "name": "getObject"}, "type": "method", "children": [{"attributes": {}, "type": "params", "children": [{"attributes": {"name": "friendlyName"}, "type": "param", "children": [{"attributes": {"text": "<p>The friendly name of the object to be retrieved.</p>"}, "type": "desc"}, {"attributes": {}, "type": "types", "children": [{"attributes": {"type": "String"}, "type": "entry"}]}]}]}, {"attributes": {"text": "<p>Retrieve an object previously saved via {@link #addObject}, using its\nFriendly Name.</p>"}, "type": "desc"}, {"attributes": {}, "type": "return", "children": [{"attributes": {"text": "<p>The object which has the specified friendly name, or undefined if no object has been associated with that name.</p>"}, "type": "desc"}, {"attributes": {}, "type": "types", "children": [{"attributes": {"type": "Object"}, "type": "entry"}]}]}]}, {"attributes": {"name": "getPreviousState", "fromProperty": "previousState"}, "type": "method", "children": [{"attributes": {"text": "<p>Returns the (computed) value of the property <code>previousState</code>.</p>\n\n<p>For further details take a look at the property definition: {@link #previousState}.</p>"}, "type": "desc"}, {"attributes": {}, "type": "return", "children": [{"attributes": {"text": "<p>(Computed) value of <code>previousState</code>.</p>"}, "type": "desc"}, {"attributes": {}, "type": "types", "children": [{"attributes": {"type": "var"}, "type": "entry"}]}]}]}, {"attributes": {"name": "getState", "fromProperty": "state"}, "type": "method", "children": [{"attributes": {"text": "<p>Returns the (computed) value of the property <code>state</code>.</p>\n\n<p>For further details take a look at the property definition: {@link #state}.</p>"}, "type": "desc"}, {"attributes": {}, "type": "return", "children": [{"attributes": {"text": "<p>(Computed) value of <code>state</code>.</p>"}, "type": "desc"}, {"attributes": {}, "type": "types", "children": [{"attributes": {"type": "var"}, "type": "entry"}]}]}]}, {"attributes": {"access": "protected", "name": "initDebugFlags", "fromProperty": "debugFlags"}, "type": "method", "children": [{"attributes": {}, "type": "params", "children": [{"attributes": {"name": "value"}, "type": "param", "children": [{"attributes": {"text": "<p>Initial value for property <code>debugFlags</code>.</p>"}, "type": "desc"}, {"attributes": {}, "type": "types", "children": [{"attributes": {"type": "var"}, "type": "entry"}]}]}]}, {"attributes": {"text": "<p>Calls the apply method and dispatches the change event of the property <code>debugFlags</code>\nwith the default value defined by the class developer. This function can\nonly be called from the constructor of a class.</p>\n\n<p>For further details take a look at the property definition: {@link #debugFlags}.</p>"}, "type": "desc"}, {"attributes": {}, "type": "return", "children": [{"attributes": {"text": "<p>the default value</p>"}, "type": "desc"}, {"attributes": {}, "type": "types", "children": [{"attributes": {"type": "var"}, "type": "entry"}]}]}]}, {"attributes": {"access": "protected", "name": "initMaxSavedStates", "fromProperty": "maxSavedStates"}, "type": "method", "children": [{"attributes": {}, "type": "params", "children": [{"attributes": {"name": "value"}, "type": "param", "children": [{"attributes": {"text": "<p>Initial value for property <code>maxSavedStates</code>.</p>"}, "type": "desc"}, {"attributes": {}, "type": "types", "children": [{"attributes": {"type": "var"}, "type": "entry"}]}]}]}, {"attributes": {"text": "<p>Calls the apply method and dispatches the change event of the property <code>maxSavedStates</code>\nwith the default value defined by the class developer. This function can\nonly be called from the constructor of a class.</p>\n\n<p>For further details take a look at the property definition: {@link #maxSavedStates}.</p>"}, "type": "desc"}, {"attributes": {}, "type": "return", "children": [{"attributes": {"text": "<p>the default value</p>"}, "type": "desc"}, {"attributes": {}, "type": "types", "children": [{"attributes": {"type": "var"}, "type": "entry"}]}]}]}, {"attributes": {"access": "protected", "name": "initName", "fromProperty": "name"}, "type": "method", "children": [{"attributes": {}, "type": "params", "children": [{"attributes": {"name": "value"}, "type": "param", "children": [{"attributes": {"text": "<p>Initial value for property <code>name</code>.</p>"}, "type": "desc"}, {"attributes": {}, "type": "types", "children": [{"attributes": {"type": "var"}, "type": "entry"}]}]}]}, {"attributes": {"text": "<p>Calls the apply method and dispatches the change event of the property <code>name</code>\nwith the default value defined by the class developer. This function can\nonly be called from the constructor of a class.</p>\n\n<p>For further details take a look at the property definition: {@link #name}.</p>"}, "type": "desc"}, {"attributes": {}, "type": "return", "children": [{"attributes": {"text": "<p>the default value</p>"}, "type": "desc"}, {"attributes": {}, "type": "types", "children": [{"attributes": {"type": "var"}, "type": "entry"}]}]}]}, {"attributes": {"access": "protected", "name": "initNextState", "fromProperty": "nextState"}, "type": "method", "children": [{"attributes": {}, "type": "params", "children": [{"attributes": {"name": "value"}, "type": "param", "children": [{"attributes": {"text": "<p>Initial value for property <code>nextState</code>.</p>"}, "type": "desc"}, {"attributes": {}, "type": "types", "children": [{"attributes": {"type": "var"}, "type": "entry"}]}]}]}, {"attributes": {"text": "<p>Calls the apply method and dispatches the change event of the property <code>nextState</code>\nwith the default value defined by the class developer. This function can\nonly be called from the constructor of a class.</p>\n\n<p>For further details take a look at the property definition: {@link #nextState}.</p>"}, "type": "desc"}, {"attributes": {}, "type": "return", "children": [{"attributes": {"text": "<p>the default value</p>"}, "type": "desc"}, {"attributes": {}, "type": "types", "children": [{"attributes": {"type": "var"}, "type": "entry"}]}]}]}, {"attributes": {"access": "protected", "name": "initPreviousState", "fromProperty": "previousState"}, "type": "method", "children": [{"attributes": {}, "type": "params", "children": [{"attributes": {"name": "value"}, "type": "param", "children": [{"attributes": {"text": "<p>Initial value for property <code>previousState</code>.</p>"}, "type": "desc"}, {"attributes": {}, "type": "types", "children": [{"attributes": {"type": "var"}, "type": "entry"}]}]}]}, {"attributes": {"text": "<p>Calls the apply method and dispatches the change event of the property <code>previousState</code>\nwith the default value defined by the class developer. This function can\nonly be called from the constructor of a class.</p>\n\n<p>For further details take a look at the property definition: {@link #previousState}.</p>"}, "type": "desc"}, {"attributes": {}, "type": "return", "children": [{"attributes": {"text": "<p>the default value</p>"}, "type": "desc"}, {"attributes": {}, "type": "types", "children": [{"attributes": {"type": "var"}, "type": "entry"}]}]}]}, {"attributes": {"access": "protected", "name": "initState", "fromProperty": "state"}, "type": "method", "children": [{"attributes": {}, "type": "params", "children": [{"attributes": {"name": "value"}, "type": "param", "children": [{"attributes": {"text": "<p>Initial value for property <code>state</code>.</p>"}, "type": "desc"}, {"attributes": {}, "type": "types", "children": [{"attributes": {"type": "var"}, "type": "entry"}]}]}]}, {"attributes": {"text": "<p>Calls the apply method and dispatches the change event of the property <code>state</code>\nwith the default value defined by the class developer. This function can\nonly be called from the constructor of a class.</p>\n\n<p>For further details take a look at the property definition: {@link #state}.</p>"}, "type": "desc"}, {"attributes": {}, "type": "return", "children": [{"attributes": {"text": "<p>the default value</p>"}, "type": "desc"}, {"attributes": {}, "type": "types", "children": [{"attributes": {"type": "var"}, "type": "entry"}]}]}]}, {"attributes": {"line": 686, "name": "popState"}, "type": "method", "children": [{"attributes": {"text": "<p>Pop the saved state stack.</p>"}, "type": "desc"}, {"attributes": {}, "type": "return", "children": [{"attributes": {"text": "<p>The name of a state or a boolean flag that had most recently been pushed onto the saved-state stack.</p>"}, "type": "desc"}, {"attributes": {}, "type": "types", "children": [{"attributes": {"type": "String"}, "type": "entry"}, {"attributes": {"type": "Boolean"}, "type": "entry"}]}]}]}, {"attributes": {"line": 707, "name": "postponeEvent"}, "type": "method", "children": [{"attributes": {}, "type": "params", "children": [{"attributes": {"name": "event"}, "type": "param", "children": [{"attributes": {"text": "<p>The event to add to the event queue for processing after state change.</p>"}, "type": "desc"}, {"attributes": {}, "type": "types", "children": [{"attributes": {"type": "qx.event.type.Event"}, "type": "entry"}]}]}]}, {"attributes": {"text": "<p>Add the specified event to a list of events to be passed to the next\nstate following state transition.</p>"}, "type": "desc"}]}, {"attributes": {"line": 653, "name": "pushState"}, "type": "method", "children": [{"attributes": {}, "type": "params", "children": [{"attributes": {"name": "state"}, "type": "param", "children": [{"attributes": {"text": "<p>When <i>true</i>, then push the current state onto the stack.  This might be used in a transition, before the state has changed.  When <i>false</i>, then push the previous state onto the stack.  This might be used in an on entry function to save the previous state to return to.  If this parameter is a string, it is taken to be the name of the state to transition to.</p>"}, "type": "desc"}, {"attributes": {}, "type": "types", "children": [{"attributes": {"type": "Boolean"}, "type": "entry"}, {"attributes": {"type": "String"}, "type": "entry"}]}]}]}, {"attributes": {"text": "<p>Save the current or previous state on the saved-state stack.  A future\ntransition can then provide, as its nextState value, the class\nconstant:</p>\n\n<code>\n  qx.util.fsm.FiniteStateMachine.StateChange.POP_STATE_STACK\n  </code>\n\n<p>which will cause the next state to be whatever is at the top of the\nsaved-state stack, and remove that top element from the saved-state\nstack.</p>"}, "type": "desc"}, {"attributes": {}, "type": "throws", "children": [{"attributes": {"text": "<p>If the saved-state stack is full.</p>", "type": "Error"}, "type": "desc"}]}]}, {"attributes": {"line": 416, "name": "removeObject"}, "type": "method", "children": [{"attributes": {}, "type": "params", "children": [{"attributes": {"name": "friendlyName"}, "type": "param", "children": [{"attributes": {"text": "<p>The friendly name associated with an object, specifying which object is to be removed.</p>"}, "type": "desc"}, {"attributes": {}, "type": "types", "children": [{"attributes": {"type": "String"}, "type": "entry"}]}]}]}, {"attributes": {"text": "<p>Remove an object which had previously been added by {@link #addObject}.</p>"}, "type": "desc"}]}, {"attributes": {"line": 313, "name": "replaceState"}, "type": "method", "children": [{"attributes": {}, "type": "params", "children": [{"attributes": {"name": "state"}, "type": "param", "children": [{"attributes": {"text": "<p>An object of class qx.util.fsm.State representing a state which is to be a part of this finite state machine.</p>"}, "type": "desc"}, {"attributes": {}, "type": "types", "children": [{"attributes": {"type": "qx.util.fsm.State"}, "type": "entry"}]}]}, {"attributes": {"name": "bDispose"}, "type": "param", "children": [{"attributes": {"text": "<p>If <i>true</i>, then dispose the old state object.  If <i>false</i>, the old state object is returned for disposing by the caller.</p>"}, "type": "desc"}, {"attributes": {}, "type": "types", "children": [{"attributes": {"type": "Boolean"}, "type": "entry"}]}]}]}, {"attributes": {"text": "<p>Replace a state in the finite state machine.  This is useful if\ninitially &#8220;dummy&#8221; states are created which load the real state table\nfor a series of operations (and possibly also load the gui associated\nwith the new states at the same time).  Having portions of the finite\nstate machine and their associated gui pages loaded at run time can\nhelp prevent long delays at application start-up time.</p>"}, "type": "desc"}, {"attributes": {}, "type": "return", "children": [{"attributes": {"text": "<p>The old state object if it was not disposed; otherwise null.</p>"}, "type": "desc"}, {"attributes": {}, "type": "types", "children": [{"attributes": {"type": "Object"}, "type": "entry"}]}]}, {"attributes": {}, "type": "throws", "children": [{"attributes": {"text": "<p>If the given state is not an instanceof of qx.util.fsm.State.</p>", "type": "Error"}, "type": "desc"}]}]}, {"attributes": {"name": "resetDebugFlags", "fromProperty": "debugFlags"}, "type": "method", "children": [{"attributes": {"text": "<p>Resets the user value of the property <code>debugFlags</code>.</p>\n\n<p>The computed value falls back to the next available value e.g. appearance, init or\ninheritance value depeneding on the property configuration and value availability.</p>\n\n<p>For further details take a look at the property definition: {@link #debugFlags}.</p>"}, "type": "desc"}]}, {"attributes": {"name": "resetMaxSavedStates", "fromProperty": "maxSavedStates"}, "type": "method", "children": [{"attributes": {"text": "<p>Resets the user value of the property <code>maxSavedStates</code>.</p>\n\n<p>The computed value falls back to the next available value e.g. appearance, init or\ninheritance value depeneding on the property configuration and value availability.</p>\n\n<p>For further details take a look at the property definition: {@link #maxSavedStates}.</p>"}, "type": "desc"}]}, {"attributes": {"name": "resetName", "fromProperty": "name"}, "type": "method", "children": [{"attributes": {"text": "<p>Resets the user value of the property <code>name</code>.</p>\n\n<p>The computed value falls back to the next available value e.g. appearance, init or\ninheritance value depeneding on the property configuration and value availability.</p>\n\n<p>For further details take a look at the property definition: {@link #name}.</p>"}, "type": "desc"}]}, {"attributes": {"name": "resetNextState", "fromProperty": "nextState"}, "type": "method", "children": [{"attributes": {"text": "<p>Resets the user value of the property <code>nextState</code>.</p>\n\n<p>The computed value falls back to the next available value e.g. appearance, init or\ninheritance value depeneding on the property configuration and value availability.</p>\n\n<p>For further details take a look at the property definition: {@link #nextState}.</p>"}, "type": "desc"}]}, {"attributes": {"name": "resetPreviousState", "fromProperty": "previousState"}, "type": "method", "children": [{"attributes": {"text": "<p>Resets the user value of the property <code>previousState</code>.</p>\n\n<p>The computed value falls back to the next available value e.g. appearance, init or\ninheritance value depeneding on the property configuration and value availability.</p>\n\n<p>For further details take a look at the property definition: {@link #previousState}.</p>"}, "type": "desc"}]}, {"attributes": {"name": "resetState", "fromProperty": "state"}, "type": "method", "children": [{"attributes": {"text": "<p>Resets the user value of the property <code>state</code>.</p>\n\n<p>The computed value falls back to the next available value e.g. appearance, init or\ninheritance value depeneding on the property configuration and value availability.</p>\n\n<p>For further details take a look at the property definition: {@link #state}.</p>"}, "type": "desc"}]}, {"attributes": {"line": 841, "name": "scheduleEvent"}, "type": "method", "children": [{"attributes": {}, "type": "params", "children": [{"attributes": {"name": "type"}, "type": "param", "children": [{"attributes": {"text": "<p>The type of event, e.g. &#8220;execute&#8221;</p>"}, "type": "desc"}, {"attributes": {}, "type": "types", "children": [{"attributes": {"type": "String"}, "type": "entry"}]}]}, {"attributes": {"name": "target"}, "type": "param", "children": [{"attributes": {"text": "<p>The target of the event</p>"}, "type": "desc"}, {"attributes": {}, "type": "types", "children": [{"attributes": {"type": "qx.core.Object"}, "type": "entry"}]}]}, {"attributes": {"name": "data"}, "type": "param", "children": [{"attributes": {"text": "<p>See {@link #fireImmediateEvent} for details.</p>"}, "type": "desc"}, {"attributes": {}, "type": "types", "children": [{"attributes": {"type": "Object"}, "type": "entry"}, {"attributes": {"type": "null"}, "type": "entry"}]}]}, {"attributes": {"name": "timeout"}, "type": "param", "children": [{"attributes": {"text": "<p>If provided, this is the number of milliseconds to wait before firing the event.  If not provided, a default short interval (on the order of 20 milliseconds) is used.</p>"}, "type": "desc"}, {"attributes": {}, "type": "types", "children": [{"attributes": {"type": "Integer"}, "type": "entry"}, {"attributes": {"type": "null"}, "type": "entry"}]}]}]}, {"attributes": {"text": "<p>Create and schedule an event to be sent to the finite state machine\n&#8220;shortly&#8221;.  This allows such things as letting a progress cursor\ndisplay prior to handling the event.</p>"}, "type": "desc"}]}, {"attributes": {"name": "setDebugFlags", "fromProperty": "debugFlags"}, "type": "method", "children": [{"attributes": {}, "type": "params", "children": [{"attributes": {"name": "value"}, "type": "param", "children": [{"attributes": {"text": "<p>New value for property <code>debugFlags</code>.</p>"}, "type": "desc"}, {"attributes": {}, "type": "types", "children": [{"attributes": {"type": "var"}, "type": "entry"}]}]}]}, {"attributes": {"text": "<p>Sets the user value of the property <code>debugFlags</code>.</p>\n\n<p>For further details take a look at the property definition: {@link #debugFlags}.</p>"}, "type": "desc"}, {"attributes": {}, "type": "return", "children": [{"attributes": {"text": "<p>The unmodified incoming value.</p>"}, "type": "desc"}, {"attributes": {}, "type": "types", "children": [{"attributes": {"type": "var"}, "type": "entry"}]}]}]}, {"attributes": {"name": "setMaxSavedStates", "fromProperty": "maxSavedStates"}, "type": "method", "children": [{"attributes": {}, "type": "params", "children": [{"attributes": {"name": "value"}, "type": "param", "children": [{"attributes": {"text": "<p>New value for property <code>maxSavedStates</code>.</p>"}, "type": "desc"}, {"attributes": {}, "type": "types", "children": [{"attributes": {"type": "var"}, "type": "entry"}]}]}]}, {"attributes": {"text": "<p>Sets the user value of the property <code>maxSavedStates</code>.</p>\n\n<p>For further details take a look at the property definition: {@link #maxSavedStates}.</p>"}, "type": "desc"}, {"attributes": {}, "type": "return", "children": [{"attributes": {"text": "<p>The unmodified incoming value.</p>"}, "type": "desc"}, {"attributes": {}, "type": "types", "children": [{"attributes": {"type": "var"}, "type": "entry"}]}]}]}, {"attributes": {"name": "setName", "fromProperty": "name"}, "type": "method", "children": [{"attributes": {}, "type": "params", "children": [{"attributes": {"name": "value"}, "type": "param", "children": [{"attributes": {"text": "<p>New value for property <code>name</code>.</p>"}, "type": "desc"}, {"attributes": {}, "type": "types", "children": [{"attributes": {"type": "var"}, "type": "entry"}]}]}]}, {"attributes": {"text": "<p>Sets the user value of the property <code>name</code>.</p>\n\n<p>For further details take a look at the property definition: {@link #name}.</p>"}, "type": "desc"}, {"attributes": {}, "type": "return", "children": [{"attributes": {"text": "<p>The unmodified incoming value.</p>"}, "type": "desc"}, {"attributes": {}, "type": "types", "children": [{"attributes": {"type": "var"}, "type": "entry"}]}]}]}, {"attributes": {"name": "setNextState", "fromProperty": "nextState"}, "type": "method", "children": [{"attributes": {}, "type": "params", "children": [{"attributes": {"name": "value"}, "type": "param", "children": [{"attributes": {"text": "<p>New value for property <code>nextState</code>.</p>"}, "type": "desc"}, {"attributes": {}, "type": "types", "children": [{"attributes": {"type": "var"}, "type": "entry"}]}]}]}, {"attributes": {"text": "<p>Sets the user value of the property <code>nextState</code>.</p>\n\n<p>For further details take a look at the property definition: {@link #nextState}.</p>"}, "type": "desc"}, {"attributes": {}, "type": "return", "children": [{"attributes": {"text": "<p>The unmodified incoming value.</p>"}, "type": "desc"}, {"attributes": {}, "type": "types", "children": [{"attributes": {"type": "var"}, "type": "entry"}]}]}]}, {"attributes": {"name": "setPreviousState", "fromProperty": "previousState"}, "type": "method", "children": [{"attributes": {}, "type": "params", "children": [{"attributes": {"name": "value"}, "type": "param", "children": [{"attributes": {"text": "<p>New value for property <code>previousState</code>.</p>"}, "type": "desc"}, {"attributes": {}, "type": "types", "children": [{"attributes": {"type": "var"}, "type": "entry"}]}]}]}, {"attributes": {"text": "<p>Sets the user value of the property <code>previousState</code>.</p>\n\n<p>For further details take a look at the property definition: {@link #previousState}.</p>"}, "type": "desc"}, {"attributes": {}, "type": "return", "children": [{"attributes": {"text": "<p>The unmodified incoming value.</p>"}, "type": "desc"}, {"attributes": {}, "type": "types", "children": [{"attributes": {"type": "var"}, "type": "entry"}]}]}]}, {"attributes": {"name": "setState", "fromProperty": "state"}, "type": "method", "children": [{"attributes": {}, "type": "params", "children": [{"attributes": {"name": "value"}, "type": "param", "children": [{"attributes": {"text": "<p>New value for property <code>state</code>.</p>"}, "type": "desc"}, {"attributes": {}, "type": "types", "children": [{"attributes": {"type": "var"}, "type": "entry"}]}]}]}, {"attributes": {"text": "<p>Sets the user value of the property <code>state</code>.</p>\n\n<p>For further details take a look at the property definition: {@link #state}.</p>"}, "type": "desc"}, {"attributes": {}, "type": "return", "children": [{"attributes": {"text": "<p>The unmodified incoming value.</p>"}, "type": "desc"}, {"attributes": {}, "type": "types", "children": [{"attributes": {"type": "var"}, "type": "entry"}]}]}]}, {"attributes": {"line": 583, "name": "start"}, "type": "method", "children": [{"attributes": {"text": "<p>Start (or restart, after it has terminated) the finite state machine\nfrom the starting state.  The starting state is defined as the first\nstate added to the finite state machine.</p>"}, "type": "desc"}, {"attributes": {}, "type": "throws", "children": [{"attributes": {"text": "<p>If the machine stared with not available state.</p>", "type": "Error"}, "type": "desc"}]}]}]}, {"attributes": {}, "type": "properties", "children": [{"attributes": {"defaultValue": "7", "propertyType": "new", "check": "Number", "name": "debugFlags"}, "type": "property", "children": [{"attributes": {"text": "<p>Debug flags, composed of the bitmask values in the DebugFlags constant.</p>\n\n<p>Set the debug flags from the application by or-ing together bits, akin\nto this:</p>\n\n<pre class=\"javascript\">\nvar FSM = qx.util.fsm.FiniteStateMachine;\nfsm.setDebugFlags(FSM.DebugFlags.EVENTS |\n                  FSM.DebugFlags.TRANSITIONS |\n                  FSM.DebugFlags.FUNCTION_DETAIL |\n                  FSM.DebugFlags.OBJECT_NOT_FOUND);\n</pre>"}, "type": "desc"}]}, {"attributes": {"defaultValue": "2", "propertyType": "new", "check": "Number", "name": "maxSavedStates"}, "type": "property", "children": [{"attributes": {"text": "<p>The maximum number of states which may pushed onto the state-stack.  It\nis generally a poor idea to have very many states saved on a stack.\nFollowing program logic becomes very difficult, and the code can be\nhighly unmaintainable.  The default should be more than adequate.\nYou&#8217;ve been warned.</p>"}, "type": "desc"}]}, {"attributes": {"allowNull": "true", "propertyType": "new", "check": "String", "name": "name"}, "type": "property", "children": [{"attributes": {"text": "<p>The name of this finite state machine (for debug messages)</p>"}, "type": "desc"}]}, {"attributes": {"allowNull": "true", "propertyType": "new", "check": "String", "name": "nextState"}, "type": "property", "children": [{"attributes": {"text": "<p>The state to which we will be transitioning.  This property is valid\nonly during a Transition&#8217;s ontransition function and a State&#8217;s onexit\nfunction.  At all other times, it is null.</p>"}, "type": "desc"}]}, {"attributes": {"allowNull": "true", "propertyType": "new", "check": "String", "name": "previousState"}, "type": "property", "children": [{"attributes": {"text": "<p>The previous state of the finite state machine, i.e. the state from\nwhich we most recently transitioned.  Note that this could be the same\nas the current state if a successful transition brought us back to the\nsame state.</p>"}, "type": "desc"}]}, {"attributes": {"allowNull": "true", "propertyType": "new", "check": "String", "name": "state"}, "type": "property", "children": [{"attributes": {"text": "<p>The current state of the finite state machine.</p>"}, "type": "desc"}]}]}]}