{"attributes": {"name": "RadioButtonGroup", "packageName": "qx.ui.form", "mixins": "qx.ui.core.MLayoutHandling,qx.ui.form.MModelSelection", "superClass": "qx.ui.core.Widget", "fullName": "qx.ui.form.RadioButtonGroup", "type": "class", "interfaces": "qx.ui.form.IForm,qx.ui.core.ISingleSelection,qx.ui.form.IModelSelection"}, "type": "class", "children": [{"attributes": {"text": "<p>The radio container handles a collection of items from which only one item\ncan be selected. Selection another item will deselect the previously selected\nitem. For that, it uses the {@link qx.ui.form.RadioGroup} object.</p>\n\n<p>This class is used to create radio groups of {@link qx.ui.form.RadioButton}\ninstances.</p>\n\n<p>This widget takes care of the layout of the added items. If you want to\ntake full control of the layout and just use the selection behavior,\ntake a look at the {@link qx.ui.form.RadioGroup} object for a loose coupling.</p>"}, "type": "desc"}, {"attributes": {}, "type": "constructor", "children": [{"attributes": {"line": 47, "isCtor": true, "overriddenFrom": "qx.ui.core.Widget", "name": "ctor"}, "type": "method", "children": [{"attributes": {}, "type": "params", "children": [{"attributes": {"name": "layout"}, "type": "param", "children": [{"attributes": {"text": "<p>The new layout or <code>null</code> to reset the layout.</p>"}, "type": "desc"}, {"attributes": {}, "type": "types", "children": [{"attributes": {"type": "qx.ui.layout.Abstract"}, "type": "entry"}]}]}]}, {"attributes": {"text": ""}, "type": "desc"}]}]}, {"attributes": {}, "type": "events", "children": [{"attributes": {"name": "changeInvalidMessage"}, "type": "event", "children": [{"attributes": {"text": "Fired on change of the property {@link #invalidMessage}."}, "type": "desc"}, {"attributes": {}, "type": "types", "children": [{"attributes": {"type": "qx.event.type.Data"}, "type": "entry"}]}]}, {"attributes": {"name": "changeInvalidMessage"}, "type": "event", "children": [{"attributes": {"text": "Fired on change of the property {@link #requiredInvalidMessage}."}, "type": "desc"}, {"attributes": {}, "type": "types", "children": [{"attributes": {"type": "qx.event.type.Data"}, "type": "entry"}]}]}, {"attributes": {"name": "changeRequired"}, "type": "event", "children": [{"attributes": {"text": "Fired on change of the property {@link #required}."}, "type": "desc"}, {"attributes": {}, "type": "types", "children": [{"attributes": {"type": "qx.event.type.Data"}, "type": "entry"}]}]}, {"attributes": {"name": "changeSelection"}, "type": "event", "children": [{"attributes": {"text": "<p>Fires after the selection was modified</p>"}, "type": "desc"}, {"attributes": {}, "type": "types", "children": [{"attributes": {"type": "qx.event.type.Data"}, "type": "entry"}]}]}, {"attributes": {"name": "changeValid"}, "type": "event", "children": [{"attributes": {"text": "Fired on change of the property {@link #valid}."}, "type": "desc"}, {"attributes": {}, "type": "types", "children": [{"attributes": {"type": "qx.event.type.Data"}, "type": "entry"}]}]}]}, {"attributes": {}, "type": "methods", "children": [{"attributes": {"access": "protected", "line": 133, "name": "_applyInvalidMessage"}, "type": "method", "children": [{"attributes": {}, "type": "params", "children": [{"attributes": {"name": "value"}, "type": "param", "children": [{"attributes": {"text": "<p>new value of the property</p>"}, "type": "desc"}, {"attributes": {}, "type": "types", "children": [{"attributes": {"type": "String"}, "type": "entry"}]}]}, {"attributes": {"name": "old"}, "type": "param", "children": [{"attributes": {"text": "<p>previous value of the property (null if it was not yet set).</p>"}, "type": "desc"}, {"attributes": {}, "type": "types", "children": [{"attributes": {"type": "String"}, "type": "entry"}]}]}]}, {"attributes": {}, "type": "apply", "children": [{"attributes": {"applies": "qx.ui.form.RadioButtonGroup#invalidMessage"}, "type": "entry"}]}, {"attributes": {"text": "<p>Applies changes of the property value of the property <code>invalidMessage</code>.</p>\n\n<p>For further details take a look at the property definition: {@link #invalidMessage}.</p>"}, "type": "desc"}]}, {"attributes": {"access": "protected", "line": 142, "name": "_applyValid"}, "type": "method", "children": [{"attributes": {}, "type": "params", "children": [{"attributes": {"name": "value"}, "type": "param", "children": [{"attributes": {"text": "<p>new value of the property</p>"}, "type": "desc"}, {"attributes": {}, "type": "types", "children": [{"attributes": {"type": "Boolean"}, "type": "entry"}]}]}, {"attributes": {"name": "old"}, "type": "param", "children": [{"attributes": {"text": "<p>previous value of the property (null if it was not yet set).</p>"}, "type": "desc"}, {"attributes": {}, "type": "types", "children": [{"attributes": {"type": "Boolean"}, "type": "entry"}]}]}]}, {"attributes": {}, "type": "apply", "children": [{"attributes": {"applies": "qx.ui.form.RadioButtonGroup#valid"}, "type": "entry"}]}, {"attributes": {"text": "<p>Applies changes of the property value of the property <code>valid</code>.</p>\n\n<p>For further details take a look at the property definition: {@link #valid}.</p>"}, "type": "desc"}]}, {"attributes": {"line": 186, "name": "add"}, "type": "method", "children": [{"attributes": {}, "type": "params", "children": [{"attributes": {"name": "child"}, "type": "param", "children": [{"attributes": {"text": "<p>the widget to add.</p>"}, "type": "desc"}, {"attributes": {}, "type": "types", "children": [{"attributes": {"type": "qx.ui.core.LayoutItem"}, "type": "entry"}]}]}, {"attributes": {"defaultValue": "null", "optional": true, "name": "options"}, "type": "param", "children": [{"attributes": {"text": "<p>Optional layout data for widget.</p>"}, "type": "desc"}, {"attributes": {}, "type": "types", "children": [{"attributes": {"type": "Map"}, "type": "entry"}]}]}]}, {"attributes": {"text": "<p>Adds a new child widget.</p>\n\n<p>The supported keys of the layout options map depend on the layout\nused to position the widget. The options are documented in the class\ndocumentation of each layout manager {@link qx.ui.layout}.</p>"}, "type": "desc"}]}, {"attributes": {"line": 171, "name": "getChildren"}, "type": "method", "children": [{"attributes": {"text": "<p>Returns the children list</p>"}, "type": "desc"}, {"attributes": {}, "type": "return", "children": [{"attributes": {"text": "<p>The children array.</p>"}, "type": "desc"}, {"attributes": {}, "type": "types", "children": [{"attributes": {"type": "qx.ui.core.LayoutItem", "dimensions": 1}, "type": "entry"}]}]}]}, {"attributes": {"name": "getInvalidMessage", "fromProperty": "invalidMessage"}, "type": "method", "children": [{"attributes": {"text": "<p>Returns the (computed) value of the property <code>invalidMessage</code>.</p>\n\n<p>For further details take a look at the property definition: {@link #invalidMessage}.</p>"}, "type": "desc"}, {"attributes": {}, "type": "return", "children": [{"attributes": {"text": "<p>(Computed) value of <code>invalidMessage</code>.</p>"}, "type": "desc"}, {"attributes": {}, "type": "types", "children": [{"attributes": {"type": "var"}, "type": "entry"}]}]}]}, {"attributes": {"line": 161, "name": "getRadioGroup"}, "type": "method", "children": [{"attributes": {"text": "<p>The internaly used radio group instance will be returned.</p>"}, "type": "desc"}, {"attributes": {}, "type": "return", "children": [{"attributes": {"text": "<p>Returns the used RadioGroup instance.</p>"}, "type": "desc"}, {"attributes": {}, "type": "types", "children": [{"attributes": {"type": "qx.ui.form.RadioGroup"}, "type": "entry"}]}]}]}, {"attributes": {"name": "getRequired", "fromProperty": "required"}, "type": "method", "children": [{"attributes": {"text": "<p>Returns the (computed) value of the property <code>required</code>.</p>\n\n<p>For further details take a look at the property definition: {@link #required}.</p>"}, "type": "desc"}, {"attributes": {}, "type": "return", "children": [{"attributes": {"text": "<p>(Computed) value of <code>required</code>.</p>"}, "type": "desc"}, {"attributes": {}, "type": "types", "children": [{"attributes": {"type": "var"}, "type": "entry"}]}]}]}, {"attributes": {"name": "getRequiredInvalidMessage", "fromProperty": "requiredInvalidMessage"}, "type": "method", "children": [{"attributes": {"text": "<p>Returns the (computed) value of the property <code>requiredInvalidMessage</code>.</p>\n\n<p>For further details take a look at the property definition: {@link #requiredInvalidMessage}.</p>"}, "type": "desc"}, {"attributes": {}, "type": "return", "children": [{"attributes": {"text": "<p>(Computed) value of <code>requiredInvalidMessage</code>.</p>"}, "type": "desc"}, {"attributes": {}, "type": "types", "children": [{"attributes": {"type": "var"}, "type": "entry"}]}]}]}, {"attributes": {"line": 289, "name": "getSelectables"}, "type": "method", "children": [{"attributes": {}, "type": "params", "children": [{"attributes": {"name": "all"}, "type": "param", "children": [{"attributes": {"text": "<p>true for all selectables, false for the selectables the user can interactively select</p>"}, "type": "desc"}, {"attributes": {}, "type": "types", "children": [{"attributes": {"type": "Boolean"}, "type": "entry"}]}]}]}, {"attributes": {"text": "<p>Returns all elements which are selectable.</p>"}, "type": "desc"}, {"attributes": {}, "type": "return", "children": [{"attributes": {"text": "<p>The contained items.</p>"}, "type": "desc"}, {"attributes": {}, "type": "types", "children": [{"attributes": {"type": "qx.ui.core.Widget", "dimensions": 1}, "type": "entry"}]}]}]}, {"attributes": {"line": 236, "name": "getSelection"}, "type": "method", "children": [{"attributes": {"text": "<p>Returns an array of currently selected items.</p>\n\n<p>Note: The result is only a set of selected items, so the order can\ndiffer from the sequence in which the items were added.</p>"}, "type": "desc"}, {"attributes": {}, "type": "return", "children": [{"attributes": {"text": "<p>List of items.</p>"}, "type": "desc"}, {"attributes": {}, "type": "types", "children": [{"attributes": {"type": "qx.ui.core.Widget", "dimensions": 1}, "type": "entry"}]}]}]}, {"attributes": {"name": "getValid", "fromProperty": "valid"}, "type": "method", "children": [{"attributes": {"text": "<p>Returns the (computed) value of the property <code>valid</code>.</p>\n\n<p>For further details take a look at the property definition: {@link #valid}.</p>"}, "type": "desc"}, {"attributes": {}, "type": "return", "children": [{"attributes": {"text": "<p>(Computed) value of <code>valid</code>.</p>"}, "type": "desc"}, {"attributes": {}, "type": "types", "children": [{"attributes": {"type": "var"}, "type": "entry"}]}]}]}, {"attributes": {"access": "protected", "name": "initInvalidMessage", "fromProperty": "invalidMessage"}, "type": "method", "children": [{"attributes": {}, "type": "params", "children": [{"attributes": {"name": "value"}, "type": "param", "children": [{"attributes": {"text": "<p>Initial value for property <code>invalidMessage</code>.</p>"}, "type": "desc"}, {"attributes": {}, "type": "types", "children": [{"attributes": {"type": "var"}, "type": "entry"}]}]}]}, {"attributes": {"text": "<p>Calls the apply method and dispatches the change event of the property <code>invalidMessage</code>\nwith the default value defined by the class developer. This function can\nonly be called from the constructor of a class.</p>\n\n<p>For further details take a look at the property definition: {@link #invalidMessage}.</p>"}, "type": "desc"}, {"attributes": {}, "type": "return", "children": [{"attributes": {"text": "<p>the default value</p>"}, "type": "desc"}, {"attributes": {}, "type": "types", "children": [{"attributes": {"type": "var"}, "type": "entry"}]}]}]}, {"attributes": {"access": "protected", "name": "initRequired", "fromProperty": "required"}, "type": "method", "children": [{"attributes": {}, "type": "params", "children": [{"attributes": {"name": "value"}, "type": "param", "children": [{"attributes": {"text": "<p>Initial value for property <code>required</code>.</p>"}, "type": "desc"}, {"attributes": {}, "type": "types", "children": [{"attributes": {"type": "var"}, "type": "entry"}]}]}]}, {"attributes": {"text": "<p>Calls the apply method and dispatches the change event of the property <code>required</code>\nwith the default value defined by the class developer. This function can\nonly be called from the constructor of a class.</p>\n\n<p>For further details take a look at the property definition: {@link #required}.</p>"}, "type": "desc"}, {"attributes": {}, "type": "return", "children": [{"attributes": {"text": "<p>the default value</p>"}, "type": "desc"}, {"attributes": {}, "type": "types", "children": [{"attributes": {"type": "var"}, "type": "entry"}]}]}]}, {"attributes": {"access": "protected", "name": "initRequiredInvalidMessage", "fromProperty": "requiredInvalidMessage"}, "type": "method", "children": [{"attributes": {}, "type": "params", "children": [{"attributes": {"name": "value"}, "type": "param", "children": [{"attributes": {"text": "<p>Initial value for property <code>requiredInvalidMessage</code>.</p>"}, "type": "desc"}, {"attributes": {}, "type": "types", "children": [{"attributes": {"type": "var"}, "type": "entry"}]}]}]}, {"attributes": {"text": "<p>Calls the apply method and dispatches the change event of the property <code>requiredInvalidMessage</code>\nwith the default value defined by the class developer. This function can\nonly be called from the constructor of a class.</p>\n\n<p>For further details take a look at the property definition: {@link #requiredInvalidMessage}.</p>"}, "type": "desc"}, {"attributes": {}, "type": "return", "children": [{"attributes": {"text": "<p>the default value</p>"}, "type": "desc"}, {"attributes": {}, "type": "types", "children": [{"attributes": {"type": "var"}, "type": "entry"}]}]}]}, {"attributes": {"access": "protected", "name": "initValid", "fromProperty": "valid"}, "type": "method", "children": [{"attributes": {}, "type": "params", "children": [{"attributes": {"name": "value"}, "type": "param", "children": [{"attributes": {"text": "<p>Initial value for property <code>valid</code>.</p>"}, "type": "desc"}, {"attributes": {}, "type": "types", "children": [{"attributes": {"type": "var"}, "type": "entry"}]}]}]}, {"attributes": {"text": "<p>Calls the apply method and dispatches the change event of the property <code>valid</code>\nwith the default value defined by the class developer. This function can\nonly be called from the constructor of a class.</p>\n\n<p>For further details take a look at the property definition: {@link #valid}.</p>"}, "type": "desc"}, {"attributes": {}, "type": "return", "children": [{"attributes": {"text": "<p>the default value</p>"}, "type": "desc"}, {"attributes": {}, "type": "types", "children": [{"attributes": {"type": "var"}, "type": "entry"}]}]}]}, {"attributes": {"name": "isRequired", "fromProperty": "required"}, "type": "method", "children": [{"attributes": {"text": "<p>Check whether the (computed) value of the boolean property <code>required</code> equals <code>true</code>.</p>\n\n<p>For further details take a look at the property definition: {@link #required}.</p>"}, "type": "desc"}, {"attributes": {}, "type": "return", "children": [{"attributes": {"text": "<p>Whether the property equals <code>true</code>.</p>"}, "type": "desc"}, {"attributes": {}, "type": "types", "children": [{"attributes": {"type": "Boolean"}, "type": "entry"}]}]}]}, {"attributes": {"line": 267, "name": "isSelected"}, "type": "method", "children": [{"attributes": {}, "type": "params", "children": [{"attributes": {"name": "item"}, "type": "param", "children": [{"attributes": {"text": "<p>Any valid selectable item</p>"}, "type": "desc"}, {"attributes": {}, "type": "types", "children": [{"attributes": {"type": "qx.ui.core.Widget"}, "type": "entry"}]}]}]}, {"attributes": {"text": "<p>Detects whether the given item is currently selected.</p>"}, "type": "desc"}, {"attributes": {}, "type": "return", "children": [{"attributes": {"text": "<p>Whether the item is selected.</p>"}, "type": "desc"}, {"attributes": {}, "type": "types", "children": [{"attributes": {"type": "Boolean"}, "type": "entry"}]}]}, {"attributes": {}, "type": "throws", "children": [{"attributes": {"text": "<p>if the item is not a child element.</p>", "type": "Error"}, "type": "desc"}]}]}, {"attributes": {"line": 277, "name": "isSelectionEmpty"}, "type": "method", "children": [{"attributes": {"text": "<p>Whether the selection is empty.</p>"}, "type": "desc"}, {"attributes": {}, "type": "return", "children": [{"attributes": {"text": "<p>Whether the selection is empty.</p>"}, "type": "desc"}, {"attributes": {}, "type": "types", "children": [{"attributes": {"type": "Boolean"}, "type": "entry"}]}]}]}, {"attributes": {"name": "isValid", "fromProperty": "valid"}, "type": "method", "children": [{"attributes": {"text": "<p>Check whether the (computed) value of the boolean property <code>valid</code> equals <code>true</code>.</p>\n\n<p>For further details take a look at the property definition: {@link #valid}.</p>"}, "type": "desc"}, {"attributes": {}, "type": "return", "children": [{"attributes": {"text": "<p>Whether the property equals <code>true</code>.</p>"}, "type": "desc"}, {"attributes": {}, "type": "types", "children": [{"attributes": {"type": "Boolean"}, "type": "entry"}]}]}]}, {"attributes": {"line": 197, "name": "remove"}, "type": "method", "children": [{"attributes": {}, "type": "params", "children": [{"attributes": {"name": "child"}, "type": "param", "children": [{"attributes": {"text": "<p>the widget to remove</p>"}, "type": "desc"}, {"attributes": {}, "type": "types", "children": [{"attributes": {"type": "qx.ui.core.LayoutItem"}, "type": "entry"}]}]}]}, {"attributes": {"text": "<p>Remove the given child widget.</p>"}, "type": "desc"}]}, {"attributes": {"line": 209, "name": "removeAll"}, "type": "method", "children": [{"attributes": {"text": "<p>Remove all children.</p>"}, "type": "desc"}, {"attributes": {}, "type": "return", "children": [{"attributes": {"text": "<p>An array of {@link qx.ui.core.LayoutItem}&#8216;s.</p>"}, "type": "desc"}, {"attributes": {}, "type": "types", "children": [{"attributes": {"type": "Array"}, "type": "entry"}]}]}]}, {"attributes": {"name": "resetInvalidMessage", "fromProperty": "invalidMessage"}, "type": "method", "children": [{"attributes": {"text": "<p>Resets the user value of the property <code>invalidMessage</code>.</p>\n\n<p>The computed value falls back to the next available value e.g. appearance, init or\ninheritance value depeneding on the property configuration and value availability.</p>\n\n<p>For further details take a look at the property definition: {@link #invalidMessage}.</p>"}, "type": "desc"}]}, {"attributes": {"name": "resetRequired", "fromProperty": "required"}, "type": "method", "children": [{"attributes": {"text": "<p>Resets the user value of the property <code>required</code>.</p>\n\n<p>The computed value falls back to the next available value e.g. appearance, init or\ninheritance value depeneding on the property configuration and value availability.</p>\n\n<p>For further details take a look at the property definition: {@link #required}.</p>"}, "type": "desc"}]}, {"attributes": {"name": "resetRequiredInvalidMessage", "fromProperty": "requiredInvalidMessage"}, "type": "method", "children": [{"attributes": {"text": "<p>Resets the user value of the property <code>requiredInvalidMessage</code>.</p>\n\n<p>The computed value falls back to the next available value e.g. appearance, init or\ninheritance value depeneding on the property configuration and value availability.</p>\n\n<p>For further details take a look at the property definition: {@link #requiredInvalidMessage}.</p>"}, "type": "desc"}]}, {"attributes": {"line": 255, "name": "resetSelection"}, "type": "method", "children": [{"attributes": {"text": "<p>Clears the whole selection at once.</p>"}, "type": "desc"}]}, {"attributes": {"name": "resetValid", "fromProperty": "valid"}, "type": "method", "children": [{"attributes": {"text": "<p>Resets the user value of the property <code>valid</code>.</p>\n\n<p>The computed value falls back to the next available value e.g. appearance, init or\ninheritance value depeneding on the property configuration and value availability.</p>\n\n<p>For further details take a look at the property definition: {@link #valid}.</p>"}, "type": "desc"}]}, {"attributes": {"name": "setInvalidMessage", "fromProperty": "invalidMessage"}, "type": "method", "children": [{"attributes": {}, "type": "params", "children": [{"attributes": {"name": "value"}, "type": "param", "children": [{"attributes": {"text": "<p>New value for property <code>invalidMessage</code>.</p>"}, "type": "desc"}, {"attributes": {}, "type": "types", "children": [{"attributes": {"type": "var"}, "type": "entry"}]}]}]}, {"attributes": {"text": "<p>Sets the user value of the property <code>invalidMessage</code>.</p>\n\n<p>For further details take a look at the property definition: {@link #invalidMessage}.</p>"}, "type": "desc"}, {"attributes": {}, "type": "return", "children": [{"attributes": {"text": "<p>The unmodified incoming value.</p>"}, "type": "desc"}, {"attributes": {}, "type": "types", "children": [{"attributes": {"type": "var"}, "type": "entry"}]}]}]}, {"attributes": {"name": "setRequired", "fromProperty": "required"}, "type": "method", "children": [{"attributes": {}, "type": "params", "children": [{"attributes": {"name": "value"}, "type": "param", "children": [{"attributes": {"text": "<p>New value for property <code>required</code>.</p>"}, "type": "desc"}, {"attributes": {}, "type": "types", "children": [{"attributes": {"type": "var"}, "type": "entry"}]}]}]}, {"attributes": {"text": "<p>Sets the user value of the property <code>required</code>.</p>\n\n<p>For further details take a look at the property definition: {@link #required}.</p>"}, "type": "desc"}, {"attributes": {}, "type": "return", "children": [{"attributes": {"text": "<p>The unmodified incoming value.</p>"}, "type": "desc"}, {"attributes": {}, "type": "types", "children": [{"attributes": {"type": "var"}, "type": "entry"}]}]}]}, {"attributes": {"name": "setRequiredInvalidMessage", "fromProperty": "requiredInvalidMessage"}, "type": "method", "children": [{"attributes": {}, "type": "params", "children": [{"attributes": {"name": "value"}, "type": "param", "children": [{"attributes": {"text": "<p>New value for property <code>requiredInvalidMessage</code>.</p>"}, "type": "desc"}, {"attributes": {}, "type": "types", "children": [{"attributes": {"type": "var"}, "type": "entry"}]}]}]}, {"attributes": {"text": "<p>Sets the user value of the property <code>requiredInvalidMessage</code>.</p>\n\n<p>For further details take a look at the property definition: {@link #requiredInvalidMessage}.</p>"}, "type": "desc"}, {"attributes": {}, "type": "return", "children": [{"attributes": {"text": "<p>The unmodified incoming value.</p>"}, "type": "desc"}, {"attributes": {}, "type": "types", "children": [{"attributes": {"type": "var"}, "type": "entry"}]}]}]}, {"attributes": {"line": 247, "name": "setSelection"}, "type": "method", "children": [{"attributes": {}, "type": "params", "children": [{"attributes": {"name": "items"}, "type": "param", "children": [{"attributes": {"text": "<p>Items to select.</p>"}, "type": "desc"}, {"attributes": {}, "type": "types", "children": [{"attributes": {"type": "qx.ui.core.Widget", "dimensions": 1}, "type": "entry"}]}]}]}, {"attributes": {"text": "<p>Replaces current selection with the given items.</p>"}, "type": "desc"}, {"attributes": {}, "type": "throws", "children": [{"attributes": {"text": "<p>if the item is not a child element.</p>", "type": "Error"}, "type": "desc"}]}]}, {"attributes": {"name": "setValid", "fromProperty": "valid"}, "type": "method", "children": [{"attributes": {}, "type": "params", "children": [{"attributes": {"name": "value"}, "type": "param", "children": [{"attributes": {"text": "<p>New value for property <code>valid</code>.</p>"}, "type": "desc"}, {"attributes": {}, "type": "types", "children": [{"attributes": {"type": "var"}, "type": "entry"}]}]}]}, {"attributes": {"text": "<p>Sets the user value of the property <code>valid</code>.</p>\n\n<p>For further details take a look at the property definition: {@link #valid}.</p>"}, "type": "desc"}, {"attributes": {}, "type": "return", "children": [{"attributes": {"text": "<p>The unmodified incoming value.</p>"}, "type": "desc"}, {"attributes": {}, "type": "types", "children": [{"attributes": {"type": "var"}, "type": "entry"}]}]}]}, {"attributes": {"name": "toggleRequired", "fromProperty": "required"}, "type": "method", "children": [{"attributes": {"text": "<p>Toggles the (computed) value of the boolean property <code>required</code>.</p>\n\n<p>For further details take a look at the property definition: {@link #required}.</p>"}, "type": "desc"}, {"attributes": {}, "type": "return", "children": [{"attributes": {"text": "<p>the new value</p>"}, "type": "desc"}, {"attributes": {}, "type": "types", "children": [{"attributes": {"type": "Boolean"}, "type": "entry"}]}]}]}, {"attributes": {"name": "toggleValid", "fromProperty": "valid"}, "type": "method", "children": [{"attributes": {"text": "<p>Toggles the (computed) value of the boolean property <code>valid</code>.</p>\n\n<p>For further details take a look at the property definition: {@link #valid}.</p>"}, "type": "desc"}, {"attributes": {}, "type": "return", "children": [{"attributes": {"text": "<p>the new value</p>"}, "type": "desc"}, {"attributes": {}, "type": "types", "children": [{"attributes": {"type": "Boolean"}, "type": "entry"}]}]}]}]}, {"attributes": {}, "type": "properties", "children": [{"attributes": {"name": "invalidMessage", "defaultValue": "\"\"", "event": "changeInvalidMessage", "propertyType": "new", "apply": "_applyInvalidMessage", "check": "String"}, "type": "property", "children": [{"attributes": {"text": "<p>Message which is shown in an invalid tooltip.</p>"}, "type": "desc"}]}, {"attributes": {"defaultValue": "false", "propertyType": "new", "event": "changeRequired", "name": "required", "check": "Boolean"}, "type": "property", "children": [{"attributes": {"text": "<p>Flag signaling if the group is required.</p>"}, "type": "desc"}]}, {"attributes": {"allowNull": "true", "propertyType": "new", "event": "changeInvalidMessage", "name": "requiredInvalidMessage", "check": "String"}, "type": "property", "children": [{"attributes": {"text": "<p>Message which is shown in an invalid tooltip if the {@link #required} is\nset to true.</p>"}, "type": "desc"}]}, {"attributes": {"name": "valid", "defaultValue": "true", "event": "changeValid", "propertyType": "new", "apply": "_applyValid", "check": "Boolean"}, "type": "property", "children": [{"attributes": {"text": "<p>Flag signaling if the group at all is valid. All children will have the\nsame state.</p>"}, "type": "desc"}]}]}]}