{"attributes": {"isAbstract": true, "name": "Abstract", "packageName": "qx.ui.progressive.renderer", "superClass": "qx.core.Object", "childClasses": "qx.ui.progressive.renderer.FunctionCaller,qx.ui.progressive.renderer.table.Row", "fullName": "qx.ui.progressive.renderer.Abstract", "type": "class"}, "type": "class", "children": [{"attributes": {"text": "<p>Abstract renderer for Progressive.</p>"}, "type": "desc"}, {"attributes": {}, "type": "methods", "children": [{"attributes": {"line": 78, "name": "join"}, "type": "method", "children": [{"attributes": {}, "type": "params", "children": [{"attributes": {"name": "progressive"}, "type": "param", "children": [{"attributes": {"text": "<p>The Progressive object to which we are being joined.</p>"}, "type": "desc"}, {"attributes": {}, "type": "types", "children": [{"attributes": {"type": "qx.ui.progressive.Progressive"}, "type": "entry"}]}]}, {"attributes": {"name": "name"}, "type": "param", "children": [{"attributes": {"text": "<p>The name by which the data model will reference this renderer.  This is important to know in order to access the appropriate member of the {@link qx.ui.progressive.State}&#8216;s renderer array.  That array is accessed from the renderer by state.getRendererData()[element.renderer] where element.renderer will be the name provided here.</p>"}, "type": "desc"}, {"attributes": {}, "type": "types", "children": [{"attributes": {"type": "String"}, "type": "entry"}]}]}]}, {"attributes": {"text": "<p>Join this renderer to its {@link qx.ui.progressive.Progressive}.</p>"}, "type": "desc"}]}, {"attributes": {"line": 59, "name": "render"}, "type": "method", "children": [{"attributes": {}, "type": "params", "children": [{"attributes": {"name": "state"}, "type": "param", "children": [{"attributes": {"text": "<p>Data relevant to the current rendering session.</p>"}, "type": "desc"}, {"attributes": {}, "type": "types", "children": [{"attributes": {"type": "qx.ui.progressive.State"}, "type": "entry"}]}]}, {"attributes": {"name": "element"}, "type": "param", "children": [{"attributes": {"text": "<p>An object containing at least the following members: <dl> <dt> renderer</dt> <dd> The name of a renderer.  That name is used by {@link qx.ui.progressive.Progressive} to select the renderer to be used to render this element.  The name should match one provided to {@link qx.ui.progressive.Progressive#addRenderer}. </dd> <dt> data </dt> <dd> The data to be passed to the renderer.  The data may be of any type that the renderer knows how to render. </dd> </dl></p>"}, "type": "desc"}, {"attributes": {}, "type": "types", "children": [{"attributes": {"type": "Object"}, "type": "entry"}]}]}]}, {"attributes": {"text": "<p>Render the provided element in the renderer&#8217;s unique way.</p>"}, "type": "desc"}]}]}]}