{"attributes": {"fullName": "qx.ui.form.MModelProperty", "packageName": "qx.ui.form", "type": "mixin", "name": "MModelProperty", "includer": "qx.ui.form.RadioButton,qx.ui.mobile.form.Input,qx.ui.form.ListItem,qx.ui.tree.core.AbstractItem,qx.ui.menu.RadioButton,qx.ui.mobile.form.Slider,qx.ui.mobile.form.ToggleButton,qx.ui.mobile.form.TextArea,qx.ui.form.CheckBox,qx.ui.toolbar.RadioButton,qx.ui.groupbox.RadioGroupBox,qx.ui.groupbox.CheckGroupBox"}, "type": "class", "children": [{"attributes": {"text": "<p>Can be included for implementing {@link qx.ui.form.IModel}. It only contains\na nullable property named &#8216;model&#8217; with a &#8216;changeModel&#8217; event.</p>"}, "type": "desc"}, {"attributes": {}, "type": "events", "children": [{"attributes": {"name": "changeModel"}, "type": "event", "children": [{"attributes": {"text": "Fired on change of the property {@link #model}."}, "type": "desc"}, {"attributes": {}, "type": "types", "children": [{"attributes": {"type": "qx.event.type.Data"}, "type": "entry"}]}]}]}, {"attributes": {}, "type": "methods", "children": [{"attributes": {"access": "protected", "line": 56, "isMixin": true, "name": "_applyModel"}, "type": "method", "children": [{"attributes": {}, "type": "params", "children": [{"attributes": {"name": "value"}, "type": "param", "children": [{"attributes": {"text": "<p>new value of the property</p>"}, "type": "desc"}, {"attributes": {}, "type": "types", "children": [{"attributes": {"type": "var"}, "type": "entry"}]}]}, {"attributes": {"name": "old"}, "type": "param", "children": [{"attributes": {"text": "<p>previous value of the property (null if it was not yet set).</p>"}, "type": "desc"}, {"attributes": {}, "type": "types", "children": [{"attributes": {"type": "var"}, "type": "entry"}]}]}]}, {"attributes": {}, "type": "apply", "children": [{"attributes": {"applies": "qx.ui.form.MModelProperty#model"}, "type": "entry"}]}, {"attributes": {"text": "<p>Applies changes of the property value of the property <code>model</code>.</p>\n\n<p>For further details take a look at the property definition: {@link #model}.</p>"}, "type": "desc"}]}, {"attributes": {"name": "getModel", "fromProperty": "model"}, "type": "method", "children": [{"attributes": {"text": "<p>Returns the (computed) value of the property <code>model</code>.</p>\n\n<p>For further details take a look at the property definition: {@link #model}.</p>"}, "type": "desc"}, {"attributes": {}, "type": "return", "children": [{"attributes": {"text": "<p>(Computed) value of <code>model</code>.</p>"}, "type": "desc"}, {"attributes": {}, "type": "types", "children": [{"attributes": {"type": "var"}, "type": "entry"}]}]}]}, {"attributes": {"access": "protected", "name": "initModel", "fromProperty": "model"}, "type": "method", "children": [{"attributes": {}, "type": "params", "children": [{"attributes": {"name": "value"}, "type": "param", "children": [{"attributes": {"text": "<p>Initial value for property <code>model</code>.</p>"}, "type": "desc"}, {"attributes": {}, "type": "types", "children": [{"attributes": {"type": "var"}, "type": "entry"}]}]}]}, {"attributes": {"text": "<p>Calls the apply method and dispatches the change event of the property <code>model</code>\nwith the default value defined by the class developer. This function can\nonly be called from the constructor of a class.</p>\n\n<p>For further details take a look at the property definition: {@link #model}.</p>"}, "type": "desc"}, {"attributes": {}, "type": "return", "children": [{"attributes": {"text": "<p>the default value</p>"}, "type": "desc"}, {"attributes": {}, "type": "types", "children": [{"attributes": {"type": "var"}, "type": "entry"}]}]}]}, {"attributes": {"name": "resetModel", "fromProperty": "model"}, "type": "method", "children": [{"attributes": {"text": "<p>Resets the user value of the property <code>model</code>.</p>\n\n<p>The computed value falls back to the next available value e.g. appearance, init or\ninheritance value depeneding on the property configuration and value availability.</p>\n\n<p>For further details take a look at the property definition: {@link #model}.</p>"}, "type": "desc"}]}, {"attributes": {"name": "setModel", "fromProperty": "model"}, "type": "method", "children": [{"attributes": {}, "type": "params", "children": [{"attributes": {"name": "value"}, "type": "param", "children": [{"attributes": {"text": "<p>New value for property <code>model</code>.</p>"}, "type": "desc"}, {"attributes": {}, "type": "types", "children": [{"attributes": {"type": "var"}, "type": "entry"}]}]}]}, {"attributes": {"text": "<p>Sets the user value of the property <code>model</code>.</p>\n\n<p>For further details take a look at the property definition: {@link #model}.</p>"}, "type": "desc"}, {"attributes": {}, "type": "return", "children": [{"attributes": {"text": "<p>The unmodified incoming value.</p>"}, "type": "desc"}, {"attributes": {}, "type": "types", "children": [{"attributes": {"type": "var"}, "type": "entry"}]}]}]}]}, {"attributes": {}, "type": "properties", "children": [{"attributes": {"name": "model", "allowNull": "true", "propertyType": "new", "apply": "_applyModel", "isMixin": true, "event": "changeModel"}, "type": "property", "children": [{"attributes": {"text": "<p>Model property for storing additional information for the including\nobject. It can act as value property on form items for example.</p>\n\n<p>Be careful using that property as this is used for the\n{@link qx.ui.form.MModelSelection} it has some restrictions:</p>\n\n<ul>\n<li>Don&#8217;t use equal models in one widget using the<br />\n    {@link qx.ui.form.MModelSelection}.</li>\n</ul>\n\n<ul>\n<li>Avoid setting only some model properties if the widgets are added to<br />\n    a {@link qx.ui.form.MModelSelection} widge.</li>\n</ul>\n\n<p>Both restrictions result of the fact, that the set models are deputies\nfor their widget.</p>"}, "type": "desc"}]}]}]}