{"attributes": {"group": "Widget", "name": "Slider", "packageName": "qx.ui.website", "superClass": "qx.ui.website.Widget", "fullName": "qx.ui.website.Slider", "type": "bootstrap"}, "type": "class", "children": [{"attributes": {"text": "<p>The Slider control is used to select a numerical value from a given range.\nIt supports custom minimum/maximum values, step sizes and offsets (which limit\nthe knob&#8217;s range).</p>\n\n<h2>Markup</h2>\nThe Slider contains a single button element (the knob), which will be\ncreated if it's not already present.\n\n<h2>CSS Classes</h2>\n<table>\n  <thead>\n    <tr>\n      <td>Class Name</td>\n      <td>Applied to</td>\n      <td>Description</td>\n    </tr>\n  </thead>\n  <tbody>\n    <tr>\n      <td><code>qx-slider</code></td>\n      <td>Container element</td>\n      <td>Identifies the Slider widget</td>\n    </tr>\n    <tr>\n      <td><code>qx-slider-knob</code></td>\n      <td>Slider knob (button)</td>\n      <td>Identifies and styles the Slider's draggable knob</td>\n    </tr>\n  </tbody>\n</table>\n\n<h2 class=\"widget-markup\">Generated DOM Structure</h2>"}, "type": "desc"}, {"attributes": {}, "type": "methods-static", "children": [{"attributes": {"line": 131, "isStatic": true, "name": "slider"}, "type": "method", "children": [{"attributes": {}, "type": "params", "children": [{"attributes": {"optional": true, "name": "value"}, "type": "param", "children": [{"attributes": {"text": "<p>The initial value of each slider widget</p>"}, "type": "desc"}, {"attributes": {}, "type": "types", "children": [{"attributes": {"type": "Number"}, "type": "entry"}]}]}, {"attributes": {"optional": true, "name": "step"}, "type": "param", "children": [{"attributes": {"text": "<p>The step config value to configure the step width or the steps as array of numbers.</p>"}, "type": "desc"}, {"attributes": {}, "type": "types", "children": [{"attributes": {"type": "Number"}, "type": "entry"}, {"attributes": {"type": "Array"}, "type": "entry"}]}]}]}, {"attributes": {"text": "<p>Factory method which converts the current collection into a collection of\nslider widgets.</p>"}, "type": "desc"}, {"attributes": {}, "type": "return", "children": [{"attributes": {"text": "<p>A new Slider collection.</p>"}, "type": "desc"}, {"attributes": {}, "type": "types", "children": [{"attributes": {"type": "qx.ui.website.Slider"}, "type": "entry"}]}]}, {"attributes": {"targetMethod": "", "targetClass": "qxWeb", "sourceMethod": "slider", "sourceClass": "qx.ui.website.Slider"}, "type": "attach"}]}]}, {"attributes": {}, "type": "constants", "children": [{"attributes": {"access": "protected", "name": "_config"}, "type": "constant", "children": [{"attributes": {"text": "<p><strong>step</strong></p>\n\n<p>The steps can be either a number or an array of predefined steps. In the\ncase of a number, it defines the amount of each step. In the case of an\narray, the values of the array will be used as step values.</p>\n\n<p>Default value:</p>\n\n<pre>1</pre>\n\n<p><strong>minimum</strong></p>\n\n<p>The minimum value of the slider. This will only be used if no explicit\nsteps are given.</p>\n\n<p>Default value:</p>\n\n<pre>0 </pre>\n\n<p><strong>maximum</strong></p>\n\n<p>The maximum value of the slider. This will only be used if no explicit\nsteps are given.</p>\n\n<p>Default value:</p>\n\n<pre>100</pre>\n\n<p><strong>offset</strong></p>\n\n<p>The amount of pixel the slider should be position away from its left and\nright border.</p>\n\n<p>Default value:</p>\n\n<pre>0 </pre>"}, "type": "desc"}]}, {"attributes": {"access": "protected", "name": "_templates"}, "type": "constant", "children": [{"attributes": {"text": "<p><strong>knobContent</strong></p>\n\n<p>The content of the knob element.</p>\n\n<p>Default value:</p>\n\n<pre>{{value}}</pre>"}, "type": "desc"}]}]}, {"attributes": {}, "type": "constructor", "children": [{"attributes": {"docFrom": "qxWeb", "line": 147, "isCtor": true, "overriddenFrom": "qx.ui.website.Widget", "name": "ctor"}, "type": "method", "children": [{"attributes": {}, "type": "params", "children": [{"attributes": {"name": "selector"}, "type": "param"}, {"attributes": {"name": "context"}, "type": "param"}]}]}]}, {"attributes": {}, "type": "events", "children": [{"attributes": {"name": "changePosition"}, "type": "event", "children": [{"attributes": {"text": "<p>Fired with each pointer move event</p>"}, "type": "desc"}, {"attributes": {}, "type": "types", "children": [{"attributes": {"type": "Number"}, "type": "entry"}]}]}, {"attributes": {"name": "changeValue"}, "type": "event", "children": [{"attributes": {"text": "<p>Fired at each value change</p>"}, "type": "desc"}, {"attributes": {}, "type": "types", "children": [{"attributes": {"type": "Number"}, "type": "entry"}]}]}]}, {"attributes": {}, "type": "methods", "children": [{"attributes": {"access": "private", "line": 603, "name": "__valueToPosition"}, "type": "method", "children": [{"attributes": {}, "type": "params", "children": [{"attributes": {"name": "value"}, "type": "param", "children": [{"attributes": {"text": "<p>slider step value</p>"}, "type": "desc"}, {"attributes": {}, "type": "types", "children": [{"attributes": {"type": "Integer"}, "type": "entry"}]}]}]}, {"attributes": {"text": "<p>Positions the slider knob to the given value and fires the &#8220;changePosition&#8221;\nevent with the current position as integer.</p>"}, "type": "desc"}]}, {"attributes": {"access": "protected", "line": 304, "name": "_getDragBoundaries"}, "type": "method", "children": [{"attributes": {"text": "<p>Returns the boundaries (in pixels) of the slider&#8217;s range of motion</p>"}, "type": "desc"}, {"attributes": {}, "type": "return", "children": [{"attributes": {"text": "<p>a map with the keys <code>min</code> and <code>max</code></p>"}, "type": "desc"}, {"attributes": {}, "type": "types", "children": [{"attributes": {"type": "Map"}, "type": "entry"}]}]}]}, {"attributes": {"access": "protected", "line": 294, "name": "_getHalfKnobWidth"}, "type": "method", "children": [{"attributes": {"text": "<p>Returns half of the slider knob&#8217;s width, used for positioning</p>"}, "type": "desc"}, {"attributes": {}, "type": "return", "children": [{"attributes": {"text": "<p>half knob width</p>"}, "type": "desc"}, {"attributes": {}, "type": "types", "children": [{"attributes": {"type": "Integer"}, "type": "entry"}]}]}]}, {"attributes": {"access": "protected", "line": 283, "name": "_getKnobContent"}, "type": "method", "children": [{"attributes": {"text": "<p>Returns the content that should be displayed in the knob</p>"}, "type": "desc"}, {"attributes": {}, "type": "return", "children": [{"attributes": {"text": "<p>knob content</p>"}, "type": "desc"}, {"attributes": {}, "type": "types", "children": [{"attributes": {"type": "String"}, "type": "entry"}]}]}]}, {"attributes": {"access": "protected", "line": 365, "name": "_getNearestValue"}, "type": "method", "children": [{"attributes": {}, "type": "params", "children": [{"attributes": {"name": "position"}, "type": "param", "children": [{"attributes": {"text": "<p>The current knob position in pixels</p>"}, "type": "desc"}, {"attributes": {}, "type": "types", "children": [{"attributes": {"type": "Integer"}, "type": "entry"}]}]}]}, {"attributes": {"text": "<p>Returns the nearest existing slider value according to he position of the knob element.</p>"}, "type": "desc"}, {"attributes": {}, "type": "return", "children": [{"attributes": {"text": "<p>The next position to snap to</p>"}, "type": "desc"}, {"attributes": {}, "type": "types", "children": [{"attributes": {"type": "Integer"}, "type": "entry"}]}]}]}, {"attributes": {"access": "protected", "line": 322, "name": "_getPixels"}, "type": "method", "children": [{"attributes": {"text": "<p>Creates a lookup table to get the pixel values for each slider step\nand computes the &#8220;breakpoint&#8221; between two steps in pixel.</p>"}, "type": "desc"}, {"attributes": {}, "type": "return", "children": [{"attributes": {"text": "<p>list of pixel values</p>"}, "type": "desc"}, {"attributes": {}, "type": "types", "children": [{"attributes": {"type": "Integer", "dimensions": 1}, "type": "entry"}]}]}]}, {"attributes": {"access": "protected", "line": 447, "name": "_onDocPointerUp"}, "type": "method", "children": [{"attributes": {}, "type": "params", "children": [{"attributes": {"name": "e"}, "type": "param", "children": [{"attributes": {"text": "<p>Incoming event object</p>"}, "type": "desc"}, {"attributes": {}, "type": "types", "children": [{"attributes": {"type": "qx.event.Emitter"}, "type": "entry"}]}]}]}, {"attributes": {"text": "<p>Listener for the pointerup event. Used for cleanup of previously\ninitialized modes.</p>"}, "type": "desc"}]}, {"attributes": {"access": "protected", "line": 491, "name": "_onDragStart"}, "type": "method", "children": [{"attributes": {}, "type": "params", "children": [{"attributes": {"name": "e"}, "type": "param", "children": [{"attributes": {"text": "<p>e drag start event</p>"}, "type": "desc"}, {"attributes": {}, "type": "types", "children": [{"attributes": {"type": "Event"}, "type": "entry"}]}]}]}, {"attributes": {"text": "<p>Prevents drag event propagation</p>"}, "type": "desc"}]}, {"attributes": {"access": "protected", "line": 530, "name": "_onKeyDown"}, "type": "method", "children": [{"attributes": {}, "type": "params", "children": [{"attributes": {"name": "e"}, "type": "param", "children": [{"attributes": {"text": "<p>keydown event</p>"}, "type": "desc"}, {"attributes": {}, "type": "types", "children": [{"attributes": {"type": "Event"}, "type": "entry"}]}]}]}, {"attributes": {"text": "<p>Moves the knob if the left or right arrow key is pressed</p>"}, "type": "desc"}]}, {"attributes": {"access": "protected", "line": 520, "name": "_onKnobBlur"}, "type": "method", "children": [{"attributes": {}, "type": "params", "children": [{"attributes": {"name": "e"}, "type": "param", "children": [{"attributes": {"text": "<p>blur event</p>"}, "type": "desc"}, {"attributes": {}, "type": "types", "children": [{"attributes": {"type": "Event"}, "type": "entry"}]}]}]}, {"attributes": {"text": "<p>Removes the event listener for keyboard support from the knob on blur</p>"}, "type": "desc"}]}, {"attributes": {"access": "protected", "line": 510, "name": "_onKnobFocus"}, "type": "method", "children": [{"attributes": {}, "type": "params", "children": [{"attributes": {"name": "e"}, "type": "param", "children": [{"attributes": {"text": "<p>focus event</p>"}, "type": "desc"}, {"attributes": {}, "type": "types", "children": [{"attributes": {"type": "Event"}, "type": "entry"}]}]}]}, {"attributes": {"text": "<p>Attaches the event listener for keyboard support to the knob on focus</p>"}, "type": "desc"}]}, {"attributes": {"access": "protected", "line": 425, "name": "_onPointerDown"}, "type": "method", "children": [{"attributes": {}, "type": "params", "children": [{"attributes": {"name": "e"}, "type": "param", "children": [{"attributes": {"text": "<p>Incoming event object</p>"}, "type": "desc"}, {"attributes": {}, "type": "types", "children": [{"attributes": {"type": "qx.event.Emitter"}, "type": "entry"}]}]}]}, {"attributes": {"text": "<p>Listener for the pointerdown event. Initializes drag or tracking mode.</p>"}, "type": "desc"}]}, {"attributes": {"access": "protected", "line": 466, "name": "_onPointerMove"}, "type": "method", "children": [{"attributes": {}, "type": "params", "children": [{"attributes": {"name": "e"}, "type": "param", "children": [{"attributes": {"text": "<p>Incoming event object</p>"}, "type": "desc"}, {"attributes": {}, "type": "types", "children": [{"attributes": {"type": "qx.event.Emitter"}, "type": "entry"}]}]}]}, {"attributes": {"text": "<p>Listener for the pointermove event for the knob. Only used in drag mode.</p>"}, "type": "desc"}]}, {"attributes": {"access": "protected", "line": 501, "name": "_onSliderFocus"}, "type": "method", "children": [{"attributes": {}, "type": "params", "children": [{"attributes": {"name": "e"}, "type": "param", "children": [{"attributes": {"text": "<p>focus event</p>"}, "type": "desc"}, {"attributes": {}, "type": "types", "children": [{"attributes": {"type": "Event"}, "type": "entry"}]}]}]}, {"attributes": {"text": "<p>Delegates the Slider&#8217;s focus to the knob</p>"}, "type": "desc"}]}, {"attributes": {"access": "protected", "line": 411, "name": "_onSliderPointerUp"}, "type": "method", "children": [{"attributes": {}, "type": "params", "children": [{"attributes": {"name": "e"}, "type": "param", "children": [{"attributes": {"text": "<p>Incoming event object</p>"}, "type": "desc"}, {"attributes": {}, "type": "types", "children": [{"attributes": {"type": "qx.event.Emitter"}, "type": "entry"}]}]}]}, {"attributes": {"text": "<p>Reads the pointer&#8217;s position and sets slider value to the nearest step.</p>"}, "type": "desc"}]}, {"attributes": {"access": "protected", "line": 588, "name": "_onWindowResize"}, "type": "method", "children": [{"attributes": {"text": "<p>Listener for window resize events. This listener method resets the\ncalculated values which are used to position the slider knob.</p>"}, "type": "desc"}]}, {"attributes": {"access": "protected", "line": 574, "name": "_setKnobPosition"}, "type": "method", "children": [{"attributes": {}, "type": "params", "children": [{"attributes": {"name": "x"}, "type": "param", "children": [{"attributes": {"text": "<p>the position to move to</p>"}, "type": "desc"}, {"attributes": {}, "type": "types", "children": [{"attributes": {"type": "Integer"}, "type": "entry"}]}]}]}, {"attributes": {"text": "<p>Applies the horizontal position</p>"}, "type": "desc"}]}, {"attributes": {"docFrom": "qx.ui.website.Widget", "line": 627, "overriddenFrom": "qx.ui.website.Widget", "name": "dispose"}, "type": "method"}, {"attributes": {"line": 213, "name": "getValue"}, "type": "method", "children": [{"attributes": {"text": "<p>Returns the current value of the slider</p>"}, "type": "desc"}, {"attributes": {}, "type": "return", "children": [{"attributes": {"text": "<p>slider value</p>"}, "type": "desc"}, {"attributes": {}, "type": "types", "children": [{"attributes": {"type": "Integer"}, "type": "entry"}]}]}]}, {"attributes": {"docFrom": "qx.ui.website.Widget", "line": 166, "overriddenFrom": "qx.ui.website.Widget", "name": "init"}, "type": "method"}, {"attributes": {"docFrom": "qx.ui.website.Widget", "line": 258, "overriddenFrom": "qx.ui.website.Widget", "name": "render"}, "type": "method"}, {"attributes": {"line": 224, "name": "setValue"}, "type": "method", "children": [{"attributes": {}, "type": "params", "children": [{"attributes": {"name": "value"}, "type": "param", "children": [{"attributes": {"text": "<p>new value of the slider</p>"}, "type": "desc"}, {"attributes": {}, "type": "types", "children": [{"attributes": {"type": "Integer"}, "type": "entry"}]}]}]}, {"attributes": {"text": "<p>Sets the current value of the slider.</p>"}, "type": "desc"}, {"attributes": {}, "type": "return", "children": [{"attributes": {"text": "<p>The collection for chaining</p>"}, "type": "desc"}, {"attributes": {}, "type": "types", "children": [{"attributes": {"type": "qx.ui.website.Slider"}, "type": "entry"}]}]}]}]}]}