{"attributes": {"fullName": "qx.ui.table.ITableModel", "packageName": "qx.ui.table", "type": "interface", "name": "ITableModel", "implementations": "qx.ui.table.model.Abstract"}, "type": "class", "children": [{"attributes": {"text": "<p>The data model of a table.</p>"}, "type": "desc"}, {"attributes": {}, "type": "events", "children": [{"attributes": {"name": "dataChanged"}, "type": "event", "children": [{"attributes": {"text": "<p>Fired when the table data changed (the stuff shown in the table body).\nThe data property of the event may be null or a map having the following attributes:\n<ul>\n  <li>firstRow: The index of the first row that has changed.</li>\n  <li>lastRow: The index of the last row that has changed.</li>\n  <li>firstColumn: The model index of the first column that has changed.</li>\n  <li>lastColumn: The model index of the last column that has changed.</li>\n</ul></p>"}, "type": "desc"}, {"attributes": {}, "type": "types", "children": [{"attributes": {"type": "qx.event.type.Data"}, "type": "entry"}]}]}, {"attributes": {"name": "metaDataChanged"}, "type": "event", "children": [{"attributes": {"text": "<p>Fired when the meta data changed (the stuff shown in the table header).</p>"}, "type": "desc"}, {"attributes": {}, "type": "types", "children": [{"attributes": {"type": "qx.event.type.Event"}, "type": "entry"}]}]}, {"attributes": {"name": "sorted"}, "type": "event", "children": [{"attributes": {"text": "<p>Fired after the table is sorted (but before the metaDataChanged event)</p>"}, "type": "desc"}, {"attributes": {}, "type": "types", "children": [{"attributes": {"type": "qx.event.type.Data"}, "type": "entry"}]}]}]}, {"attributes": {}, "type": "methods", "children": [{"attributes": {"isAbstract": true, "line": 96, "name": "getColumnCount"}, "type": "method", "children": [{"attributes": {"text": "<p>Returns the number of columns in the model.</p>"}, "type": "desc"}, {"attributes": {}, "type": "return", "children": [{"attributes": {"text": "<p>the number of columns.</p>"}, "type": "desc"}, {"attributes": {}, "type": "types", "children": [{"attributes": {"type": "Integer"}, "type": "entry"}]}]}]}, {"attributes": {"isAbstract": true, "line": 108, "name": "getColumnId"}, "type": "method", "children": [{"attributes": {}, "type": "params", "children": [{"attributes": {"name": "columnIndex"}, "type": "param", "children": [{"attributes": {"text": "<p>the index of the column.</p>"}, "type": "desc"}, {"attributes": {}, "type": "types", "children": [{"attributes": {"type": "Integer"}, "type": "entry"}]}]}]}, {"attributes": {"text": "<p>Returns the ID of column. The ID may be used to identify columns\nindependent from their index in the model. E.g. for being aware of added\ncolumns when saving the width of a column.</p>"}, "type": "desc"}, {"attributes": {}, "type": "return", "children": [{"attributes": {"text": "<p>the ID of the column.</p>"}, "type": "desc"}, {"attributes": {}, "type": "types", "children": [{"attributes": {"type": "String"}, "type": "entry"}]}]}]}, {"attributes": {"isAbstract": true, "line": 118, "name": "getColumnIndexById"}, "type": "method", "children": [{"attributes": {}, "type": "params", "children": [{"attributes": {"name": "columnId"}, "type": "param", "children": [{"attributes": {"text": "<p>the ID of the column.</p>"}, "type": "desc"}, {"attributes": {}, "type": "types", "children": [{"attributes": {"type": "String"}, "type": "entry"}]}]}]}, {"attributes": {"text": "<p>Returns the index of a column.</p>"}, "type": "desc"}, {"attributes": {}, "type": "return", "children": [{"attributes": {"text": "<p>the index of the column.</p>"}, "type": "desc"}, {"attributes": {}, "type": "types", "children": [{"attributes": {"type": "Integer"}, "type": "entry"}]}]}]}, {"attributes": {"isAbstract": true, "line": 129, "name": "getColumnName"}, "type": "method", "children": [{"attributes": {}, "type": "params", "children": [{"attributes": {"name": "columnIndex"}, "type": "param", "children": [{"attributes": {"text": "<p>the index of the column.</p>"}, "type": "desc"}, {"attributes": {}, "type": "types", "children": [{"attributes": {"type": "Integer"}, "type": "entry"}]}]}]}, {"attributes": {"text": "<p>Returns the name of a column. This name will be shown to the user in the\ntable header.</p>"}, "type": "desc"}, {"attributes": {}, "type": "return", "children": [{"attributes": {"text": "<p>the name of the column.</p>"}, "type": "desc"}, {"attributes": {}, "type": "types", "children": [{"attributes": {"type": "String"}, "type": "entry"}]}]}]}, {"attributes": {"isAbstract": true, "line": 70, "name": "getRowCount"}, "type": "method", "children": [{"attributes": {"text": "<p>Returns the number of rows in the model.</p>"}, "type": "desc"}, {"attributes": {}, "type": "return", "children": [{"attributes": {"text": "<p>the number of rows.</p>"}, "type": "desc"}, {"attributes": {}, "type": "types", "children": [{"attributes": {"type": "Integer"}, "type": "entry"}]}]}]}, {"attributes": {"line": 87, "name": "getRowData"}, "type": "method", "children": [{"attributes": {}, "type": "params", "children": [{"attributes": {"name": "rowIndex"}, "type": "param", "children": [{"attributes": {"text": "<p>the model index of the row.</p>"}, "type": "desc"}, {"attributes": {}, "type": "types", "children": [{"attributes": {"type": "Integer"}, "type": "entry"}]}]}]}, {"attributes": {"text": "<p>Returns the data of one row. This function may be overridden by models which hold\nall data of a row in one object. By using this function, clients have a way of\nquickly retrieving the entire row data.</p>\n\n<b>Important:</b>Models which do not have their row data accessible in one object\nmay return null."}, "type": "desc"}, {"attributes": {}, "type": "return", "children": [{"attributes": {"text": "<p>the row data as an object or null if the model does not support row data objects. The details on the object returned are determined by the model implementation only.</p>"}, "type": "desc"}, {"attributes": {}, "type": "types", "children": [{"attributes": {"type": "Object"}, "type": "entry"}]}]}]}, {"attributes": {"line": 165, "name": "getSortColumnIndex"}, "type": "method", "children": [{"attributes": {"text": "<p>Returns the column index the model is sorted by. If the model is not sorted\n-1 is returned.</p>"}, "type": "desc"}, {"attributes": {}, "type": "return", "children": [{"attributes": {"text": "<p>the column index the model is sorted by.</p>"}, "type": "desc"}, {"attributes": {}, "type": "types", "children": [{"attributes": {"type": "Integer"}, "type": "entry"}]}]}]}, {"attributes": {"isAbstract": true, "line": 195, "name": "getValue"}, "type": "method", "children": [{"attributes": {}, "type": "params", "children": [{"attributes": {"name": "columnIndex"}, "type": "param", "children": [{"attributes": {"text": "<p>the index of the column.</p>"}, "type": "desc"}, {"attributes": {}, "type": "types", "children": [{"attributes": {"type": "Integer"}, "type": "entry"}]}]}, {"attributes": {"name": "rowIndex"}, "type": "param", "children": [{"attributes": {"text": "<p>the index of the row.</p>"}, "type": "desc"}, {"attributes": {}, "type": "types", "children": [{"attributes": {"type": "Integer"}, "type": "entry"}]}]}]}, {"attributes": {"text": "<p>Returns a cell value by column index.</p>"}, "type": "desc"}, {"attributes": {}, "type": "return", "children": [{"attributes": {"text": "<p>The value of the cell.</p>"}, "type": "desc"}, {"attributes": {}, "type": "types", "children": [{"attributes": {"type": "var"}, "type": "entry"}]}]}, {"attributes": {"name": "#getValueById"}, "type": "see", "children": [{"attributes": {"text": ""}, "type": "desc"}]}]}, {"attributes": {"line": 208, "name": "getValueById"}, "type": "method", "children": [{"attributes": {}, "type": "params", "children": [{"attributes": {"name": "columnId"}, "type": "param", "children": [{"attributes": {"text": "<p>the ID of the column.</p>"}, "type": "desc"}, {"attributes": {}, "type": "types", "children": [{"attributes": {"type": "String"}, "type": "entry"}]}]}, {"attributes": {"name": "rowIndex"}, "type": "param", "children": [{"attributes": {"text": "<p>the index of the row.</p>"}, "type": "desc"}, {"attributes": {}, "type": "types", "children": [{"attributes": {"type": "Integer"}, "type": "entry"}]}]}]}, {"attributes": {"text": "<p>Returns a cell value by column ID.</p>\n\n<p>Whenever you have the choice, use {@link #getValue()} instead,\nbecause this should be faster.</p>"}, "type": "desc"}, {"attributes": {}, "type": "return", "children": [{"attributes": {"text": "<p>the value of the cell.</p>"}, "type": "desc"}, {"attributes": {}, "type": "types", "children": [{"attributes": {"type": "var"}, "type": "entry"}]}]}]}, {"attributes": {"line": 138, "name": "isColumnEditable"}, "type": "method", "children": [{"attributes": {}, "type": "params", "children": [{"attributes": {"name": "columnIndex"}, "type": "param", "children": [{"attributes": {"text": "<p>the column to check.</p>"}, "type": "desc"}, {"attributes": {}, "type": "types", "children": [{"attributes": {"type": "Integer"}, "type": "entry"}]}]}]}, {"attributes": {"text": "<p>Returns whether a column is editable.</p>"}, "type": "desc"}, {"attributes": {}, "type": "return", "children": [{"attributes": {"text": "<p>whether the column is editable.</p>"}, "type": "desc"}, {"attributes": {}, "type": "types", "children": [{"attributes": {"type": "Boolean"}, "type": "entry"}]}]}]}, {"attributes": {"line": 147, "name": "isColumnSortable"}, "type": "method", "children": [{"attributes": {}, "type": "params", "children": [{"attributes": {"name": "columnIndex"}, "type": "param", "children": [{"attributes": {"text": "<p>the column to check.</p>"}, "type": "desc"}, {"attributes": {}, "type": "types", "children": [{"attributes": {"type": "Integer"}, "type": "entry"}]}]}]}, {"attributes": {"text": "<p>Returns whether a column is sortable.</p>"}, "type": "desc"}, {"attributes": {}, "type": "return", "children": [{"attributes": {"text": "<p>whether the column is sortable.</p>"}, "type": "desc"}, {"attributes": {}, "type": "types", "children": [{"attributes": {"type": "Boolean"}, "type": "entry"}]}]}]}, {"attributes": {"line": 173, "name": "isSortAscending"}, "type": "method", "children": [{"attributes": {"text": "<p>Returns whether the model is sorted ascending.</p>"}, "type": "desc"}, {"attributes": {}, "type": "return", "children": [{"attributes": {"text": "<p>whether the model is sorted ascending.</p>"}, "type": "desc"}, {"attributes": {}, "type": "types", "children": [{"attributes": {"type": "Boolean"}, "type": "entry"}]}]}]}, {"attributes": {"line": 183, "name": "prefetchRows"}, "type": "method", "children": [{"attributes": {}, "type": "params", "children": [{"attributes": {"name": "firstRowIndex"}, "type": "param", "children": [{"attributes": {"text": "<p>the index of first row.</p>"}, "type": "desc"}, {"attributes": {}, "type": "types", "children": [{"attributes": {"type": "Integer"}, "type": "entry"}]}]}, {"attributes": {"name": "lastRowIndex"}, "type": "param", "children": [{"attributes": {"text": "<p>the index of last row.</p>"}, "type": "desc"}, {"attributes": {}, "type": "types", "children": [{"attributes": {"type": "Integer"}, "type": "entry"}]}]}]}, {"attributes": {"text": "<p>Prefetches some rows. This is a hint to the model that the specified rows\nwill be read soon.</p>"}, "type": "desc"}]}, {"attributes": {"isAbstract": true, "line": 220, "name": "setValue"}, "type": "method", "children": [{"attributes": {}, "type": "params", "children": [{"attributes": {"name": "columnIndex"}, "type": "param", "children": [{"attributes": {"text": "<p>The index of the column.</p>"}, "type": "desc"}, {"attributes": {}, "type": "types", "children": [{"attributes": {"type": "Integer"}, "type": "entry"}]}]}, {"attributes": {"name": "rowIndex"}, "type": "param", "children": [{"attributes": {"text": "<p>the index of the row.</p>"}, "type": "desc"}, {"attributes": {}, "type": "types", "children": [{"attributes": {"type": "Integer"}, "type": "entry"}]}]}, {"attributes": {"name": "value"}, "type": "param", "children": [{"attributes": {"text": "<p>The new value.</p>"}, "type": "desc"}, {"attributes": {}, "type": "types", "children": [{"attributes": {"type": "var"}, "type": "entry"}]}]}]}, {"attributes": {"text": "<p>Sets a cell value by column index.</p>"}, "type": "desc"}, {"attributes": {"name": "#setValueById"}, "type": "see", "children": [{"attributes": {"text": ""}, "type": "desc"}]}]}, {"attributes": {"line": 233, "name": "setValueById"}, "type": "method", "children": [{"attributes": {}, "type": "params", "children": [{"attributes": {"name": "columnId"}, "type": "param", "children": [{"attributes": {"text": "<p>The ID of the column.</p>"}, "type": "desc"}, {"attributes": {}, "type": "types", "children": [{"attributes": {"type": "String"}, "type": "entry"}]}]}, {"attributes": {"name": "rowIndex"}, "type": "param", "children": [{"attributes": {"text": "<p>The index of the row.</p>"}, "type": "desc"}, {"attributes": {}, "type": "types", "children": [{"attributes": {"type": "Integer"}, "type": "entry"}]}]}, {"attributes": {"name": "value"}, "type": "param", "children": [{"attributes": {"text": "<p>The new value.</p>"}, "type": "desc"}, {"attributes": {}, "type": "types", "children": [{"attributes": {"type": "var"}, "type": "entry"}]}]}]}, {"attributes": {"text": "<p>Sets a cell value by column ID.</p>\n\n<p>Whenever you have the choice, use {@link #setValue()} instead,\nbecause this should be faster.</p>"}, "type": "desc"}]}, {"attributes": {"line": 156, "name": "sortByColumn"}, "type": "method", "children": [{"attributes": {}, "type": "params", "children": [{"attributes": {"name": "columnIndex"}, "type": "param", "children": [{"attributes": {"text": "<p>the column to sort by.</p>"}, "type": "desc"}, {"attributes": {}, "type": "types", "children": [{"attributes": {"type": "Integer"}, "type": "entry"}]}]}, {"attributes": {"name": "ascending"}, "type": "param", "children": [{"attributes": {"text": "<p>whether to sort ascending.</p>"}, "type": "desc"}, {"attributes": {}, "type": "types", "children": [{"attributes": {"type": "Boolean"}, "type": "entry"}]}]}]}, {"attributes": {"text": "<p>Sorts the model by a column.</p>"}, "type": "desc"}]}]}]}