{"attributes": {"fullName": "qx.util.EditDistance", "packageName": "qx.util", "isStatic": true, "type": "class", "name": "EditDistance"}, "type": "class", "children": [{"attributes": {"text": "<p>Class to implement different edit distance ideas.</p>\n\n<a href=\"http://en.wikipedia.org/wiki/Edit_distance\">Edit distance on Wikipedia</a>\n<a href=\"http://en.wikipedia.org/wiki/Levenshtein_distance\">Levenshtein distance on Wikipedia</a>"}, "type": "desc"}, {"attributes": {}, "type": "methods-static", "children": [{"attributes": {"access": "private", "line": 94, "isStatic": true, "name": "__computeEditOperations"}, "type": "method", "children": [{"attributes": {}, "type": "params", "children": [{"attributes": {"name": "distance"}, "type": "param", "children": [{"attributes": {"text": "<p>Precomputed matrix for the data fields</p>"}, "type": "desc"}, {"attributes": {}, "type": "types", "children": [{"attributes": {"type": "Integer", "dimensions": 2}, "type": "entry"}]}]}, {"attributes": {"name": "dataA"}, "type": "param", "children": [{"attributes": {"text": "<p>incoming source data</p>"}, "type": "desc"}, {"attributes": {}, "type": "types", "children": [{"attributes": {"type": "Array"}, "type": "entry"}]}]}, {"attributes": {"name": "dataB"}, "type": "param", "children": [{"attributes": {"text": "<p>incoming target data</p>"}, "type": "desc"}, {"attributes": {}, "type": "types", "children": [{"attributes": {"type": "Array"}, "type": "entry"}]}]}]}, {"attributes": {"text": "<p>Computes the operations needed to transform dataA to dataB.</p>"}, "type": "desc"}, {"attributes": {}, "type": "return", "children": [{"attributes": {"text": "<p>Array of maps describing the operations needed</p>"}, "type": "desc"}, {"attributes": {}, "type": "types", "children": [{"attributes": {"type": "Map", "dimensions": 1}, "type": "entry"}]}]}]}, {"attributes": {"access": "private", "line": 46, "isStatic": true, "name": "__computeLevenshteinDistance"}, "type": "method", "children": [{"attributes": {}, "type": "params", "children": [{"attributes": {"name": "dataA"}, "type": "param", "children": [{"attributes": {"text": "<p>incoming source data</p>"}, "type": "desc"}, {"attributes": {}, "type": "types", "children": [{"attributes": {"type": "Array"}, "type": "entry"}]}]}, {"attributes": {"name": "dataB"}, "type": "param", "children": [{"attributes": {"text": "<p>incoming target data</p>"}, "type": "desc"}, {"attributes": {}, "type": "types", "children": [{"attributes": {"type": "Array"}, "type": "entry"}]}]}]}, {"attributes": {"text": "<p>Returns a distant matrix following a concept\nnamed Levenshtein distance for two data structures</p>"}, "type": "desc"}, {"attributes": {}, "type": "return", "children": [{"attributes": {"text": "<p>outgoing matrix</p>"}, "type": "desc"}, {"attributes": {}, "type": "types", "children": [{"attributes": {"type": "Integer", "dimensions": 2}, "type": "entry"}]}]}]}, {"attributes": {"line": 161, "isStatic": true, "name": "getEditOperations"}, "type": "method", "children": [{"attributes": {}, "type": "params", "children": [{"attributes": {"name": "dataA"}, "type": "param", "children": [{"attributes": {"text": "<p>incoming source data</p>"}, "type": "desc"}, {"attributes": {}, "type": "types", "children": [{"attributes": {"type": "Array"}, "type": "entry"}]}]}, {"attributes": {"name": "dataB"}, "type": "param", "children": [{"attributes": {"text": "<p>incoming target data</p>"}, "type": "desc"}, {"attributes": {}, "type": "types", "children": [{"attributes": {"type": "Array"}, "type": "entry"}]}]}]}, {"attributes": {"text": "<p>Returns the operations needed to transform dataA to dataB.</p>"}, "type": "desc"}, {"attributes": {}, "type": "return", "children": [{"attributes": {"text": "<p>Array of maps describing the operations needed</p>"}, "type": "desc"}, {"attributes": {}, "type": "types", "children": [{"attributes": {"type": "Map", "dimensions": 1}, "type": "entry"}]}]}]}]}, {"attributes": {}, "type": "constants", "children": [{"attributes": {"type": "Number", "name": "OPERATION_REPLACE", "value": "3"}, "type": "constant"}, {"attributes": {"type": "Number", "name": "OPERATION_DELETE", "value": "1"}, "type": "constant"}, {"attributes": {"type": "Number", "name": "OPERATION_INSERT", "value": "2"}, "type": "constant"}]}]}