{"attributes": {"fullName": "qx.ui.table.pane.Clipper", "packageName": "qx.ui.table.pane", "type": "class", "name": "Clipper", "superClass": "qx.ui.container.Composite"}, "type": "class", "children": [{"attributes": {"text": "<p>Clipping area for the table header and table pane.</p>"}, "type": "desc"}, {"attributes": {}, "type": "constructor", "children": [{"attributes": {"line": 27, "isCtor": true, "overriddenFrom": "qx.ui.container.Composite", "name": "ctor"}, "type": "method"}]}, {"attributes": {}, "type": "methods", "children": [{"attributes": {"line": 40, "name": "scrollToX"}, "type": "method", "children": [{"attributes": {}, "type": "params", "children": [{"attributes": {"name": "value"}, "type": "param", "children": [{"attributes": {"text": "<p>The vertical position to scroll to.</p>"}, "type": "desc"}, {"attributes": {}, "type": "types", "children": [{"attributes": {"type": "Integer"}, "type": "entry"}]}]}]}, {"attributes": {"text": "<p>Scrolls the element&#8217;s content to the given left coordinate</p>"}, "type": "desc"}]}, {"attributes": {"line": 50, "name": "scrollToY"}, "type": "method", "children": [{"attributes": {}, "type": "params", "children": [{"attributes": {"name": "value"}, "type": "param", "children": [{"attributes": {"text": "<p>The horizontal position to scroll to.</p>"}, "type": "desc"}, {"attributes": {}, "type": "types", "children": [{"attributes": {"type": "Integer"}, "type": "entry"}]}]}]}, {"attributes": {"text": "<p>Scrolls the element&#8217;s content to the given top coordinate</p>"}, "type": "desc"}]}]}]}