{"attributes": {"isAbstract": true, "name": "AbstractRenderer", "packageName": "qx.ui.form.renderer", "superClass": "qx.ui.core.Widget", "childClasses": "qx.ui.form.renderer.Double,qx.ui.form.renderer.Single", "fullName": "qx.ui.form.renderer.AbstractRenderer", "type": "class", "interfaces": "qx.ui.form.renderer.IFormRenderer"}, "type": "class", "children": [{"attributes": {"text": "<p>Abstract renderer for {@link qx.ui.form.Form}. This abstract renderer should\nbe the superclass of all form renderer. It takes the form, which is\nsupplied as constructor parameter and configures itself. So if you need to\nset some additional information on your renderer before adding the widgets,\nbe sure to do that before calling this.base(arguments, form).</p>"}, "type": "desc"}, {"attributes": {}, "type": "constructor", "children": [{"attributes": {"line": 36, "isCtor": true, "overriddenFrom": "qx.ui.core.Widget", "name": "ctor"}, "type": "method", "children": [{"attributes": {}, "type": "params", "children": [{"attributes": {"name": "form"}, "type": "param", "children": [{"attributes": {"text": "<p>The form to render.</p>"}, "type": "desc"}, {"attributes": {}, "type": "types", "children": [{"attributes": {"type": "qx.ui.form.Form"}, "type": "entry"}]}]}]}, {"attributes": {"text": ""}, "type": "desc"}]}]}, {"attributes": {}, "type": "methods", "children": [{"attributes": {"access": "protected", "line": 108, "name": "_connectVisibility"}, "type": "method", "children": [{"attributes": {}, "type": "params", "children": [{"attributes": {"name": "item"}, "type": "param", "children": [{"attributes": {"text": "<p>The form element.</p>"}, "type": "desc"}, {"attributes": {}, "type": "types", "children": [{"attributes": {"type": "qx.ui.core.Widget"}, "type": "entry"}]}]}, {"attributes": {"name": "label"}, "type": "param", "children": [{"attributes": {"text": "<p>The label for the form element.</p>"}, "type": "desc"}, {"attributes": {}, "type": "types", "children": [{"attributes": {"type": "qx.ui.basic.Label"}, "type": "entry"}]}]}]}, {"attributes": {"text": "<p>Helper to bind the item&#8217;s visibility to the label&#8217;s visibility.</p>"}, "type": "desc"}]}, {"attributes": {"access": "protected", "line": 146, "name": "_createLabelText"}, "type": "method", "children": [{"attributes": {}, "type": "params", "children": [{"attributes": {"name": "name"}, "type": "param", "children": [{"attributes": {"text": "<p>The content of the label without the trailing * and :</p>"}, "type": "desc"}, {"attributes": {}, "type": "types", "children": [{"attributes": {"type": "String"}, "type": "entry"}]}]}, {"attributes": {"name": "item"}, "type": "param", "children": [{"attributes": {"text": "<p>The item, which has the required state.</p>"}, "type": "desc"}, {"attributes": {}, "type": "types", "children": [{"attributes": {"type": "qx.ui.form.IForm"}, "type": "entry"}]}]}]}, {"attributes": {"text": "<p>Creates the label text for the given form item.</p>"}, "type": "desc"}, {"attributes": {}, "type": "return", "children": [{"attributes": {"text": "<p>The text for the given item.</p>"}, "type": "desc"}, {"attributes": {}, "type": "types", "children": [{"attributes": {"type": "String"}, "type": "entry"}]}]}]}, {"attributes": {"access": "protected", "line": 1, "name": "_onChangeLocale"}, "type": "method", "children": [{"attributes": {}, "type": "params", "children": [{"attributes": {"name": "e"}, "type": "param", "children": [{"attributes": {"text": "<p>the change event</p>"}, "type": "desc"}, {"attributes": {}, "type": "types", "children": [{"attributes": {"type": "Event"}, "type": "entry"}]}]}]}, {"attributes": {"text": "<p>Locale change event handler</p>"}, "type": "desc"}]}, {"attributes": {"access": "protected", "line": 91, "name": "_onFormChange"}, "type": "method", "children": [{"attributes": {"text": "<p>Handler responsible for updating the rendered widget as soon as the\nform changes.</p>"}, "type": "desc"}]}, {"attributes": {"access": "protected", "line": 68, "name": "_render"}, "type": "method", "children": [{"attributes": {"text": "<p>Renders the for: add&#8217;s the items and buttons.</p>"}, "type": "desc"}]}, {"attributes": {"docFrom": "qx.ui.form.renderer.IFormRenderer", "line": 166, "name": "addButton"}, "type": "method", "children": [{"attributes": {}, "type": "params", "children": [{"attributes": {"name": "button"}, "type": "param"}]}]}, {"attributes": {"docFrom": "qx.ui.form.renderer.IFormRenderer", "line": 160, "name": "addItems"}, "type": "method", "children": [{"attributes": {}, "type": "params", "children": [{"attributes": {"name": "items"}, "type": "param"}, {"attributes": {"name": "names"}, "type": "param"}, {"attributes": {"name": "title"}, "type": "param"}]}]}]}]}