{"attributes": {"name": "EventHandler", "packageName": "qx.ui.core", "superClass": "qx.core.Object", "fullName": "qx.ui.core.EventHandler", "type": "class", "interfaces": "qx.event.IEventHandler"}, "type": "class", "children": [{"attributes": {"text": "<p>Connects the widgets to the browser <span class=\"caps\">DOM</span> events.</p>"}, "type": "desc"}, {"attributes": {}, "type": "constructor", "children": [{"attributes": {"docFrom": "qx.core.Object", "line": 37, "isCtor": true, "overriddenFrom": "qx.core.Object", "name": "ctor"}, "type": "method"}]}, {"attributes": {}, "type": "constants", "children": [{"attributes": {"name": "PRIORITY"}, "type": "constant", "children": [{"attributes": {"text": "<p>Priority of this handler</p>"}, "type": "desc"}, {"attributes": {}, "type": "types", "children": [{"attributes": {"type": "Integer"}, "type": "entry"}]}]}, {"attributes": {"type": "Boolean", "name": "IGNORE_CAN_HANDLE", "value": "false"}, "type": "constant", "children": [{"attributes": {"text": "<p>Whether the method &#8220;canHandleEvent&#8221; must be called</p>"}, "type": "desc"}, {"attributes": {}, "type": "types", "children": [{"attributes": {"type": "Integer"}, "type": "entry"}]}]}, {"attributes": {"name": "SUPPORTED_TYPES"}, "type": "constant", "children": [{"attributes": {"text": "<p>Supported event types. Identical to events map of qx.ui.core.Widget</p>"}, "type": "desc"}, {"attributes": {}, "type": "types", "children": [{"attributes": {"type": "Map"}, "type": "entry"}]}]}]}, {"attributes": {}, "type": "methods", "children": [{"attributes": {"access": "protected", "line": 190, "name": "_dispatchEvent"}, "type": "method", "children": [{"attributes": {}, "type": "params", "children": [{"attributes": {"name": "domEvent"}, "type": "param", "children": [{"attributes": {"text": "<p>The event object to dispatch.</p>"}, "type": "desc"}, {"attributes": {}, "type": "types", "children": [{"attributes": {"type": "qx.event.type.Event"}, "type": "entry"}]}]}]}, {"attributes": {"text": "<p>Dispatches a <span class=\"caps\">DOM</span> event on a widget.</p>"}, "type": "desc"}]}, {"attributes": {"docFrom": "qx.event.IEventHandler", "line": 180, "name": "canHandleEvent"}, "type": "method", "children": [{"attributes": {}, "type": "params", "children": [{"attributes": {"name": "target"}, "type": "param"}, {"attributes": {"name": "type"}, "type": "param"}]}]}, {"attributes": {"docFrom": "qx.event.IEventHandler", "line": 322, "name": "registerEvent"}, "type": "method", "children": [{"attributes": {}, "type": "params", "children": [{"attributes": {"name": "target"}, "type": "param"}, {"attributes": {"name": "type"}, "type": "param"}, {"attributes": {"name": "capture"}, "type": "param"}]}]}, {"attributes": {"docFrom": "qx.event.IEventHandler", "line": 339, "name": "unregisterEvent"}, "type": "method", "children": [{"attributes": {}, "type": "params", "children": [{"attributes": {"name": "target"}, "type": "param"}, {"attributes": {"name": "type"}, "type": "param"}, {"attributes": {"name": "capture"}, "type": "param"}]}]}]}]}