{"attributes": {"fullName": "qx.ui.decoration.MSingleBorder", "packageName": "qx.ui.decoration", "type": "mixin", "name": "MSingleBorder", "includer": "qx.ui.decoration.MDoubleBorder"}, "type": "class", "children": [{"attributes": {"text": "<p>A basic decorator featuring simple borders based on <span class=\"caps\">CSS</span> styles.\nThis mixin is usually used by {@link qx.ui.decoration.Decorator}.</p>"}, "type": "desc"}, {"attributes": {}, "type": "methods", "children": [{"attributes": {"access": "protected", "line": 298, "isMixin": true, "name": "_applyStyle"}, "type": "method", "children": [{"attributes": {}, "type": "apply", "children": [{"attributes": {"applies": "qx.ui.decoration.MSingleBorder#colorBottom"}, "type": "entry"}, {"attributes": {"applies": "qx.ui.decoration.MSingleBorder#colorRight"}, "type": "entry"}, {"attributes": {"applies": "qx.ui.decoration.MSingleBorder#styleRight"}, "type": "entry"}, {"attributes": {"applies": "qx.ui.decoration.MSingleBorder#colorLeft"}, "type": "entry"}, {"attributes": {"applies": "qx.ui.decoration.MSingleBorder#styleBottom"}, "type": "entry"}, {"attributes": {"applies": "qx.ui.decoration.MSingleBorder#styleLeft"}, "type": "entry"}, {"attributes": {"applies": "qx.ui.decoration.MSingleBorder#colorTop"}, "type": "entry"}, {"attributes": {"applies": "qx.ui.decoration.MSingleBorder#styleTop"}, "type": "entry"}]}, {"attributes": {}, "type": "params", "children": [{"attributes": {"name": "value"}, "type": "param", "children": [{"attributes": {"text": "<p>new value of the property</p>"}, "type": "desc"}, {"attributes": {}, "type": "types", "children": [{"attributes": {"type": "var"}, "type": "entry"}]}]}, {"attributes": {"name": "old"}, "type": "param", "children": [{"attributes": {"text": "<p>previous value of the property (null if it was not yet set).</p>"}, "type": "desc"}, {"attributes": {}, "type": "types", "children": [{"attributes": {"type": "var"}, "type": "entry"}]}]}]}, {"attributes": {"text": "<p>Applies changes of the property value of the properties <code>colorBottom</code>, <code>colorLeft</code>, <code>colorRight</code>, <code>colorTop</code>, <code>styleBottom</code>, <code>styleLeft</code>, <code>styleRight</code> and <code>styleTop</code>.</p>\n\n<p>For further details take a look at the property definitions: {@link #colorBottom}, {@link #colorLeft}, {@link #colorRight}, {@link #colorTop}, {@link #styleBottom}, {@link #styleLeft}, {@link #styleRight} and {@link #styleTop}.</p>"}, "type": "desc"}]}, {"attributes": {"access": "protected", "line": 289, "isMixin": true, "name": "_applyWidth"}, "type": "method", "children": [{"attributes": {}, "type": "apply", "children": [{"attributes": {"applies": "qx.ui.decoration.MSingleBorder#widthBottom"}, "type": "entry"}, {"attributes": {"applies": "qx.ui.decoration.MSingleBorder#widthLeft"}, "type": "entry"}, {"attributes": {"applies": "qx.ui.decoration.MSingleBorder#widthRight"}, "type": "entry"}, {"attributes": {"applies": "qx.ui.decoration.MSingleBorder#widthTop"}, "type": "entry"}]}, {"attributes": {}, "type": "params", "children": [{"attributes": {"name": "value"}, "type": "param", "children": [{"attributes": {"text": "<p>new value of the property</p>"}, "type": "desc"}, {"attributes": {}, "type": "types", "children": [{"attributes": {"type": "Number"}, "type": "entry"}]}]}, {"attributes": {"name": "old"}, "type": "param", "children": [{"attributes": {"text": "<p>previous value of the property (null if it was not yet set).</p>"}, "type": "desc"}, {"attributes": {}, "type": "types", "children": [{"attributes": {"type": "Number"}, "type": "entry"}]}]}]}, {"attributes": {"text": "<p>Applies changes of the property value of the properties <code>widthBottom</code>, <code>widthLeft</code>, <code>widthRight</code> and <code>widthTop</code>.</p>\n\n<p>For further details take a look at the property definitions: {@link #widthBottom}, {@link #widthLeft}, {@link #widthRight} and {@link #widthTop}.</p>"}, "type": "desc"}]}, {"attributes": {"access": "protected", "line": 271, "isMixin": true, "name": "_getDefaultInsetsForBorder"}, "type": "method", "children": [{"attributes": {"text": "<p>Implementation of the interface for the single border.</p>"}, "type": "desc"}, {"attributes": {}, "type": "return", "children": [{"attributes": {"text": "<p>A map containing the default insets. (top, right, bottom, left)</p>"}, "type": "desc"}, {"attributes": {}, "type": "types", "children": [{"attributes": {"type": "Map"}, "type": "entry"}]}]}]}, {"attributes": {"access": "protected", "line": 212, "isMixin": true, "name": "_styleBorder"}, "type": "method", "children": [{"attributes": {}, "type": "params", "children": [{"attributes": {"name": "styles"}, "type": "param", "children": [{"attributes": {"text": "<p>A map to add the styles.</p>"}, "type": "desc"}, {"attributes": {}, "type": "types", "children": [{"attributes": {"type": "Map"}, "type": "entry"}]}]}]}, {"attributes": {"text": "<p>Takes a styles map and adds the border styles styles in place\nto the given map. This is the needed behavior for\n{@link qx.ui.decoration.Decorator}.</p>"}, "type": "desc"}]}, {"attributes": {"name": "getColorBottom", "fromProperty": "colorBottom"}, "type": "method", "children": [{"attributes": {"text": "<p>Returns the (computed) value of the property <code>colorBottom</code>.</p>\n\n<p>For further details take a look at the property definition: {@link #colorBottom}.</p>"}, "type": "desc"}, {"attributes": {}, "type": "return", "children": [{"attributes": {"text": "<p>(Computed) value of <code>colorBottom</code>.</p>"}, "type": "desc"}, {"attributes": {}, "type": "types", "children": [{"attributes": {"type": "var"}, "type": "entry"}]}]}]}, {"attributes": {"name": "getColorLeft", "fromProperty": "colorLeft"}, "type": "method", "children": [{"attributes": {"text": "<p>Returns the (computed) value of the property <code>colorLeft</code>.</p>\n\n<p>For further details take a look at the property definition: {@link #colorLeft}.</p>"}, "type": "desc"}, {"attributes": {}, "type": "return", "children": [{"attributes": {"text": "<p>(Computed) value of <code>colorLeft</code>.</p>"}, "type": "desc"}, {"attributes": {}, "type": "types", "children": [{"attributes": {"type": "var"}, "type": "entry"}]}]}]}, {"attributes": {"name": "getColorRight", "fromProperty": "colorRight"}, "type": "method", "children": [{"attributes": {"text": "<p>Returns the (computed) value of the property <code>colorRight</code>.</p>\n\n<p>For further details take a look at the property definition: {@link #colorRight}.</p>"}, "type": "desc"}, {"attributes": {}, "type": "return", "children": [{"attributes": {"text": "<p>(Computed) value of <code>colorRight</code>.</p>"}, "type": "desc"}, {"attributes": {}, "type": "types", "children": [{"attributes": {"type": "var"}, "type": "entry"}]}]}]}, {"attributes": {"name": "getColorTop", "fromProperty": "colorTop"}, "type": "method", "children": [{"attributes": {"text": "<p>Returns the (computed) value of the property <code>colorTop</code>.</p>\n\n<p>For further details take a look at the property definition: {@link #colorTop}.</p>"}, "type": "desc"}, {"attributes": {}, "type": "return", "children": [{"attributes": {"text": "<p>(Computed) value of <code>colorTop</code>.</p>"}, "type": "desc"}, {"attributes": {}, "type": "types", "children": [{"attributes": {"type": "var"}, "type": "entry"}]}]}]}, {"attributes": {"name": "getStyleBottom", "fromProperty": "styleBottom"}, "type": "method", "children": [{"attributes": {"text": "<p>Returns the (computed) value of the property <code>styleBottom</code>.</p>\n\n<p>For further details take a look at the property definition: {@link #styleBottom}.</p>"}, "type": "desc"}, {"attributes": {}, "type": "return", "children": [{"attributes": {"text": "<p>(Computed) value of <code>styleBottom</code>.</p>"}, "type": "desc"}, {"attributes": {}, "type": "types", "children": [{"attributes": {"type": "var"}, "type": "entry"}]}]}]}, {"attributes": {"name": "getStyleLeft", "fromProperty": "styleLeft"}, "type": "method", "children": [{"attributes": {"text": "<p>Returns the (computed) value of the property <code>styleLeft</code>.</p>\n\n<p>For further details take a look at the property definition: {@link #styleLeft}.</p>"}, "type": "desc"}, {"attributes": {}, "type": "return", "children": [{"attributes": {"text": "<p>(Computed) value of <code>styleLeft</code>.</p>"}, "type": "desc"}, {"attributes": {}, "type": "types", "children": [{"attributes": {"type": "var"}, "type": "entry"}]}]}]}, {"attributes": {"name": "getStyleRight", "fromProperty": "styleRight"}, "type": "method", "children": [{"attributes": {"text": "<p>Returns the (computed) value of the property <code>styleRight</code>.</p>\n\n<p>For further details take a look at the property definition: {@link #styleRight}.</p>"}, "type": "desc"}, {"attributes": {}, "type": "return", "children": [{"attributes": {"text": "<p>(Computed) value of <code>styleRight</code>.</p>"}, "type": "desc"}, {"attributes": {}, "type": "types", "children": [{"attributes": {"type": "var"}, "type": "entry"}]}]}]}, {"attributes": {"name": "getStyleTop", "fromProperty": "styleTop"}, "type": "method", "children": [{"attributes": {"text": "<p>Returns the (computed) value of the property <code>styleTop</code>.</p>\n\n<p>For further details take a look at the property definition: {@link #styleTop}.</p>"}, "type": "desc"}, {"attributes": {}, "type": "return", "children": [{"attributes": {"text": "<p>(Computed) value of <code>styleTop</code>.</p>"}, "type": "desc"}, {"attributes": {}, "type": "types", "children": [{"attributes": {"type": "var"}, "type": "entry"}]}]}]}, {"attributes": {"name": "getWidthBottom", "fromProperty": "widthBottom"}, "type": "method", "children": [{"attributes": {"text": "<p>Returns the (computed) value of the property <code>widthBottom</code>.</p>\n\n<p>For further details take a look at the property definition: {@link #widthBottom}.</p>"}, "type": "desc"}, {"attributes": {}, "type": "return", "children": [{"attributes": {"text": "<p>(Computed) value of <code>widthBottom</code>.</p>"}, "type": "desc"}, {"attributes": {}, "type": "types", "children": [{"attributes": {"type": "var"}, "type": "entry"}]}]}]}, {"attributes": {"name": "getWidthLeft", "fromProperty": "widthLeft"}, "type": "method", "children": [{"attributes": {"text": "<p>Returns the (computed) value of the property <code>widthLeft</code>.</p>\n\n<p>For further details take a look at the property definition: {@link #widthLeft}.</p>"}, "type": "desc"}, {"attributes": {}, "type": "return", "children": [{"attributes": {"text": "<p>(Computed) value of <code>widthLeft</code>.</p>"}, "type": "desc"}, {"attributes": {}, "type": "types", "children": [{"attributes": {"type": "var"}, "type": "entry"}]}]}]}, {"attributes": {"name": "getWidthRight", "fromProperty": "widthRight"}, "type": "method", "children": [{"attributes": {"text": "<p>Returns the (computed) value of the property <code>widthRight</code>.</p>\n\n<p>For further details take a look at the property definition: {@link #widthRight}.</p>"}, "type": "desc"}, {"attributes": {}, "type": "return", "children": [{"attributes": {"text": "<p>(Computed) value of <code>widthRight</code>.</p>"}, "type": "desc"}, {"attributes": {}, "type": "types", "children": [{"attributes": {"type": "var"}, "type": "entry"}]}]}]}, {"attributes": {"name": "getWidthTop", "fromProperty": "widthTop"}, "type": "method", "children": [{"attributes": {"text": "<p>Returns the (computed) value of the property <code>widthTop</code>.</p>\n\n<p>For further details take a look at the property definition: {@link #widthTop}.</p>"}, "type": "desc"}, {"attributes": {}, "type": "return", "children": [{"attributes": {"text": "<p>(Computed) value of <code>widthTop</code>.</p>"}, "type": "desc"}, {"attributes": {}, "type": "types", "children": [{"attributes": {"type": "var"}, "type": "entry"}]}]}]}, {"attributes": {"access": "protected", "name": "initColorBottom", "fromProperty": "colorBottom"}, "type": "method", "children": [{"attributes": {}, "type": "params", "children": [{"attributes": {"name": "value"}, "type": "param", "children": [{"attributes": {"text": "<p>Initial value for property <code>colorBottom</code>.</p>"}, "type": "desc"}, {"attributes": {}, "type": "types", "children": [{"attributes": {"type": "var"}, "type": "entry"}]}]}]}, {"attributes": {"text": "<p>Calls the apply method and dispatches the change event of the property <code>colorBottom</code>\nwith the default value defined by the class developer. This function can\nonly be called from the constructor of a class.</p>\n\n<p>For further details take a look at the property definition: {@link #colorBottom}.</p>"}, "type": "desc"}, {"attributes": {}, "type": "return", "children": [{"attributes": {"text": "<p>the default value</p>"}, "type": "desc"}, {"attributes": {}, "type": "types", "children": [{"attributes": {"type": "var"}, "type": "entry"}]}]}]}, {"attributes": {"access": "protected", "name": "initColorLeft", "fromProperty": "colorLeft"}, "type": "method", "children": [{"attributes": {}, "type": "params", "children": [{"attributes": {"name": "value"}, "type": "param", "children": [{"attributes": {"text": "<p>Initial value for property <code>colorLeft</code>.</p>"}, "type": "desc"}, {"attributes": {}, "type": "types", "children": [{"attributes": {"type": "var"}, "type": "entry"}]}]}]}, {"attributes": {"text": "<p>Calls the apply method and dispatches the change event of the property <code>colorLeft</code>\nwith the default value defined by the class developer. This function can\nonly be called from the constructor of a class.</p>\n\n<p>For further details take a look at the property definition: {@link #colorLeft}.</p>"}, "type": "desc"}, {"attributes": {}, "type": "return", "children": [{"attributes": {"text": "<p>the default value</p>"}, "type": "desc"}, {"attributes": {}, "type": "types", "children": [{"attributes": {"type": "var"}, "type": "entry"}]}]}]}, {"attributes": {"access": "protected", "name": "initColorRight", "fromProperty": "colorRight"}, "type": "method", "children": [{"attributes": {}, "type": "params", "children": [{"attributes": {"name": "value"}, "type": "param", "children": [{"attributes": {"text": "<p>Initial value for property <code>colorRight</code>.</p>"}, "type": "desc"}, {"attributes": {}, "type": "types", "children": [{"attributes": {"type": "var"}, "type": "entry"}]}]}]}, {"attributes": {"text": "<p>Calls the apply method and dispatches the change event of the property <code>colorRight</code>\nwith the default value defined by the class developer. This function can\nonly be called from the constructor of a class.</p>\n\n<p>For further details take a look at the property definition: {@link #colorRight}.</p>"}, "type": "desc"}, {"attributes": {}, "type": "return", "children": [{"attributes": {"text": "<p>the default value</p>"}, "type": "desc"}, {"attributes": {}, "type": "types", "children": [{"attributes": {"type": "var"}, "type": "entry"}]}]}]}, {"attributes": {"access": "protected", "name": "initColorTop", "fromProperty": "colorTop"}, "type": "method", "children": [{"attributes": {}, "type": "params", "children": [{"attributes": {"name": "value"}, "type": "param", "children": [{"attributes": {"text": "<p>Initial value for property <code>colorTop</code>.</p>"}, "type": "desc"}, {"attributes": {}, "type": "types", "children": [{"attributes": {"type": "var"}, "type": "entry"}]}]}]}, {"attributes": {"text": "<p>Calls the apply method and dispatches the change event of the property <code>colorTop</code>\nwith the default value defined by the class developer. This function can\nonly be called from the constructor of a class.</p>\n\n<p>For further details take a look at the property definition: {@link #colorTop}.</p>"}, "type": "desc"}, {"attributes": {}, "type": "return", "children": [{"attributes": {"text": "<p>the default value</p>"}, "type": "desc"}, {"attributes": {}, "type": "types", "children": [{"attributes": {"type": "var"}, "type": "entry"}]}]}]}, {"attributes": {"access": "protected", "name": "initStyleBottom", "fromProperty": "styleBottom"}, "type": "method", "children": [{"attributes": {}, "type": "params", "children": [{"attributes": {"name": "value"}, "type": "param", "children": [{"attributes": {"text": "<p>Initial value for property <code>styleBottom</code>.</p>"}, "type": "desc"}, {"attributes": {}, "type": "types", "children": [{"attributes": {"type": "var"}, "type": "entry"}]}]}]}, {"attributes": {"text": "<p>Calls the apply method and dispatches the change event of the property <code>styleBottom</code>\nwith the default value defined by the class developer. This function can\nonly be called from the constructor of a class.</p>\n\n<p>For further details take a look at the property definition: {@link #styleBottom}.</p>"}, "type": "desc"}, {"attributes": {}, "type": "return", "children": [{"attributes": {"text": "<p>the default value</p>"}, "type": "desc"}, {"attributes": {}, "type": "types", "children": [{"attributes": {"type": "var"}, "type": "entry"}]}]}]}, {"attributes": {"access": "protected", "name": "initStyleLeft", "fromProperty": "styleLeft"}, "type": "method", "children": [{"attributes": {}, "type": "params", "children": [{"attributes": {"name": "value"}, "type": "param", "children": [{"attributes": {"text": "<p>Initial value for property <code>styleLeft</code>.</p>"}, "type": "desc"}, {"attributes": {}, "type": "types", "children": [{"attributes": {"type": "var"}, "type": "entry"}]}]}]}, {"attributes": {"text": "<p>Calls the apply method and dispatches the change event of the property <code>styleLeft</code>\nwith the default value defined by the class developer. This function can\nonly be called from the constructor of a class.</p>\n\n<p>For further details take a look at the property definition: {@link #styleLeft}.</p>"}, "type": "desc"}, {"attributes": {}, "type": "return", "children": [{"attributes": {"text": "<p>the default value</p>"}, "type": "desc"}, {"attributes": {}, "type": "types", "children": [{"attributes": {"type": "var"}, "type": "entry"}]}]}]}, {"attributes": {"access": "protected", "name": "initStyleRight", "fromProperty": "styleRight"}, "type": "method", "children": [{"attributes": {}, "type": "params", "children": [{"attributes": {"name": "value"}, "type": "param", "children": [{"attributes": {"text": "<p>Initial value for property <code>styleRight</code>.</p>"}, "type": "desc"}, {"attributes": {}, "type": "types", "children": [{"attributes": {"type": "var"}, "type": "entry"}]}]}]}, {"attributes": {"text": "<p>Calls the apply method and dispatches the change event of the property <code>styleRight</code>\nwith the default value defined by the class developer. This function can\nonly be called from the constructor of a class.</p>\n\n<p>For further details take a look at the property definition: {@link #styleRight}.</p>"}, "type": "desc"}, {"attributes": {}, "type": "return", "children": [{"attributes": {"text": "<p>the default value</p>"}, "type": "desc"}, {"attributes": {}, "type": "types", "children": [{"attributes": {"type": "var"}, "type": "entry"}]}]}]}, {"attributes": {"access": "protected", "name": "initStyleTop", "fromProperty": "styleTop"}, "type": "method", "children": [{"attributes": {}, "type": "params", "children": [{"attributes": {"name": "value"}, "type": "param", "children": [{"attributes": {"text": "<p>Initial value for property <code>styleTop</code>.</p>"}, "type": "desc"}, {"attributes": {}, "type": "types", "children": [{"attributes": {"type": "var"}, "type": "entry"}]}]}]}, {"attributes": {"text": "<p>Calls the apply method and dispatches the change event of the property <code>styleTop</code>\nwith the default value defined by the class developer. This function can\nonly be called from the constructor of a class.</p>\n\n<p>For further details take a look at the property definition: {@link #styleTop}.</p>"}, "type": "desc"}, {"attributes": {}, "type": "return", "children": [{"attributes": {"text": "<p>the default value</p>"}, "type": "desc"}, {"attributes": {}, "type": "types", "children": [{"attributes": {"type": "var"}, "type": "entry"}]}]}]}, {"attributes": {"access": "protected", "name": "initWidthBottom", "fromProperty": "widthBottom"}, "type": "method", "children": [{"attributes": {}, "type": "params", "children": [{"attributes": {"name": "value"}, "type": "param", "children": [{"attributes": {"text": "<p>Initial value for property <code>widthBottom</code>.</p>"}, "type": "desc"}, {"attributes": {}, "type": "types", "children": [{"attributes": {"type": "var"}, "type": "entry"}]}]}]}, {"attributes": {"text": "<p>Calls the apply method and dispatches the change event of the property <code>widthBottom</code>\nwith the default value defined by the class developer. This function can\nonly be called from the constructor of a class.</p>\n\n<p>For further details take a look at the property definition: {@link #widthBottom}.</p>"}, "type": "desc"}, {"attributes": {}, "type": "return", "children": [{"attributes": {"text": "<p>the default value</p>"}, "type": "desc"}, {"attributes": {}, "type": "types", "children": [{"attributes": {"type": "var"}, "type": "entry"}]}]}]}, {"attributes": {"access": "protected", "name": "initWidthLeft", "fromProperty": "widthLeft"}, "type": "method", "children": [{"attributes": {}, "type": "params", "children": [{"attributes": {"name": "value"}, "type": "param", "children": [{"attributes": {"text": "<p>Initial value for property <code>widthLeft</code>.</p>"}, "type": "desc"}, {"attributes": {}, "type": "types", "children": [{"attributes": {"type": "var"}, "type": "entry"}]}]}]}, {"attributes": {"text": "<p>Calls the apply method and dispatches the change event of the property <code>widthLeft</code>\nwith the default value defined by the class developer. This function can\nonly be called from the constructor of a class.</p>\n\n<p>For further details take a look at the property definition: {@link #widthLeft}.</p>"}, "type": "desc"}, {"attributes": {}, "type": "return", "children": [{"attributes": {"text": "<p>the default value</p>"}, "type": "desc"}, {"attributes": {}, "type": "types", "children": [{"attributes": {"type": "var"}, "type": "entry"}]}]}]}, {"attributes": {"access": "protected", "name": "initWidthRight", "fromProperty": "widthRight"}, "type": "method", "children": [{"attributes": {}, "type": "params", "children": [{"attributes": {"name": "value"}, "type": "param", "children": [{"attributes": {"text": "<p>Initial value for property <code>widthRight</code>.</p>"}, "type": "desc"}, {"attributes": {}, "type": "types", "children": [{"attributes": {"type": "var"}, "type": "entry"}]}]}]}, {"attributes": {"text": "<p>Calls the apply method and dispatches the change event of the property <code>widthRight</code>\nwith the default value defined by the class developer. This function can\nonly be called from the constructor of a class.</p>\n\n<p>For further details take a look at the property definition: {@link #widthRight}.</p>"}, "type": "desc"}, {"attributes": {}, "type": "return", "children": [{"attributes": {"text": "<p>the default value</p>"}, "type": "desc"}, {"attributes": {}, "type": "types", "children": [{"attributes": {"type": "var"}, "type": "entry"}]}]}]}, {"attributes": {"access": "protected", "name": "initWidthTop", "fromProperty": "widthTop"}, "type": "method", "children": [{"attributes": {}, "type": "params", "children": [{"attributes": {"name": "value"}, "type": "param", "children": [{"attributes": {"text": "<p>Initial value for property <code>widthTop</code>.</p>"}, "type": "desc"}, {"attributes": {}, "type": "types", "children": [{"attributes": {"type": "var"}, "type": "entry"}]}]}]}, {"attributes": {"text": "<p>Calls the apply method and dispatches the change event of the property <code>widthTop</code>\nwith the default value defined by the class developer. This function can\nonly be called from the constructor of a class.</p>\n\n<p>For further details take a look at the property definition: {@link #widthTop}.</p>"}, "type": "desc"}, {"attributes": {}, "type": "return", "children": [{"attributes": {"text": "<p>the default value</p>"}, "type": "desc"}, {"attributes": {}, "type": "types", "children": [{"attributes": {"type": "var"}, "type": "entry"}]}]}]}, {"attributes": {"name": "resetBottom", "fromProperty": "bottom"}, "type": "method", "children": [{"attributes": {"text": "<p>Resets the user value of the property <code>bottom</code>.</p>\n\n<p>The computed value falls back to the next available value e.g. appearance, init or\ninheritance value depeneding on the property configuration and value availability.</p>\n\n<p>For further details take a look at the property definition: {@link #bottom}.</p>"}, "type": "desc"}]}, {"attributes": {"name": "resetColor", "fromProperty": "color"}, "type": "method", "children": [{"attributes": {"text": "<p>Resets the user value of the property <code>color</code>.</p>\n\n<p>The computed value falls back to the next available value e.g. appearance, init or\ninheritance value depeneding on the property configuration and value availability.</p>\n\n<p>For further details take a look at the property definition: {@link #color}.</p>"}, "type": "desc"}]}, {"attributes": {"name": "resetColorBottom", "fromProperty": "colorBottom"}, "type": "method", "children": [{"attributes": {"text": "<p>Resets the user value of the property <code>colorBottom</code>.</p>\n\n<p>The computed value falls back to the next available value e.g. appearance, init or\ninheritance value depeneding on the property configuration and value availability.</p>\n\n<p>For further details take a look at the property definition: {@link #colorBottom}.</p>"}, "type": "desc"}]}, {"attributes": {"name": "resetColorLeft", "fromProperty": "colorLeft"}, "type": "method", "children": [{"attributes": {"text": "<p>Resets the user value of the property <code>colorLeft</code>.</p>\n\n<p>The computed value falls back to the next available value e.g. appearance, init or\ninheritance value depeneding on the property configuration and value availability.</p>\n\n<p>For further details take a look at the property definition: {@link #colorLeft}.</p>"}, "type": "desc"}]}, {"attributes": {"name": "resetColorRight", "fromProperty": "colorRight"}, "type": "method", "children": [{"attributes": {"text": "<p>Resets the user value of the property <code>colorRight</code>.</p>\n\n<p>The computed value falls back to the next available value e.g. appearance, init or\ninheritance value depeneding on the property configuration and value availability.</p>\n\n<p>For further details take a look at the property definition: {@link #colorRight}.</p>"}, "type": "desc"}]}, {"attributes": {"name": "resetColorTop", "fromProperty": "colorTop"}, "type": "method", "children": [{"attributes": {"text": "<p>Resets the user value of the property <code>colorTop</code>.</p>\n\n<p>The computed value falls back to the next available value e.g. appearance, init or\ninheritance value depeneding on the property configuration and value availability.</p>\n\n<p>For further details take a look at the property definition: {@link #colorTop}.</p>"}, "type": "desc"}]}, {"attributes": {"name": "resetLeft", "fromProperty": "left"}, "type": "method", "children": [{"attributes": {"text": "<p>Resets the user value of the property <code>left</code>.</p>\n\n<p>The computed value falls back to the next available value e.g. appearance, init or\ninheritance value depeneding on the property configuration and value availability.</p>\n\n<p>For further details take a look at the property definition: {@link #left}.</p>"}, "type": "desc"}]}, {"attributes": {"name": "resetRight", "fromProperty": "right"}, "type": "method", "children": [{"attributes": {"text": "<p>Resets the user value of the property <code>right</code>.</p>\n\n<p>The computed value falls back to the next available value e.g. appearance, init or\ninheritance value depeneding on the property configuration and value availability.</p>\n\n<p>For further details take a look at the property definition: {@link #right}.</p>"}, "type": "desc"}]}, {"attributes": {"name": "resetStyle", "fromProperty": "style"}, "type": "method", "children": [{"attributes": {"text": "<p>Resets the user value of the property <code>style</code>.</p>\n\n<p>The computed value falls back to the next available value e.g. appearance, init or\ninheritance value depeneding on the property configuration and value availability.</p>\n\n<p>For further details take a look at the property definition: {@link #style}.</p>"}, "type": "desc"}]}, {"attributes": {"name": "resetStyleBottom", "fromProperty": "styleBottom"}, "type": "method", "children": [{"attributes": {"text": "<p>Resets the user value of the property <code>styleBottom</code>.</p>\n\n<p>The computed value falls back to the next available value e.g. appearance, init or\ninheritance value depeneding on the property configuration and value availability.</p>\n\n<p>For further details take a look at the property definition: {@link #styleBottom}.</p>"}, "type": "desc"}]}, {"attributes": {"name": "resetStyleLeft", "fromProperty": "styleLeft"}, "type": "method", "children": [{"attributes": {"text": "<p>Resets the user value of the property <code>styleLeft</code>.</p>\n\n<p>The computed value falls back to the next available value e.g. appearance, init or\ninheritance value depeneding on the property configuration and value availability.</p>\n\n<p>For further details take a look at the property definition: {@link #styleLeft}.</p>"}, "type": "desc"}]}, {"attributes": {"name": "resetStyleRight", "fromProperty": "styleRight"}, "type": "method", "children": [{"attributes": {"text": "<p>Resets the user value of the property <code>styleRight</code>.</p>\n\n<p>The computed value falls back to the next available value e.g. appearance, init or\ninheritance value depeneding on the property configuration and value availability.</p>\n\n<p>For further details take a look at the property definition: {@link #styleRight}.</p>"}, "type": "desc"}]}, {"attributes": {"name": "resetStyleTop", "fromProperty": "styleTop"}, "type": "method", "children": [{"attributes": {"text": "<p>Resets the user value of the property <code>styleTop</code>.</p>\n\n<p>The computed value falls back to the next available value e.g. appearance, init or\ninheritance value depeneding on the property configuration and value availability.</p>\n\n<p>For further details take a look at the property definition: {@link #styleTop}.</p>"}, "type": "desc"}]}, {"attributes": {"name": "resetTop", "fromProperty": "top"}, "type": "method", "children": [{"attributes": {"text": "<p>Resets the user value of the property <code>top</code>.</p>\n\n<p>The computed value falls back to the next available value e.g. appearance, init or\ninheritance value depeneding on the property configuration and value availability.</p>\n\n<p>For further details take a look at the property definition: {@link #top}.</p>"}, "type": "desc"}]}, {"attributes": {"name": "resetWidth", "fromProperty": "width"}, "type": "method", "children": [{"attributes": {"text": "<p>Resets the user value of the property <code>width</code>.</p>\n\n<p>The computed value falls back to the next available value e.g. appearance, init or\ninheritance value depeneding on the property configuration and value availability.</p>\n\n<p>For further details take a look at the property definition: {@link #width}.</p>"}, "type": "desc"}]}, {"attributes": {"name": "resetWidthBottom", "fromProperty": "widthBottom"}, "type": "method", "children": [{"attributes": {"text": "<p>Resets the user value of the property <code>widthBottom</code>.</p>\n\n<p>The computed value falls back to the next available value e.g. appearance, init or\ninheritance value depeneding on the property configuration and value availability.</p>\n\n<p>For further details take a look at the property definition: {@link #widthBottom}.</p>"}, "type": "desc"}]}, {"attributes": {"name": "resetWidthLeft", "fromProperty": "widthLeft"}, "type": "method", "children": [{"attributes": {"text": "<p>Resets the user value of the property <code>widthLeft</code>.</p>\n\n<p>The computed value falls back to the next available value e.g. appearance, init or\ninheritance value depeneding on the property configuration and value availability.</p>\n\n<p>For further details take a look at the property definition: {@link #widthLeft}.</p>"}, "type": "desc"}]}, {"attributes": {"name": "resetWidthRight", "fromProperty": "widthRight"}, "type": "method", "children": [{"attributes": {"text": "<p>Resets the user value of the property <code>widthRight</code>.</p>\n\n<p>The computed value falls back to the next available value e.g. appearance, init or\ninheritance value depeneding on the property configuration and value availability.</p>\n\n<p>For further details take a look at the property definition: {@link #widthRight}.</p>"}, "type": "desc"}]}, {"attributes": {"name": "resetWidthTop", "fromProperty": "widthTop"}, "type": "method", "children": [{"attributes": {"text": "<p>Resets the user value of the property <code>widthTop</code>.</p>\n\n<p>The computed value falls back to the next available value e.g. appearance, init or\ninheritance value depeneding on the property configuration and value availability.</p>\n\n<p>For further details take a look at the property definition: {@link #widthTop}.</p>"}, "type": "desc"}]}, {"attributes": {"line": 10, "name": "setBottom", "fromProperty": "bottom"}, "type": "method", "children": [{"attributes": {}, "type": "params", "children": [{"attributes": {"name": "widthBottom"}, "type": "param", "children": [{"attributes": {"text": "<p>Sets the value of the property {@link #widthBottom}.</p>"}, "type": "desc"}, {"attributes": {}, "type": "types", "children": [{"attributes": {"type": "var"}, "type": "entry"}]}]}, {"attributes": {"name": "styleBottom"}, "type": "param", "children": [{"attributes": {"text": "<p>Sets the value of the property {@link #styleBottom}.</p>"}, "type": "desc"}, {"attributes": {}, "type": "types", "children": [{"attributes": {"type": "var"}, "type": "entry"}]}]}, {"attributes": {"name": "colorBottom"}, "type": "param", "children": [{"attributes": {"text": "<p>Sets the value of the property {@link #colorBottom}.</p>"}, "type": "desc"}, {"attributes": {}, "type": "types", "children": [{"attributes": {"type": "var"}, "type": "entry"}]}]}]}, {"attributes": {"text": "<p>Sets the values of the property group <code>bottom</code>.</p>\n\n<p>For further details take a look at the property definition: {@link #bottom}.</p>"}, "type": "desc"}]}, {"attributes": {"line": 13, "name": "setColor", "fromProperty": "color"}, "type": "method", "children": [{"attributes": {}, "type": "params", "children": [{"attributes": {"name": "colorTop"}, "type": "param", "children": [{"attributes": {"text": "<p>Sets the value of the property {@link #colorTop}.</p>"}, "type": "desc"}, {"attributes": {}, "type": "types", "children": [{"attributes": {"type": "var"}, "type": "entry"}]}]}, {"attributes": {"name": "colorRight"}, "type": "param", "children": [{"attributes": {"text": "<p>Sets the value of the property {@link #colorRight}.</p>"}, "type": "desc"}, {"attributes": {}, "type": "types", "children": [{"attributes": {"type": "var"}, "type": "entry"}]}]}, {"attributes": {"name": "colorBottom"}, "type": "param", "children": [{"attributes": {"text": "<p>Sets the value of the property {@link #colorBottom}.</p>"}, "type": "desc"}, {"attributes": {}, "type": "types", "children": [{"attributes": {"type": "var"}, "type": "entry"}]}]}, {"attributes": {"name": "colorLeft"}, "type": "param", "children": [{"attributes": {"text": "<p>Sets the value of the property {@link #colorLeft}.</p>"}, "type": "desc"}, {"attributes": {}, "type": "types", "children": [{"attributes": {"type": "var"}, "type": "entry"}]}]}]}, {"attributes": {"text": "<p>Sets the values of the property group <code>color</code>.</p>\n\n<p>This setter supports a shorthand mode compatible with the way margins and paddins are set in <span class=\"caps\">CSS</span>.</p>\n\n<p>For further details take a look at the property definition: {@link #color}.</p>"}, "type": "desc"}]}, {"attributes": {"name": "setColorBottom", "fromProperty": "colorBottom"}, "type": "method", "children": [{"attributes": {}, "type": "params", "children": [{"attributes": {"name": "value"}, "type": "param", "children": [{"attributes": {"text": "<p>New value for property <code>colorBottom</code>.</p>"}, "type": "desc"}, {"attributes": {}, "type": "types", "children": [{"attributes": {"type": "var"}, "type": "entry"}]}]}]}, {"attributes": {"text": "<p>Sets the user value of the property <code>colorBottom</code>.</p>\n\n<p>For further details take a look at the property definition: {@link #colorBottom}.</p>"}, "type": "desc"}, {"attributes": {}, "type": "return", "children": [{"attributes": {"text": "<p>The unmodified incoming value.</p>"}, "type": "desc"}, {"attributes": {}, "type": "types", "children": [{"attributes": {"type": "var"}, "type": "entry"}]}]}]}, {"attributes": {"name": "setColorLeft", "fromProperty": "colorLeft"}, "type": "method", "children": [{"attributes": {}, "type": "params", "children": [{"attributes": {"name": "value"}, "type": "param", "children": [{"attributes": {"text": "<p>New value for property <code>colorLeft</code>.</p>"}, "type": "desc"}, {"attributes": {}, "type": "types", "children": [{"attributes": {"type": "var"}, "type": "entry"}]}]}]}, {"attributes": {"text": "<p>Sets the user value of the property <code>colorLeft</code>.</p>\n\n<p>For further details take a look at the property definition: {@link #colorLeft}.</p>"}, "type": "desc"}, {"attributes": {}, "type": "return", "children": [{"attributes": {"text": "<p>The unmodified incoming value.</p>"}, "type": "desc"}, {"attributes": {}, "type": "types", "children": [{"attributes": {"type": "var"}, "type": "entry"}]}]}]}, {"attributes": {"name": "setColorRight", "fromProperty": "colorRight"}, "type": "method", "children": [{"attributes": {}, "type": "params", "children": [{"attributes": {"name": "value"}, "type": "param", "children": [{"attributes": {"text": "<p>New value for property <code>colorRight</code>.</p>"}, "type": "desc"}, {"attributes": {}, "type": "types", "children": [{"attributes": {"type": "var"}, "type": "entry"}]}]}]}, {"attributes": {"text": "<p>Sets the user value of the property <code>colorRight</code>.</p>\n\n<p>For further details take a look at the property definition: {@link #colorRight}.</p>"}, "type": "desc"}, {"attributes": {}, "type": "return", "children": [{"attributes": {"text": "<p>The unmodified incoming value.</p>"}, "type": "desc"}, {"attributes": {}, "type": "types", "children": [{"attributes": {"type": "var"}, "type": "entry"}]}]}]}, {"attributes": {"name": "setColorTop", "fromProperty": "colorTop"}, "type": "method", "children": [{"attributes": {}, "type": "params", "children": [{"attributes": {"name": "value"}, "type": "param", "children": [{"attributes": {"text": "<p>New value for property <code>colorTop</code>.</p>"}, "type": "desc"}, {"attributes": {}, "type": "types", "children": [{"attributes": {"type": "var"}, "type": "entry"}]}]}]}, {"attributes": {"text": "<p>Sets the user value of the property <code>colorTop</code>.</p>\n\n<p>For further details take a look at the property definition: {@link #colorTop}.</p>"}, "type": "desc"}, {"attributes": {}, "type": "return", "children": [{"attributes": {"text": "<p>The unmodified incoming value.</p>"}, "type": "desc"}, {"attributes": {}, "type": "types", "children": [{"attributes": {"type": "var"}, "type": "entry"}]}]}]}, {"attributes": {"line": 10, "name": "setLeft", "fromProperty": "left"}, "type": "method", "children": [{"attributes": {}, "type": "params", "children": [{"attributes": {"name": "widthLeft"}, "type": "param", "children": [{"attributes": {"text": "<p>Sets the value of the property {@link #widthLeft}.</p>"}, "type": "desc"}, {"attributes": {}, "type": "types", "children": [{"attributes": {"type": "var"}, "type": "entry"}]}]}, {"attributes": {"name": "styleLeft"}, "type": "param", "children": [{"attributes": {"text": "<p>Sets the value of the property {@link #styleLeft}.</p>"}, "type": "desc"}, {"attributes": {}, "type": "types", "children": [{"attributes": {"type": "var"}, "type": "entry"}]}]}, {"attributes": {"name": "colorLeft"}, "type": "param", "children": [{"attributes": {"text": "<p>Sets the value of the property {@link #colorLeft}.</p>"}, "type": "desc"}, {"attributes": {}, "type": "types", "children": [{"attributes": {"type": "var"}, "type": "entry"}]}]}]}, {"attributes": {"text": "<p>Sets the values of the property group <code>left</code>.</p>\n\n<p>For further details take a look at the property definition: {@link #left}.</p>"}, "type": "desc"}]}, {"attributes": {"line": 10, "name": "setRight", "fromProperty": "right"}, "type": "method", "children": [{"attributes": {}, "type": "params", "children": [{"attributes": {"name": "widthRight"}, "type": "param", "children": [{"attributes": {"text": "<p>Sets the value of the property {@link #widthRight}.</p>"}, "type": "desc"}, {"attributes": {}, "type": "types", "children": [{"attributes": {"type": "var"}, "type": "entry"}]}]}, {"attributes": {"name": "styleRight"}, "type": "param", "children": [{"attributes": {"text": "<p>Sets the value of the property {@link #styleRight}.</p>"}, "type": "desc"}, {"attributes": {}, "type": "types", "children": [{"attributes": {"type": "var"}, "type": "entry"}]}]}, {"attributes": {"name": "colorRight"}, "type": "param", "children": [{"attributes": {"text": "<p>Sets the value of the property {@link #colorRight}.</p>"}, "type": "desc"}, {"attributes": {}, "type": "types", "children": [{"attributes": {"type": "var"}, "type": "entry"}]}]}]}, {"attributes": {"text": "<p>Sets the values of the property group <code>right</code>.</p>\n\n<p>For further details take a look at the property definition: {@link #right}.</p>"}, "type": "desc"}]}, {"attributes": {"line": 13, "name": "setStyle", "fromProperty": "style"}, "type": "method", "children": [{"attributes": {}, "type": "params", "children": [{"attributes": {"name": "styleTop"}, "type": "param", "children": [{"attributes": {"text": "<p>Sets the value of the property {@link #styleTop}.</p>"}, "type": "desc"}, {"attributes": {}, "type": "types", "children": [{"attributes": {"type": "var"}, "type": "entry"}]}]}, {"attributes": {"name": "styleRight"}, "type": "param", "children": [{"attributes": {"text": "<p>Sets the value of the property {@link #styleRight}.</p>"}, "type": "desc"}, {"attributes": {}, "type": "types", "children": [{"attributes": {"type": "var"}, "type": "entry"}]}]}, {"attributes": {"name": "styleBottom"}, "type": "param", "children": [{"attributes": {"text": "<p>Sets the value of the property {@link #styleBottom}.</p>"}, "type": "desc"}, {"attributes": {}, "type": "types", "children": [{"attributes": {"type": "var"}, "type": "entry"}]}]}, {"attributes": {"name": "styleLeft"}, "type": "param", "children": [{"attributes": {"text": "<p>Sets the value of the property {@link #styleLeft}.</p>"}, "type": "desc"}, {"attributes": {}, "type": "types", "children": [{"attributes": {"type": "var"}, "type": "entry"}]}]}]}, {"attributes": {"text": "<p>Sets the values of the property group <code>style</code>.</p>\n\n<p>This setter supports a shorthand mode compatible with the way margins and paddins are set in <span class=\"caps\">CSS</span>.</p>\n\n<p>For further details take a look at the property definition: {@link #style}.</p>"}, "type": "desc"}]}, {"attributes": {"name": "setStyleBottom", "fromProperty": "styleBottom"}, "type": "method", "children": [{"attributes": {}, "type": "params", "children": [{"attributes": {"name": "value"}, "type": "param", "children": [{"attributes": {"text": "<p>New value for property <code>styleBottom</code>.</p>"}, "type": "desc"}, {"attributes": {}, "type": "types", "children": [{"attributes": {"type": "var"}, "type": "entry"}]}]}]}, {"attributes": {"text": "<p>Sets the user value of the property <code>styleBottom</code>.</p>\n\n<p>For further details take a look at the property definition: {@link #styleBottom}.</p>"}, "type": "desc"}, {"attributes": {}, "type": "return", "children": [{"attributes": {"text": "<p>The unmodified incoming value.</p>"}, "type": "desc"}, {"attributes": {}, "type": "types", "children": [{"attributes": {"type": "var"}, "type": "entry"}]}]}]}, {"attributes": {"name": "setStyleLeft", "fromProperty": "styleLeft"}, "type": "method", "children": [{"attributes": {}, "type": "params", "children": [{"attributes": {"name": "value"}, "type": "param", "children": [{"attributes": {"text": "<p>New value for property <code>styleLeft</code>.</p>"}, "type": "desc"}, {"attributes": {}, "type": "types", "children": [{"attributes": {"type": "var"}, "type": "entry"}]}]}]}, {"attributes": {"text": "<p>Sets the user value of the property <code>styleLeft</code>.</p>\n\n<p>For further details take a look at the property definition: {@link #styleLeft}.</p>"}, "type": "desc"}, {"attributes": {}, "type": "return", "children": [{"attributes": {"text": "<p>The unmodified incoming value.</p>"}, "type": "desc"}, {"attributes": {}, "type": "types", "children": [{"attributes": {"type": "var"}, "type": "entry"}]}]}]}, {"attributes": {"name": "setStyleRight", "fromProperty": "styleRight"}, "type": "method", "children": [{"attributes": {}, "type": "params", "children": [{"attributes": {"name": "value"}, "type": "param", "children": [{"attributes": {"text": "<p>New value for property <code>styleRight</code>.</p>"}, "type": "desc"}, {"attributes": {}, "type": "types", "children": [{"attributes": {"type": "var"}, "type": "entry"}]}]}]}, {"attributes": {"text": "<p>Sets the user value of the property <code>styleRight</code>.</p>\n\n<p>For further details take a look at the property definition: {@link #styleRight}.</p>"}, "type": "desc"}, {"attributes": {}, "type": "return", "children": [{"attributes": {"text": "<p>The unmodified incoming value.</p>"}, "type": "desc"}, {"attributes": {}, "type": "types", "children": [{"attributes": {"type": "var"}, "type": "entry"}]}]}]}, {"attributes": {"name": "setStyleTop", "fromProperty": "styleTop"}, "type": "method", "children": [{"attributes": {}, "type": "params", "children": [{"attributes": {"name": "value"}, "type": "param", "children": [{"attributes": {"text": "<p>New value for property <code>styleTop</code>.</p>"}, "type": "desc"}, {"attributes": {}, "type": "types", "children": [{"attributes": {"type": "var"}, "type": "entry"}]}]}]}, {"attributes": {"text": "<p>Sets the user value of the property <code>styleTop</code>.</p>\n\n<p>For further details take a look at the property definition: {@link #styleTop}.</p>"}, "type": "desc"}, {"attributes": {}, "type": "return", "children": [{"attributes": {"text": "<p>The unmodified incoming value.</p>"}, "type": "desc"}, {"attributes": {}, "type": "types", "children": [{"attributes": {"type": "var"}, "type": "entry"}]}]}]}, {"attributes": {"line": 10, "name": "setTop", "fromProperty": "top"}, "type": "method", "children": [{"attributes": {}, "type": "params", "children": [{"attributes": {"name": "widthTop"}, "type": "param", "children": [{"attributes": {"text": "<p>Sets the value of the property {@link #widthTop}.</p>"}, "type": "desc"}, {"attributes": {}, "type": "types", "children": [{"attributes": {"type": "var"}, "type": "entry"}]}]}, {"attributes": {"name": "styleTop"}, "type": "param", "children": [{"attributes": {"text": "<p>Sets the value of the property {@link #styleTop}.</p>"}, "type": "desc"}, {"attributes": {}, "type": "types", "children": [{"attributes": {"type": "var"}, "type": "entry"}]}]}, {"attributes": {"name": "colorTop"}, "type": "param", "children": [{"attributes": {"text": "<p>Sets the value of the property {@link #colorTop}.</p>"}, "type": "desc"}, {"attributes": {}, "type": "types", "children": [{"attributes": {"type": "var"}, "type": "entry"}]}]}]}, {"attributes": {"text": "<p>Sets the values of the property group <code>top</code>.</p>\n\n<p>For further details take a look at the property definition: {@link #top}.</p>"}, "type": "desc"}]}, {"attributes": {"line": 13, "name": "setWidth", "fromProperty": "width"}, "type": "method", "children": [{"attributes": {}, "type": "params", "children": [{"attributes": {"name": "widthTop"}, "type": "param", "children": [{"attributes": {"text": "<p>Sets the value of the property {@link #widthTop}.</p>"}, "type": "desc"}, {"attributes": {}, "type": "types", "children": [{"attributes": {"type": "var"}, "type": "entry"}]}]}, {"attributes": {"name": "widthRight"}, "type": "param", "children": [{"attributes": {"text": "<p>Sets the value of the property {@link #widthRight}.</p>"}, "type": "desc"}, {"attributes": {}, "type": "types", "children": [{"attributes": {"type": "var"}, "type": "entry"}]}]}, {"attributes": {"name": "widthBottom"}, "type": "param", "children": [{"attributes": {"text": "<p>Sets the value of the property {@link #widthBottom}.</p>"}, "type": "desc"}, {"attributes": {}, "type": "types", "children": [{"attributes": {"type": "var"}, "type": "entry"}]}]}, {"attributes": {"name": "widthLeft"}, "type": "param", "children": [{"attributes": {"text": "<p>Sets the value of the property {@link #widthLeft}.</p>"}, "type": "desc"}, {"attributes": {}, "type": "types", "children": [{"attributes": {"type": "var"}, "type": "entry"}]}]}]}, {"attributes": {"text": "<p>Sets the values of the property group <code>width</code>.</p>\n\n<p>This setter supports a shorthand mode compatible with the way margins and paddins are set in <span class=\"caps\">CSS</span>.</p>\n\n<p>For further details take a look at the property definition: {@link #width}.</p>"}, "type": "desc"}]}, {"attributes": {"name": "setWidthBottom", "fromProperty": "widthBottom"}, "type": "method", "children": [{"attributes": {}, "type": "params", "children": [{"attributes": {"name": "value"}, "type": "param", "children": [{"attributes": {"text": "<p>New value for property <code>widthBottom</code>.</p>"}, "type": "desc"}, {"attributes": {}, "type": "types", "children": [{"attributes": {"type": "var"}, "type": "entry"}]}]}]}, {"attributes": {"text": "<p>Sets the user value of the property <code>widthBottom</code>.</p>\n\n<p>For further details take a look at the property definition: {@link #widthBottom}.</p>"}, "type": "desc"}, {"attributes": {}, "type": "return", "children": [{"attributes": {"text": "<p>The unmodified incoming value.</p>"}, "type": "desc"}, {"attributes": {}, "type": "types", "children": [{"attributes": {"type": "var"}, "type": "entry"}]}]}]}, {"attributes": {"name": "setWidthLeft", "fromProperty": "widthLeft"}, "type": "method", "children": [{"attributes": {}, "type": "params", "children": [{"attributes": {"name": "value"}, "type": "param", "children": [{"attributes": {"text": "<p>New value for property <code>widthLeft</code>.</p>"}, "type": "desc"}, {"attributes": {}, "type": "types", "children": [{"attributes": {"type": "var"}, "type": "entry"}]}]}]}, {"attributes": {"text": "<p>Sets the user value of the property <code>widthLeft</code>.</p>\n\n<p>For further details take a look at the property definition: {@link #widthLeft}.</p>"}, "type": "desc"}, {"attributes": {}, "type": "return", "children": [{"attributes": {"text": "<p>The unmodified incoming value.</p>"}, "type": "desc"}, {"attributes": {}, "type": "types", "children": [{"attributes": {"type": "var"}, "type": "entry"}]}]}]}, {"attributes": {"name": "setWidthRight", "fromProperty": "widthRight"}, "type": "method", "children": [{"attributes": {}, "type": "params", "children": [{"attributes": {"name": "value"}, "type": "param", "children": [{"attributes": {"text": "<p>New value for property <code>widthRight</code>.</p>"}, "type": "desc"}, {"attributes": {}, "type": "types", "children": [{"attributes": {"type": "var"}, "type": "entry"}]}]}]}, {"attributes": {"text": "<p>Sets the user value of the property <code>widthRight</code>.</p>\n\n<p>For further details take a look at the property definition: {@link #widthRight}.</p>"}, "type": "desc"}, {"attributes": {}, "type": "return", "children": [{"attributes": {"text": "<p>The unmodified incoming value.</p>"}, "type": "desc"}, {"attributes": {}, "type": "types", "children": [{"attributes": {"type": "var"}, "type": "entry"}]}]}]}, {"attributes": {"name": "setWidthTop", "fromProperty": "widthTop"}, "type": "method", "children": [{"attributes": {}, "type": "params", "children": [{"attributes": {"name": "value"}, "type": "param", "children": [{"attributes": {"text": "<p>New value for property <code>widthTop</code>.</p>"}, "type": "desc"}, {"attributes": {}, "type": "types", "children": [{"attributes": {"type": "var"}, "type": "entry"}]}]}]}, {"attributes": {"text": "<p>Sets the user value of the property <code>widthTop</code>.</p>\n\n<p>For further details take a look at the property definition: {@link #widthTop}.</p>"}, "type": "desc"}, {"attributes": {}, "type": "return", "children": [{"attributes": {"text": "<p>The unmodified incoming value.</p>"}, "type": "desc"}, {"attributes": {}, "type": "types", "children": [{"attributes": {"type": "var"}, "type": "entry"}]}]}]}]}, {"attributes": {}, "type": "properties", "children": [{"attributes": {"isMixin": true, "group": "\"widthBottom\",\"styleBottom\",\"colorBottom\"", "name": "bottom", "propertyType": "group"}, "type": "property", "children": [{"attributes": {"text": "<p>Property group to configure the bottom border</p>"}, "type": "desc"}]}, {"attributes": {"isMixin": true, "propertyType": "group", "group": "\"colorTop\",\"colorRight\",\"colorBottom\",\"colorLeft\"", "mode": "shorthand", "name": "color"}, "type": "property", "children": [{"attributes": {"text": "<p>Property group to set the border color of all sides</p>"}, "type": "desc"}]}, {"attributes": {"name": "colorBottom", "allowNull": "true", "propertyType": "new", "apply": "_applyStyle", "isMixin": true, "check": "Color"}, "type": "property", "children": [{"attributes": {"text": "<p>bottom color of border</p>"}, "type": "desc"}]}, {"attributes": {"name": "colorLeft", "allowNull": "true", "propertyType": "new", "apply": "_applyStyle", "isMixin": true, "check": "Color"}, "type": "property", "children": [{"attributes": {"text": "<p>left color of border</p>"}, "type": "desc"}]}, {"attributes": {"name": "colorRight", "allowNull": "true", "propertyType": "new", "apply": "_applyStyle", "isMixin": true, "check": "Color"}, "type": "property", "children": [{"attributes": {"text": "<p>right color of border</p>"}, "type": "desc"}]}, {"attributes": {"name": "colorTop", "allowNull": "true", "propertyType": "new", "apply": "_applyStyle", "isMixin": true, "check": "Color"}, "type": "property", "children": [{"attributes": {"text": "<p>top color of border</p>"}, "type": "desc"}]}, {"attributes": {"isMixin": true, "group": "\"widthLeft\",\"styleLeft\",\"colorLeft\"", "name": "left", "propertyType": "group"}, "type": "property", "children": [{"attributes": {"text": "<p>Property group to configure the left border</p>"}, "type": "desc"}]}, {"attributes": {"isMixin": true, "group": "\"widthRight\",\"styleRight\",\"colorRight\"", "name": "right", "propertyType": "group"}, "type": "property", "children": [{"attributes": {"text": "<p>Property group to configure the right border</p>"}, "type": "desc"}]}, {"attributes": {"isMixin": true, "propertyType": "group", "group": "\"styleTop\",\"styleRight\",\"styleBottom\",\"styleLeft\"", "mode": "shorthand", "name": "style"}, "type": "property", "children": [{"attributes": {"text": "<p>Property group to set the border style of all sides</p>"}, "type": "desc"}]}, {"attributes": {"possibleValues": "\"solid\",\"dotted\",\"dashed\",\"double\",\"inset\",\"outset\",\"ridge\",\"groove\"", "name": "styleBottom", "defaultValue": "\"solid\"", "allowNull": "true", "propertyType": "new", "apply": "_applyStyle", "isMixin": true}, "type": "property", "children": [{"attributes": {"text": "<p>bottom style of border</p>"}, "type": "desc"}]}, {"attributes": {"possibleValues": "\"solid\",\"dotted\",\"dashed\",\"double\",\"inset\",\"outset\",\"ridge\",\"groove\"", "name": "styleLeft", "defaultValue": "\"solid\"", "allowNull": "true", "propertyType": "new", "apply": "_applyStyle", "isMixin": true}, "type": "property", "children": [{"attributes": {"text": "<p>left style of border</p>"}, "type": "desc"}]}, {"attributes": {"possibleValues": "\"solid\",\"dotted\",\"dashed\",\"double\",\"inset\",\"outset\",\"ridge\",\"groove\"", "name": "styleRight", "defaultValue": "\"solid\"", "allowNull": "true", "propertyType": "new", "apply": "_applyStyle", "isMixin": true}, "type": "property", "children": [{"attributes": {"text": "<p>right style of border</p>"}, "type": "desc"}]}, {"attributes": {"possibleValues": "\"solid\",\"dotted\",\"dashed\",\"double\",\"inset\",\"outset\",\"ridge\",\"groove\"", "name": "styleTop", "defaultValue": "\"solid\"", "allowNull": "true", "propertyType": "new", "apply": "_applyStyle", "isMixin": true}, "type": "property", "children": [{"attributes": {"text": "<p>top style of border</p>"}, "type": "desc"}]}, {"attributes": {"isMixin": true, "group": "\"widthTop\",\"styleTop\",\"colorTop\"", "name": "top", "propertyType": "group"}, "type": "property", "children": [{"attributes": {"text": "<p>Property group to configure the top border</p>"}, "type": "desc"}]}, {"attributes": {"isMixin": true, "propertyType": "group", "group": "\"widthTop\",\"widthRight\",\"widthBottom\",\"widthLeft\"", "mode": "shorthand", "name": "width"}, "type": "property", "children": [{"attributes": {"text": "<p>Property group to set the border width of all sides</p>"}, "type": "desc"}]}, {"attributes": {"name": "widthBottom", "defaultValue": "0", "propertyType": "new", "apply": "_applyWidth", "isMixin": true, "check": "Number"}, "type": "property", "children": [{"attributes": {"text": "<p>bottom width of border</p>"}, "type": "desc"}]}, {"attributes": {"name": "widthLeft", "defaultValue": "0", "propertyType": "new", "apply": "_applyWidth", "isMixin": true, "check": "Number"}, "type": "property", "children": [{"attributes": {"text": "<p>left width of border</p>"}, "type": "desc"}]}, {"attributes": {"name": "widthRight", "defaultValue": "0", "propertyType": "new", "apply": "_applyWidth", "isMixin": true, "check": "Number"}, "type": "property", "children": [{"attributes": {"text": "<p>right width of border</p>"}, "type": "desc"}]}, {"attributes": {"name": "widthTop", "defaultValue": "0", "propertyType": "new", "apply": "_applyWidth", "isMixin": true, "check": "Number"}, "type": "property", "children": [{"attributes": {"text": "<p>top width of border</p>"}, "type": "desc"}]}]}]}