{"attributes": {"name": "SplitButton", "packageName": "qx.ui.form", "mixins": "qx.ui.core.MExecutable", "superClass": "qx.ui.core.Widget", "childClasses": "qx.ui.toolbar.SplitButton", "fullName": "qx.ui.form.SplitButton", "type": "class", "interfaces": "qx.ui.form.IExecutable"}, "type": "class", "children": [{"attributes": {"text": "<p>A button which acts as a normal button and shows a menu on one\nof the sides to open something like a history list.</p>"}, "type": "desc"}, {"attributes": {}, "type": "childControls", "children": [{"attributes": {"name": "button"}, "type": "childControl", "children": [{"attributes": {"text": "<p>button to execute action</p>"}, "type": "desc"}, {"attributes": {}, "type": "types", "children": [{"attributes": {"type": "qx.ui.form.Button"}, "type": "entry"}]}]}, {"attributes": {"name": "arrow"}, "type": "childControl", "children": [{"attributes": {"text": "<p>arrow to open the popup</p>"}, "type": "desc"}, {"attributes": {}, "type": "types", "children": [{"attributes": {"type": "qx.ui.form.MenuButton"}, "type": "entry"}]}]}]}, {"attributes": {}, "type": "constructor", "children": [{"attributes": {"line": 48, "isCtor": true, "overriddenFrom": "qx.ui.core.Widget", "name": "ctor"}, "type": "method", "children": [{"attributes": {}, "type": "params", "children": [{"attributes": {"name": "label"}, "type": "param", "children": [{"attributes": {"text": "<p>Label to use</p>"}, "type": "desc"}, {"attributes": {}, "type": "types", "children": [{"attributes": {"type": "String"}, "type": "entry"}]}]}, {"attributes": {"defaultValue": "null", "optional": true, "name": "icon"}, "type": "param", "children": [{"attributes": {"text": "<p>Icon to use</p>"}, "type": "desc"}, {"attributes": {}, "type": "types", "children": [{"attributes": {"type": "String"}, "type": "entry"}]}]}, {"attributes": {"name": "menu"}, "type": "param", "children": [{"attributes": {"text": "<p>Connect to menu instance</p>"}, "type": "desc"}, {"attributes": {}, "type": "types", "children": [{"attributes": {"type": "qx.ui.menu.Menu"}, "type": "entry"}]}]}, {"attributes": {"name": "command"}, "type": "param", "children": [{"attributes": {"text": "<p>Command instance to connect with</p>"}, "type": "desc"}, {"attributes": {}, "type": "types", "children": [{"attributes": {"type": "qx.ui.core.Command"}, "type": "entry"}]}]}]}, {"attributes": {"text": ""}, "type": "desc"}]}]}, {"attributes": {}, "type": "events", "children": [{"attributes": {"name": "changeMenu"}, "type": "event", "children": [{"attributes": {"text": "Fired on change of the property {@link #menu}."}, "type": "desc"}, {"attributes": {}, "type": "types", "children": [{"attributes": {"type": "qx.event.type.Data"}, "type": "entry"}]}]}, {"attributes": {"name": "changeShow"}, "type": "event", "children": [{"attributes": {"text": "Fired on change of the property {@link #show}."}, "type": "desc"}, {"attributes": {}, "type": "types", "children": [{"attributes": {"type": "qx.event.type.Data"}, "type": "entry"}]}]}]}, {"attributes": {}, "type": "methods", "children": [{"attributes": {"access": "protected", "line": 223, "name": "_applyIcon"}, "type": "method", "children": [{"attributes": {}, "type": "params", "children": [{"attributes": {"name": "value"}, "type": "param", "children": [{"attributes": {"text": "<p>new value of the property</p>"}, "type": "desc"}, {"attributes": {}, "type": "types", "children": [{"attributes": {"type": "String"}, "type": "entry"}]}]}, {"attributes": {"name": "old"}, "type": "param", "children": [{"attributes": {"text": "<p>previous value of the property (null if it was not yet set).</p>"}, "type": "desc"}, {"attributes": {}, "type": "types", "children": [{"attributes": {"type": "String"}, "type": "entry"}]}]}]}, {"attributes": {}, "type": "apply", "children": [{"attributes": {"applies": "qx.ui.form.SplitButton#icon"}, "type": "entry"}]}, {"attributes": {"text": "<p>Applies changes of the property value of the property <code>icon</code>.</p>\n\n<p>For further details take a look at the property definition: {@link #icon}.</p>"}, "type": "desc"}]}, {"attributes": {"access": "protected", "line": 216, "name": "_applyLabel"}, "type": "method", "children": [{"attributes": {}, "type": "params", "children": [{"attributes": {"name": "value"}, "type": "param", "children": [{"attributes": {"text": "<p>new value of the property</p>"}, "type": "desc"}, {"attributes": {}, "type": "types", "children": [{"attributes": {"type": "String"}, "type": "entry"}]}]}, {"attributes": {"name": "old"}, "type": "param", "children": [{"attributes": {"text": "<p>previous value of the property (null if it was not yet set).</p>"}, "type": "desc"}, {"attributes": {}, "type": "types", "children": [{"attributes": {"type": "String"}, "type": "entry"}]}]}]}, {"attributes": {}, "type": "apply", "children": [{"attributes": {"applies": "qx.ui.form.SplitButton#label"}, "type": "entry"}]}, {"attributes": {"text": "<p>Applies changes of the property value of the property <code>label</code>.</p>\n\n<p>For further details take a look at the property definition: {@link #label}.</p>"}, "type": "desc"}]}, {"attributes": {"access": "protected", "line": 230, "name": "_applyMenu"}, "type": "method", "children": [{"attributes": {}, "type": "params", "children": [{"attributes": {"name": "value"}, "type": "param", "children": [{"attributes": {"text": "<p>new value of the property</p>"}, "type": "desc"}, {"attributes": {}, "type": "types", "children": [{"attributes": {"type": "qx.ui.menu.Menu"}, "type": "entry"}]}]}, {"attributes": {"name": "old"}, "type": "param", "children": [{"attributes": {"text": "<p>previous value of the property (null if it was not yet set).</p>"}, "type": "desc"}, {"attributes": {}, "type": "types", "children": [{"attributes": {"type": "qx.ui.menu.Menu"}, "type": "entry"}]}]}]}, {"attributes": {}, "type": "apply", "children": [{"attributes": {"applies": "qx.ui.form.SplitButton#menu"}, "type": "entry"}]}, {"attributes": {"text": "<p>Applies changes of the property value of the property <code>menu</code>.</p>\n\n<p>For further details take a look at the property definition: {@link #menu}.</p>"}, "type": "desc"}]}, {"attributes": {"access": "protected", "line": 256, "name": "_applyShow"}, "type": "method", "children": [{"attributes": {}, "type": "params", "children": [{"attributes": {"name": "value"}, "type": "param", "children": [{"attributes": {"text": "<p>new value of the property</p>"}, "type": "desc"}, {"attributes": {}, "type": "types", "children": [{"attributes": {"type": "var"}, "type": "entry"}]}]}, {"attributes": {"name": "old"}, "type": "param", "children": [{"attributes": {"text": "<p>previous value of the property (null if it was not yet set).</p>"}, "type": "desc"}, {"attributes": {}, "type": "types", "children": [{"attributes": {"type": "var"}, "type": "entry"}]}]}]}, {"attributes": {}, "type": "apply", "children": [{"attributes": {"applies": "qx.ui.form.SplitButton#show"}, "type": "entry"}]}, {"attributes": {"text": "<p>Applies changes of the property value of the property <code>show</code>.</p>\n\n<p>For further details take a look at the property definition: {@link #show}.</p>"}, "type": "desc"}]}, {"attributes": {"access": "protected", "docFrom": "qx.ui.core.Widget", "line": 172, "overriddenFrom": "qx.ui.core.Widget", "name": "_createChildControlImpl"}, "type": "method", "children": [{"attributes": {}, "type": "params", "children": [{"attributes": {"name": "id"}, "type": "param"}, {"attributes": {"name": "hash"}, "type": "param"}]}]}, {"attributes": {"access": "protected", "line": 370, "name": "_onButtonExecute"}, "type": "method", "children": [{"attributes": {}, "type": "params", "children": [{"attributes": {"name": "e"}, "type": "param", "children": [{"attributes": {"text": "<p>execute event of the button</p>"}, "type": "desc"}, {"attributes": {}, "type": "types", "children": [{"attributes": {"type": "qx.event.type.Event"}, "type": "entry"}]}]}]}, {"attributes": {"text": "<p>Event listener for button&#8217;s execute event.</p>"}, "type": "desc"}]}, {"attributes": {"access": "protected", "line": 382, "name": "_onChangeMenuVisibility"}, "type": "method", "children": [{"attributes": {}, "type": "params", "children": [{"attributes": {"name": "e"}, "type": "param", "children": [{"attributes": {"text": "<p>property change event</p>"}, "type": "desc"}, {"attributes": {}, "type": "types", "children": [{"attributes": {"type": "qx.event.type.Data"}, "type": "entry"}]}]}]}, {"attributes": {"text": "<p>Event listener for visibility changes of the menu</p>"}, "type": "desc"}]}, {"attributes": {"access": "protected", "line": 330, "name": "_onKeyDown"}, "type": "method", "children": [{"attributes": {}, "type": "params", "children": [{"attributes": {"name": "e"}, "type": "param", "children": [{"attributes": {"text": "<p>Event object</p>"}, "type": "desc"}, {"attributes": {}, "type": "types", "children": [{"attributes": {"type": "qx.event.type.KeySequence"}, "type": "entry"}]}]}]}, {"attributes": {"text": "<p>Event listener for all keyboard events</p>"}, "type": "desc"}]}, {"attributes": {"access": "protected", "line": 348, "name": "_onKeyUp"}, "type": "method", "children": [{"attributes": {}, "type": "params", "children": [{"attributes": {"name": "e"}, "type": "param", "children": [{"attributes": {"text": "<p>Event object</p>"}, "type": "desc"}, {"attributes": {}, "type": "types", "children": [{"attributes": {"type": "qx.event.type.KeySequence"}, "type": "entry"}]}]}]}, {"attributes": {"text": "<p>Event listener for all keyboard events</p>"}, "type": "desc"}]}, {"attributes": {"access": "protected", "line": 293, "name": "_onPointerOut"}, "type": "method", "children": [{"attributes": {}, "type": "params", "children": [{"attributes": {"name": "e"}, "type": "param", "children": [{"attributes": {"text": "<p>pointerout event</p>"}, "type": "desc"}, {"attributes": {}, "type": "types", "children": [{"attributes": {"type": "qx.event.type.Pointer"}, "type": "entry"}]}]}]}, {"attributes": {"text": "<p>Listener for <code>pointerout</code> event</p>"}, "type": "desc"}]}, {"attributes": {"access": "protected", "line": 273, "name": "_onPointerOver"}, "type": "method", "children": [{"attributes": {}, "type": "params", "children": [{"attributes": {"name": "e"}, "type": "param", "children": [{"attributes": {"text": "<p>pointerover event</p>"}, "type": "desc"}, {"attributes": {}, "type": "types", "children": [{"attributes": {"type": "qx.event.type.Pointer"}, "type": "entry"}]}]}]}, {"attributes": {"text": "<p>Listener for <code>pointerover</code> event</p>"}, "type": "desc"}]}, {"attributes": {"name": "getIcon", "fromProperty": "icon"}, "type": "method", "children": [{"attributes": {"text": "<p>Returns the (computed) value of the property <code>icon</code>.</p>\n\n<p>For further details take a look at the property definition: {@link #icon}.</p>"}, "type": "desc"}, {"attributes": {}, "type": "return", "children": [{"attributes": {"text": "<p>(Computed) value of <code>icon</code>.</p>"}, "type": "desc"}, {"attributes": {}, "type": "types", "children": [{"attributes": {"type": "var"}, "type": "entry"}]}]}]}, {"attributes": {"name": "getLabel", "fromProperty": "label"}, "type": "method", "children": [{"attributes": {"text": "<p>Returns the (computed) value of the property <code>label</code>.</p>\n\n<p>For further details take a look at the property definition: {@link #label}.</p>"}, "type": "desc"}, {"attributes": {}, "type": "return", "children": [{"attributes": {"text": "<p>(Computed) value of <code>label</code>.</p>"}, "type": "desc"}, {"attributes": {}, "type": "types", "children": [{"attributes": {"type": "var"}, "type": "entry"}]}]}]}, {"attributes": {"name": "getMenu", "fromProperty": "menu"}, "type": "method", "children": [{"attributes": {"text": "<p>Returns the (computed) value of the property <code>menu</code>.</p>\n\n<p>For further details take a look at the property definition: {@link #menu}.</p>"}, "type": "desc"}, {"attributes": {}, "type": "return", "children": [{"attributes": {"text": "<p>(Computed) value of <code>menu</code>.</p>"}, "type": "desc"}, {"attributes": {}, "type": "types", "children": [{"attributes": {"type": "var"}, "type": "entry"}]}]}]}, {"attributes": {"name": "getShow", "fromProperty": "show"}, "type": "method", "children": [{"attributes": {"text": "<p>Returns the (computed) value of the property <code>show</code>.</p>\n\n<p>For further details take a look at the property definition: {@link #show}.</p>"}, "type": "desc"}, {"attributes": {}, "type": "return", "children": [{"attributes": {"text": "<p>(Computed) value of <code>show</code>.</p>"}, "type": "desc"}, {"attributes": {}, "type": "types", "children": [{"attributes": {"type": "var"}, "type": "entry"}]}]}]}, {"attributes": {"access": "protected", "name": "initIcon", "fromProperty": "icon"}, "type": "method", "children": [{"attributes": {}, "type": "params", "children": [{"attributes": {"name": "value"}, "type": "param", "children": [{"attributes": {"text": "<p>Initial value for property <code>icon</code>.</p>"}, "type": "desc"}, {"attributes": {}, "type": "types", "children": [{"attributes": {"type": "var"}, "type": "entry"}]}]}]}, {"attributes": {"text": "<p>Calls the apply method and dispatches the change event of the property <code>icon</code>\nwith the default value defined by the class developer. This function can\nonly be called from the constructor of a class.</p>\n\n<p>For further details take a look at the property definition: {@link #icon}.</p>"}, "type": "desc"}, {"attributes": {}, "type": "return", "children": [{"attributes": {"text": "<p>the default value</p>"}, "type": "desc"}, {"attributes": {}, "type": "types", "children": [{"attributes": {"type": "var"}, "type": "entry"}]}]}]}, {"attributes": {"access": "protected", "name": "initLabel", "fromProperty": "label"}, "type": "method", "children": [{"attributes": {}, "type": "params", "children": [{"attributes": {"name": "value"}, "type": "param", "children": [{"attributes": {"text": "<p>Initial value for property <code>label</code>.</p>"}, "type": "desc"}, {"attributes": {}, "type": "types", "children": [{"attributes": {"type": "var"}, "type": "entry"}]}]}]}, {"attributes": {"text": "<p>Calls the apply method and dispatches the change event of the property <code>label</code>\nwith the default value defined by the class developer. This function can\nonly be called from the constructor of a class.</p>\n\n<p>For further details take a look at the property definition: {@link #label}.</p>"}, "type": "desc"}, {"attributes": {}, "type": "return", "children": [{"attributes": {"text": "<p>the default value</p>"}, "type": "desc"}, {"attributes": {}, "type": "types", "children": [{"attributes": {"type": "var"}, "type": "entry"}]}]}]}, {"attributes": {"access": "protected", "name": "initMenu", "fromProperty": "menu"}, "type": "method", "children": [{"attributes": {}, "type": "params", "children": [{"attributes": {"name": "value"}, "type": "param", "children": [{"attributes": {"text": "<p>Initial value for property <code>menu</code>.</p>"}, "type": "desc"}, {"attributes": {}, "type": "types", "children": [{"attributes": {"type": "var"}, "type": "entry"}]}]}]}, {"attributes": {"text": "<p>Calls the apply method and dispatches the change event of the property <code>menu</code>\nwith the default value defined by the class developer. This function can\nonly be called from the constructor of a class.</p>\n\n<p>For further details take a look at the property definition: {@link #menu}.</p>"}, "type": "desc"}, {"attributes": {}, "type": "return", "children": [{"attributes": {"text": "<p>the default value</p>"}, "type": "desc"}, {"attributes": {}, "type": "types", "children": [{"attributes": {"type": "var"}, "type": "entry"}]}]}]}, {"attributes": {"access": "protected", "name": "initShow", "fromProperty": "show"}, "type": "method", "children": [{"attributes": {}, "type": "params", "children": [{"attributes": {"name": "value"}, "type": "param", "children": [{"attributes": {"text": "<p>Initial value for property <code>show</code>.</p>"}, "type": "desc"}, {"attributes": {}, "type": "types", "children": [{"attributes": {"type": "var"}, "type": "entry"}]}]}]}, {"attributes": {"text": "<p>Calls the apply method and dispatches the change event of the property <code>show</code>\nwith the default value defined by the class developer. This function can\nonly be called from the constructor of a class.</p>\n\n<p>For further details take a look at the property definition: {@link #show}.</p>"}, "type": "desc"}, {"attributes": {}, "type": "return", "children": [{"attributes": {"text": "<p>the default value</p>"}, "type": "desc"}, {"attributes": {}, "type": "types", "children": [{"attributes": {"type": "var"}, "type": "entry"}]}]}]}, {"attributes": {"name": "resetIcon", "fromProperty": "icon"}, "type": "method", "children": [{"attributes": {"text": "<p>Resets the user value of the property <code>icon</code>.</p>\n\n<p>The computed value falls back to the next available value e.g. appearance, init or\ninheritance value depeneding on the property configuration and value availability.</p>\n\n<p>For further details take a look at the property definition: {@link #icon}.</p>"}, "type": "desc"}]}, {"attributes": {"name": "resetLabel", "fromProperty": "label"}, "type": "method", "children": [{"attributes": {"text": "<p>Resets the user value of the property <code>label</code>.</p>\n\n<p>The computed value falls back to the next available value e.g. appearance, init or\ninheritance value depeneding on the property configuration and value availability.</p>\n\n<p>For further details take a look at the property definition: {@link #label}.</p>"}, "type": "desc"}]}, {"attributes": {"name": "resetMenu", "fromProperty": "menu"}, "type": "method", "children": [{"attributes": {"text": "<p>Resets the user value of the property <code>menu</code>.</p>\n\n<p>The computed value falls back to the next available value e.g. appearance, init or\ninheritance value depeneding on the property configuration and value availability.</p>\n\n<p>For further details take a look at the property definition: {@link #menu}.</p>"}, "type": "desc"}]}, {"attributes": {"name": "resetShow", "fromProperty": "show"}, "type": "method", "children": [{"attributes": {"text": "<p>Resets the user value of the property <code>show</code>.</p>\n\n<p>The computed value falls back to the next available value e.g. appearance, init or\ninheritance value depeneding on the property configuration and value availability.</p>\n\n<p>For further details take a look at the property definition: {@link #show}.</p>"}, "type": "desc"}]}, {"attributes": {"name": "setIcon", "fromProperty": "icon"}, "type": "method", "children": [{"attributes": {}, "type": "params", "children": [{"attributes": {"name": "value"}, "type": "param", "children": [{"attributes": {"text": "<p>New value for property <code>icon</code>.</p>"}, "type": "desc"}, {"attributes": {}, "type": "types", "children": [{"attributes": {"type": "var"}, "type": "entry"}]}]}]}, {"attributes": {"text": "<p>Sets the user value of the property <code>icon</code>.</p>\n\n<p>For further details take a look at the property definition: {@link #icon}.</p>"}, "type": "desc"}, {"attributes": {}, "type": "return", "children": [{"attributes": {"text": "<p>The unmodified incoming value.</p>"}, "type": "desc"}, {"attributes": {}, "type": "types", "children": [{"attributes": {"type": "var"}, "type": "entry"}]}]}]}, {"attributes": {"name": "setLabel", "fromProperty": "label"}, "type": "method", "children": [{"attributes": {}, "type": "params", "children": [{"attributes": {"name": "value"}, "type": "param", "children": [{"attributes": {"text": "<p>New value for property <code>label</code>.</p>"}, "type": "desc"}, {"attributes": {}, "type": "types", "children": [{"attributes": {"type": "var"}, "type": "entry"}]}]}]}, {"attributes": {"text": "<p>Sets the user value of the property <code>label</code>.</p>\n\n<p>For further details take a look at the property definition: {@link #label}.</p>"}, "type": "desc"}, {"attributes": {}, "type": "return", "children": [{"attributes": {"text": "<p>The unmodified incoming value.</p>"}, "type": "desc"}, {"attributes": {}, "type": "types", "children": [{"attributes": {"type": "var"}, "type": "entry"}]}]}]}, {"attributes": {"name": "setMenu", "fromProperty": "menu"}, "type": "method", "children": [{"attributes": {}, "type": "params", "children": [{"attributes": {"name": "value"}, "type": "param", "children": [{"attributes": {"text": "<p>New value for property <code>menu</code>.</p>"}, "type": "desc"}, {"attributes": {}, "type": "types", "children": [{"attributes": {"type": "var"}, "type": "entry"}]}]}]}, {"attributes": {"text": "<p>Sets the user value of the property <code>menu</code>.</p>\n\n<p>For further details take a look at the property definition: {@link #menu}.</p>"}, "type": "desc"}, {"attributes": {}, "type": "return", "children": [{"attributes": {"text": "<p>The unmodified incoming value.</p>"}, "type": "desc"}, {"attributes": {}, "type": "types", "children": [{"attributes": {"type": "var"}, "type": "entry"}]}]}]}, {"attributes": {"name": "setShow", "fromProperty": "show"}, "type": "method", "children": [{"attributes": {}, "type": "params", "children": [{"attributes": {"name": "value"}, "type": "param", "children": [{"attributes": {"text": "<p>New value for property <code>show</code>.</p>"}, "type": "desc"}, {"attributes": {}, "type": "types", "children": [{"attributes": {"type": "var"}, "type": "entry"}]}]}]}, {"attributes": {"text": "<p>Sets the user value of the property <code>show</code>.</p>\n\n<p>For further details take a look at the property definition: {@link #show}.</p>"}, "type": "desc"}, {"attributes": {}, "type": "return", "children": [{"attributes": {"text": "<p>The unmodified incoming value.</p>"}, "type": "desc"}, {"attributes": {}, "type": "types", "children": [{"attributes": {"type": "var"}, "type": "entry"}]}]}]}]}, {"attributes": {}, "type": "properties", "children": [{"attributes": {"name": "appearance", "docFrom": "qx.ui.core.Widget", "defaultValue": "\"splitbutton\"", "refine": "true", "propertyType": "new", "overriddenFrom": "qx.ui.core.Widget"}, "type": "property"}, {"attributes": {"name": "focusable", "docFrom": "qx.ui.core.Widget", "defaultValue": "true", "refine": "true", "propertyType": "new", "overriddenFrom": "qx.ui.core.Widget"}, "type": "property"}, {"attributes": {"name": "icon", "allowNull": "true", "propertyType": "new", "apply": "_applyIcon", "check": "String", "themeable": "true"}, "type": "property", "children": [{"attributes": {"text": "<p>Any <span class=\"caps\">URI</span> String supported by qx.ui.basic.Image to display an icon</p>"}, "type": "desc"}]}, {"attributes": {"allowNull": "true", "propertyType": "new", "check": "String", "name": "label", "apply": "_applyLabel"}, "type": "property", "children": [{"attributes": {"text": "<p>The label/caption/text of the qx.ui.basic.Atom instance</p>"}, "type": "desc"}]}, {"attributes": {"name": "menu", "check": "qx.ui.menu.Menu", "allowNull": "true", "propertyType": "new", "apply": "_applyMenu", "event": "changeMenu"}, "type": "property", "children": [{"attributes": {"text": "<p>The menu instance to show when tapping on the button</p>"}, "type": "desc"}]}, {"attributes": {"name": "show", "defaultValue": "\"both\"", "propertyType": "new", "inheritable": "true", "possibleValues": "\"both\",\"label\",\"icon\"", "apply": "_applyShow", "event": "changeShow", "themeable": "true"}, "type": "property", "children": [{"attributes": {"text": "<p>Configure the visibility of the sub elements/widgets.\nPossible values: both, text, icon</p>"}, "type": "desc"}]}]}]}