{"attributes": {"name": "Window", "packageName": "qx.ui.window", "mixins": "qx.ui.core.MRemoteChildrenHandling,qx.ui.core.MRemoteLayoutHandling,qx.ui.core.MResizable,qx.ui.core.MMovable,qx.ui.core.MContentPadding", "superClass": "qx.ui.core.Widget", "fullName": "qx.ui.window.Window", "type": "class"}, "type": "class", "children": [{"attributes": {"text": "<p>A window widget</p>\n\n<p>More information can be found in the package description {@link qx.ui.window}.</p>"}, "type": "desc"}, {"attributes": {}, "type": "childControls", "children": [{"attributes": {"name": "statusbar"}, "type": "childControl", "children": [{"attributes": {"text": "<p>statusbar container which shows the statusbar text</p>"}, "type": "desc"}, {"attributes": {}, "type": "types", "children": [{"attributes": {"type": "qx.ui.container.Composite"}, "type": "entry"}]}]}, {"attributes": {"name": "statusbar-text"}, "type": "childControl", "children": [{"attributes": {"text": "<p>text of the statusbar</p>"}, "type": "desc"}, {"attributes": {}, "type": "types", "children": [{"attributes": {"type": "qx.ui.basic.Label"}, "type": "entry"}]}]}, {"attributes": {"name": "pane"}, "type": "childControl", "children": [{"attributes": {"text": "<p>window pane which holds the content</p>"}, "type": "desc"}, {"attributes": {}, "type": "types", "children": [{"attributes": {"type": "qx.ui.container.Composite"}, "type": "entry"}]}]}, {"attributes": {"name": "captionbar"}, "type": "childControl", "children": [{"attributes": {"text": "<p>Container for all widgets inside the captionbar</p>"}, "type": "desc"}, {"attributes": {}, "type": "types", "children": [{"attributes": {"type": "qx.ui.container.Composite"}, "type": "entry"}]}]}, {"attributes": {"name": "icon"}, "type": "childControl", "children": [{"attributes": {"text": "<p>icon at the left of the captionbar</p>"}, "type": "desc"}, {"attributes": {}, "type": "types", "children": [{"attributes": {"type": "qx.ui.basic.Image"}, "type": "entry"}]}]}, {"attributes": {"name": "title"}, "type": "childControl", "children": [{"attributes": {"text": "<p>caption of the window</p>"}, "type": "desc"}, {"attributes": {}, "type": "types", "children": [{"attributes": {"type": "qx.ui.basic.Label"}, "type": "entry"}]}]}, {"attributes": {"name": "minimize-button"}, "type": "childControl", "children": [{"attributes": {"text": "<p>button to minimize the window</p>"}, "type": "desc"}, {"attributes": {}, "type": "types", "children": [{"attributes": {"type": "qx.ui.form.Button"}, "type": "entry"}]}]}, {"attributes": {"name": "restore-button"}, "type": "childControl", "children": [{"attributes": {"text": "<p>button to restore the window</p>"}, "type": "desc"}, {"attributes": {}, "type": "types", "children": [{"attributes": {"type": "qx.ui.form.Button"}, "type": "entry"}]}]}, {"attributes": {"name": "maximize-button"}, "type": "childControl", "children": [{"attributes": {"text": "<p>button to maximize the window</p>"}, "type": "desc"}, {"attributes": {}, "type": "types", "children": [{"attributes": {"type": "qx.ui.form.Button"}, "type": "entry"}]}]}, {"attributes": {"name": "close-button"}, "type": "childControl", "children": [{"attributes": {"text": "<p>button to close the window</p>"}, "type": "desc"}, {"attributes": {}, "type": "types", "children": [{"attributes": {"type": "qx.ui.form.Button"}, "type": "entry"}]}]}]}, {"attributes": {}, "type": "constructor", "children": [{"attributes": {"line": 66, "isCtor": true, "overriddenFrom": "qx.ui.core.Widget", "name": "ctor"}, "type": "method", "children": [{"attributes": {}, "type": "params", "children": [{"attributes": {"name": "caption"}, "type": "param", "children": [{"attributes": {"text": "<p>The caption text</p>"}, "type": "desc"}, {"attributes": {}, "type": "types", "children": [{"attributes": {"type": "String"}, "type": "entry"}]}]}, {"attributes": {"name": "icon"}, "type": "param", "children": [{"attributes": {"text": "<p>The <span class=\"caps\">URL</span> of the caption bar icon</p>"}, "type": "desc"}, {"attributes": {}, "type": "types", "children": [{"attributes": {"type": "String"}, "type": "entry"}]}]}]}, {"attributes": {"text": ""}, "type": "desc"}]}]}, {"attributes": {}, "type": "constants", "children": [{"attributes": {"name": "DEFAULT_MANAGER_CLASS"}, "type": "constant", "children": [{"attributes": {"text": "<p>The default window manager class.</p>"}, "type": "desc"}, {"attributes": {}, "type": "types", "children": [{"attributes": {"type": "Class"}, "type": "entry"}]}]}]}, {"attributes": {}, "type": "events", "children": [{"attributes": {"name": "beforeClose"}, "type": "event", "children": [{"attributes": {"text": "<p>Fired before the window is closed.</p>\n\n<p>The close action can be prevented by calling\n{@link qx.event.type.Event#preventDefault} on the event object</p>"}, "type": "desc"}, {"attributes": {}, "type": "types", "children": [{"attributes": {"type": "qx.event.type.Event"}, "type": "entry"}]}]}, {"attributes": {"name": "beforeMaximize"}, "type": "event", "children": [{"attributes": {"text": "<p>Fired before the window is maximize.</p>\n\n<p>The maximize action can be prevented by calling\n{@link qx.event.type.Event#preventDefault} on the event object</p>"}, "type": "desc"}, {"attributes": {}, "type": "types", "children": [{"attributes": {"type": "qx.event.type.Event"}, "type": "entry"}]}]}, {"attributes": {"name": "beforeMinimize"}, "type": "event", "children": [{"attributes": {"text": "<p>Fired before the window is minimize.</p>\n\n<p>The minimize action can be prevented by calling\n{@link qx.event.type.Event#preventDefault} on the event object</p>"}, "type": "desc"}, {"attributes": {}, "type": "types", "children": [{"attributes": {"type": "qx.event.type.Event"}, "type": "entry"}]}]}, {"attributes": {"name": "beforeRestore"}, "type": "event", "children": [{"attributes": {"text": "<p>Fired before the window is restored from a minimized or maximized state.</p>\n\n<p>The restored action can be prevented by calling\n{@link qx.event.type.Event#preventDefault} on the event object</p>"}, "type": "desc"}, {"attributes": {}, "type": "types", "children": [{"attributes": {"type": "qx.event.type.Event"}, "type": "entry"}]}]}, {"attributes": {"name": "changeActive"}, "type": "event", "children": [{"attributes": {"text": "Fired on change of the property {@link #active}."}, "type": "desc"}, {"attributes": {}, "type": "types", "children": [{"attributes": {"type": "qx.event.type.Data"}, "type": "entry"}]}]}, {"attributes": {"name": "changeAlwaysOnTop"}, "type": "event", "children": [{"attributes": {"text": "Fired on change of the property {@link #alwaysOnTop}."}, "type": "desc"}, {"attributes": {}, "type": "types", "children": [{"attributes": {"type": "qx.event.type.Data"}, "type": "entry"}]}]}, {"attributes": {"name": "changeCaption"}, "type": "event", "children": [{"attributes": {"text": "Fired on change of the property {@link #caption}."}, "type": "desc"}, {"attributes": {}, "type": "types", "children": [{"attributes": {"type": "qx.event.type.Data"}, "type": "entry"}]}]}, {"attributes": {"name": "changeIcon"}, "type": "event", "children": [{"attributes": {"text": "Fired on change of the property {@link #icon}."}, "type": "desc"}, {"attributes": {}, "type": "types", "children": [{"attributes": {"type": "qx.event.type.Data"}, "type": "entry"}]}]}, {"attributes": {"name": "changeModal"}, "type": "event", "children": [{"attributes": {"text": "Fired on change of the property {@link #modal}."}, "type": "desc"}, {"attributes": {}, "type": "types", "children": [{"attributes": {"type": "qx.event.type.Data"}, "type": "entry"}]}]}, {"attributes": {"name": "changeStatus"}, "type": "event", "children": [{"attributes": {"text": "Fired on change of the property {@link #status}."}, "type": "desc"}, {"attributes": {}, "type": "types", "children": [{"attributes": {"type": "qx.event.type.Data"}, "type": "entry"}]}]}, {"attributes": {"name": "close"}, "type": "event", "children": [{"attributes": {"text": "<p>Fired if the window is closed</p>"}, "type": "desc"}, {"attributes": {}, "type": "types", "children": [{"attributes": {"type": "qx.event.type.Event"}, "type": "entry"}]}]}, {"attributes": {"name": "maximize"}, "type": "event", "children": [{"attributes": {"text": "<p>Fired if the window is maximized</p>"}, "type": "desc"}, {"attributes": {}, "type": "types", "children": [{"attributes": {"type": "qx.event.type.Event"}, "type": "entry"}]}]}, {"attributes": {"name": "minimize"}, "type": "event", "children": [{"attributes": {"text": "<p>Fired if the window is minimized</p>"}, "type": "desc"}, {"attributes": {}, "type": "types", "children": [{"attributes": {"type": "qx.event.type.Event"}, "type": "entry"}]}]}, {"attributes": {"name": "restore"}, "type": "event", "children": [{"attributes": {"text": "<p>Fired if the window is restored from a minimized or maximized state</p>"}, "type": "desc"}, {"attributes": {}, "type": "types", "children": [{"attributes": {"type": "qx.event.type.Event"}, "type": "entry"}]}]}]}, {"attributes": {}, "type": "methods", "children": [{"attributes": {"access": "protected", "line": 855, "name": "_applyActive"}, "type": "method", "children": [{"attributes": {}, "type": "params", "children": [{"attributes": {"name": "value"}, "type": "param", "children": [{"attributes": {"text": "<p>new value of the property</p>"}, "type": "desc"}, {"attributes": {}, "type": "types", "children": [{"attributes": {"type": "Boolean"}, "type": "entry"}]}]}, {"attributes": {"name": "old"}, "type": "param", "children": [{"attributes": {"text": "<p>previous value of the property (null if it was not yet set).</p>"}, "type": "desc"}, {"attributes": {}, "type": "types", "children": [{"attributes": {"type": "Boolean"}, "type": "entry"}]}]}]}, {"attributes": {}, "type": "apply", "children": [{"attributes": {"applies": "qx.ui.window.Window#active"}, "type": "entry"}]}, {"attributes": {"text": "<p>Applies changes of the property value of the property <code>active</code>.</p>\n\n<p>For further details take a look at the property definition: {@link #active}.</p>"}, "type": "desc"}]}, {"attributes": {"access": "protected", "line": 908, "name": "_applyCaptionBarChange"}, "type": "method", "children": [{"attributes": {}, "type": "params", "children": [{"attributes": {"name": "value"}, "type": "param", "children": [{"attributes": {"text": "<p>new value of the property</p>"}, "type": "desc"}, {"attributes": {}, "type": "types", "children": [{"attributes": {"type": "var"}, "type": "entry"}]}]}, {"attributes": {"name": "old"}, "type": "param", "children": [{"attributes": {"text": "<p>previous value of the property (null if it was not yet set).</p>"}, "type": "desc"}, {"attributes": {}, "type": "types", "children": [{"attributes": {"type": "var"}, "type": "entry"}]}]}]}, {"attributes": {}, "type": "apply", "children": [{"attributes": {"applies": "qx.ui.window.Window#showClose"}, "type": "entry"}, {"attributes": {"applies": "qx.ui.window.Window#allowMinimize"}, "type": "entry"}, {"attributes": {"applies": "qx.ui.window.Window#allowClose"}, "type": "entry"}, {"attributes": {"applies": "qx.ui.window.Window#caption"}, "type": "entry"}, {"attributes": {"applies": "qx.ui.window.Window#showMaximize"}, "type": "entry"}, {"attributes": {"applies": "qx.ui.window.Window#showMinimize"}, "type": "entry"}, {"attributes": {"applies": "qx.ui.window.Window#allowMaximize"}, "type": "entry"}, {"attributes": {"applies": "qx.ui.window.Window#icon"}, "type": "entry"}]}, {"attributes": {"text": "<p>Applies changes of the property value of the properties <code>allowClose</code>, <code>allowMaximize</code>, <code>allowMinimize</code>, <code>caption</code>, <code>icon</code>, <code>showClose</code>, <code>showMaximize</code> and <code>showMinimize</code>.</p>\n\n<p>For further details take a look at the property definitions: {@link #allowClose}, {@link #allowMaximize}, {@link #allowMinimize}, {@link #caption}, {@link #icon}, {@link #showClose}, {@link #showMaximize} and {@link #showMinimize}.</p>"}, "type": "desc"}]}, {"attributes": {"access": "protected", "line": 924, "overriddenFrom": "qx.ui.core.Widget", "name": "_applyFocusable"}, "type": "method", "children": [{"attributes": {}, "type": "params", "children": [{"attributes": {"name": "value"}, "type": "param", "children": [{"attributes": {"text": "<p>new value of the property</p>"}, "type": "desc"}, {"attributes": {}, "type": "types", "children": [{"attributes": {"type": "Boolean"}, "type": "entry"}]}]}, {"attributes": {"name": "old"}, "type": "param", "children": [{"attributes": {"text": "<p>previous value of the property (null if it was not yet set).</p>"}, "type": "desc"}, {"attributes": {}, "type": "types", "children": [{"attributes": {"type": "Boolean"}, "type": "entry"}]}]}]}, {"attributes": {}, "type": "apply", "children": [{"attributes": {"applies": "qx.ui.core.Widget#focusable"}, "type": "entry"}]}, {"attributes": {"text": "<p>Applies changes of the property value of the property <code>focusable</code>.</p>\n\n<p>For further details take a look at the property definition: {@link #focusable}.</p>"}, "type": "desc"}]}, {"attributes": {"access": "protected", "line": 866, "name": "_applyModal"}, "type": "method", "children": [{"attributes": {}, "type": "params", "children": [{"attributes": {"name": "value"}, "type": "param", "children": [{"attributes": {"text": "<p>new value of the property</p>"}, "type": "desc"}, {"attributes": {}, "type": "types", "children": [{"attributes": {"type": "Boolean"}, "type": "entry"}]}]}, {"attributes": {"name": "old"}, "type": "param", "children": [{"attributes": {"text": "<p>previous value of the property (null if it was not yet set).</p>"}, "type": "desc"}, {"attributes": {}, "type": "types", "children": [{"attributes": {"type": "Boolean"}, "type": "entry"}]}]}]}, {"attributes": {}, "type": "apply", "children": [{"attributes": {"applies": "qx.ui.window.Window#modal"}, "type": "entry"}]}, {"attributes": {"text": "<p>Applies changes of the property value of the property <code>modal</code>.</p>\n\n<p>For further details take a look at the property definition: {@link #modal}.</p>"}, "type": "desc"}]}, {"attributes": {"access": "protected", "line": 887, "name": "_applyShowStatusbar"}, "type": "method", "children": [{"attributes": {}, "type": "params", "children": [{"attributes": {"name": "value"}, "type": "param", "children": [{"attributes": {"text": "<p>new value of the property</p>"}, "type": "desc"}, {"attributes": {}, "type": "types", "children": [{"attributes": {"type": "Boolean"}, "type": "entry"}]}]}, {"attributes": {"name": "old"}, "type": "param", "children": [{"attributes": {"text": "<p>previous value of the property (null if it was not yet set).</p>"}, "type": "desc"}, {"attributes": {}, "type": "types", "children": [{"attributes": {"type": "Boolean"}, "type": "entry"}]}]}]}, {"attributes": {}, "type": "apply", "children": [{"attributes": {"applies": "qx.ui.window.Window#showStatusbar"}, "type": "entry"}]}, {"attributes": {"text": "<p>Applies changes of the property value of the property <code>showStatusbar</code>.</p>\n\n<p>For further details take a look at the property definition: {@link #showStatusbar}.</p>"}, "type": "desc"}]}, {"attributes": {"access": "protected", "line": 914, "name": "_applyStatus"}, "type": "method", "children": [{"attributes": {}, "type": "params", "children": [{"attributes": {"name": "value"}, "type": "param", "children": [{"attributes": {"text": "<p>new value of the property</p>"}, "type": "desc"}, {"attributes": {}, "type": "types", "children": [{"attributes": {"type": "String"}, "type": "entry"}]}]}, {"attributes": {"name": "old"}, "type": "param", "children": [{"attributes": {"text": "<p>previous value of the property (null if it was not yet set).</p>"}, "type": "desc"}, {"attributes": {}, "type": "types", "children": [{"attributes": {"type": "String"}, "type": "entry"}]}]}]}, {"attributes": {}, "type": "apply", "children": [{"attributes": {"applies": "qx.ui.window.Window#status"}, "type": "entry"}]}, {"attributes": {"text": "<p>Applies changes of the property value of the property <code>status</code>.</p>\n\n<p>For further details take a look at the property definition: {@link #status}.</p>"}, "type": "desc"}]}, {"attributes": {"access": "protected", "docFrom": "qx.ui.core.Widget", "line": 444, "overriddenFrom": "qx.ui.core.Widget", "name": "_createChildControlImpl"}, "type": "method", "children": [{"attributes": {}, "type": "params", "children": [{"attributes": {"name": "id"}, "type": "param"}, {"attributes": {"name": "hash"}, "type": "param"}]}]}, {"attributes": {"access": "protected", "line": 881, "name": "_getContentPaddingTarget"}, "type": "method", "children": [{"attributes": {"text": "<p>Returns the element, to which the content padding should be applied.</p>"}, "type": "desc"}, {"attributes": {}, "type": "return", "children": [{"attributes": {"text": "<p>The content padding target.</p>"}, "type": "desc"}, {"attributes": {}, "type": "types", "children": [{"attributes": {"type": "qx.ui.core.Widget"}, "type": "entry"}]}]}]}, {"attributes": {"access": "protected", "line": 988, "name": "_onCaptionPointerDblTap"}, "type": "method", "children": [{"attributes": {}, "type": "params", "children": [{"attributes": {"name": "e"}, "type": "param", "children": [{"attributes": {"text": "<p>double tap event</p>"}, "type": "desc"}, {"attributes": {}, "type": "types", "children": [{"attributes": {"type": "qx.event.type.Pointer"}, "type": "entry"}]}]}]}, {"attributes": {"text": "<p>Maximizes the window or restores it if it is already\nmaximized.</p>"}, "type": "desc"}]}, {"attributes": {"access": "protected", "line": 1049, "name": "_onCloseButtonTap"}, "type": "method", "children": [{"attributes": {}, "type": "params", "children": [{"attributes": {"name": "e"}, "type": "param", "children": [{"attributes": {"text": "<p>pointer pointer event</p>"}, "type": "desc"}, {"attributes": {}, "type": "types", "children": [{"attributes": {"type": "qx.event.type.Pointer"}, "type": "entry"}]}]}]}, {"attributes": {"text": "<p>Closes the window, removes all states from the close button and\nstops the further propagation of the event (calling {@link qx.event.type.Event#stopPropagation}).</p>"}, "type": "desc"}]}, {"attributes": {"access": "protected", "line": 1036, "name": "_onMaximizeButtonTap"}, "type": "method", "children": [{"attributes": {}, "type": "params", "children": [{"attributes": {"name": "e"}, "type": "param", "children": [{"attributes": {"text": "<p>pointer pointer event</p>"}, "type": "desc"}, {"attributes": {}, "type": "types", "children": [{"attributes": {"type": "qx.event.type.Pointer"}, "type": "entry"}]}]}]}, {"attributes": {"text": "<p>Maximizes the window, removes all states from the maximize button and\nstops the further propagation of the event (calling {@link qx.event.type.Event#stopPropagation}).</p>"}, "type": "desc"}]}, {"attributes": {"access": "protected", "line": 1010, "name": "_onMinimizeButtonTap"}, "type": "method", "children": [{"attributes": {}, "type": "params", "children": [{"attributes": {"name": "e"}, "type": "param", "children": [{"attributes": {"text": "<p>pointer tap event</p>"}, "type": "desc"}, {"attributes": {}, "type": "types", "children": [{"attributes": {"type": "qx.event.type.Pointer"}, "type": "entry"}]}]}]}, {"attributes": {"text": "<p>Minimizes the window, removes all states from the minimize button and\nstops the further propagation of the event (calling {@link qx.event.type.Event#stopPropagation}).</p>"}, "type": "desc"}]}, {"attributes": {"access": "protected", "line": 1023, "name": "_onRestoreButtonTap"}, "type": "method", "children": [{"attributes": {}, "type": "params", "children": [{"attributes": {"name": "e"}, "type": "param", "children": [{"attributes": {"text": "<p>pointer pointer event</p>"}, "type": "desc"}, {"attributes": {}, "type": "types", "children": [{"attributes": {"type": "qx.event.type.Pointer"}, "type": "entry"}]}]}]}, {"attributes": {"text": "<p>Restores the window, removes all states from the restore button and\nstops the further propagation of the event (calling {@link qx.event.type.Event#stopPropagation}).</p>"}, "type": "desc"}]}, {"attributes": {"access": "protected", "line": 945, "name": "_onWindowEventStop"}, "type": "method", "children": [{"attributes": {}, "type": "params", "children": [{"attributes": {"name": "e"}, "type": "param", "children": [{"attributes": {"text": "<p>any event</p>"}, "type": "desc"}, {"attributes": {}, "type": "types", "children": [{"attributes": {"type": "qx.event.type.Event"}, "type": "entry"}]}]}]}, {"attributes": {"text": "<p>Stops every event</p>"}, "type": "desc"}]}, {"attributes": {"access": "protected", "line": 966, "name": "_onWindowFocusOut"}, "type": "method", "children": [{"attributes": {}, "type": "params", "children": [{"attributes": {"name": "e"}, "type": "param", "children": [{"attributes": {"text": "<p>focus event</p>"}, "type": "desc"}, {"attributes": {}, "type": "types", "children": [{"attributes": {"type": "qx.event.type.Focus"}, "type": "entry"}]}]}]}, {"attributes": {"text": "<p>Listens to the &#8220;focusout&#8221; event to deactivate the window (if the\ncurrently focused widget is not a child of the window)</p>"}, "type": "desc"}]}, {"attributes": {"access": "protected", "line": 955, "name": "_onWindowPointerDown"}, "type": "method", "children": [{"attributes": {}, "type": "params", "children": [{"attributes": {"name": "e"}, "type": "param", "children": [{"attributes": {"text": "<p>pointer down event</p>"}, "type": "desc"}, {"attributes": {}, "type": "types", "children": [{"attributes": {"type": "qx.event.type.Pointer"}, "type": "entry"}]}]}]}, {"attributes": {"text": "<p>Focuses the window instance.</p>"}, "type": "desc"}]}, {"attributes": {"access": "protected", "line": 544, "name": "_updateCaptionBar"}, "type": "method", "children": [{"attributes": {"text": "<p>Updates the status and the visibility of each element of the captionbar.</p>"}, "type": "desc"}]}, {"attributes": {"line": 660, "name": "center"}, "type": "method", "children": [{"attributes": {"text": "<p>Centers the window to the parent.</p>\n\n<p>This call works with the size of the parent widget and the size of\nthe window as calculated in the last layout flush. It is best to call\nthis method just after rendering the window in the &#8220;resize&#8221; event:</p>\n\n<pre class=\"javascript\">\n  win.addListenerOnce(\"resize\", this.center, this);\n</pre>"}, "type": "desc"}]}, {"attributes": {"line": 625, "name": "close"}, "type": "method", "children": [{"attributes": {"text": "<p>Closes the current window instance.\nTechnically calls the {@link qx.ui.core.Widget#hide} method.</p>"}, "type": "desc"}]}, {"attributes": {"name": "getActive", "fromProperty": "active"}, "type": "method", "children": [{"attributes": {"text": "<p>Returns the (computed) value of the property <code>active</code>.</p>\n\n<p>For further details take a look at the property definition: {@link #active}.</p>"}, "type": "desc"}, {"attributes": {}, "type": "return", "children": [{"attributes": {"text": "<p>(Computed) value of <code>active</code>.</p>"}, "type": "desc"}, {"attributes": {}, "type": "types", "children": [{"attributes": {"type": "var"}, "type": "entry"}]}]}]}, {"attributes": {"name": "getAllowClose", "fromProperty": "allowClose"}, "type": "method", "children": [{"attributes": {"text": "<p>Returns the (computed) value of the property <code>allowClose</code>.</p>\n\n<p>For further details take a look at the property definition: {@link #allowClose}.</p>"}, "type": "desc"}, {"attributes": {}, "type": "return", "children": [{"attributes": {"text": "<p>(Computed) value of <code>allowClose</code>.</p>"}, "type": "desc"}, {"attributes": {}, "type": "types", "children": [{"attributes": {"type": "var"}, "type": "entry"}]}]}]}, {"attributes": {"name": "getAllowMaximize", "fromProperty": "allowMaximize"}, "type": "method", "children": [{"attributes": {"text": "<p>Returns the (computed) value of the property <code>allowMaximize</code>.</p>\n\n<p>For further details take a look at the property definition: {@link #allowMaximize}.</p>"}, "type": "desc"}, {"attributes": {}, "type": "return", "children": [{"attributes": {"text": "<p>(Computed) value of <code>allowMaximize</code>.</p>"}, "type": "desc"}, {"attributes": {}, "type": "types", "children": [{"attributes": {"type": "var"}, "type": "entry"}]}]}]}, {"attributes": {"name": "getAllowMinimize", "fromProperty": "allowMinimize"}, "type": "method", "children": [{"attributes": {"text": "<p>Returns the (computed) value of the property <code>allowMinimize</code>.</p>\n\n<p>For further details take a look at the property definition: {@link #allowMinimize}.</p>"}, "type": "desc"}, {"attributes": {}, "type": "return", "children": [{"attributes": {"text": "<p>(Computed) value of <code>allowMinimize</code>.</p>"}, "type": "desc"}, {"attributes": {}, "type": "types", "children": [{"attributes": {"type": "var"}, "type": "entry"}]}]}]}, {"attributes": {"name": "getAlwaysOnTop", "fromProperty": "alwaysOnTop"}, "type": "method", "children": [{"attributes": {"text": "<p>Returns the (computed) value of the property <code>alwaysOnTop</code>.</p>\n\n<p>For further details take a look at the property definition: {@link #alwaysOnTop}.</p>"}, "type": "desc"}, {"attributes": {}, "type": "return", "children": [{"attributes": {"text": "<p>(Computed) value of <code>alwaysOnTop</code>.</p>"}, "type": "desc"}, {"attributes": {}, "type": "types", "children": [{"attributes": {"type": "var"}, "type": "entry"}]}]}]}, {"attributes": {"name": "getCaption", "fromProperty": "caption"}, "type": "method", "children": [{"attributes": {"text": "<p>Returns the (computed) value of the property <code>caption</code>.</p>\n\n<p>For further details take a look at the property definition: {@link #caption}.</p>"}, "type": "desc"}, {"attributes": {}, "type": "return", "children": [{"attributes": {"text": "<p>(Computed) value of <code>caption</code>.</p>"}, "type": "desc"}, {"attributes": {}, "type": "types", "children": [{"attributes": {"type": "var"}, "type": "entry"}]}]}]}, {"attributes": {"line": 410, "overriddenFrom": "qx.ui.core.Widget", "name": "getChildrenContainer"}, "type": "method", "children": [{"attributes": {"text": "<p>The children container needed by the {@link qx.ui.core.MRemoteChildrenHandling}\nmixin</p>"}, "type": "desc"}, {"attributes": {}, "type": "return", "children": [{"attributes": {"text": "<p>pane sub widget</p>"}, "type": "desc"}, {"attributes": {}, "type": "types", "children": [{"attributes": {"type": "qx.ui.container.Composite"}, "type": "entry"}]}]}]}, {"attributes": {"name": "getIcon", "fromProperty": "icon"}, "type": "method", "children": [{"attributes": {"text": "<p>Returns the (computed) value of the property <code>icon</code>.</p>\n\n<p>For further details take a look at the property definition: {@link #icon}.</p>"}, "type": "desc"}, {"attributes": {}, "type": "return", "children": [{"attributes": {"text": "<p>(Computed) value of <code>icon</code>.</p>"}, "type": "desc"}, {"attributes": {}, "type": "types", "children": [{"attributes": {"type": "var"}, "type": "entry"}]}]}]}, {"attributes": {"name": "getModal", "fromProperty": "modal"}, "type": "method", "children": [{"attributes": {"text": "<p>Returns the (computed) value of the property <code>modal</code>.</p>\n\n<p>For further details take a look at the property definition: {@link #modal}.</p>"}, "type": "desc"}, {"attributes": {}, "type": "return", "children": [{"attributes": {"text": "<p>(Computed) value of <code>modal</code>.</p>"}, "type": "desc"}, {"attributes": {}, "type": "types", "children": [{"attributes": {"type": "var"}, "type": "entry"}]}]}]}, {"attributes": {"line": 835, "name": "getMode"}, "type": "method", "children": [{"attributes": {"text": "<p>Return the window mode as <code>String</code>:\n<code>&#8220;maximized&#8221;</code>, <code>&#8220;normal&#8221;</code> or <code>&#8220;minimized&#8221;</code>.</p>"}, "type": "desc"}, {"attributes": {}, "type": "return", "children": [{"attributes": {"text": "<p>The window mode as <code>String</code> value.</p>"}, "type": "desc"}, {"attributes": {}, "type": "types", "children": [{"attributes": {"type": "String"}, "type": "entry"}]}]}]}, {"attributes": {"name": "getShowClose", "fromProperty": "showClose"}, "type": "method", "children": [{"attributes": {"text": "<p>Returns the (computed) value of the property <code>showClose</code>.</p>\n\n<p>For further details take a look at the property definition: {@link #showClose}.</p>"}, "type": "desc"}, {"attributes": {}, "type": "return", "children": [{"attributes": {"text": "<p>(Computed) value of <code>showClose</code>.</p>"}, "type": "desc"}, {"attributes": {}, "type": "types", "children": [{"attributes": {"type": "var"}, "type": "entry"}]}]}]}, {"attributes": {"name": "getShowMaximize", "fromProperty": "showMaximize"}, "type": "method", "children": [{"attributes": {"text": "<p>Returns the (computed) value of the property <code>showMaximize</code>.</p>\n\n<p>For further details take a look at the property definition: {@link #showMaximize}.</p>"}, "type": "desc"}, {"attributes": {}, "type": "return", "children": [{"attributes": {"text": "<p>(Computed) value of <code>showMaximize</code>.</p>"}, "type": "desc"}, {"attributes": {}, "type": "types", "children": [{"attributes": {"type": "var"}, "type": "entry"}]}]}]}, {"attributes": {"name": "getShowMinimize", "fromProperty": "showMinimize"}, "type": "method", "children": [{"attributes": {"text": "<p>Returns the (computed) value of the property <code>showMinimize</code>.</p>\n\n<p>For further details take a look at the property definition: {@link #showMinimize}.</p>"}, "type": "desc"}, {"attributes": {}, "type": "return", "children": [{"attributes": {"text": "<p>(Computed) value of <code>showMinimize</code>.</p>"}, "type": "desc"}, {"attributes": {}, "type": "types", "children": [{"attributes": {"type": "var"}, "type": "entry"}]}]}]}, {"attributes": {"name": "getShowStatusbar", "fromProperty": "showStatusbar"}, "type": "method", "children": [{"attributes": {"text": "<p>Returns the (computed) value of the property <code>showStatusbar</code>.</p>\n\n<p>For further details take a look at the property definition: {@link #showStatusbar}.</p>"}, "type": "desc"}, {"attributes": {}, "type": "return", "children": [{"attributes": {"text": "<p>(Computed) value of <code>showStatusbar</code>.</p>"}, "type": "desc"}, {"attributes": {}, "type": "types", "children": [{"attributes": {"type": "var"}, "type": "entry"}]}]}]}, {"attributes": {"name": "getStatus", "fromProperty": "status"}, "type": "method", "children": [{"attributes": {"text": "<p>Returns the (computed) value of the property <code>status</code>.</p>\n\n<p>For further details take a look at the property definition: {@link #status}.</p>"}, "type": "desc"}, {"attributes": {}, "type": "return", "children": [{"attributes": {"text": "<p>(Computed) value of <code>status</code>.</p>"}, "type": "desc"}, {"attributes": {}, "type": "types", "children": [{"attributes": {"type": "var"}, "type": "entry"}]}]}]}, {"attributes": {"access": "protected", "name": "initActive", "fromProperty": "active"}, "type": "method", "children": [{"attributes": {}, "type": "params", "children": [{"attributes": {"name": "value"}, "type": "param", "children": [{"attributes": {"text": "<p>Initial value for property <code>active</code>.</p>"}, "type": "desc"}, {"attributes": {}, "type": "types", "children": [{"attributes": {"type": "var"}, "type": "entry"}]}]}]}, {"attributes": {"text": "<p>Calls the apply method and dispatches the change event of the property <code>active</code>\nwith the default value defined by the class developer. This function can\nonly be called from the constructor of a class.</p>\n\n<p>For further details take a look at the property definition: {@link #active}.</p>"}, "type": "desc"}, {"attributes": {}, "type": "return", "children": [{"attributes": {"text": "<p>the default value</p>"}, "type": "desc"}, {"attributes": {}, "type": "types", "children": [{"attributes": {"type": "var"}, "type": "entry"}]}]}]}, {"attributes": {"access": "protected", "name": "initAllowClose", "fromProperty": "allowClose"}, "type": "method", "children": [{"attributes": {}, "type": "params", "children": [{"attributes": {"name": "value"}, "type": "param", "children": [{"attributes": {"text": "<p>Initial value for property <code>allowClose</code>.</p>"}, "type": "desc"}, {"attributes": {}, "type": "types", "children": [{"attributes": {"type": "var"}, "type": "entry"}]}]}]}, {"attributes": {"text": "<p>Calls the apply method and dispatches the change event of the property <code>allowClose</code>\nwith the default value defined by the class developer. This function can\nonly be called from the constructor of a class.</p>\n\n<p>For further details take a look at the property definition: {@link #allowClose}.</p>"}, "type": "desc"}, {"attributes": {}, "type": "return", "children": [{"attributes": {"text": "<p>the default value</p>"}, "type": "desc"}, {"attributes": {}, "type": "types", "children": [{"attributes": {"type": "var"}, "type": "entry"}]}]}]}, {"attributes": {"access": "protected", "name": "initAllowMaximize", "fromProperty": "allowMaximize"}, "type": "method", "children": [{"attributes": {}, "type": "params", "children": [{"attributes": {"name": "value"}, "type": "param", "children": [{"attributes": {"text": "<p>Initial value for property <code>allowMaximize</code>.</p>"}, "type": "desc"}, {"attributes": {}, "type": "types", "children": [{"attributes": {"type": "var"}, "type": "entry"}]}]}]}, {"attributes": {"text": "<p>Calls the apply method and dispatches the change event of the property <code>allowMaximize</code>\nwith the default value defined by the class developer. This function can\nonly be called from the constructor of a class.</p>\n\n<p>For further details take a look at the property definition: {@link #allowMaximize}.</p>"}, "type": "desc"}, {"attributes": {}, "type": "return", "children": [{"attributes": {"text": "<p>the default value</p>"}, "type": "desc"}, {"attributes": {}, "type": "types", "children": [{"attributes": {"type": "var"}, "type": "entry"}]}]}]}, {"attributes": {"access": "protected", "name": "initAllowMinimize", "fromProperty": "allowMinimize"}, "type": "method", "children": [{"attributes": {}, "type": "params", "children": [{"attributes": {"name": "value"}, "type": "param", "children": [{"attributes": {"text": "<p>Initial value for property <code>allowMinimize</code>.</p>"}, "type": "desc"}, {"attributes": {}, "type": "types", "children": [{"attributes": {"type": "var"}, "type": "entry"}]}]}]}, {"attributes": {"text": "<p>Calls the apply method and dispatches the change event of the property <code>allowMinimize</code>\nwith the default value defined by the class developer. This function can\nonly be called from the constructor of a class.</p>\n\n<p>For further details take a look at the property definition: {@link #allowMinimize}.</p>"}, "type": "desc"}, {"attributes": {}, "type": "return", "children": [{"attributes": {"text": "<p>the default value</p>"}, "type": "desc"}, {"attributes": {}, "type": "types", "children": [{"attributes": {"type": "var"}, "type": "entry"}]}]}]}, {"attributes": {"access": "protected", "name": "initAlwaysOnTop", "fromProperty": "alwaysOnTop"}, "type": "method", "children": [{"attributes": {}, "type": "params", "children": [{"attributes": {"name": "value"}, "type": "param", "children": [{"attributes": {"text": "<p>Initial value for property <code>alwaysOnTop</code>.</p>"}, "type": "desc"}, {"attributes": {}, "type": "types", "children": [{"attributes": {"type": "var"}, "type": "entry"}]}]}]}, {"attributes": {"text": "<p>Calls the apply method and dispatches the change event of the property <code>alwaysOnTop</code>\nwith the default value defined by the class developer. This function can\nonly be called from the constructor of a class.</p>\n\n<p>For further details take a look at the property definition: {@link #alwaysOnTop}.</p>"}, "type": "desc"}, {"attributes": {}, "type": "return", "children": [{"attributes": {"text": "<p>the default value</p>"}, "type": "desc"}, {"attributes": {}, "type": "types", "children": [{"attributes": {"type": "var"}, "type": "entry"}]}]}]}, {"attributes": {"access": "protected", "name": "initCaption", "fromProperty": "caption"}, "type": "method", "children": [{"attributes": {}, "type": "params", "children": [{"attributes": {"name": "value"}, "type": "param", "children": [{"attributes": {"text": "<p>Initial value for property <code>caption</code>.</p>"}, "type": "desc"}, {"attributes": {}, "type": "types", "children": [{"attributes": {"type": "var"}, "type": "entry"}]}]}]}, {"attributes": {"text": "<p>Calls the apply method and dispatches the change event of the property <code>caption</code>\nwith the default value defined by the class developer. This function can\nonly be called from the constructor of a class.</p>\n\n<p>For further details take a look at the property definition: {@link #caption}.</p>"}, "type": "desc"}, {"attributes": {}, "type": "return", "children": [{"attributes": {"text": "<p>the default value</p>"}, "type": "desc"}, {"attributes": {}, "type": "types", "children": [{"attributes": {"type": "var"}, "type": "entry"}]}]}]}, {"attributes": {"access": "protected", "name": "initIcon", "fromProperty": "icon"}, "type": "method", "children": [{"attributes": {}, "type": "params", "children": [{"attributes": {"name": "value"}, "type": "param", "children": [{"attributes": {"text": "<p>Initial value for property <code>icon</code>.</p>"}, "type": "desc"}, {"attributes": {}, "type": "types", "children": [{"attributes": {"type": "var"}, "type": "entry"}]}]}]}, {"attributes": {"text": "<p>Calls the apply method and dispatches the change event of the property <code>icon</code>\nwith the default value defined by the class developer. This function can\nonly be called from the constructor of a class.</p>\n\n<p>For further details take a look at the property definition: {@link #icon}.</p>"}, "type": "desc"}, {"attributes": {}, "type": "return", "children": [{"attributes": {"text": "<p>the default value</p>"}, "type": "desc"}, {"attributes": {}, "type": "types", "children": [{"attributes": {"type": "var"}, "type": "entry"}]}]}]}, {"attributes": {"access": "protected", "name": "initModal", "fromProperty": "modal"}, "type": "method", "children": [{"attributes": {}, "type": "params", "children": [{"attributes": {"name": "value"}, "type": "param", "children": [{"attributes": {"text": "<p>Initial value for property <code>modal</code>.</p>"}, "type": "desc"}, {"attributes": {}, "type": "types", "children": [{"attributes": {"type": "var"}, "type": "entry"}]}]}]}, {"attributes": {"text": "<p>Calls the apply method and dispatches the change event of the property <code>modal</code>\nwith the default value defined by the class developer. This function can\nonly be called from the constructor of a class.</p>\n\n<p>For further details take a look at the property definition: {@link #modal}.</p>"}, "type": "desc"}, {"attributes": {}, "type": "return", "children": [{"attributes": {"text": "<p>the default value</p>"}, "type": "desc"}, {"attributes": {}, "type": "types", "children": [{"attributes": {"type": "var"}, "type": "entry"}]}]}]}, {"attributes": {"access": "protected", "name": "initShowClose", "fromProperty": "showClose"}, "type": "method", "children": [{"attributes": {}, "type": "params", "children": [{"attributes": {"name": "value"}, "type": "param", "children": [{"attributes": {"text": "<p>Initial value for property <code>showClose</code>.</p>"}, "type": "desc"}, {"attributes": {}, "type": "types", "children": [{"attributes": {"type": "var"}, "type": "entry"}]}]}]}, {"attributes": {"text": "<p>Calls the apply method and dispatches the change event of the property <code>showClose</code>\nwith the default value defined by the class developer. This function can\nonly be called from the constructor of a class.</p>\n\n<p>For further details take a look at the property definition: {@link #showClose}.</p>"}, "type": "desc"}, {"attributes": {}, "type": "return", "children": [{"attributes": {"text": "<p>the default value</p>"}, "type": "desc"}, {"attributes": {}, "type": "types", "children": [{"attributes": {"type": "var"}, "type": "entry"}]}]}]}, {"attributes": {"access": "protected", "name": "initShowMaximize", "fromProperty": "showMaximize"}, "type": "method", "children": [{"attributes": {}, "type": "params", "children": [{"attributes": {"name": "value"}, "type": "param", "children": [{"attributes": {"text": "<p>Initial value for property <code>showMaximize</code>.</p>"}, "type": "desc"}, {"attributes": {}, "type": "types", "children": [{"attributes": {"type": "var"}, "type": "entry"}]}]}]}, {"attributes": {"text": "<p>Calls the apply method and dispatches the change event of the property <code>showMaximize</code>\nwith the default value defined by the class developer. This function can\nonly be called from the constructor of a class.</p>\n\n<p>For further details take a look at the property definition: {@link #showMaximize}.</p>"}, "type": "desc"}, {"attributes": {}, "type": "return", "children": [{"attributes": {"text": "<p>the default value</p>"}, "type": "desc"}, {"attributes": {}, "type": "types", "children": [{"attributes": {"type": "var"}, "type": "entry"}]}]}]}, {"attributes": {"access": "protected", "name": "initShowMinimize", "fromProperty": "showMinimize"}, "type": "method", "children": [{"attributes": {}, "type": "params", "children": [{"attributes": {"name": "value"}, "type": "param", "children": [{"attributes": {"text": "<p>Initial value for property <code>showMinimize</code>.</p>"}, "type": "desc"}, {"attributes": {}, "type": "types", "children": [{"attributes": {"type": "var"}, "type": "entry"}]}]}]}, {"attributes": {"text": "<p>Calls the apply method and dispatches the change event of the property <code>showMinimize</code>\nwith the default value defined by the class developer. This function can\nonly be called from the constructor of a class.</p>\n\n<p>For further details take a look at the property definition: {@link #showMinimize}.</p>"}, "type": "desc"}, {"attributes": {}, "type": "return", "children": [{"attributes": {"text": "<p>the default value</p>"}, "type": "desc"}, {"attributes": {}, "type": "types", "children": [{"attributes": {"type": "var"}, "type": "entry"}]}]}]}, {"attributes": {"access": "protected", "name": "initShowStatusbar", "fromProperty": "showStatusbar"}, "type": "method", "children": [{"attributes": {}, "type": "params", "children": [{"attributes": {"name": "value"}, "type": "param", "children": [{"attributes": {"text": "<p>Initial value for property <code>showStatusbar</code>.</p>"}, "type": "desc"}, {"attributes": {}, "type": "types", "children": [{"attributes": {"type": "var"}, "type": "entry"}]}]}]}, {"attributes": {"text": "<p>Calls the apply method and dispatches the change event of the property <code>showStatusbar</code>\nwith the default value defined by the class developer. This function can\nonly be called from the constructor of a class.</p>\n\n<p>For further details take a look at the property definition: {@link #showStatusbar}.</p>"}, "type": "desc"}, {"attributes": {}, "type": "return", "children": [{"attributes": {"text": "<p>the default value</p>"}, "type": "desc"}, {"attributes": {}, "type": "types", "children": [{"attributes": {"type": "var"}, "type": "entry"}]}]}]}, {"attributes": {"access": "protected", "name": "initStatus", "fromProperty": "status"}, "type": "method", "children": [{"attributes": {}, "type": "params", "children": [{"attributes": {"name": "value"}, "type": "param", "children": [{"attributes": {"text": "<p>Initial value for property <code>status</code>.</p>"}, "type": "desc"}, {"attributes": {}, "type": "types", "children": [{"attributes": {"type": "var"}, "type": "entry"}]}]}]}, {"attributes": {"text": "<p>Calls the apply method and dispatches the change event of the property <code>status</code>\nwith the default value defined by the class developer. This function can\nonly be called from the constructor of a class.</p>\n\n<p>For further details take a look at the property definition: {@link #status}.</p>"}, "type": "desc"}, {"attributes": {}, "type": "return", "children": [{"attributes": {"text": "<p>the default value</p>"}, "type": "desc"}, {"attributes": {}, "type": "types", "children": [{"attributes": {"type": "var"}, "type": "entry"}]}]}]}, {"attributes": {"name": "isActive", "fromProperty": "active"}, "type": "method", "children": [{"attributes": {"text": "<p>Check whether the (computed) value of the boolean property <code>active</code> equals <code>true</code>.</p>\n\n<p>For further details take a look at the property definition: {@link #active}.</p>"}, "type": "desc"}, {"attributes": {}, "type": "return", "children": [{"attributes": {"text": "<p>Whether the property equals <code>true</code>.</p>"}, "type": "desc"}, {"attributes": {}, "type": "types", "children": [{"attributes": {"type": "Boolean"}, "type": "entry"}]}]}]}, {"attributes": {"name": "isAllowClose", "fromProperty": "allowClose"}, "type": "method", "children": [{"attributes": {"text": "<p>Check whether the (computed) value of the boolean property <code>allowClose</code> equals <code>true</code>.</p>\n\n<p>For further details take a look at the property definition: {@link #allowClose}.</p>"}, "type": "desc"}, {"attributes": {}, "type": "return", "children": [{"attributes": {"text": "<p>Whether the property equals <code>true</code>.</p>"}, "type": "desc"}, {"attributes": {}, "type": "types", "children": [{"attributes": {"type": "Boolean"}, "type": "entry"}]}]}]}, {"attributes": {"name": "isAllowMaximize", "fromProperty": "allowMaximize"}, "type": "method", "children": [{"attributes": {"text": "<p>Check whether the (computed) value of the boolean property <code>allowMaximize</code> equals <code>true</code>.</p>\n\n<p>For further details take a look at the property definition: {@link #allowMaximize}.</p>"}, "type": "desc"}, {"attributes": {}, "type": "return", "children": [{"attributes": {"text": "<p>Whether the property equals <code>true</code>.</p>"}, "type": "desc"}, {"attributes": {}, "type": "types", "children": [{"attributes": {"type": "Boolean"}, "type": "entry"}]}]}]}, {"attributes": {"name": "isAllowMinimize", "fromProperty": "allowMinimize"}, "type": "method", "children": [{"attributes": {"text": "<p>Check whether the (computed) value of the boolean property <code>allowMinimize</code> equals <code>true</code>.</p>\n\n<p>For further details take a look at the property definition: {@link #allowMinimize}.</p>"}, "type": "desc"}, {"attributes": {}, "type": "return", "children": [{"attributes": {"text": "<p>Whether the property equals <code>true</code>.</p>"}, "type": "desc"}, {"attributes": {}, "type": "types", "children": [{"attributes": {"type": "Boolean"}, "type": "entry"}]}]}]}, {"attributes": {"name": "isAlwaysOnTop", "fromProperty": "alwaysOnTop"}, "type": "method", "children": [{"attributes": {"text": "<p>Check whether the (computed) value of the boolean property <code>alwaysOnTop</code> equals <code>true</code>.</p>\n\n<p>For further details take a look at the property definition: {@link #alwaysOnTop}.</p>"}, "type": "desc"}, {"attributes": {}, "type": "return", "children": [{"attributes": {"text": "<p>Whether the property equals <code>true</code>.</p>"}, "type": "desc"}, {"attributes": {}, "type": "types", "children": [{"attributes": {"type": "Boolean"}, "type": "entry"}]}]}]}, {"attributes": {"line": 824, "name": "isMaximized"}, "type": "method", "children": [{"attributes": {"text": "<p>Return <code>true</code> if the window is in maximized state,\nbut note that the window in maximized state could also be invisible, this\nis equivalent to minimized. So use the {@link qx.ui.window.Window#getMode}\nto get the window mode.</p>"}, "type": "desc"}, {"attributes": {}, "type": "return", "children": [{"attributes": {"text": "<code>true</code> if the window is maximized, <code>false</code> otherwise."}, "type": "desc"}, {"attributes": {}, "type": "types", "children": [{"attributes": {"type": "Boolean"}, "type": "entry"}]}]}]}, {"attributes": {"name": "isModal", "fromProperty": "modal"}, "type": "method", "children": [{"attributes": {"text": "<p>Check whether the (computed) value of the boolean property <code>modal</code> equals <code>true</code>.</p>\n\n<p>For further details take a look at the property definition: {@link #modal}.</p>"}, "type": "desc"}, {"attributes": {}, "type": "return", "children": [{"attributes": {"text": "<p>Whether the property equals <code>true</code>.</p>"}, "type": "desc"}, {"attributes": {}, "type": "types", "children": [{"attributes": {"type": "Boolean"}, "type": "entry"}]}]}]}, {"attributes": {"name": "isShowClose", "fromProperty": "showClose"}, "type": "method", "children": [{"attributes": {"text": "<p>Check whether the (computed) value of the boolean property <code>showClose</code> equals <code>true</code>.</p>\n\n<p>For further details take a look at the property definition: {@link #showClose}.</p>"}, "type": "desc"}, {"attributes": {}, "type": "return", "children": [{"attributes": {"text": "<p>Whether the property equals <code>true</code>.</p>"}, "type": "desc"}, {"attributes": {}, "type": "types", "children": [{"attributes": {"type": "Boolean"}, "type": "entry"}]}]}]}, {"attributes": {"name": "isShowMaximize", "fromProperty": "showMaximize"}, "type": "method", "children": [{"attributes": {"text": "<p>Check whether the (computed) value of the boolean property <code>showMaximize</code> equals <code>true</code>.</p>\n\n<p>For further details take a look at the property definition: {@link #showMaximize}.</p>"}, "type": "desc"}, {"attributes": {}, "type": "return", "children": [{"attributes": {"text": "<p>Whether the property equals <code>true</code>.</p>"}, "type": "desc"}, {"attributes": {}, "type": "types", "children": [{"attributes": {"type": "Boolean"}, "type": "entry"}]}]}]}, {"attributes": {"name": "isShowMinimize", "fromProperty": "showMinimize"}, "type": "method", "children": [{"attributes": {"text": "<p>Check whether the (computed) value of the boolean property <code>showMinimize</code> equals <code>true</code>.</p>\n\n<p>For further details take a look at the property definition: {@link #showMinimize}.</p>"}, "type": "desc"}, {"attributes": {}, "type": "return", "children": [{"attributes": {"text": "<p>Whether the property equals <code>true</code>.</p>"}, "type": "desc"}, {"attributes": {}, "type": "types", "children": [{"attributes": {"type": "Boolean"}, "type": "entry"}]}]}]}, {"attributes": {"name": "isShowStatusbar", "fromProperty": "showStatusbar"}, "type": "method", "children": [{"attributes": {"text": "<p>Check whether the (computed) value of the boolean property <code>showStatusbar</code> equals <code>true</code>.</p>\n\n<p>For further details take a look at the property definition: {@link #showStatusbar}.</p>"}, "type": "desc"}, {"attributes": {}, "type": "return", "children": [{"attributes": {"text": "<p>Whether the property equals <code>true</code>.</p>"}, "type": "desc"}, {"attributes": {}, "type": "types", "children": [{"attributes": {"type": "Boolean"}, "type": "entry"}]}]}]}, {"attributes": {"line": 693, "name": "maximize"}, "type": "method", "children": [{"attributes": {"text": "<p>Maximize the window.</p>"}, "type": "desc"}]}, {"attributes": {"line": 739, "name": "minimize"}, "type": "method", "children": [{"attributes": {"text": "<p>Minimized the window.</p>"}, "type": "desc"}]}, {"attributes": {"line": 803, "name": "moveTo"}, "type": "method", "children": [{"attributes": {}, "type": "params", "children": [{"attributes": {"name": "left"}, "type": "param", "children": [{"attributes": {"text": "<p>The left position</p>"}, "type": "desc"}, {"attributes": {}, "type": "types", "children": [{"attributes": {"type": "Integer"}, "type": "entry"}]}]}, {"attributes": {"name": "top"}, "type": "param", "children": [{"attributes": {"text": "<p>The top position</p>"}, "type": "desc"}, {"attributes": {}, "type": "types", "children": [{"attributes": {"type": "Integer"}, "type": "entry"}]}]}]}, {"attributes": {"text": "<p>Set the window&#8217;s position relative to its parent</p>"}, "type": "desc"}]}, {"attributes": {"line": 642, "name": "open"}, "type": "method", "children": [{"attributes": {"text": "<p>Opens the window.</p>"}, "type": "desc"}]}, {"attributes": {"name": "resetActive", "fromProperty": "active"}, "type": "method", "children": [{"attributes": {"text": "<p>Resets the user value of the property <code>active</code>.</p>\n\n<p>The computed value falls back to the next available value e.g. appearance, init or\ninheritance value depeneding on the property configuration and value availability.</p>\n\n<p>For further details take a look at the property definition: {@link #active}.</p>"}, "type": "desc"}]}, {"attributes": {"name": "resetAllowClose", "fromProperty": "allowClose"}, "type": "method", "children": [{"attributes": {"text": "<p>Resets the user value of the property <code>allowClose</code>.</p>\n\n<p>The computed value falls back to the next available value e.g. appearance, init or\ninheritance value depeneding on the property configuration and value availability.</p>\n\n<p>For further details take a look at the property definition: {@link #allowClose}.</p>"}, "type": "desc"}]}, {"attributes": {"name": "resetAllowMaximize", "fromProperty": "allowMaximize"}, "type": "method", "children": [{"attributes": {"text": "<p>Resets the user value of the property <code>allowMaximize</code>.</p>\n\n<p>The computed value falls back to the next available value e.g. appearance, init or\ninheritance value depeneding on the property configuration and value availability.</p>\n\n<p>For further details take a look at the property definition: {@link #allowMaximize}.</p>"}, "type": "desc"}]}, {"attributes": {"name": "resetAllowMinimize", "fromProperty": "allowMinimize"}, "type": "method", "children": [{"attributes": {"text": "<p>Resets the user value of the property <code>allowMinimize</code>.</p>\n\n<p>The computed value falls back to the next available value e.g. appearance, init or\ninheritance value depeneding on the property configuration and value availability.</p>\n\n<p>For further details take a look at the property definition: {@link #allowMinimize}.</p>"}, "type": "desc"}]}, {"attributes": {"name": "resetAlwaysOnTop", "fromProperty": "alwaysOnTop"}, "type": "method", "children": [{"attributes": {"text": "<p>Resets the user value of the property <code>alwaysOnTop</code>.</p>\n\n<p>The computed value falls back to the next available value e.g. appearance, init or\ninheritance value depeneding on the property configuration and value availability.</p>\n\n<p>For further details take a look at the property definition: {@link #alwaysOnTop}.</p>"}, "type": "desc"}]}, {"attributes": {"name": "resetCaption", "fromProperty": "caption"}, "type": "method", "children": [{"attributes": {"text": "<p>Resets the user value of the property <code>caption</code>.</p>\n\n<p>The computed value falls back to the next available value e.g. appearance, init or\ninheritance value depeneding on the property configuration and value availability.</p>\n\n<p>For further details take a look at the property definition: {@link #caption}.</p>"}, "type": "desc"}]}, {"attributes": {"name": "resetIcon", "fromProperty": "icon"}, "type": "method", "children": [{"attributes": {"text": "<p>Resets the user value of the property <code>icon</code>.</p>\n\n<p>The computed value falls back to the next available value e.g. appearance, init or\ninheritance value depeneding on the property configuration and value availability.</p>\n\n<p>For further details take a look at the property definition: {@link #icon}.</p>"}, "type": "desc"}]}, {"attributes": {"name": "resetModal", "fromProperty": "modal"}, "type": "method", "children": [{"attributes": {"text": "<p>Resets the user value of the property <code>modal</code>.</p>\n\n<p>The computed value falls back to the next available value e.g. appearance, init or\ninheritance value depeneding on the property configuration and value availability.</p>\n\n<p>For further details take a look at the property definition: {@link #modal}.</p>"}, "type": "desc"}]}, {"attributes": {"name": "resetShowClose", "fromProperty": "showClose"}, "type": "method", "children": [{"attributes": {"text": "<p>Resets the user value of the property <code>showClose</code>.</p>\n\n<p>The computed value falls back to the next available value e.g. appearance, init or\ninheritance value depeneding on the property configuration and value availability.</p>\n\n<p>For further details take a look at the property definition: {@link #showClose}.</p>"}, "type": "desc"}]}, {"attributes": {"name": "resetShowMaximize", "fromProperty": "showMaximize"}, "type": "method", "children": [{"attributes": {"text": "<p>Resets the user value of the property <code>showMaximize</code>.</p>\n\n<p>The computed value falls back to the next available value e.g. appearance, init or\ninheritance value depeneding on the property configuration and value availability.</p>\n\n<p>For further details take a look at the property definition: {@link #showMaximize}.</p>"}, "type": "desc"}]}, {"attributes": {"name": "resetShowMinimize", "fromProperty": "showMinimize"}, "type": "method", "children": [{"attributes": {"text": "<p>Resets the user value of the property <code>showMinimize</code>.</p>\n\n<p>The computed value falls back to the next available value e.g. appearance, init or\ninheritance value depeneding on the property configuration and value availability.</p>\n\n<p>For further details take a look at the property definition: {@link #showMinimize}.</p>"}, "type": "desc"}]}, {"attributes": {"name": "resetShowStatusbar", "fromProperty": "showStatusbar"}, "type": "method", "children": [{"attributes": {"text": "<p>Resets the user value of the property <code>showStatusbar</code>.</p>\n\n<p>The computed value falls back to the next available value e.g. appearance, init or\ninheritance value depeneding on the property configuration and value availability.</p>\n\n<p>For further details take a look at the property definition: {@link #showStatusbar}.</p>"}, "type": "desc"}]}, {"attributes": {"name": "resetStatus", "fromProperty": "status"}, "type": "method", "children": [{"attributes": {"text": "<p>Resets the user value of the property <code>status</code>.</p>\n\n<p>The computed value falls back to the next available value e.g. appearance, init or\ninheritance value depeneding on the property configuration and value availability.</p>\n\n<p>For further details take a look at the property definition: {@link #status}.</p>"}, "type": "desc"}]}, {"attributes": {"line": 763, "name": "restore"}, "type": "method", "children": [{"attributes": {"text": "<p>Restore the window to <code>&#8220;normal&#8221;</code>, if it is\n<code>&#8220;maximized&#8221;</code> or <code>&#8220;minimized&#8221;</code>.</p>"}, "type": "desc"}]}, {"attributes": {"name": "setActive", "fromProperty": "active"}, "type": "method", "children": [{"attributes": {}, "type": "params", "children": [{"attributes": {"name": "value"}, "type": "param", "children": [{"attributes": {"text": "<p>New value for property <code>active</code>.</p>"}, "type": "desc"}, {"attributes": {}, "type": "types", "children": [{"attributes": {"type": "var"}, "type": "entry"}]}]}]}, {"attributes": {"text": "<p>Sets the user value of the property <code>active</code>.</p>\n\n<p>For further details take a look at the property definition: {@link #active}.</p>"}, "type": "desc"}, {"attributes": {}, "type": "return", "children": [{"attributes": {"text": "<p>The unmodified incoming value.</p>"}, "type": "desc"}, {"attributes": {}, "type": "types", "children": [{"attributes": {"type": "var"}, "type": "entry"}]}]}]}, {"attributes": {"name": "setAllowClose", "fromProperty": "allowClose"}, "type": "method", "children": [{"attributes": {}, "type": "params", "children": [{"attributes": {"name": "value"}, "type": "param", "children": [{"attributes": {"text": "<p>New value for property <code>allowClose</code>.</p>"}, "type": "desc"}, {"attributes": {}, "type": "types", "children": [{"attributes": {"type": "var"}, "type": "entry"}]}]}]}, {"attributes": {"text": "<p>Sets the user value of the property <code>allowClose</code>.</p>\n\n<p>For further details take a look at the property definition: {@link #allowClose}.</p>"}, "type": "desc"}, {"attributes": {}, "type": "return", "children": [{"attributes": {"text": "<p>The unmodified incoming value.</p>"}, "type": "desc"}, {"attributes": {}, "type": "types", "children": [{"attributes": {"type": "var"}, "type": "entry"}]}]}]}, {"attributes": {"name": "setAllowMaximize", "fromProperty": "allowMaximize"}, "type": "method", "children": [{"attributes": {}, "type": "params", "children": [{"attributes": {"name": "value"}, "type": "param", "children": [{"attributes": {"text": "<p>New value for property <code>allowMaximize</code>.</p>"}, "type": "desc"}, {"attributes": {}, "type": "types", "children": [{"attributes": {"type": "var"}, "type": "entry"}]}]}]}, {"attributes": {"text": "<p>Sets the user value of the property <code>allowMaximize</code>.</p>\n\n<p>For further details take a look at the property definition: {@link #allowMaximize}.</p>"}, "type": "desc"}, {"attributes": {}, "type": "return", "children": [{"attributes": {"text": "<p>The unmodified incoming value.</p>"}, "type": "desc"}, {"attributes": {}, "type": "types", "children": [{"attributes": {"type": "var"}, "type": "entry"}]}]}]}, {"attributes": {"name": "setAllowMinimize", "fromProperty": "allowMinimize"}, "type": "method", "children": [{"attributes": {}, "type": "params", "children": [{"attributes": {"name": "value"}, "type": "param", "children": [{"attributes": {"text": "<p>New value for property <code>allowMinimize</code>.</p>"}, "type": "desc"}, {"attributes": {}, "type": "types", "children": [{"attributes": {"type": "var"}, "type": "entry"}]}]}]}, {"attributes": {"text": "<p>Sets the user value of the property <code>allowMinimize</code>.</p>\n\n<p>For further details take a look at the property definition: {@link #allowMinimize}.</p>"}, "type": "desc"}, {"attributes": {}, "type": "return", "children": [{"attributes": {"text": "<p>The unmodified incoming value.</p>"}, "type": "desc"}, {"attributes": {}, "type": "types", "children": [{"attributes": {"type": "var"}, "type": "entry"}]}]}]}, {"attributes": {"name": "setAlwaysOnTop", "fromProperty": "alwaysOnTop"}, "type": "method", "children": [{"attributes": {}, "type": "params", "children": [{"attributes": {"name": "value"}, "type": "param", "children": [{"attributes": {"text": "<p>New value for property <code>alwaysOnTop</code>.</p>"}, "type": "desc"}, {"attributes": {}, "type": "types", "children": [{"attributes": {"type": "var"}, "type": "entry"}]}]}]}, {"attributes": {"text": "<p>Sets the user value of the property <code>alwaysOnTop</code>.</p>\n\n<p>For further details take a look at the property definition: {@link #alwaysOnTop}.</p>"}, "type": "desc"}, {"attributes": {}, "type": "return", "children": [{"attributes": {"text": "<p>The unmodified incoming value.</p>"}, "type": "desc"}, {"attributes": {}, "type": "types", "children": [{"attributes": {"type": "var"}, "type": "entry"}]}]}]}, {"attributes": {"name": "setCaption", "fromProperty": "caption"}, "type": "method", "children": [{"attributes": {}, "type": "params", "children": [{"attributes": {"name": "value"}, "type": "param", "children": [{"attributes": {"text": "<p>New value for property <code>caption</code>.</p>"}, "type": "desc"}, {"attributes": {}, "type": "types", "children": [{"attributes": {"type": "var"}, "type": "entry"}]}]}]}, {"attributes": {"text": "<p>Sets the user value of the property <code>caption</code>.</p>\n\n<p>For further details take a look at the property definition: {@link #caption}.</p>"}, "type": "desc"}, {"attributes": {}, "type": "return", "children": [{"attributes": {"text": "<p>The unmodified incoming value.</p>"}, "type": "desc"}, {"attributes": {}, "type": "types", "children": [{"attributes": {"type": "var"}, "type": "entry"}]}]}]}, {"attributes": {"name": "setIcon", "fromProperty": "icon"}, "type": "method", "children": [{"attributes": {}, "type": "params", "children": [{"attributes": {"name": "value"}, "type": "param", "children": [{"attributes": {"text": "<p>New value for property <code>icon</code>.</p>"}, "type": "desc"}, {"attributes": {}, "type": "types", "children": [{"attributes": {"type": "var"}, "type": "entry"}]}]}]}, {"attributes": {"text": "<p>Sets the user value of the property <code>icon</code>.</p>\n\n<p>For further details take a look at the property definition: {@link #icon}.</p>"}, "type": "desc"}, {"attributes": {}, "type": "return", "children": [{"attributes": {"text": "<p>The unmodified incoming value.</p>"}, "type": "desc"}, {"attributes": {}, "type": "types", "children": [{"attributes": {"type": "var"}, "type": "entry"}]}]}]}, {"attributes": {"docFrom": "qx.ui.core.LayoutItem", "line": 429, "overriddenFrom": "qx.ui.core.Widget", "name": "setLayoutParent"}, "type": "method", "children": [{"attributes": {}, "type": "params", "children": [{"attributes": {"name": "parent"}, "type": "param"}]}]}, {"attributes": {"name": "setModal", "fromProperty": "modal"}, "type": "method", "children": [{"attributes": {}, "type": "params", "children": [{"attributes": {"name": "value"}, "type": "param", "children": [{"attributes": {"text": "<p>New value for property <code>modal</code>.</p>"}, "type": "desc"}, {"attributes": {}, "type": "types", "children": [{"attributes": {"type": "var"}, "type": "entry"}]}]}]}, {"attributes": {"text": "<p>Sets the user value of the property <code>modal</code>.</p>\n\n<p>For further details take a look at the property definition: {@link #modal}.</p>"}, "type": "desc"}, {"attributes": {}, "type": "return", "children": [{"attributes": {"text": "<p>The unmodified incoming value.</p>"}, "type": "desc"}, {"attributes": {}, "type": "types", "children": [{"attributes": {"type": "var"}, "type": "entry"}]}]}]}, {"attributes": {"name": "setShowClose", "fromProperty": "showClose"}, "type": "method", "children": [{"attributes": {}, "type": "params", "children": [{"attributes": {"name": "value"}, "type": "param", "children": [{"attributes": {"text": "<p>New value for property <code>showClose</code>.</p>"}, "type": "desc"}, {"attributes": {}, "type": "types", "children": [{"attributes": {"type": "var"}, "type": "entry"}]}]}]}, {"attributes": {"text": "<p>Sets the user value of the property <code>showClose</code>.</p>\n\n<p>For further details take a look at the property definition: {@link #showClose}.</p>"}, "type": "desc"}, {"attributes": {}, "type": "return", "children": [{"attributes": {"text": "<p>The unmodified incoming value.</p>"}, "type": "desc"}, {"attributes": {}, "type": "types", "children": [{"attributes": {"type": "var"}, "type": "entry"}]}]}]}, {"attributes": {"name": "setShowMaximize", "fromProperty": "showMaximize"}, "type": "method", "children": [{"attributes": {}, "type": "params", "children": [{"attributes": {"name": "value"}, "type": "param", "children": [{"attributes": {"text": "<p>New value for property <code>showMaximize</code>.</p>"}, "type": "desc"}, {"attributes": {}, "type": "types", "children": [{"attributes": {"type": "var"}, "type": "entry"}]}]}]}, {"attributes": {"text": "<p>Sets the user value of the property <code>showMaximize</code>.</p>\n\n<p>For further details take a look at the property definition: {@link #showMaximize}.</p>"}, "type": "desc"}, {"attributes": {}, "type": "return", "children": [{"attributes": {"text": "<p>The unmodified incoming value.</p>"}, "type": "desc"}, {"attributes": {}, "type": "types", "children": [{"attributes": {"type": "var"}, "type": "entry"}]}]}]}, {"attributes": {"name": "setShowMinimize", "fromProperty": "showMinimize"}, "type": "method", "children": [{"attributes": {}, "type": "params", "children": [{"attributes": {"name": "value"}, "type": "param", "children": [{"attributes": {"text": "<p>New value for property <code>showMinimize</code>.</p>"}, "type": "desc"}, {"attributes": {}, "type": "types", "children": [{"attributes": {"type": "var"}, "type": "entry"}]}]}]}, {"attributes": {"text": "<p>Sets the user value of the property <code>showMinimize</code>.</p>\n\n<p>For further details take a look at the property definition: {@link #showMinimize}.</p>"}, "type": "desc"}, {"attributes": {}, "type": "return", "children": [{"attributes": {"text": "<p>The unmodified incoming value.</p>"}, "type": "desc"}, {"attributes": {}, "type": "types", "children": [{"attributes": {"type": "var"}, "type": "entry"}]}]}]}, {"attributes": {"name": "setShowStatusbar", "fromProperty": "showStatusbar"}, "type": "method", "children": [{"attributes": {}, "type": "params", "children": [{"attributes": {"name": "value"}, "type": "param", "children": [{"attributes": {"text": "<p>New value for property <code>showStatusbar</code>.</p>"}, "type": "desc"}, {"attributes": {}, "type": "types", "children": [{"attributes": {"type": "var"}, "type": "entry"}]}]}]}, {"attributes": {"text": "<p>Sets the user value of the property <code>showStatusbar</code>.</p>\n\n<p>For further details take a look at the property definition: {@link #showStatusbar}.</p>"}, "type": "desc"}, {"attributes": {}, "type": "return", "children": [{"attributes": {"text": "<p>The unmodified incoming value.</p>"}, "type": "desc"}, {"attributes": {}, "type": "types", "children": [{"attributes": {"type": "var"}, "type": "entry"}]}]}]}, {"attributes": {"name": "setStatus", "fromProperty": "status"}, "type": "method", "children": [{"attributes": {}, "type": "params", "children": [{"attributes": {"name": "value"}, "type": "param", "children": [{"attributes": {"text": "<p>New value for property <code>status</code>.</p>"}, "type": "desc"}, {"attributes": {}, "type": "types", "children": [{"attributes": {"type": "var"}, "type": "entry"}]}]}]}, {"attributes": {"text": "<p>Sets the user value of the property <code>status</code>.</p>\n\n<p>For further details take a look at the property definition: {@link #status}.</p>"}, "type": "desc"}, {"attributes": {}, "type": "return", "children": [{"attributes": {"text": "<p>The unmodified incoming value.</p>"}, "type": "desc"}, {"attributes": {}, "type": "types", "children": [{"attributes": {"type": "var"}, "type": "entry"}]}]}]}, {"attributes": {"name": "toggleActive", "fromProperty": "active"}, "type": "method", "children": [{"attributes": {"text": "<p>Toggles the (computed) value of the boolean property <code>active</code>.</p>\n\n<p>For further details take a look at the property definition: {@link #active}.</p>"}, "type": "desc"}, {"attributes": {}, "type": "return", "children": [{"attributes": {"text": "<p>the new value</p>"}, "type": "desc"}, {"attributes": {}, "type": "types", "children": [{"attributes": {"type": "Boolean"}, "type": "entry"}]}]}]}, {"attributes": {"name": "toggleAllowClose", "fromProperty": "allowClose"}, "type": "method", "children": [{"attributes": {"text": "<p>Toggles the (computed) value of the boolean property <code>allowClose</code>.</p>\n\n<p>For further details take a look at the property definition: {@link #allowClose}.</p>"}, "type": "desc"}, {"attributes": {}, "type": "return", "children": [{"attributes": {"text": "<p>the new value</p>"}, "type": "desc"}, {"attributes": {}, "type": "types", "children": [{"attributes": {"type": "Boolean"}, "type": "entry"}]}]}]}, {"attributes": {"name": "toggleAllowMaximize", "fromProperty": "allowMaximize"}, "type": "method", "children": [{"attributes": {"text": "<p>Toggles the (computed) value of the boolean property <code>allowMaximize</code>.</p>\n\n<p>For further details take a look at the property definition: {@link #allowMaximize}.</p>"}, "type": "desc"}, {"attributes": {}, "type": "return", "children": [{"attributes": {"text": "<p>the new value</p>"}, "type": "desc"}, {"attributes": {}, "type": "types", "children": [{"attributes": {"type": "Boolean"}, "type": "entry"}]}]}]}, {"attributes": {"name": "toggleAllowMinimize", "fromProperty": "allowMinimize"}, "type": "method", "children": [{"attributes": {"text": "<p>Toggles the (computed) value of the boolean property <code>allowMinimize</code>.</p>\n\n<p>For further details take a look at the property definition: {@link #allowMinimize}.</p>"}, "type": "desc"}, {"attributes": {}, "type": "return", "children": [{"attributes": {"text": "<p>the new value</p>"}, "type": "desc"}, {"attributes": {}, "type": "types", "children": [{"attributes": {"type": "Boolean"}, "type": "entry"}]}]}]}, {"attributes": {"name": "toggleAlwaysOnTop", "fromProperty": "alwaysOnTop"}, "type": "method", "children": [{"attributes": {"text": "<p>Toggles the (computed) value of the boolean property <code>alwaysOnTop</code>.</p>\n\n<p>For further details take a look at the property definition: {@link #alwaysOnTop}.</p>"}, "type": "desc"}, {"attributes": {}, "type": "return", "children": [{"attributes": {"text": "<p>the new value</p>"}, "type": "desc"}, {"attributes": {}, "type": "types", "children": [{"attributes": {"type": "Boolean"}, "type": "entry"}]}]}]}, {"attributes": {"name": "toggleModal", "fromProperty": "modal"}, "type": "method", "children": [{"attributes": {"text": "<p>Toggles the (computed) value of the boolean property <code>modal</code>.</p>\n\n<p>For further details take a look at the property definition: {@link #modal}.</p>"}, "type": "desc"}, {"attributes": {}, "type": "return", "children": [{"attributes": {"text": "<p>the new value</p>"}, "type": "desc"}, {"attributes": {}, "type": "types", "children": [{"attributes": {"type": "Boolean"}, "type": "entry"}]}]}]}, {"attributes": {"name": "toggleShowClose", "fromProperty": "showClose"}, "type": "method", "children": [{"attributes": {"text": "<p>Toggles the (computed) value of the boolean property <code>showClose</code>.</p>\n\n<p>For further details take a look at the property definition: {@link #showClose}.</p>"}, "type": "desc"}, {"attributes": {}, "type": "return", "children": [{"attributes": {"text": "<p>the new value</p>"}, "type": "desc"}, {"attributes": {}, "type": "types", "children": [{"attributes": {"type": "Boolean"}, "type": "entry"}]}]}]}, {"attributes": {"name": "toggleShowMaximize", "fromProperty": "showMaximize"}, "type": "method", "children": [{"attributes": {"text": "<p>Toggles the (computed) value of the boolean property <code>showMaximize</code>.</p>\n\n<p>For further details take a look at the property definition: {@link #showMaximize}.</p>"}, "type": "desc"}, {"attributes": {}, "type": "return", "children": [{"attributes": {"text": "<p>the new value</p>"}, "type": "desc"}, {"attributes": {}, "type": "types", "children": [{"attributes": {"type": "Boolean"}, "type": "entry"}]}]}]}, {"attributes": {"name": "toggleShowMinimize", "fromProperty": "showMinimize"}, "type": "method", "children": [{"attributes": {"text": "<p>Toggles the (computed) value of the boolean property <code>showMinimize</code>.</p>\n\n<p>For further details take a look at the property definition: {@link #showMinimize}.</p>"}, "type": "desc"}, {"attributes": {}, "type": "return", "children": [{"attributes": {"text": "<p>the new value</p>"}, "type": "desc"}, {"attributes": {}, "type": "types", "children": [{"attributes": {"type": "Boolean"}, "type": "entry"}]}]}]}, {"attributes": {"name": "toggleShowStatusbar", "fromProperty": "showStatusbar"}, "type": "method", "children": [{"attributes": {"text": "<p>Toggles the (computed) value of the boolean property <code>showStatusbar</code>.</p>\n\n<p>For further details take a look at the property definition: {@link #showStatusbar}.</p>"}, "type": "desc"}, {"attributes": {}, "type": "return", "children": [{"attributes": {"text": "<p>the new value</p>"}, "type": "desc"}, {"attributes": {}, "type": "types", "children": [{"attributes": {"type": "Boolean"}, "type": "entry"}]}]}]}]}, {"attributes": {}, "type": "properties", "children": [{"attributes": {"name": "active", "defaultValue": "false", "event": "changeActive", "propertyType": "new", "apply": "_applyActive", "check": "Boolean"}, "type": "property", "children": [{"attributes": {"text": "<p>If the window is active, only one window in a single qx.ui.window.Manager could\n have set this to true at the same time.</p>"}, "type": "desc"}]}, {"attributes": {"apply": "_applyCaptionBarChange", "defaultValue": "true", "propertyType": "new", "check": "Boolean", "name": "allowClose"}, "type": "property", "children": [{"attributes": {"text": "<p>Should the user have the ability to close the window</p>"}, "type": "desc"}]}, {"attributes": {"apply": "_applyCaptionBarChange", "defaultValue": "true", "propertyType": "new", "check": "Boolean", "name": "allowMaximize"}, "type": "property", "children": [{"attributes": {"text": "<p>Should the user have the ability to maximize the window</p>"}, "type": "desc"}]}, {"attributes": {"apply": "_applyCaptionBarChange", "defaultValue": "true", "propertyType": "new", "check": "Boolean", "name": "allowMinimize"}, "type": "property", "children": [{"attributes": {"text": "<p>Should the user have the ability to minimize the window</p>"}, "type": "desc"}]}, {"attributes": {"defaultValue": "false", "propertyType": "new", "event": "changeAlwaysOnTop", "name": "alwaysOnTop", "check": "Boolean"}, "type": "property", "children": [{"attributes": {"text": "<p>Should the window be always on top</p>"}, "type": "desc"}]}, {"attributes": {"name": "appearance", "docFrom": "qx.ui.core.Widget", "defaultValue": "\"window\"", "refine": "true", "propertyType": "new", "overriddenFrom": "qx.ui.core.Widget"}, "type": "property"}, {"attributes": {"allowNull": "true", "propertyType": "new", "event": "changeCaption", "name": "caption", "apply": "_applyCaptionBarChange"}, "type": "property", "children": [{"attributes": {"text": "<p>The text of the caption</p>"}, "type": "desc"}]}, {"attributes": {"name": "focusable", "docFrom": "qx.ui.core.Widget", "defaultValue": "true", "refine": "true", "propertyType": "new", "overriddenFrom": "qx.ui.core.Widget"}, "type": "property"}, {"attributes": {"name": "icon", "check": "String", "allowNull": "true", "propertyType": "new", "apply": "_applyCaptionBarChange", "event": "changeIcon", "themeable": "true"}, "type": "property", "children": [{"attributes": {"text": "<p>The icon of the caption</p>"}, "type": "desc"}]}, {"attributes": {"name": "modal", "defaultValue": "false", "event": "changeModal", "propertyType": "new", "apply": "_applyModal", "check": "Boolean"}, "type": "property", "children": [{"attributes": {"text": "<p>Should the window be modal (this disables minimize and maximize buttons)</p>"}, "type": "desc"}]}, {"attributes": {"name": "showClose", "defaultValue": "true", "propertyType": "new", "apply": "_applyCaptionBarChange", "check": "Boolean", "themeable": "true"}, "type": "property", "children": [{"attributes": {"text": "<p>Should the close button be shown</p>"}, "type": "desc"}]}, {"attributes": {"name": "showMaximize", "defaultValue": "true", "propertyType": "new", "apply": "_applyCaptionBarChange", "check": "Boolean", "themeable": "true"}, "type": "property", "children": [{"attributes": {"text": "<p>Should the maximize button be shown</p>"}, "type": "desc"}]}, {"attributes": {"name": "showMinimize", "defaultValue": "true", "propertyType": "new", "apply": "_applyCaptionBarChange", "check": "Boolean", "themeable": "true"}, "type": "property", "children": [{"attributes": {"text": "<p>Should the minimize button be shown</p>"}, "type": "desc"}]}, {"attributes": {"apply": "_applyShowStatusbar", "defaultValue": "false", "propertyType": "new", "check": "Boolean", "name": "showStatusbar"}, "type": "property", "children": [{"attributes": {"text": "<p>Should the statusbar be shown</p>"}, "type": "desc"}]}, {"attributes": {"name": "status", "check": "String", "allowNull": "true", "propertyType": "new", "apply": "_applyStatus", "event": "changeStatus"}, "type": "property", "children": [{"attributes": {"text": "<p>The text of the statusbar</p>"}, "type": "desc"}]}, {"attributes": {"name": "visibility", "docFrom": "qx.ui.core.Widget", "defaultValue": "\"excluded\"", "refine": "true", "propertyType": "new", "overriddenFrom": "qx.ui.core.Widget"}, "type": "property"}]}]}