{"attributes": {"fullName": "qx.ui.mobile.core.MChildrenHandling", "packageName": "qx.ui.mobile.core", "type": "mixin", "name": "MChildrenHandling", "includer": "qx.ui.mobile.container.Composite"}, "type": "class", "children": [{"attributes": {"text": "<p>This mixin exposes all basic methods to manage widget children as public methods.\nIt can only be included into instances of {@link Widget}.</p>\n\n<p>To optimize the method calls the including widget should call the method\n{@link #remap} in its defer function. This will map the protected\nmethods to the public ones and save one method call for each function.</p>"}, "type": "desc"}, {"attributes": {}, "type": "methods", "children": [{"attributes": {"line": 78, "isMixin": true, "name": "add"}, "type": "method", "children": [{"attributes": {}, "type": "params", "children": [{"attributes": {"name": "child"}, "type": "param", "children": [{"attributes": {"text": "<p>the widget to add.</p>"}, "type": "desc"}, {"attributes": {}, "type": "types", "children": [{"attributes": {"type": "Widget"}, "type": "entry"}]}]}, {"attributes": {"defaultValue": "null", "optional": true, "name": "layoutProperties"}, "type": "param", "children": [{"attributes": {"text": "<p>Optional layout data for widget.</p>"}, "type": "desc"}, {"attributes": {}, "type": "types", "children": [{"attributes": {"type": "Map"}, "type": "entry"}]}]}]}, {"attributes": {"text": "<p>Adds a new child widget.</p>"}, "type": "desc"}]}, {"attributes": {"line": 115, "isMixin": true, "name": "addAfter"}, "type": "method", "children": [{"attributes": {}, "type": "params", "children": [{"attributes": {"name": "child"}, "type": "param", "children": [{"attributes": {"text": "<p>Widget to add</p>"}, "type": "desc"}, {"attributes": {}, "type": "types", "children": [{"attributes": {"type": "Widget"}, "type": "entry"}]}]}, {"attributes": {"name": "after"}, "type": "param", "children": [{"attributes": {"text": "<p>Widget, after which the new widget will be inserted</p>"}, "type": "desc"}, {"attributes": {}, "type": "types", "children": [{"attributes": {"type": "Widget"}, "type": "entry"}]}]}, {"attributes": {"defaultValue": "null", "optional": true, "name": "layoutProperties"}, "type": "param", "children": [{"attributes": {"text": "<p>Optional layout data for widget.</p>"}, "type": "desc"}, {"attributes": {}, "type": "types", "children": [{"attributes": {"type": "Map"}, "type": "entry"}]}]}]}, {"attributes": {"text": "<p>Add a widget after another already inserted widget</p>"}, "type": "desc"}]}, {"attributes": {"line": 90, "isMixin": true, "name": "addAt"}, "type": "method", "children": [{"attributes": {}, "type": "params", "children": [{"attributes": {"name": "child"}, "type": "param", "children": [{"attributes": {"text": "<p>widget to add</p>"}, "type": "desc"}, {"attributes": {}, "type": "types", "children": [{"attributes": {"type": "Widget"}, "type": "entry"}]}]}, {"attributes": {"name": "index"}, "type": "param", "children": [{"attributes": {"text": "<p>Index, at which the widget will be inserted</p>"}, "type": "desc"}, {"attributes": {}, "type": "types", "children": [{"attributes": {"type": "Integer"}, "type": "entry"}]}]}, {"attributes": {"defaultValue": "null", "optional": true, "name": "options"}, "type": "param", "children": [{"attributes": {"text": "<p>Optional layout data for widget.</p>"}, "type": "desc"}, {"attributes": {}, "type": "types", "children": [{"attributes": {"type": "Map"}, "type": "entry"}]}]}]}, {"attributes": {"text": "<p>Add a child widget at the specified index</p>"}, "type": "desc"}]}, {"attributes": {"line": 103, "isMixin": true, "name": "addBefore"}, "type": "method", "children": [{"attributes": {}, "type": "params", "children": [{"attributes": {"name": "child"}, "type": "param", "children": [{"attributes": {"text": "<p>Widget to add</p>"}, "type": "desc"}, {"attributes": {}, "type": "types", "children": [{"attributes": {"type": "Widget"}, "type": "entry"}]}]}, {"attributes": {"name": "before"}, "type": "param", "children": [{"attributes": {"text": "<p>Widget before the new widget will be inserted.</p>"}, "type": "desc"}, {"attributes": {}, "type": "types", "children": [{"attributes": {"type": "Widget"}, "type": "entry"}]}]}, {"attributes": {"defaultValue": "null", "optional": true, "name": "layoutProperties"}, "type": "param", "children": [{"attributes": {"text": "<p>Optional layout data for widget.</p>"}, "type": "desc"}, {"attributes": {}, "type": "types", "children": [{"attributes": {"type": "Map"}, "type": "entry"}]}]}]}, {"attributes": {"text": "<p>Add a widget before another already inserted widget</p>"}, "type": "desc"}]}, {"attributes": {"line": 44, "isMixin": true, "name": "getChildren"}, "type": "method", "children": [{"attributes": {"text": "<p>Returns the children list</p>"}, "type": "desc"}, {"attributes": {}, "type": "return", "children": [{"attributes": {"text": "<p>The children array (Arrays are reference types, please do not modify them in-place)</p>"}, "type": "desc"}, {"attributes": {}, "type": "types", "children": [{"attributes": {"type": "Widget", "dimensions": 1}, "type": "entry"}]}]}]}, {"attributes": {"line": 54, "isMixin": true, "name": "hasChildren"}, "type": "method", "children": [{"attributes": {"text": "<p>Whether the widget contains children.</p>"}, "type": "desc"}, {"attributes": {}, "type": "return", "children": [{"attributes": {"text": "<p>Returns <code>true</code> when the widget has children.</p>"}, "type": "desc"}, {"attributes": {}, "type": "types", "children": [{"attributes": {"type": "Boolean"}, "type": "entry"}]}]}]}, {"attributes": {"line": 67, "isMixin": true, "name": "indexOf"}, "type": "method", "children": [{"attributes": {}, "type": "params", "children": [{"attributes": {"name": "child"}, "type": "param", "children": [{"attributes": {"text": "<p>the widget to query for</p>"}, "type": "desc"}, {"attributes": {}, "type": "types", "children": [{"attributes": {"type": "Widget"}, "type": "entry"}]}]}]}, {"attributes": {"text": "<p>Returns the index position of the given widget if it is\na child widget. Otherwise it returns <code>-1</code>.</p>"}, "type": "desc"}, {"attributes": {}, "type": "return", "children": [{"attributes": {"text": "<p>The index position or <code>-1</code> when the given widget is no child of this layout.</p>"}, "type": "desc"}, {"attributes": {}, "type": "types", "children": [{"attributes": {"type": "Integer"}, "type": "entry"}]}]}]}, {"attributes": {"line": 125, "isMixin": true, "name": "remove"}, "type": "method", "children": [{"attributes": {}, "type": "params", "children": [{"attributes": {"name": "child"}, "type": "param", "children": [{"attributes": {"text": "<p>the widget to remove</p>"}, "type": "desc"}, {"attributes": {}, "type": "types", "children": [{"attributes": {"type": "Widget"}, "type": "entry"}]}]}]}, {"attributes": {"text": "<p>Remove the given child widget.</p>"}, "type": "desc"}]}, {"attributes": {"line": 143, "isMixin": true, "name": "removeAll"}, "type": "method", "children": [{"attributes": {"text": "<p>Remove all children.</p>"}, "type": "desc"}]}, {"attributes": {"line": 135, "isMixin": true, "name": "removeAt"}, "type": "method", "children": [{"attributes": {}, "type": "params", "children": [{"attributes": {"name": "index"}, "type": "param", "children": [{"attributes": {"text": "<p>Index of the widget to remove.</p>"}, "type": "desc"}, {"attributes": {}, "type": "types", "children": [{"attributes": {"type": "Integer"}, "type": "entry"}]}]}]}, {"attributes": {"text": "<p>Remove the widget at the specified index.</p>"}, "type": "desc"}]}]}, {"attributes": {}, "type": "methods-static", "children": [{"attributes": {"line": 165, "isMixin": true, "isStatic": true, "name": "remap"}, "type": "method", "children": [{"attributes": {}, "type": "params", "children": [{"attributes": {"name": "members"}, "type": "param", "children": [{"attributes": {"text": "<p>The including classes members map</p>"}, "type": "desc"}, {"attributes": {}, "type": "types", "children": [{"attributes": {"type": "Map"}, "type": "entry"}]}]}]}, {"attributes": {"text": "<p>Mapping of protected methods to public.\nThis omits an additional function call when using these methods. Call\nthis methods in the defer block of the including class.</p>"}, "type": "desc"}]}]}]}