{"attributes": {"name": "RadioGroup", "interfaces": "qx.ui.core.ISingleSelection,qx.ui.form.IForm,qx.ui.form.IModelSelection", "mixins": "qx.ui.core.MSingleSelectionHandling,qx.ui.form.MModelSelection", "superClass": "qx.core.Object", "childClasses": "qx.ui.mobile.form.RadioGroup", "fullName": "qx.ui.form.RadioGroup", "type": "class", "packageName": "qx.ui.form"}, "type": "class", "children": [{"attributes": {"text": "<p>The radio group handles a collection of items from which only one item\ncan be selected. Selection another item will deselect the previously selected\nitem.</p>\n\n<p>This class is e.g. used to create radio groups or {@link qx.ui.form.RadioButton}\nor {@link qx.ui.toolbar.RadioButton} instances.</p>\n\n<p>We also offer a widget for the same purpose which uses this class. So if\nyou like to act with a widget instead of a pure logic coupling of the\nwidgets, take a look at the {@link qx.ui.form.RadioButtonGroup} widget.</p>"}, "type": "desc"}, {"attributes": {}, "type": "constructor", "children": [{"attributes": {"line": 60, "isCtor": true, "overriddenFrom": "qx.core.Object", "name": "ctor"}, "type": "method", "children": [{"attributes": {}, "type": "params", "children": [{"attributes": {"name": "varargs"}, "type": "param", "children": [{"attributes": {"text": "<p>A variable number of items, which are initially added to the radio group, the first item will be selected.</p>"}, "type": "desc"}, {"attributes": {}, "type": "types", "children": [{"attributes": {"type": "qx.core.Object"}, "type": "entry"}]}]}]}, {"attributes": {"text": ""}, "type": "desc"}]}]}, {"attributes": {}, "type": "events", "children": [{"attributes": {"name": "changeEnabled"}, "type": "event", "children": [{"attributes": {"text": "Fired on change of the property {@link #enabled}."}, "type": "desc"}, {"attributes": {}, "type": "types", "children": [{"attributes": {"type": "qx.event.type.Data"}, "type": "entry"}]}]}, {"attributes": {"name": "changeInvalidMessage"}, "type": "event", "children": [{"attributes": {"text": "Fired on change of the property {@link #invalidMessage}."}, "type": "desc"}, {"attributes": {}, "type": "types", "children": [{"attributes": {"type": "qx.event.type.Data"}, "type": "entry"}]}]}, {"attributes": {"name": "changeInvalidMessage"}, "type": "event", "children": [{"attributes": {"text": "Fired on change of the property {@link #requiredInvalidMessage}."}, "type": "desc"}, {"attributes": {}, "type": "types", "children": [{"attributes": {"type": "qx.event.type.Data"}, "type": "entry"}]}]}, {"attributes": {"name": "changeRequired"}, "type": "event", "children": [{"attributes": {"text": "Fired on change of the property {@link #required}."}, "type": "desc"}, {"attributes": {}, "type": "types", "children": [{"attributes": {"type": "qx.event.type.Data"}, "type": "entry"}]}]}, {"attributes": {"name": "changeValid"}, "type": "event", "children": [{"attributes": {"text": "Fired on change of the property {@link #valid}."}, "type": "desc"}, {"attributes": {}, "type": "types", "children": [{"attributes": {"type": "qx.event.type.Data"}, "type": "entry"}]}]}]}, {"attributes": {}, "type": "methods", "children": [{"attributes": {"access": "private", "line": 462, "name": "__onChangeSelection"}, "type": "method", "children": [{"attributes": {}, "type": "params", "children": [{"attributes": {"name": "e"}, "type": "param", "children": [{"attributes": {"text": "<p>Data event.</p>"}, "type": "desc"}, {"attributes": {}, "type": "types", "children": [{"attributes": {"type": "qx.event.type.Data"}, "type": "entry"}]}]}]}, {"attributes": {"text": "<p>Event handler for <code>changeSelection</code>.</p>"}, "type": "desc"}]}, {"attributes": {"access": "protected", "line": 337, "name": "_applyAllowEmptySelection"}, "type": "method", "children": [{"attributes": {}, "type": "params", "children": [{"attributes": {"name": "value"}, "type": "param", "children": [{"attributes": {"text": "<p>new value of the property</p>"}, "type": "desc"}, {"attributes": {}, "type": "types", "children": [{"attributes": {"type": "Boolean"}, "type": "entry"}]}]}, {"attributes": {"name": "old"}, "type": "param", "children": [{"attributes": {"text": "<p>previous value of the property (null if it was not yet set).</p>"}, "type": "desc"}, {"attributes": {}, "type": "types", "children": [{"attributes": {"type": "Boolean"}, "type": "entry"}]}]}]}, {"attributes": {}, "type": "apply", "children": [{"attributes": {"applies": "qx.ui.form.RadioGroup#allowEmptySelection"}, "type": "entry"}]}, {"attributes": {"text": "<p>Applies changes of the property value of the property <code>allowEmptySelection</code>.</p>\n\n<p>For further details take a look at the property definition: {@link #allowEmptySelection}.</p>"}, "type": "desc"}]}, {"attributes": {"access": "protected", "line": 319, "name": "_applyEnabled"}, "type": "method", "children": [{"attributes": {}, "type": "params", "children": [{"attributes": {"name": "value"}, "type": "param", "children": [{"attributes": {"text": "<p>new value of the property</p>"}, "type": "desc"}, {"attributes": {}, "type": "types", "children": [{"attributes": {"type": "Boolean"}, "type": "entry"}]}]}, {"attributes": {"name": "old"}, "type": "param", "children": [{"attributes": {"text": "<p>previous value of the property (null if it was not yet set).</p>"}, "type": "desc"}, {"attributes": {}, "type": "types", "children": [{"attributes": {"type": "Boolean"}, "type": "entry"}]}]}]}, {"attributes": {}, "type": "apply", "children": [{"attributes": {"applies": "qx.ui.form.RadioGroup#enabled"}, "type": "entry"}]}, {"attributes": {"text": "<p>Applies changes of the property value of the property <code>enabled</code>.</p>\n\n<p>For further details take a look at the property definition: {@link #enabled}.</p>"}, "type": "desc"}]}, {"attributes": {"access": "protected", "line": 305, "name": "_applyInvalidMessage"}, "type": "method", "children": [{"attributes": {}, "type": "params", "children": [{"attributes": {"name": "value"}, "type": "param", "children": [{"attributes": {"text": "<p>new value of the property</p>"}, "type": "desc"}, {"attributes": {}, "type": "types", "children": [{"attributes": {"type": "String"}, "type": "entry"}]}]}, {"attributes": {"name": "old"}, "type": "param", "children": [{"attributes": {"text": "<p>previous value of the property (null if it was not yet set).</p>"}, "type": "desc"}, {"attributes": {}, "type": "types", "children": [{"attributes": {"type": "String"}, "type": "entry"}]}]}]}, {"attributes": {}, "type": "apply", "children": [{"attributes": {"applies": "qx.ui.form.RadioGroup#invalidMessage"}, "type": "entry"}]}, {"attributes": {"text": "<p>Applies changes of the property value of the property <code>invalidMessage</code>.</p>\n\n<p>For further details take a look at the property definition: {@link #invalidMessage}.</p>"}, "type": "desc"}]}, {"attributes": {"access": "protected", "line": 312, "name": "_applyValid"}, "type": "method", "children": [{"attributes": {}, "type": "params", "children": [{"attributes": {"name": "value"}, "type": "param", "children": [{"attributes": {"text": "<p>new value of the property</p>"}, "type": "desc"}, {"attributes": {}, "type": "types", "children": [{"attributes": {"type": "Boolean"}, "type": "entry"}]}]}, {"attributes": {"name": "old"}, "type": "param", "children": [{"attributes": {"text": "<p>previous value of the property (null if it was not yet set).</p>"}, "type": "desc"}, {"attributes": {}, "type": "types", "children": [{"attributes": {"type": "Boolean"}, "type": "entry"}]}]}]}, {"attributes": {}, "type": "apply", "children": [{"attributes": {"applies": "qx.ui.form.RadioGroup#valid"}, "type": "entry"}]}, {"attributes": {"text": "<p>Applies changes of the property value of the property <code>valid</code>.</p>\n\n<p>For further details take a look at the property definition: {@link #valid}.</p>"}, "type": "desc"}]}, {"attributes": {"access": "protected", "line": 428, "name": "_getItems"}, "type": "method", "children": [{"attributes": {"text": "<p>Returns the items for the selection.</p>"}, "type": "desc"}, {"attributes": {}, "type": "return", "children": [{"attributes": {"text": "<p>Items to select.</p>"}, "type": "desc"}, {"attributes": {}, "type": "types", "children": [{"attributes": {"type": "qx.ui.form.IRadioItem", "dimensions": 1}, "type": "entry"}]}]}]}, {"attributes": {"access": "protected", "line": 438, "name": "_isAllowEmptySelection"}, "type": "method", "children": [{"attributes": {"text": "<p>Returns if the selection could be empty or not.</p>"}, "type": "desc"}, {"attributes": {}, "type": "return", "children": [{"attributes": {"text": "<code>true</code> If selection could be empty, <code>false</code> otherwise."}, "type": "desc"}, {"attributes": {}, "type": "types", "children": [{"attributes": {"type": "Boolean"}, "type": "entry"}]}]}]}, {"attributes": {"access": "protected", "line": 452, "name": "_isItemSelectable"}, "type": "method", "children": [{"attributes": {}, "type": "params", "children": [{"attributes": {"name": "item"}, "type": "param", "children": [{"attributes": {"text": "<p>The item to check if its selectable.</p>"}, "type": "desc"}, {"attributes": {}, "type": "types", "children": [{"attributes": {"type": "qx.ui.form.IRadioItem"}, "type": "entry"}]}]}]}, {"attributes": {"text": "<p>Returns whether the item is selectable. In opposite to the default\nimplementation (which checks for visible items) every radio button\nwhich is part of the group is selected even if it is currently not visible.</p>"}, "type": "desc"}, {"attributes": {}, "type": "return", "children": [{"attributes": {"text": "<code>true</code> if the item is part of the radio group <code>false</code> otherwise."}, "type": "desc"}, {"attributes": {}, "type": "types", "children": [{"attributes": {"type": "Boolean"}, "type": "entry"}]}]}]}, {"attributes": {"access": "protected", "line": 288, "name": "_onItemChangeChecked"}, "type": "method", "children": [{"attributes": {}, "type": "params", "children": [{"attributes": {"name": "e"}, "type": "param", "children": [{"attributes": {"text": "<p>Data event</p>"}, "type": "desc"}, {"attributes": {}, "type": "types", "children": [{"attributes": {"type": "qx.event.type.Data"}, "type": "entry"}]}]}]}, {"attributes": {"text": "<p>Event listener for <code>changeValue</code> event of every managed item.</p>"}, "type": "desc"}]}, {"attributes": {"line": 202, "name": "add"}, "type": "method", "children": [{"attributes": {}, "type": "params", "children": [{"attributes": {"name": "varargs"}, "type": "param", "children": [{"attributes": {"text": "<p>A variable number of items to add.</p>"}, "type": "desc"}, {"attributes": {}, "type": "types", "children": [{"attributes": {"type": "qx.ui.form.IRadioItem"}, "type": "entry"}]}]}]}, {"attributes": {"text": "<p>Add the passed items to the radio group.</p>"}, "type": "desc"}]}, {"attributes": {"name": "getAllowEmptySelection", "fromProperty": "allowEmptySelection"}, "type": "method", "children": [{"attributes": {"text": "<p>Returns the (computed) value of the property <code>allowEmptySelection</code>.</p>\n\n<p>For further details take a look at the property definition: {@link #allowEmptySelection}.</p>"}, "type": "desc"}, {"attributes": {}, "type": "return", "children": [{"attributes": {"text": "<p>(Computed) value of <code>allowEmptySelection</code>.</p>"}, "type": "desc"}, {"attributes": {}, "type": "types", "children": [{"attributes": {"type": "var"}, "type": "entry"}]}]}]}, {"attributes": {"line": 270, "name": "getChildren"}, "type": "method", "children": [{"attributes": {"text": "<p>Returns an array containing the group&#8217;s items.</p>"}, "type": "desc"}, {"attributes": {}, "type": "return", "children": [{"attributes": {"text": "<p>The item array</p>"}, "type": "desc"}, {"attributes": {}, "type": "types", "children": [{"attributes": {"type": "qx.ui.form.IRadioItem", "dimensions": 1}, "type": "entry"}]}]}]}, {"attributes": {"name": "getEnabled", "fromProperty": "enabled"}, "type": "method", "children": [{"attributes": {"text": "<p>Returns the (computed) value of the property <code>enabled</code>.</p>\n\n<p>For further details take a look at the property definition: {@link #enabled}.</p>"}, "type": "desc"}, {"attributes": {}, "type": "return", "children": [{"attributes": {"text": "<p>(Computed) value of <code>enabled</code>.</p>"}, "type": "desc"}, {"attributes": {}, "type": "types", "children": [{"attributes": {"type": "var"}, "type": "entry"}]}]}]}, {"attributes": {"name": "getInvalidMessage", "fromProperty": "invalidMessage"}, "type": "method", "children": [{"attributes": {"text": "<p>Returns the (computed) value of the property <code>invalidMessage</code>.</p>\n\n<p>For further details take a look at the property definition: {@link #invalidMessage}.</p>"}, "type": "desc"}, {"attributes": {}, "type": "return", "children": [{"attributes": {"text": "<p>(Computed) value of <code>invalidMessage</code>.</p>"}, "type": "desc"}, {"attributes": {}, "type": "types", "children": [{"attributes": {"type": "var"}, "type": "entry"}]}]}]}, {"attributes": {"line": 185, "name": "getItems"}, "type": "method", "children": [{"attributes": {"text": "<p>Get all managed items</p>"}, "type": "desc"}, {"attributes": {}, "type": "return", "children": [{"attributes": {"text": "<p>All managed items.</p>"}, "type": "desc"}, {"attributes": {}, "type": "types", "children": [{"attributes": {"type": "qx.ui.form.IRadioItem", "dimensions": 1}, "type": "entry"}]}]}]}, {"attributes": {"name": "getRequired", "fromProperty": "required"}, "type": "method", "children": [{"attributes": {"text": "<p>Returns the (computed) value of the property <code>required</code>.</p>\n\n<p>For further details take a look at the property definition: {@link #required}.</p>"}, "type": "desc"}, {"attributes": {}, "type": "return", "children": [{"attributes": {"text": "<p>(Computed) value of <code>required</code>.</p>"}, "type": "desc"}, {"attributes": {}, "type": "types", "children": [{"attributes": {"type": "var"}, "type": "entry"}]}]}]}, {"attributes": {"name": "getRequiredInvalidMessage", "fromProperty": "requiredInvalidMessage"}, "type": "method", "children": [{"attributes": {"text": "<p>Returns the (computed) value of the property <code>requiredInvalidMessage</code>.</p>\n\n<p>For further details take a look at the property definition: {@link #requiredInvalidMessage}.</p>"}, "type": "desc"}, {"attributes": {}, "type": "return", "children": [{"attributes": {"text": "<p>(Computed) value of <code>requiredInvalidMessage</code>.</p>"}, "type": "desc"}, {"attributes": {}, "type": "types", "children": [{"attributes": {"type": "var"}, "type": "entry"}]}]}]}, {"attributes": {"name": "getValid", "fromProperty": "valid"}, "type": "method", "children": [{"attributes": {"text": "<p>Returns the (computed) value of the property <code>valid</code>.</p>\n\n<p>For further details take a look at the property definition: {@link #valid}.</p>"}, "type": "desc"}, {"attributes": {}, "type": "return", "children": [{"attributes": {"text": "<p>(Computed) value of <code>valid</code>.</p>"}, "type": "desc"}, {"attributes": {}, "type": "types", "children": [{"attributes": {"type": "var"}, "type": "entry"}]}]}]}, {"attributes": {"name": "getWrap", "fromProperty": "wrap"}, "type": "method", "children": [{"attributes": {"text": "<p>Returns the (computed) value of the property <code>wrap</code>.</p>\n\n<p>For further details take a look at the property definition: {@link #wrap}.</p>"}, "type": "desc"}, {"attributes": {}, "type": "return", "children": [{"attributes": {"text": "<p>(Computed) value of <code>wrap</code>.</p>"}, "type": "desc"}, {"attributes": {}, "type": "types", "children": [{"attributes": {"type": "var"}, "type": "entry"}]}]}]}, {"attributes": {"access": "protected", "name": "initAllowEmptySelection", "fromProperty": "allowEmptySelection"}, "type": "method", "children": [{"attributes": {}, "type": "params", "children": [{"attributes": {"name": "value"}, "type": "param", "children": [{"attributes": {"text": "<p>Initial value for property <code>allowEmptySelection</code>.</p>"}, "type": "desc"}, {"attributes": {}, "type": "types", "children": [{"attributes": {"type": "var"}, "type": "entry"}]}]}]}, {"attributes": {"text": "<p>Calls the apply method and dispatches the change event of the property <code>allowEmptySelection</code>\nwith the default value defined by the class developer. This function can\nonly be called from the constructor of a class.</p>\n\n<p>For further details take a look at the property definition: {@link #allowEmptySelection}.</p>"}, "type": "desc"}, {"attributes": {}, "type": "return", "children": [{"attributes": {"text": "<p>the default value</p>"}, "type": "desc"}, {"attributes": {}, "type": "types", "children": [{"attributes": {"type": "var"}, "type": "entry"}]}]}]}, {"attributes": {"access": "protected", "name": "initEnabled", "fromProperty": "enabled"}, "type": "method", "children": [{"attributes": {}, "type": "params", "children": [{"attributes": {"name": "value"}, "type": "param", "children": [{"attributes": {"text": "<p>Initial value for property <code>enabled</code>.</p>"}, "type": "desc"}, {"attributes": {}, "type": "types", "children": [{"attributes": {"type": "var"}, "type": "entry"}]}]}]}, {"attributes": {"text": "<p>Calls the apply method and dispatches the change event of the property <code>enabled</code>\nwith the default value defined by the class developer. This function can\nonly be called from the constructor of a class.</p>\n\n<p>For further details take a look at the property definition: {@link #enabled}.</p>"}, "type": "desc"}, {"attributes": {}, "type": "return", "children": [{"attributes": {"text": "<p>the default value</p>"}, "type": "desc"}, {"attributes": {}, "type": "types", "children": [{"attributes": {"type": "var"}, "type": "entry"}]}]}]}, {"attributes": {"access": "protected", "name": "initInvalidMessage", "fromProperty": "invalidMessage"}, "type": "method", "children": [{"attributes": {}, "type": "params", "children": [{"attributes": {"name": "value"}, "type": "param", "children": [{"attributes": {"text": "<p>Initial value for property <code>invalidMessage</code>.</p>"}, "type": "desc"}, {"attributes": {}, "type": "types", "children": [{"attributes": {"type": "var"}, "type": "entry"}]}]}]}, {"attributes": {"text": "<p>Calls the apply method and dispatches the change event of the property <code>invalidMessage</code>\nwith the default value defined by the class developer. This function can\nonly be called from the constructor of a class.</p>\n\n<p>For further details take a look at the property definition: {@link #invalidMessage}.</p>"}, "type": "desc"}, {"attributes": {}, "type": "return", "children": [{"attributes": {"text": "<p>the default value</p>"}, "type": "desc"}, {"attributes": {}, "type": "types", "children": [{"attributes": {"type": "var"}, "type": "entry"}]}]}]}, {"attributes": {"access": "protected", "name": "initRequired", "fromProperty": "required"}, "type": "method", "children": [{"attributes": {}, "type": "params", "children": [{"attributes": {"name": "value"}, "type": "param", "children": [{"attributes": {"text": "<p>Initial value for property <code>required</code>.</p>"}, "type": "desc"}, {"attributes": {}, "type": "types", "children": [{"attributes": {"type": "var"}, "type": "entry"}]}]}]}, {"attributes": {"text": "<p>Calls the apply method and dispatches the change event of the property <code>required</code>\nwith the default value defined by the class developer. This function can\nonly be called from the constructor of a class.</p>\n\n<p>For further details take a look at the property definition: {@link #required}.</p>"}, "type": "desc"}, {"attributes": {}, "type": "return", "children": [{"attributes": {"text": "<p>the default value</p>"}, "type": "desc"}, {"attributes": {}, "type": "types", "children": [{"attributes": {"type": "var"}, "type": "entry"}]}]}]}, {"attributes": {"access": "protected", "name": "initRequiredInvalidMessage", "fromProperty": "requiredInvalidMessage"}, "type": "method", "children": [{"attributes": {}, "type": "params", "children": [{"attributes": {"name": "value"}, "type": "param", "children": [{"attributes": {"text": "<p>Initial value for property <code>requiredInvalidMessage</code>.</p>"}, "type": "desc"}, {"attributes": {}, "type": "types", "children": [{"attributes": {"type": "var"}, "type": "entry"}]}]}]}, {"attributes": {"text": "<p>Calls the apply method and dispatches the change event of the property <code>requiredInvalidMessage</code>\nwith the default value defined by the class developer. This function can\nonly be called from the constructor of a class.</p>\n\n<p>For further details take a look at the property definition: {@link #requiredInvalidMessage}.</p>"}, "type": "desc"}, {"attributes": {}, "type": "return", "children": [{"attributes": {"text": "<p>the default value</p>"}, "type": "desc"}, {"attributes": {}, "type": "types", "children": [{"attributes": {"type": "var"}, "type": "entry"}]}]}]}, {"attributes": {"access": "protected", "name": "initValid", "fromProperty": "valid"}, "type": "method", "children": [{"attributes": {}, "type": "params", "children": [{"attributes": {"name": "value"}, "type": "param", "children": [{"attributes": {"text": "<p>Initial value for property <code>valid</code>.</p>"}, "type": "desc"}, {"attributes": {}, "type": "types", "children": [{"attributes": {"type": "var"}, "type": "entry"}]}]}]}, {"attributes": {"text": "<p>Calls the apply method and dispatches the change event of the property <code>valid</code>\nwith the default value defined by the class developer. This function can\nonly be called from the constructor of a class.</p>\n\n<p>For further details take a look at the property definition: {@link #valid}.</p>"}, "type": "desc"}, {"attributes": {}, "type": "return", "children": [{"attributes": {"text": "<p>the default value</p>"}, "type": "desc"}, {"attributes": {}, "type": "types", "children": [{"attributes": {"type": "var"}, "type": "entry"}]}]}]}, {"attributes": {"access": "protected", "name": "initWrap", "fromProperty": "wrap"}, "type": "method", "children": [{"attributes": {}, "type": "params", "children": [{"attributes": {"name": "value"}, "type": "param", "children": [{"attributes": {"text": "<p>Initial value for property <code>wrap</code>.</p>"}, "type": "desc"}, {"attributes": {}, "type": "types", "children": [{"attributes": {"type": "var"}, "type": "entry"}]}]}]}, {"attributes": {"text": "<p>Calls the apply method and dispatches the change event of the property <code>wrap</code>\nwith the default value defined by the class developer. This function can\nonly be called from the constructor of a class.</p>\n\n<p>For further details take a look at the property definition: {@link #wrap}.</p>"}, "type": "desc"}, {"attributes": {}, "type": "return", "children": [{"attributes": {"text": "<p>the default value</p>"}, "type": "desc"}, {"attributes": {}, "type": "types", "children": [{"attributes": {"type": "var"}, "type": "entry"}]}]}]}, {"attributes": {"name": "isAllowEmptySelection", "fromProperty": "allowEmptySelection"}, "type": "method", "children": [{"attributes": {"text": "<p>Check whether the (computed) value of the boolean property <code>allowEmptySelection</code> equals <code>true</code>.</p>\n\n<p>For further details take a look at the property definition: {@link #allowEmptySelection}.</p>"}, "type": "desc"}, {"attributes": {}, "type": "return", "children": [{"attributes": {"text": "<p>Whether the property equals <code>true</code>.</p>"}, "type": "desc"}, {"attributes": {}, "type": "types", "children": [{"attributes": {"type": "Boolean"}, "type": "entry"}]}]}]}, {"attributes": {"name": "isEnabled", "fromProperty": "enabled"}, "type": "method", "children": [{"attributes": {"text": "<p>Check whether the (computed) value of the boolean property <code>enabled</code> equals <code>true</code>.</p>\n\n<p>For further details take a look at the property definition: {@link #enabled}.</p>"}, "type": "desc"}, {"attributes": {}, "type": "return", "children": [{"attributes": {"text": "<p>Whether the property equals <code>true</code>.</p>"}, "type": "desc"}, {"attributes": {}, "type": "types", "children": [{"attributes": {"type": "Boolean"}, "type": "entry"}]}]}]}, {"attributes": {"name": "isRequired", "fromProperty": "required"}, "type": "method", "children": [{"attributes": {"text": "<p>Check whether the (computed) value of the boolean property <code>required</code> equals <code>true</code>.</p>\n\n<p>For further details take a look at the property definition: {@link #required}.</p>"}, "type": "desc"}, {"attributes": {}, "type": "return", "children": [{"attributes": {"text": "<p>Whether the property equals <code>true</code>.</p>"}, "type": "desc"}, {"attributes": {}, "type": "types", "children": [{"attributes": {"type": "Boolean"}, "type": "entry"}]}]}]}, {"attributes": {"name": "isValid", "fromProperty": "valid"}, "type": "method", "children": [{"attributes": {"text": "<p>Check whether the (computed) value of the boolean property <code>valid</code> equals <code>true</code>.</p>\n\n<p>For further details take a look at the property definition: {@link #valid}.</p>"}, "type": "desc"}, {"attributes": {}, "type": "return", "children": [{"attributes": {"text": "<p>Whether the property equals <code>true</code>.</p>"}, "type": "desc"}, {"attributes": {}, "type": "types", "children": [{"attributes": {"type": "Boolean"}, "type": "entry"}]}]}]}, {"attributes": {"name": "isWrap", "fromProperty": "wrap"}, "type": "method", "children": [{"attributes": {"text": "<p>Check whether the (computed) value of the boolean property <code>wrap</code> equals <code>true</code>.</p>\n\n<p>For further details take a look at the property definition: {@link #wrap}.</p>"}, "type": "desc"}, {"attributes": {}, "type": "return", "children": [{"attributes": {"text": "<p>Whether the property equals <code>true</code>.</p>"}, "type": "desc"}, {"attributes": {}, "type": "types", "children": [{"attributes": {"type": "Boolean"}, "type": "entry"}]}]}]}, {"attributes": {"line": 241, "name": "remove"}, "type": "method", "children": [{"attributes": {}, "type": "params", "children": [{"attributes": {"name": "item"}, "type": "param", "children": [{"attributes": {"text": "<p>The item to remove.</p>"}, "type": "desc"}, {"attributes": {}, "type": "types", "children": [{"attributes": {"type": "qx.ui.form.IRadioItem"}, "type": "entry"}]}]}]}, {"attributes": {"text": "<p>Remove an item from the radio group.</p>"}, "type": "desc"}]}, {"attributes": {"name": "resetAllowEmptySelection", "fromProperty": "allowEmptySelection"}, "type": "method", "children": [{"attributes": {"text": "<p>Resets the user value of the property <code>allowEmptySelection</code>.</p>\n\n<p>The computed value falls back to the next available value e.g. appearance, init or\ninheritance value depeneding on the property configuration and value availability.</p>\n\n<p>For further details take a look at the property definition: {@link #allowEmptySelection}.</p>"}, "type": "desc"}]}, {"attributes": {"name": "resetEnabled", "fromProperty": "enabled"}, "type": "method", "children": [{"attributes": {"text": "<p>Resets the user value of the property <code>enabled</code>.</p>\n\n<p>The computed value falls back to the next available value e.g. appearance, init or\ninheritance value depeneding on the property configuration and value availability.</p>\n\n<p>For further details take a look at the property definition: {@link #enabled}.</p>"}, "type": "desc"}]}, {"attributes": {"name": "resetInvalidMessage", "fromProperty": "invalidMessage"}, "type": "method", "children": [{"attributes": {"text": "<p>Resets the user value of the property <code>invalidMessage</code>.</p>\n\n<p>The computed value falls back to the next available value e.g. appearance, init or\ninheritance value depeneding on the property configuration and value availability.</p>\n\n<p>For further details take a look at the property definition: {@link #invalidMessage}.</p>"}, "type": "desc"}]}, {"attributes": {"name": "resetRequired", "fromProperty": "required"}, "type": "method", "children": [{"attributes": {"text": "<p>Resets the user value of the property <code>required</code>.</p>\n\n<p>The computed value falls back to the next available value e.g. appearance, init or\ninheritance value depeneding on the property configuration and value availability.</p>\n\n<p>For further details take a look at the property definition: {@link #required}.</p>"}, "type": "desc"}]}, {"attributes": {"name": "resetRequiredInvalidMessage", "fromProperty": "requiredInvalidMessage"}, "type": "method", "children": [{"attributes": {"text": "<p>Resets the user value of the property <code>requiredInvalidMessage</code>.</p>\n\n<p>The computed value falls back to the next available value e.g. appearance, init or\ninheritance value depeneding on the property configuration and value availability.</p>\n\n<p>For further details take a look at the property definition: {@link #requiredInvalidMessage}.</p>"}, "type": "desc"}]}, {"attributes": {"name": "resetValid", "fromProperty": "valid"}, "type": "method", "children": [{"attributes": {"text": "<p>Resets the user value of the property <code>valid</code>.</p>\n\n<p>The computed value falls back to the next available value e.g. appearance, init or\ninheritance value depeneding on the property configuration and value availability.</p>\n\n<p>For further details take a look at the property definition: {@link #valid}.</p>"}, "type": "desc"}]}, {"attributes": {"name": "resetWrap", "fromProperty": "wrap"}, "type": "method", "children": [{"attributes": {"text": "<p>Resets the user value of the property <code>wrap</code>.</p>\n\n<p>The computed value falls back to the next available value e.g. appearance, init or\ninheritance value depeneding on the property configuration and value availability.</p>\n\n<p>For further details take a look at the property definition: {@link #wrap}.</p>"}, "type": "desc"}]}, {"attributes": {"line": 355, "name": "selectNext"}, "type": "method", "children": [{"attributes": {"text": "<p>Select the item following the given item.</p>"}, "type": "desc"}]}, {"attributes": {"line": 387, "name": "selectPrevious"}, "type": "method", "children": [{"attributes": {"text": "<p>Select the item previous the given item.</p>"}, "type": "desc"}]}, {"attributes": {"name": "setAllowEmptySelection", "fromProperty": "allowEmptySelection"}, "type": "method", "children": [{"attributes": {}, "type": "params", "children": [{"attributes": {"name": "value"}, "type": "param", "children": [{"attributes": {"text": "<p>New value for property <code>allowEmptySelection</code>.</p>"}, "type": "desc"}, {"attributes": {}, "type": "types", "children": [{"attributes": {"type": "var"}, "type": "entry"}]}]}]}, {"attributes": {"text": "<p>Sets the user value of the property <code>allowEmptySelection</code>.</p>\n\n<p>For further details take a look at the property definition: {@link #allowEmptySelection}.</p>"}, "type": "desc"}, {"attributes": {}, "type": "return", "children": [{"attributes": {"text": "<p>The unmodified incoming value.</p>"}, "type": "desc"}, {"attributes": {}, "type": "types", "children": [{"attributes": {"type": "var"}, "type": "entry"}]}]}]}, {"attributes": {"name": "setEnabled", "fromProperty": "enabled"}, "type": "method", "children": [{"attributes": {}, "type": "params", "children": [{"attributes": {"name": "value"}, "type": "param", "children": [{"attributes": {"text": "<p>New value for property <code>enabled</code>.</p>"}, "type": "desc"}, {"attributes": {}, "type": "types", "children": [{"attributes": {"type": "var"}, "type": "entry"}]}]}]}, {"attributes": {"text": "<p>Sets the user value of the property <code>enabled</code>.</p>\n\n<p>For further details take a look at the property definition: {@link #enabled}.</p>"}, "type": "desc"}, {"attributes": {}, "type": "return", "children": [{"attributes": {"text": "<p>The unmodified incoming value.</p>"}, "type": "desc"}, {"attributes": {}, "type": "types", "children": [{"attributes": {"type": "var"}, "type": "entry"}]}]}]}, {"attributes": {"name": "setInvalidMessage", "fromProperty": "invalidMessage"}, "type": "method", "children": [{"attributes": {}, "type": "params", "children": [{"attributes": {"name": "value"}, "type": "param", "children": [{"attributes": {"text": "<p>New value for property <code>invalidMessage</code>.</p>"}, "type": "desc"}, {"attributes": {}, "type": "types", "children": [{"attributes": {"type": "var"}, "type": "entry"}]}]}]}, {"attributes": {"text": "<p>Sets the user value of the property <code>invalidMessage</code>.</p>\n\n<p>For further details take a look at the property definition: {@link #invalidMessage}.</p>"}, "type": "desc"}, {"attributes": {}, "type": "return", "children": [{"attributes": {"text": "<p>The unmodified incoming value.</p>"}, "type": "desc"}, {"attributes": {}, "type": "types", "children": [{"attributes": {"type": "var"}, "type": "entry"}]}]}]}, {"attributes": {"name": "setRequired", "fromProperty": "required"}, "type": "method", "children": [{"attributes": {}, "type": "params", "children": [{"attributes": {"name": "value"}, "type": "param", "children": [{"attributes": {"text": "<p>New value for property <code>required</code>.</p>"}, "type": "desc"}, {"attributes": {}, "type": "types", "children": [{"attributes": {"type": "var"}, "type": "entry"}]}]}]}, {"attributes": {"text": "<p>Sets the user value of the property <code>required</code>.</p>\n\n<p>For further details take a look at the property definition: {@link #required}.</p>"}, "type": "desc"}, {"attributes": {}, "type": "return", "children": [{"attributes": {"text": "<p>The unmodified incoming value.</p>"}, "type": "desc"}, {"attributes": {}, "type": "types", "children": [{"attributes": {"type": "var"}, "type": "entry"}]}]}]}, {"attributes": {"name": "setRequiredInvalidMessage", "fromProperty": "requiredInvalidMessage"}, "type": "method", "children": [{"attributes": {}, "type": "params", "children": [{"attributes": {"name": "value"}, "type": "param", "children": [{"attributes": {"text": "<p>New value for property <code>requiredInvalidMessage</code>.</p>"}, "type": "desc"}, {"attributes": {}, "type": "types", "children": [{"attributes": {"type": "var"}, "type": "entry"}]}]}]}, {"attributes": {"text": "<p>Sets the user value of the property <code>requiredInvalidMessage</code>.</p>\n\n<p>For further details take a look at the property definition: {@link #requiredInvalidMessage}.</p>"}, "type": "desc"}, {"attributes": {}, "type": "return", "children": [{"attributes": {"text": "<p>The unmodified incoming value.</p>"}, "type": "desc"}, {"attributes": {}, "type": "types", "children": [{"attributes": {"type": "var"}, "type": "entry"}]}]}]}, {"attributes": {"name": "setValid", "fromProperty": "valid"}, "type": "method", "children": [{"attributes": {}, "type": "params", "children": [{"attributes": {"name": "value"}, "type": "param", "children": [{"attributes": {"text": "<p>New value for property <code>valid</code>.</p>"}, "type": "desc"}, {"attributes": {}, "type": "types", "children": [{"attributes": {"type": "var"}, "type": "entry"}]}]}]}, {"attributes": {"text": "<p>Sets the user value of the property <code>valid</code>.</p>\n\n<p>For further details take a look at the property definition: {@link #valid}.</p>"}, "type": "desc"}, {"attributes": {}, "type": "return", "children": [{"attributes": {"text": "<p>The unmodified incoming value.</p>"}, "type": "desc"}, {"attributes": {}, "type": "types", "children": [{"attributes": {"type": "var"}, "type": "entry"}]}]}]}, {"attributes": {"name": "setWrap", "fromProperty": "wrap"}, "type": "method", "children": [{"attributes": {}, "type": "params", "children": [{"attributes": {"name": "value"}, "type": "param", "children": [{"attributes": {"text": "<p>New value for property <code>wrap</code>.</p>"}, "type": "desc"}, {"attributes": {}, "type": "types", "children": [{"attributes": {"type": "var"}, "type": "entry"}]}]}]}, {"attributes": {"text": "<p>Sets the user value of the property <code>wrap</code>.</p>\n\n<p>For further details take a look at the property definition: {@link #wrap}.</p>"}, "type": "desc"}, {"attributes": {}, "type": "return", "children": [{"attributes": {"text": "<p>The unmodified incoming value.</p>"}, "type": "desc"}, {"attributes": {}, "type": "types", "children": [{"attributes": {"type": "var"}, "type": "entry"}]}]}]}, {"attributes": {"name": "toggleAllowEmptySelection", "fromProperty": "allowEmptySelection"}, "type": "method", "children": [{"attributes": {"text": "<p>Toggles the (computed) value of the boolean property <code>allowEmptySelection</code>.</p>\n\n<p>For further details take a look at the property definition: {@link #allowEmptySelection}.</p>"}, "type": "desc"}, {"attributes": {}, "type": "return", "children": [{"attributes": {"text": "<p>the new value</p>"}, "type": "desc"}, {"attributes": {}, "type": "types", "children": [{"attributes": {"type": "Boolean"}, "type": "entry"}]}]}]}, {"attributes": {"name": "toggleEnabled", "fromProperty": "enabled"}, "type": "method", "children": [{"attributes": {"text": "<p>Toggles the (computed) value of the boolean property <code>enabled</code>.</p>\n\n<p>For further details take a look at the property definition: {@link #enabled}.</p>"}, "type": "desc"}, {"attributes": {}, "type": "return", "children": [{"attributes": {"text": "<p>the new value</p>"}, "type": "desc"}, {"attributes": {}, "type": "types", "children": [{"attributes": {"type": "Boolean"}, "type": "entry"}]}]}]}, {"attributes": {"name": "toggleRequired", "fromProperty": "required"}, "type": "method", "children": [{"attributes": {"text": "<p>Toggles the (computed) value of the boolean property <code>required</code>.</p>\n\n<p>For further details take a look at the property definition: {@link #required}.</p>"}, "type": "desc"}, {"attributes": {}, "type": "return", "children": [{"attributes": {"text": "<p>the new value</p>"}, "type": "desc"}, {"attributes": {}, "type": "types", "children": [{"attributes": {"type": "Boolean"}, "type": "entry"}]}]}]}, {"attributes": {"name": "toggleValid", "fromProperty": "valid"}, "type": "method", "children": [{"attributes": {"text": "<p>Toggles the (computed) value of the boolean property <code>valid</code>.</p>\n\n<p>For further details take a look at the property definition: {@link #valid}.</p>"}, "type": "desc"}, {"attributes": {}, "type": "return", "children": [{"attributes": {"text": "<p>the new value</p>"}, "type": "desc"}, {"attributes": {}, "type": "types", "children": [{"attributes": {"type": "Boolean"}, "type": "entry"}]}]}]}, {"attributes": {"name": "toggleWrap", "fromProperty": "wrap"}, "type": "method", "children": [{"attributes": {"text": "<p>Toggles the (computed) value of the boolean property <code>wrap</code>.</p>\n\n<p>For further details take a look at the property definition: {@link #wrap}.</p>"}, "type": "desc"}, {"attributes": {}, "type": "return", "children": [{"attributes": {"text": "<p>the new value</p>"}, "type": "desc"}, {"attributes": {}, "type": "types", "children": [{"attributes": {"type": "Boolean"}, "type": "entry"}]}]}]}]}, {"attributes": {}, "type": "properties", "children": [{"attributes": {"apply": "_applyAllowEmptySelection", "defaultValue": "false", "propertyType": "new", "check": "Boolean", "name": "allowEmptySelection"}, "type": "property", "children": [{"attributes": {"text": "<p>If is set to <code>true</code> the selection could be empty,\notherwise is always one <code>RadioButton</code> selected.</p>"}, "type": "desc"}]}, {"attributes": {"name": "enabled", "defaultValue": "true", "event": "changeEnabled", "propertyType": "new", "apply": "_applyEnabled", "check": "Boolean"}, "type": "property", "children": [{"attributes": {"text": "<p>Whether the radio group is enabled</p>"}, "type": "desc"}]}, {"attributes": {"name": "invalidMessage", "defaultValue": "\"\"", "event": "changeInvalidMessage", "propertyType": "new", "apply": "_applyInvalidMessage", "check": "String"}, "type": "property", "children": [{"attributes": {"text": "<p>Message which is shown in an invalid tooltip.</p>"}, "type": "desc"}]}, {"attributes": {"defaultValue": "false", "propertyType": "new", "event": "changeRequired", "name": "required", "check": "Boolean"}, "type": "property", "children": [{"attributes": {"text": "<p>Flag signaling if the group is required.</p>"}, "type": "desc"}]}, {"attributes": {"allowNull": "true", "propertyType": "new", "event": "changeInvalidMessage", "name": "requiredInvalidMessage", "check": "String"}, "type": "property", "children": [{"attributes": {"text": "<p>Message which is shown in an invalid tooltip if the {@link #required} is\nset to true.</p>"}, "type": "desc"}]}, {"attributes": {"name": "valid", "defaultValue": "true", "event": "changeValid", "propertyType": "new", "apply": "_applyValid", "check": "Boolean"}, "type": "property", "children": [{"attributes": {"text": "<p>Flag signaling if the group at all is valid. All children will have the\nsame state.</p>"}, "type": "desc"}]}, {"attributes": {"defaultValue": "true", "propertyType": "new", "check": "Boolean", "name": "wrap"}, "type": "property", "children": [{"attributes": {"text": "<p>Whether the selection should wrap around. This means that the successor of\nthe last item is the first item.</p>"}, "type": "desc"}]}]}]}