{"attributes": {"packageName": "qx.ui.tree.core", "type": "interface", "fullName": "qx.ui.tree.core.IVirtualTreeDelegate", "name": "IVirtualTreeDelegate"}, "type": "class", "children": [{"attributes": {"text": "<p>Objects which are used as delegates for the <code>qx.ui.tree.VirtualTree</code> may\nimplement any of the methods described in this interface. The delegate does\nnot need to implement all the methods of this interface. If a method is not\nimplemented the <code>qx.ui.tree.VirtualTree</code> provides a default\nimplementation.</p>\n\n<p>Note: This interface is meant to document the delegate but should not be\nlisted in the <code>implement</code> key of a class unless all methods are\nactually implemented.</p>"}, "type": "desc"}, {"attributes": {}, "type": "methods", "children": [{"attributes": {"line": 67, "name": "bindItem"}, "type": "method", "children": [{"attributes": {}, "type": "params", "children": [{"attributes": {"name": "controller"}, "type": "param", "children": [{"attributes": {"text": "<p>The currently used controller.</p>"}, "type": "desc"}, {"attributes": {}, "type": "types", "children": [{"attributes": {"type": "MWidgetController"}, "type": "entry"}]}]}, {"attributes": {"name": "item"}, "type": "param", "children": [{"attributes": {"text": "<p>The created and used item.</p>"}, "type": "desc"}, {"attributes": {}, "type": "types", "children": [{"attributes": {"type": "qx.ui.core.Widget"}, "type": "entry"}]}]}, {"attributes": {"name": "id"}, "type": "param", "children": [{"attributes": {"text": "<p>The id for the binding.</p>"}, "type": "desc"}, {"attributes": {}, "type": "types", "children": [{"attributes": {"type": "Integer"}, "type": "entry"}]}]}]}, {"attributes": {"text": "<p>Sets up the binding for the given widget cell and index.</p>\n\n<p>For every property you want to bind, use\n{@link MWidgetController#bindProperty} like this:\n<code>\ncontroller.bindProperty(null, &#8220;value&#8221;, options, item, id);\n</code></p>"}, "type": "desc"}]}, {"attributes": {"line": 41, "name": "configureItem"}, "type": "method", "children": [{"attributes": {}, "type": "params", "children": [{"attributes": {"name": "item"}, "type": "param", "children": [{"attributes": {"text": "<p>Item to modify.</p>"}, "type": "desc"}, {"attributes": {}, "type": "types", "children": [{"attributes": {"type": "qx.ui.core.Widget"}, "type": "entry"}]}]}]}, {"attributes": {"text": "<p>Gives the user the opportunity to set individual styles and properties\non the widget cells created by the controller.</p>"}, "type": "desc"}]}, {"attributes": {"line": 51, "name": "createItem"}, "type": "method", "children": [{"attributes": {"text": "<p>Creates a widget cell which will be used for rendering. Be sure to\nimplement the {@link #bindItem} function as well to get the needed\nproperties bound.</p>"}, "type": "desc"}, {"attributes": {}, "type": "return", "children": [{"attributes": {"text": "<p>A new created item cell.</p>"}, "type": "desc"}, {"attributes": {}, "type": "types", "children": [{"attributes": {"type": "qx.ui.core.Widget"}, "type": "entry"}]}]}]}, {"attributes": {"line": 85, "name": "filter"}, "type": "method", "children": [{"attributes": {}, "type": "params", "children": [{"attributes": {"name": "data"}, "type": "param", "children": [{"attributes": {"text": "<p>The data which will be checked.</p>"}, "type": "desc"}, {"attributes": {}, "type": "types", "children": [{"attributes": {"type": "var"}, "type": "entry"}]}]}]}, {"attributes": {"text": "<p>Filter checks the current data and returns a boolean if the data should\nappear in the filtered data set or not.</p>"}, "type": "desc"}, {"attributes": {}, "type": "return", "children": [{"attributes": {"text": "<p>True, if the data passes the filter, false otherwise.</p>"}, "type": "desc"}, {"attributes": {}, "type": "types", "children": [{"attributes": {"type": "Boolean"}, "type": "entry"}]}]}]}, {"attributes": {"line": 75, "name": "onPool"}, "type": "method", "children": [{"attributes": {}, "type": "params", "children": [{"attributes": {"name": "item"}, "type": "param", "children": [{"attributes": {"text": "<p>Item to modify.</p>"}, "type": "desc"}, {"attributes": {}, "type": "types", "children": [{"attributes": {"type": "qx.ui.core.Widget"}, "type": "entry"}]}]}]}, {"attributes": {"text": "<p>Gives the user the opportunity to reset properties or states.</p>"}, "type": "desc"}]}, {"attributes": {"line": 98, "name": "sorter"}, "type": "method", "children": [{"attributes": {}, "type": "params", "children": [{"attributes": {"name": "a"}, "type": "param", "children": [{"attributes": {"text": "<p>value to compare.</p>"}, "type": "desc"}, {"attributes": {}, "type": "types", "children": [{"attributes": {"type": "var"}, "type": "entry"}]}]}, {"attributes": {"name": "b"}, "type": "param", "children": [{"attributes": {"text": "<p>value to compare.</p>"}, "type": "desc"}, {"attributes": {}, "type": "types", "children": [{"attributes": {"type": "var"}, "type": "entry"}]}]}]}, {"attributes": {"text": "<p>Gives the user the opportunity to sort the children items from a node.\nThe sorting method should return a negative value if a < b, zero\nif a = b, or a positive value if a > b.</p>"}, "type": "desc"}, {"attributes": {}, "type": "return", "children": [{"attributes": {"text": "<p>should return a negative value if a < b, zero if a = b, or a positive value if a > b.</p>"}, "type": "desc"}, {"attributes": {}, "type": "types", "children": [{"attributes": {"type": "Integer"}, "type": "entry"}]}]}]}]}]}