{"attributes": {"fullName": "qx.ui.mobile.container.Collapsible", "packageName": "qx.ui.mobile.container", "type": "class", "name": "Collapsible", "superClass": "qx.ui.mobile.core.Widget"}, "type": "class", "children": [{"attributes": {"text": "<p>Creates a Collapsible widget.\nIt contains a {@link qx.ui.mobile.basic.Label Label} for the header and a {@link qx.ui.mobile.container.Composite Composite}\nfor the content.</p>\n\n<p>The visiblity of the content composite toggles when user taps on header.</p>\n\n<p><strong>Example</strong></p>\n\n<p>Here is an example of how to use the widget.</p>\n\n<pre class=\"javascript\">\n var collapsible = new qx.ui.mobile.container.Collapsible(\"Collapsible Header\");\n collapsible.setCombined(false);\n collapsible.setCollapsed(false);\n\n var label = new qx.ui.mobile.basic.Label(\"This is the content of the Collapsible.\");\n collapsible.add(label);\n\n</pre>"}, "type": "desc"}, {"attributes": {}, "type": "constructor", "children": [{"attributes": {"line": 56, "isCtor": true, "overriddenFrom": "qx.ui.mobile.core.Widget", "name": "ctor"}, "type": "method", "children": [{"attributes": {}, "type": "params", "children": [{"attributes": {"optional": true, "name": "title"}, "type": "param", "children": [{"attributes": {"text": "<p>the text which should be displayed in the Collapsible&#8217;s header label.</p>"}, "type": "desc"}, {"attributes": {}, "type": "types", "children": [{"attributes": {"type": "String"}, "type": "entry"}]}]}]}, {"attributes": {"text": ""}, "type": "desc"}]}]}, {"attributes": {}, "type": "events", "children": [{"attributes": {"name": "changeCollapsed"}, "type": "event", "children": [{"attributes": {"text": "Fired on change of the property {@link #collapsed}."}, "type": "desc"}, {"attributes": {}, "type": "types", "children": [{"attributes": {"type": "qx.event.type.Data"}, "type": "entry"}]}]}]}, {"attributes": {}, "type": "methods", "children": [{"attributes": {"access": "protected", "line": 186, "name": "_applyCollapsed"}, "type": "method", "children": [{"attributes": {}, "type": "params", "children": [{"attributes": {"name": "value"}, "type": "param", "children": [{"attributes": {"text": "<p>new value of the property</p>"}, "type": "desc"}, {"attributes": {}, "type": "types", "children": [{"attributes": {"type": "Boolean"}, "type": "entry"}]}]}, {"attributes": {"name": "old"}, "type": "param", "children": [{"attributes": {"text": "<p>previous value of the property (null if it was not yet set).</p>"}, "type": "desc"}, {"attributes": {}, "type": "types", "children": [{"attributes": {"type": "Boolean"}, "type": "entry"}]}]}]}, {"attributes": {}, "type": "apply", "children": [{"attributes": {"applies": "qx.ui.mobile.container.Collapsible#collapsed"}, "type": "entry"}]}, {"attributes": {"text": "<p>Applies changes of the property value of the property <code>collapsed</code>.</p>\n\n<p>For further details take a look at the property definition: {@link #collapsed}.</p>"}, "type": "desc"}]}, {"attributes": {"access": "protected", "line": 198, "name": "_applyCombined"}, "type": "method", "children": [{"attributes": {}, "type": "params", "children": [{"attributes": {"name": "value"}, "type": "param", "children": [{"attributes": {"text": "<p>new value of the property</p>"}, "type": "desc"}, {"attributes": {}, "type": "types", "children": [{"attributes": {"type": "Boolean"}, "type": "entry"}]}]}, {"attributes": {"name": "old"}, "type": "param", "children": [{"attributes": {"text": "<p>previous value of the property (null if it was not yet set).</p>"}, "type": "desc"}, {"attributes": {}, "type": "types", "children": [{"attributes": {"type": "Boolean"}, "type": "entry"}]}]}]}, {"attributes": {}, "type": "apply", "children": [{"attributes": {"applies": "qx.ui.mobile.container.Collapsible#combined"}, "type": "entry"}]}, {"attributes": {"text": "<p>Applies changes of the property value of the property <code>combined</code>.</p>\n\n<p>For further details take a look at the property definition: {@link #combined}.</p>"}, "type": "desc"}]}, {"attributes": {"access": "protected", "line": 180, "name": "_createContent"}, "type": "method", "children": [{"attributes": {"text": "<p>Factory method for the Collapsible&#8217;s content.</p>"}, "type": "desc"}, {"attributes": {}, "type": "return", "children": [{"attributes": {"text": "<p>the content composite.</p>"}, "type": "desc"}, {"attributes": {}, "type": "types", "children": [{"attributes": {"type": "qx.ui.mobile.container.Composite"}, "type": "entry"}]}]}]}, {"attributes": {"access": "protected", "line": 168, "name": "_createHeader"}, "type": "method", "children": [{"attributes": {"text": "<p>Factory method for the Collapsible&#8217;s header.</p>"}, "type": "desc"}, {"attributes": {}, "type": "return", "children": [{"attributes": {"text": "<p>the label which represents the header.</p>"}, "type": "desc"}, {"attributes": {}, "type": "types", "children": [{"attributes": {"type": "qx.ui.mobile.basic.Label"}, "type": "entry"}]}]}]}, {"attributes": {"line": 128, "name": "add"}, "type": "method", "children": [{"attributes": {}, "type": "params", "children": [{"attributes": {"name": "child"}, "type": "param", "children": [{"attributes": {"text": "<p>the widget to add.</p>"}, "type": "desc"}, {"attributes": {}, "type": "types", "children": [{"attributes": {"type": "qx.ui.mobile.core.Widget"}, "type": "entry"}]}]}, {"attributes": {"optional": true, "name": "layoutProperties"}, "type": "param", "children": [{"attributes": {"text": "<p>(default:null) Optional layout data for widget.</p>"}, "type": "desc"}, {"attributes": {}, "type": "types", "children": [{"attributes": {"type": "Map"}, "type": "entry"}]}]}]}, {"attributes": {"text": "<p>Adds a new child widget to the Collapsible&#8217;s content composite.</p>"}, "type": "desc"}]}, {"attributes": {"name": "getCollapsed", "fromProperty": "collapsed"}, "type": "method", "children": [{"attributes": {"text": "<p>Returns the (computed) value of the property <code>collapsed</code>.</p>\n\n<p>For further details take a look at the property definition: {@link #collapsed}.</p>"}, "type": "desc"}, {"attributes": {}, "type": "return", "children": [{"attributes": {"text": "<p>(Computed) value of <code>collapsed</code>.</p>"}, "type": "desc"}, {"attributes": {}, "type": "types", "children": [{"attributes": {"type": "var"}, "type": "entry"}]}]}]}, {"attributes": {"name": "getCombined", "fromProperty": "combined"}, "type": "method", "children": [{"attributes": {"text": "<p>Returns the (computed) value of the property <code>combined</code>.</p>\n\n<p>For further details take a look at the property definition: {@link #combined}.</p>"}, "type": "desc"}, {"attributes": {}, "type": "return", "children": [{"attributes": {"text": "<p>(Computed) value of <code>combined</code>.</p>"}, "type": "desc"}, {"attributes": {}, "type": "types", "children": [{"attributes": {"type": "var"}, "type": "entry"}]}]}]}, {"attributes": {"line": 159, "name": "getContent"}, "type": "method", "children": [{"attributes": {"text": "<p>Getter for the Collapsible&#8217;s content composite.</p>"}, "type": "desc"}, {"attributes": {}, "type": "return", "children": [{"attributes": {"text": "<p>the content composite.</p>"}, "type": "desc"}, {"attributes": {}, "type": "types", "children": [{"attributes": {"type": "qx.ui.mobile.container.Composite"}, "type": "entry"}]}]}]}, {"attributes": {"line": 150, "name": "getHeader"}, "type": "method", "children": [{"attributes": {"text": "<p>Getter for the Collapsible&#8217;s header label.</p>"}, "type": "desc"}, {"attributes": {}, "type": "return", "children": [{"attributes": {"text": "<p>the header.</p>"}, "type": "desc"}, {"attributes": {}, "type": "types", "children": [{"attributes": {"type": "qx.ui.mobile.basic.Label"}, "type": "entry"}]}]}]}, {"attributes": {"access": "protected", "name": "initCollapsed", "fromProperty": "collapsed"}, "type": "method", "children": [{"attributes": {}, "type": "params", "children": [{"attributes": {"name": "value"}, "type": "param", "children": [{"attributes": {"text": "<p>Initial value for property <code>collapsed</code>.</p>"}, "type": "desc"}, {"attributes": {}, "type": "types", "children": [{"attributes": {"type": "var"}, "type": "entry"}]}]}]}, {"attributes": {"text": "<p>Calls the apply method and dispatches the change event of the property <code>collapsed</code>\nwith the default value defined by the class developer. This function can\nonly be called from the constructor of a class.</p>\n\n<p>For further details take a look at the property definition: {@link #collapsed}.</p>"}, "type": "desc"}, {"attributes": {}, "type": "return", "children": [{"attributes": {"text": "<p>the default value</p>"}, "type": "desc"}, {"attributes": {}, "type": "types", "children": [{"attributes": {"type": "var"}, "type": "entry"}]}]}]}, {"attributes": {"access": "protected", "name": "initCombined", "fromProperty": "combined"}, "type": "method", "children": [{"attributes": {}, "type": "params", "children": [{"attributes": {"name": "value"}, "type": "param", "children": [{"attributes": {"text": "<p>Initial value for property <code>combined</code>.</p>"}, "type": "desc"}, {"attributes": {}, "type": "types", "children": [{"attributes": {"type": "var"}, "type": "entry"}]}]}]}, {"attributes": {"text": "<p>Calls the apply method and dispatches the change event of the property <code>combined</code>\nwith the default value defined by the class developer. This function can\nonly be called from the constructor of a class.</p>\n\n<p>For further details take a look at the property definition: {@link #combined}.</p>"}, "type": "desc"}, {"attributes": {}, "type": "return", "children": [{"attributes": {"text": "<p>the default value</p>"}, "type": "desc"}, {"attributes": {}, "type": "types", "children": [{"attributes": {"type": "var"}, "type": "entry"}]}]}]}, {"attributes": {"name": "isCollapsed", "fromProperty": "collapsed"}, "type": "method", "children": [{"attributes": {"text": "<p>Check whether the (computed) value of the boolean property <code>collapsed</code> equals <code>true</code>.</p>\n\n<p>For further details take a look at the property definition: {@link #collapsed}.</p>"}, "type": "desc"}, {"attributes": {}, "type": "return", "children": [{"attributes": {"text": "<p>Whether the property equals <code>true</code>.</p>"}, "type": "desc"}, {"attributes": {}, "type": "types", "children": [{"attributes": {"type": "Boolean"}, "type": "entry"}]}]}]}, {"attributes": {"name": "isCombined", "fromProperty": "combined"}, "type": "method", "children": [{"attributes": {"text": "<p>Check whether the (computed) value of the boolean property <code>combined</code> equals <code>true</code>.</p>\n\n<p>For further details take a look at the property definition: {@link #combined}.</p>"}, "type": "desc"}, {"attributes": {}, "type": "return", "children": [{"attributes": {"text": "<p>Whether the property equals <code>true</code>.</p>"}, "type": "desc"}, {"attributes": {}, "type": "types", "children": [{"attributes": {"type": "Boolean"}, "type": "entry"}]}]}]}, {"attributes": {"name": "resetCollapsed", "fromProperty": "collapsed"}, "type": "method", "children": [{"attributes": {"text": "<p>Resets the user value of the property <code>collapsed</code>.</p>\n\n<p>The computed value falls back to the next available value e.g. appearance, init or\ninheritance value depeneding on the property configuration and value availability.</p>\n\n<p>For further details take a look at the property definition: {@link #collapsed}.</p>"}, "type": "desc"}]}, {"attributes": {"name": "resetCombined", "fromProperty": "combined"}, "type": "method", "children": [{"attributes": {"text": "<p>Resets the user value of the property <code>combined</code>.</p>\n\n<p>The computed value falls back to the next available value e.g. appearance, init or\ninheritance value depeneding on the property configuration and value availability.</p>\n\n<p>For further details take a look at the property definition: {@link #combined}.</p>"}, "type": "desc"}]}, {"attributes": {"name": "setCollapsed", "fromProperty": "collapsed"}, "type": "method", "children": [{"attributes": {}, "type": "params", "children": [{"attributes": {"name": "value"}, "type": "param", "children": [{"attributes": {"text": "<p>New value for property <code>collapsed</code>.</p>"}, "type": "desc"}, {"attributes": {}, "type": "types", "children": [{"attributes": {"type": "var"}, "type": "entry"}]}]}]}, {"attributes": {"text": "<p>Sets the user value of the property <code>collapsed</code>.</p>\n\n<p>For further details take a look at the property definition: {@link #collapsed}.</p>"}, "type": "desc"}, {"attributes": {}, "type": "return", "children": [{"attributes": {"text": "<p>The unmodified incoming value.</p>"}, "type": "desc"}, {"attributes": {}, "type": "types", "children": [{"attributes": {"type": "var"}, "type": "entry"}]}]}]}, {"attributes": {"name": "setCombined", "fromProperty": "combined"}, "type": "method", "children": [{"attributes": {}, "type": "params", "children": [{"attributes": {"name": "value"}, "type": "param", "children": [{"attributes": {"text": "<p>New value for property <code>combined</code>.</p>"}, "type": "desc"}, {"attributes": {}, "type": "types", "children": [{"attributes": {"type": "var"}, "type": "entry"}]}]}]}, {"attributes": {"text": "<p>Sets the user value of the property <code>combined</code>.</p>\n\n<p>For further details take a look at the property definition: {@link #combined}.</p>"}, "type": "desc"}, {"attributes": {}, "type": "return", "children": [{"attributes": {"text": "<p>The unmodified incoming value.</p>"}, "type": "desc"}, {"attributes": {}, "type": "types", "children": [{"attributes": {"type": "var"}, "type": "entry"}]}]}]}, {"attributes": {"line": 139, "name": "setTitle"}, "type": "method", "children": [{"attributes": {}, "type": "params", "children": [{"attributes": {"name": "title"}, "type": "param", "children": [{"attributes": {"text": "<p>the Collapsible&#8217;s title.</p>"}, "type": "desc"}, {"attributes": {}, "type": "types", "children": [{"attributes": {"type": "String"}, "type": "entry"}]}]}]}, {"attributes": {"text": "<p>Setter for the Collapsible&#8217;s header title.</p>"}, "type": "desc"}]}, {"attributes": {"name": "toggleCollapsed", "fromProperty": "collapsed"}, "type": "method", "children": [{"attributes": {"text": "<p>Toggles the (computed) value of the boolean property <code>collapsed</code>.</p>\n\n<p>For further details take a look at the property definition: {@link #collapsed}.</p>"}, "type": "desc"}, {"attributes": {}, "type": "return", "children": [{"attributes": {"text": "<p>the new value</p>"}, "type": "desc"}, {"attributes": {}, "type": "types", "children": [{"attributes": {"type": "Boolean"}, "type": "entry"}]}]}]}, {"attributes": {"name": "toggleCombined", "fromProperty": "combined"}, "type": "method", "children": [{"attributes": {"text": "<p>Toggles the (computed) value of the boolean property <code>combined</code>.</p>\n\n<p>For further details take a look at the property definition: {@link #combined}.</p>"}, "type": "desc"}, {"attributes": {}, "type": "return", "children": [{"attributes": {"text": "<p>the new value</p>"}, "type": "desc"}, {"attributes": {}, "type": "types", "children": [{"attributes": {"type": "Boolean"}, "type": "entry"}]}]}]}]}, {"attributes": {}, "type": "properties", "children": [{"attributes": {"name": "collapsed", "defaultValue": "true", "check": "Boolean", "allowNull": "false", "propertyType": "new", "apply": "_applyCollapsed", "event": "changeCollapsed"}, "type": "property", "children": [{"attributes": {"text": "<p>The collapsed state of this widget.</p>"}, "type": "desc"}]}, {"attributes": {"apply": "_applyCombined", "defaultValue": "true", "propertyType": "new", "check": "Boolean", "name": "combined"}, "type": "property", "children": [{"attributes": {"text": "<p>Controls whether the Collapsible&#8217;s content\n   should be visually associated with its headers.</p>"}, "type": "desc"}]}, {"attributes": {"name": "defaultCssClass", "docFrom": "qx.ui.mobile.core.Widget", "defaultValue": "\"collapsible\"", "refine": "true", "propertyType": "new", "overriddenFrom": "qx.ui.mobile.core.Widget"}, "type": "property"}]}]}