{"attributes": {"fullName": "qx.ui.toolbar.SplitButton", "packageName": "qx.ui.toolbar", "type": "class", "name": "SplitButton", "superClass": "qx.ui.form.SplitButton"}, "type": "class", "children": [{"attributes": {"text": "<p>A button which acts as a normal button and shows a menu on one\nof the sides to open something like a history list.</p>"}, "type": "desc"}, {"attributes": {}, "type": "childControls", "children": [{"attributes": {"name": "button"}, "type": "childControl", "children": [{"attributes": {"text": "<p>button to interact with</p>"}, "type": "desc"}, {"attributes": {}, "type": "types", "children": [{"attributes": {"type": "qx.ui.toolbar.Button"}, "type": "entry"}]}]}, {"attributes": {"name": "arrow"}, "type": "childControl", "children": [{"attributes": {"text": "<p>menu button to show the menu connected to the split button</p>"}, "type": "desc"}, {"attributes": {}, "type": "types", "children": [{"attributes": {"type": "qx.ui.toolbar.MenuButton"}, "type": "entry"}]}]}]}, {"attributes": {}, "type": "constructor", "children": [{"attributes": {"docFrom": "qx.ui.form.SplitButton", "line": 40, "isCtor": true, "overriddenFrom": "qx.ui.form.SplitButton", "name": "ctor"}, "type": "method", "children": [{"attributes": {}, "type": "params", "children": [{"attributes": {"name": "label"}, "type": "param"}, {"attributes": {"name": "icon"}, "type": "param"}, {"attributes": {"name": "menu"}, "type": "param"}, {"attributes": {"name": "command"}, "type": "param"}]}]}]}, {"attributes": {}, "type": "properties", "children": [{"attributes": {"name": "appearance", "docFrom": "qx.ui.core.Widget", "defaultValue": "\"toolbar-splitbutton\"", "refine": "true", "propertyType": "new", "overriddenFrom": "qx.ui.form.SplitButton"}, "type": "property"}, {"attributes": {"name": "focusable", "docFrom": "qx.ui.core.Widget", "defaultValue": "false", "refine": "true", "propertyType": "new", "overriddenFrom": "qx.ui.form.SplitButton"}, "type": "property"}]}, {"attributes": {}, "type": "methods", "children": [{"attributes": {"access": "protected", "docFrom": "qx.ui.core.Widget", "line": 106, "overriddenFrom": "qx.ui.form.SplitButton", "name": "_createChildControlImpl"}, "type": "method", "children": [{"attributes": {}, "type": "params", "children": [{"attributes": {"name": "id"}, "type": "param"}, {"attributes": {"name": "hash"}, "type": "param"}]}]}]}]}