{"attributes": {"fullName": "qx.ui.menubar.MenuBar", "packageName": "qx.ui.menubar", "type": "class", "name": "MenuBar", "superClass": "qx.ui.toolbar.ToolBar"}, "type": "class", "children": [{"attributes": {"text": "<p>Container for menubar buttons to display a classic application menu.</p>"}, "type": "desc"}, {"attributes": {}, "type": "properties", "children": [{"attributes": {"defaultValue": "\"menubar\"", "propertyType": "new", "overriddenFrom": "qx.ui.toolbar.ToolBar", "refine": "true", "name": "appearance"}, "type": "property", "children": [{"attributes": {"text": "<p>Appearance of the widget</p>"}, "type": "desc"}]}]}]}