{"attributes": {"fullName": "qx.util.fsm.State", "packageName": "qx.util.fsm", "type": "class", "name": "State", "superClass": "qx.core.Object"}, "type": "class", "children": [{"attributes": {"text": "<p>Create a new state which may be added to a finite state machine.</p>"}, "type": "desc"}, {"attributes": {}, "type": "constructor", "children": [{"attributes": {"line": 147, "isCtor": true, "overriddenFrom": "qx.core.Object", "name": "ctor"}, "type": "method", "children": [{"attributes": {}, "type": "params", "children": [{"attributes": {"name": "stateName"}, "type": "param", "children": [{"attributes": {"text": "<p>The name of this state.  This is the name which may be referenced in objects of class qx.util.fsm.Transition, when passing of the transition&#8217;s predicate means transition to this state.</p>"}, "type": "desc"}, {"attributes": {}, "type": "types", "children": [{"attributes": {"type": "String"}, "type": "entry"}]}]}, {"attributes": {"name": "stateInfo"}, "type": "param", "children": [{"attributes": {"text": "<pre> An object containing any of the following properties: context - A context in which all of the following functions should be run. onentry - A function which is called upon entry to the state.  Its signature is function(fsm, event) and it is saved in the onentry property of the state object.  (This function is called after the Transition's action function and after the previous state's onexit function.) In the onentry function: fsm - The finite state machine object to which this state is attached. event - The event that caused the finite state machine to run onexit - A function which is called upon exit from the state.  Its signature is function(fsm, event) and it is saved in the onexit property of the state object.  (This function is called after the Transition's action function and before the next state's onentry function.) In the onexit function: fsm - The finite state machine object to which this state is attached. event - The event that caused the finite state machine to run autoActionsBeforeOnentry - autoActionsAfterOnentry - autoActionsBeforeOnexit - autoActionsAfterOnexit - Automatic actions which take place at the time specified by the property name.  In all cases, the action takes place immediately before or after the specified function. The property value for each of these properties is an object which describes some number of functions to invoke on a set of specified objects (typically widgets). An example, using autoActionsBeforeOnentry, might look like this: \"autoActionsBeforeOnentry\" : { // The name of a function. \"setEnabled\" : [ { // The parameter value, thus \"setEnabled(true);\" \"parameters\" : [ true ], // The function would be called on each object: //  this.getObject(\"obj1\").setEnabled(true); //  this.getObject(\"obj2\").setEnabled(true); \"objects\" : [ \"obj1\", \"obj2\" ], // And similarly for each object in each specified group. \"groups\"  : [ \"group1\", \"group2\" ] } ], // The name of another function. \"setVisible\" : [ { // The parameter value, thus \"setVisible(false);\" \"parameters\" : [ false ], // The function would be called on each object and group, as // described above. \"objects\" : [ \"obj3\", \"obj4\" ], \"groups\"  : [ \"group3\", \"group4\" ] } ] }; events (required) - A description to the finite state machine of how to handle a particular event, optionally associated with a specific target object on which the event was dispatched.  This should be an object containing one property for each event which is either handled or blocked.  The property name should be the event name.  The property value should be one of: (a) qx.util.fsm.FiniteStateMachine.EventHandling.PREDICATE (b) qx.util.fsm.FiniteStateMachine.EventHandling.BLOCKED (c) a string containing the name of an explicit Transition to use (d) an object where each property name is the Friendly Name of an object (meaning that this rule applies if both the event and the event's target object's Friendly Name match), and its property value is one of (a), (b) or (c), above. This object is saved in the events property of the state object. Additional properties may be provided in stateInfo.  They will not be used by the finite state machine, but will be available via this.getUserData(\"\") during the state's onentry and onexit functions. </pre>"}, "type": "desc"}, {"attributes": {}, "type": "types", "children": [{"attributes": {"type": "Map"}, "type": "entry"}]}]}]}, {"attributes": {"text": ""}, "type": "desc"}, {"attributes": {}, "type": "throws", "children": [{"attributes": {"text": "<p>If the state info is not a valid object.</p>", "type": "Error"}, "type": "desc"}, {"attributes": {"text": "<p>If the events object is not provided in new state info.</p>", "type": "Error"}, "type": "desc"}]}]}]}, {"attributes": {}, "type": "methods-static", "children": [{"attributes": {"access": "protected", "line": 290, "isStatic": true, "name": "_commonTransformAutoActions"}, "type": "method", "children": [{"attributes": {}, "type": "params", "children": [{"attributes": {"name": "actionType"}, "type": "param", "children": [{"attributes": {"text": "<p>The name of the action being validated (for debug messages)</p>"}, "type": "desc"}, {"attributes": {}, "type": "types", "children": [{"attributes": {"type": "String"}, "type": "entry"}]}]}, {"attributes": {"name": "value"}, "type": "param", "children": [{"attributes": {"text": "<p>The property value which is being validated</p>"}, "type": "desc"}, {"attributes": {}, "type": "types", "children": [{"attributes": {"type": "Object"}, "type": "entry"}]}]}, {"attributes": {"name": "context"}, "type": "param", "children": [{"attributes": {"text": "<p>The object to which the created function should be bound.</p>"}, "type": "desc"}, {"attributes": {}, "type": "types", "children": [{"attributes": {"type": "Object"}, "type": "entry"}]}]}]}, {"attributes": {"text": "<p>Common function for checking the value provided for\nauto actions.</p>\n\n<p>Auto-action property values passed to us look akin to:</p>\n\n<pre class=\"javascript\">\n    {\n      // The name of a function.\n      \"setEnabled\" :\n      [\n        {\n          // The parameter value(s), thus \"setEnabled(true);\"\n          \"parameters\"   : [ true ],\n\n          // The function would be called on each object:\n          //  this.getObject(\"obj1\").setEnabled(true);\n          //  this.getObject(\"obj2\").setEnabled(true);\n          \"objects\" : [ \"obj1\", \"obj2\" ]\n\n          // And similarly for each object in each specified group.\n          \"groups\"  : [ \"group1\", \"group2\" ],\n        }\n      ];\n\n      \"setTextColor\" :\n      [\n        {\n          \"parameters\" : [ \"blue\" ]\n          \"groups\"     : [ \"group3\", \"group4\" ],\n          \"objects\"    : [ \"obj3\", \"obj4\" ]\n        }\n      ];\n    };\n    </pre>"}, "type": "desc"}, {"attributes": {}, "type": "return", "children": [{"attributes": {"text": "<p>Function that implements calls to each of the requested automatic actions</p>"}, "type": "desc"}, {"attributes": {}, "type": "types", "children": [{"attributes": {"type": "Function"}, "type": "entry"}]}]}, {"attributes": {}, "type": "throws", "children": [{"attributes": {"text": "<p>If the value has an invalid type.</p>", "type": "Error"}, "type": "desc"}, {"attributes": {"text": "<p>If the function type is not an array.</p>", "type": "Error"}, "type": "desc"}, {"attributes": {"text": "<p>If the function request parameter type is not valid.</p>", "type": "Error"}, "type": "desc"}, {"attributes": {"text": "<p>If the function parameters are not valid.</p>", "type": "Error"}, "type": "desc"}, {"attributes": {"text": "<p>If &#8216;objects&#8217; list is invalid.</p>", "type": "Error"}, "type": "desc"}, {"attributes": {"text": "<p>If a name in the &#8216;objects&#8217; list is not valid.</p>", "type": "Error"}, "type": "desc"}, {"attributes": {"text": "<p>If the &#8216;groups&#8217; list is not valid.</p>", "type": "Error"}, "type": "desc"}]}]}]}, {"attributes": {}, "type": "methods", "children": [{"attributes": {"access": "private", "line": 893, "name": "__bindIfFunction"}, "type": "method", "children": [{"attributes": {}, "type": "params", "children": [{"attributes": {"name": "f"}, "type": "param", "children": [{"attributes": {"text": "<p>The (possibly) function to be bound to the specified context.</p>"}, "type": "desc"}, {"attributes": {}, "type": "types", "children": [{"attributes": {"type": "Function"}, "type": "entry"}, {"attributes": {"type": "var"}, "type": "entry"}]}]}, {"attributes": {"name": "context"}, "type": "param", "children": [{"attributes": {"text": "<p>The context to bind the function to.</p>"}, "type": "desc"}, {"attributes": {}, "type": "types", "children": [{"attributes": {"type": "Object"}, "type": "entry"}]}]}]}, {"attributes": {"text": "<p>If given a function, bind it to a specified context.</p>"}, "type": "desc"}, {"attributes": {}, "type": "return", "children": [{"attributes": {"text": "<p>If f was a function, the return value is f wrapped such that it will be called in the specified context. Otherwise, f is returned unaltered.</p>"}, "type": "desc"}, {"attributes": {}, "type": "types", "children": [{"attributes": {"type": "Function"}, "type": "entry"}]}]}]}, {"attributes": {"access": "private", "line": 840, "name": "__transformAutoActionsAfterOnentry"}, "type": "method", "children": [{"attributes": {}, "type": "params", "children": [{"attributes": {"name": "value"}, "type": "param", "children": [{"attributes": {"text": "<p>Current value</p>"}, "type": "desc"}, {"attributes": {}, "type": "types", "children": [{"attributes": {"type": "var"}, "type": "entry"}]}]}]}, {"attributes": {"text": "<p>Internal transform method</p>"}, "type": "desc"}, {"attributes": {}, "type": "return", "children": [{"attributes": {"text": "<p>the final value</p>"}, "type": "desc"}, {"attributes": {}, "type": "types", "children": [{"attributes": {"type": "var"}, "type": "entry"}]}]}]}, {"attributes": {"access": "private", "line": 870, "name": "__transformAutoActionsAfterOnexit"}, "type": "method", "children": [{"attributes": {}, "type": "params", "children": [{"attributes": {"name": "value"}, "type": "param", "children": [{"attributes": {"text": "<p>Current value</p>"}, "type": "desc"}, {"attributes": {}, "type": "types", "children": [{"attributes": {"type": "var"}, "type": "entry"}]}]}]}, {"attributes": {"text": "<p>Internal transform method</p>"}, "type": "desc"}, {"attributes": {}, "type": "return", "children": [{"attributes": {"text": "<p>the final value</p>"}, "type": "desc"}, {"attributes": {}, "type": "types", "children": [{"attributes": {"type": "var"}, "type": "entry"}]}]}]}, {"attributes": {"access": "private", "line": 825, "name": "__transformAutoActionsBeforeOnentry"}, "type": "method", "children": [{"attributes": {}, "type": "params", "children": [{"attributes": {"name": "value"}, "type": "param", "children": [{"attributes": {"text": "<p>Current value</p>"}, "type": "desc"}, {"attributes": {}, "type": "types", "children": [{"attributes": {"type": "var"}, "type": "entry"}]}]}]}, {"attributes": {"text": "<p>Internal transform method</p>"}, "type": "desc"}, {"attributes": {}, "type": "return", "children": [{"attributes": {"text": "<p>the final value</p>"}, "type": "desc"}, {"attributes": {}, "type": "types", "children": [{"attributes": {"type": "var"}, "type": "entry"}]}]}]}, {"attributes": {"access": "private", "line": 855, "name": "__transformAutoActionsBeforeOnexit"}, "type": "method", "children": [{"attributes": {}, "type": "params", "children": [{"attributes": {"name": "value"}, "type": "param", "children": [{"attributes": {"text": "<p>Current value</p>"}, "type": "desc"}, {"attributes": {}, "type": "types", "children": [{"attributes": {"type": "var"}, "type": "entry"}]}]}]}, {"attributes": {"text": "<p>Internal transform method</p>"}, "type": "desc"}, {"attributes": {}, "type": "return", "children": [{"attributes": {"text": "<p>the final value</p>"}, "type": "desc"}, {"attributes": {}, "type": "types", "children": [{"attributes": {"type": "var"}, "type": "entry"}]}]}]}, {"attributes": {"access": "private", "line": 752, "name": "__transformEvents"}, "type": "method", "children": [{"attributes": {}, "type": "params", "children": [{"attributes": {"name": "value"}, "type": "param", "children": [{"attributes": {"text": "<p>Current value</p>"}, "type": "desc"}, {"attributes": {}, "type": "types", "children": [{"attributes": {"type": "var"}, "type": "entry"}]}]}]}, {"attributes": {"text": "<p>Internal transform method</p>"}, "type": "desc"}, {"attributes": {}, "type": "return", "children": [{"attributes": {"text": "<p>the final value</p>"}, "type": "desc"}, {"attributes": {}, "type": "types", "children": [{"attributes": {"type": "var"}, "type": "entry"}]}]}, {"attributes": {}, "type": "throws", "children": [{"attributes": {"text": "<p>when an invalid value is detected</p>", "type": "Error"}, "type": "desc"}]}]}, {"attributes": {"access": "private", "line": 681, "name": "__transformName"}, "type": "method", "children": [{"attributes": {}, "type": "params", "children": [{"attributes": {"name": "value"}, "type": "param", "children": [{"attributes": {"text": "<p>Value passed to setter</p>"}, "type": "desc"}, {"attributes": {}, "type": "types", "children": [{"attributes": {"type": "var"}, "type": "entry"}]}]}]}, {"attributes": {"text": "<p>Internal transform method</p>"}, "type": "desc"}, {"attributes": {}, "type": "return", "children": [{"attributes": {"text": "<p>the final value</p>"}, "type": "desc"}, {"attributes": {}, "type": "types", "children": [{"attributes": {"type": "var"}, "type": "entry"}]}]}, {"attributes": {}, "type": "throws", "children": [{"attributes": {"text": "<p>when an invalid value is detected</p>", "type": "Error"}, "type": "desc"}]}]}, {"attributes": {"access": "private", "line": 700, "name": "__transformOnentry"}, "type": "method", "children": [{"attributes": {}, "type": "params", "children": [{"attributes": {"name": "value"}, "type": "param", "children": [{"attributes": {"text": "<p>Current value</p>"}, "type": "desc"}, {"attributes": {}, "type": "types", "children": [{"attributes": {"type": "var"}, "type": "entry"}]}]}]}, {"attributes": {"text": "<p>Internal transform method</p>"}, "type": "desc"}, {"attributes": {}, "type": "return", "children": [{"attributes": {"text": "<p>the final value</p>"}, "type": "desc"}, {"attributes": {}, "type": "types", "children": [{"attributes": {"type": "var"}, "type": "entry"}]}]}, {"attributes": {}, "type": "throws", "children": [{"attributes": {"text": "<p>when an invalid value is detected</p>", "type": "Error"}, "type": "desc"}]}]}, {"attributes": {"access": "private", "line": 726, "name": "__transformOnexit"}, "type": "method", "children": [{"attributes": {}, "type": "params", "children": [{"attributes": {"name": "value"}, "type": "param", "children": [{"attributes": {"text": "<p>Current value</p>"}, "type": "desc"}, {"attributes": {}, "type": "types", "children": [{"attributes": {"type": "var"}, "type": "entry"}]}]}]}, {"attributes": {"text": "<p>Internal transform method</p>"}, "type": "desc"}, {"attributes": {}, "type": "return", "children": [{"attributes": {"text": "<p>the final value</p>"}, "type": "desc"}, {"attributes": {}, "type": "types", "children": [{"attributes": {"type": "var"}, "type": "entry"}]}]}, {"attributes": {}, "type": "throws", "children": [{"attributes": {"text": "<p>when an invalid value is detected</p>", "type": "Error"}, "type": "desc"}]}]}, {"attributes": {"line": 915, "name": "addTransition"}, "type": "method", "children": [{"attributes": {}, "type": "params", "children": [{"attributes": {"name": "trans"}, "type": "param", "children": [{"attributes": {"text": "<p>An object of class qx.util.fsm.Transition representing a transition which is to be a part of this state.</p>"}, "type": "desc"}, {"attributes": {}, "type": "types", "children": [{"attributes": {"type": "qx.util.fsm.Transition"}, "type": "entry"}]}]}]}, {"attributes": {"text": "<p>Add a transition to a state</p>"}, "type": "desc"}]}, {"attributes": {"name": "getAutoActionsAfterOnentry", "fromProperty": "autoActionsAfterOnentry"}, "type": "method", "children": [{"attributes": {"text": "<p>Returns the (computed) value of the property <code>autoActionsAfterOnentry</code>.</p>\n\n<p>For further details take a look at the property definition: {@link #autoActionsAfterOnentry}.</p>"}, "type": "desc"}, {"attributes": {}, "type": "return", "children": [{"attributes": {"text": "<p>(Computed) value of <code>autoActionsAfterOnentry</code>.</p>"}, "type": "desc"}, {"attributes": {}, "type": "types", "children": [{"attributes": {"type": "var"}, "type": "entry"}]}]}]}, {"attributes": {"name": "getAutoActionsAfterOnexit", "fromProperty": "autoActionsAfterOnexit"}, "type": "method", "children": [{"attributes": {"text": "<p>Returns the (computed) value of the property <code>autoActionsAfterOnexit</code>.</p>\n\n<p>For further details take a look at the property definition: {@link #autoActionsAfterOnexit}.</p>"}, "type": "desc"}, {"attributes": {}, "type": "return", "children": [{"attributes": {"text": "<p>(Computed) value of <code>autoActionsAfterOnexit</code>.</p>"}, "type": "desc"}, {"attributes": {}, "type": "types", "children": [{"attributes": {"type": "var"}, "type": "entry"}]}]}]}, {"attributes": {"name": "getAutoActionsBeforeOnentry", "fromProperty": "autoActionsBeforeOnentry"}, "type": "method", "children": [{"attributes": {"text": "<p>Returns the (computed) value of the property <code>autoActionsBeforeOnentry</code>.</p>\n\n<p>For further details take a look at the property definition: {@link #autoActionsBeforeOnentry}.</p>"}, "type": "desc"}, {"attributes": {}, "type": "return", "children": [{"attributes": {"text": "<p>(Computed) value of <code>autoActionsBeforeOnentry</code>.</p>"}, "type": "desc"}, {"attributes": {}, "type": "types", "children": [{"attributes": {"type": "var"}, "type": "entry"}]}]}]}, {"attributes": {"name": "getAutoActionsBeforeOnexit", "fromProperty": "autoActionsBeforeOnexit"}, "type": "method", "children": [{"attributes": {"text": "<p>Returns the (computed) value of the property <code>autoActionsBeforeOnexit</code>.</p>\n\n<p>For further details take a look at the property definition: {@link #autoActionsBeforeOnexit}.</p>"}, "type": "desc"}, {"attributes": {}, "type": "return", "children": [{"attributes": {"text": "<p>(Computed) value of <code>autoActionsBeforeOnexit</code>.</p>"}, "type": "desc"}, {"attributes": {}, "type": "types", "children": [{"attributes": {"type": "var"}, "type": "entry"}]}]}]}, {"attributes": {"name": "getEvents", "fromProperty": "events"}, "type": "method", "children": [{"attributes": {"text": "<p>Returns the (computed) value of the property <code>events</code>.</p>\n\n<p>For further details take a look at the property definition: {@link #events}.</p>"}, "type": "desc"}, {"attributes": {}, "type": "return", "children": [{"attributes": {"text": "<p>(Computed) value of <code>events</code>.</p>"}, "type": "desc"}, {"attributes": {}, "type": "types", "children": [{"attributes": {"type": "var"}, "type": "entry"}]}]}]}, {"attributes": {"name": "getName", "fromProperty": "name"}, "type": "method", "children": [{"attributes": {"text": "<p>Returns the (computed) value of the property <code>name</code>.</p>\n\n<p>For further details take a look at the property definition: {@link #name}.</p>"}, "type": "desc"}, {"attributes": {}, "type": "return", "children": [{"attributes": {"text": "<p>(Computed) value of <code>name</code>.</p>"}, "type": "desc"}, {"attributes": {}, "type": "types", "children": [{"attributes": {"type": "var"}, "type": "entry"}]}]}]}, {"attributes": {"name": "getOnentry", "fromProperty": "onentry"}, "type": "method", "children": [{"attributes": {"text": "<p>Returns the (computed) value of the property <code>onentry</code>.</p>\n\n<p>For further details take a look at the property definition: {@link #onentry}.</p>"}, "type": "desc"}, {"attributes": {}, "type": "return", "children": [{"attributes": {"text": "<p>(Computed) value of <code>onentry</code>.</p>"}, "type": "desc"}, {"attributes": {}, "type": "types", "children": [{"attributes": {"type": "var"}, "type": "entry"}]}]}]}, {"attributes": {"name": "getOnexit", "fromProperty": "onexit"}, "type": "method", "children": [{"attributes": {"text": "<p>Returns the (computed) value of the property <code>onexit</code>.</p>\n\n<p>For further details take a look at the property definition: {@link #onexit}.</p>"}, "type": "desc"}, {"attributes": {}, "type": "return", "children": [{"attributes": {"text": "<p>(Computed) value of <code>onexit</code>.</p>"}, "type": "desc"}, {"attributes": {}, "type": "types", "children": [{"attributes": {"type": "var"}, "type": "entry"}]}]}]}, {"attributes": {"access": "protected", "name": "initAutoActionsAfterOnentry", "fromProperty": "autoActionsAfterOnentry"}, "type": "method", "children": [{"attributes": {}, "type": "params", "children": [{"attributes": {"name": "value"}, "type": "param", "children": [{"attributes": {"text": "<p>Initial value for property <code>autoActionsAfterOnentry</code>.</p>"}, "type": "desc"}, {"attributes": {}, "type": "types", "children": [{"attributes": {"type": "var"}, "type": "entry"}]}]}]}, {"attributes": {"text": "<p>Calls the apply method and dispatches the change event of the property <code>autoActionsAfterOnentry</code>\nwith the default value defined by the class developer. This function can\nonly be called from the constructor of a class.</p>\n\n<p>For further details take a look at the property definition: {@link #autoActionsAfterOnentry}.</p>"}, "type": "desc"}, {"attributes": {}, "type": "return", "children": [{"attributes": {"text": "<p>the default value</p>"}, "type": "desc"}, {"attributes": {}, "type": "types", "children": [{"attributes": {"type": "var"}, "type": "entry"}]}]}]}, {"attributes": {"access": "protected", "name": "initAutoActionsAfterOnexit", "fromProperty": "autoActionsAfterOnexit"}, "type": "method", "children": [{"attributes": {}, "type": "params", "children": [{"attributes": {"name": "value"}, "type": "param", "children": [{"attributes": {"text": "<p>Initial value for property <code>autoActionsAfterOnexit</code>.</p>"}, "type": "desc"}, {"attributes": {}, "type": "types", "children": [{"attributes": {"type": "var"}, "type": "entry"}]}]}]}, {"attributes": {"text": "<p>Calls the apply method and dispatches the change event of the property <code>autoActionsAfterOnexit</code>\nwith the default value defined by the class developer. This function can\nonly be called from the constructor of a class.</p>\n\n<p>For further details take a look at the property definition: {@link #autoActionsAfterOnexit}.</p>"}, "type": "desc"}, {"attributes": {}, "type": "return", "children": [{"attributes": {"text": "<p>the default value</p>"}, "type": "desc"}, {"attributes": {}, "type": "types", "children": [{"attributes": {"type": "var"}, "type": "entry"}]}]}]}, {"attributes": {"access": "protected", "name": "initAutoActionsBeforeOnentry", "fromProperty": "autoActionsBeforeOnentry"}, "type": "method", "children": [{"attributes": {}, "type": "params", "children": [{"attributes": {"name": "value"}, "type": "param", "children": [{"attributes": {"text": "<p>Initial value for property <code>autoActionsBeforeOnentry</code>.</p>"}, "type": "desc"}, {"attributes": {}, "type": "types", "children": [{"attributes": {"type": "var"}, "type": "entry"}]}]}]}, {"attributes": {"text": "<p>Calls the apply method and dispatches the change event of the property <code>autoActionsBeforeOnentry</code>\nwith the default value defined by the class developer. This function can\nonly be called from the constructor of a class.</p>\n\n<p>For further details take a look at the property definition: {@link #autoActionsBeforeOnentry}.</p>"}, "type": "desc"}, {"attributes": {}, "type": "return", "children": [{"attributes": {"text": "<p>the default value</p>"}, "type": "desc"}, {"attributes": {}, "type": "types", "children": [{"attributes": {"type": "var"}, "type": "entry"}]}]}]}, {"attributes": {"access": "protected", "name": "initAutoActionsBeforeOnexit", "fromProperty": "autoActionsBeforeOnexit"}, "type": "method", "children": [{"attributes": {}, "type": "params", "children": [{"attributes": {"name": "value"}, "type": "param", "children": [{"attributes": {"text": "<p>Initial value for property <code>autoActionsBeforeOnexit</code>.</p>"}, "type": "desc"}, {"attributes": {}, "type": "types", "children": [{"attributes": {"type": "var"}, "type": "entry"}]}]}]}, {"attributes": {"text": "<p>Calls the apply method and dispatches the change event of the property <code>autoActionsBeforeOnexit</code>\nwith the default value defined by the class developer. This function can\nonly be called from the constructor of a class.</p>\n\n<p>For further details take a look at the property definition: {@link #autoActionsBeforeOnexit}.</p>"}, "type": "desc"}, {"attributes": {}, "type": "return", "children": [{"attributes": {"text": "<p>the default value</p>"}, "type": "desc"}, {"attributes": {}, "type": "types", "children": [{"attributes": {"type": "var"}, "type": "entry"}]}]}]}, {"attributes": {"access": "protected", "name": "initEvents", "fromProperty": "events"}, "type": "method", "children": [{"attributes": {}, "type": "params", "children": [{"attributes": {"name": "value"}, "type": "param", "children": [{"attributes": {"text": "<p>Initial value for property <code>events</code>.</p>"}, "type": "desc"}, {"attributes": {}, "type": "types", "children": [{"attributes": {"type": "var"}, "type": "entry"}]}]}]}, {"attributes": {"text": "<p>Calls the apply method and dispatches the change event of the property <code>events</code>\nwith the default value defined by the class developer. This function can\nonly be called from the constructor of a class.</p>\n\n<p>For further details take a look at the property definition: {@link #events}.</p>"}, "type": "desc"}, {"attributes": {}, "type": "return", "children": [{"attributes": {"text": "<p>the default value</p>"}, "type": "desc"}, {"attributes": {}, "type": "types", "children": [{"attributes": {"type": "var"}, "type": "entry"}]}]}]}, {"attributes": {"access": "protected", "name": "initName", "fromProperty": "name"}, "type": "method", "children": [{"attributes": {}, "type": "params", "children": [{"attributes": {"name": "value"}, "type": "param", "children": [{"attributes": {"text": "<p>Initial value for property <code>name</code>.</p>"}, "type": "desc"}, {"attributes": {}, "type": "types", "children": [{"attributes": {"type": "var"}, "type": "entry"}]}]}]}, {"attributes": {"text": "<p>Calls the apply method and dispatches the change event of the property <code>name</code>\nwith the default value defined by the class developer. This function can\nonly be called from the constructor of a class.</p>\n\n<p>For further details take a look at the property definition: {@link #name}.</p>"}, "type": "desc"}, {"attributes": {}, "type": "return", "children": [{"attributes": {"text": "<p>the default value</p>"}, "type": "desc"}, {"attributes": {}, "type": "types", "children": [{"attributes": {"type": "var"}, "type": "entry"}]}]}]}, {"attributes": {"access": "protected", "name": "initOnentry", "fromProperty": "onentry"}, "type": "method", "children": [{"attributes": {}, "type": "params", "children": [{"attributes": {"name": "value"}, "type": "param", "children": [{"attributes": {"text": "<p>Initial value for property <code>onentry</code>.</p>"}, "type": "desc"}, {"attributes": {}, "type": "types", "children": [{"attributes": {"type": "var"}, "type": "entry"}]}]}]}, {"attributes": {"text": "<p>Calls the apply method and dispatches the change event of the property <code>onentry</code>\nwith the default value defined by the class developer. This function can\nonly be called from the constructor of a class.</p>\n\n<p>For further details take a look at the property definition: {@link #onentry}.</p>"}, "type": "desc"}, {"attributes": {}, "type": "return", "children": [{"attributes": {"text": "<p>the default value</p>"}, "type": "desc"}, {"attributes": {}, "type": "types", "children": [{"attributes": {"type": "var"}, "type": "entry"}]}]}]}, {"attributes": {"access": "protected", "name": "initOnexit", "fromProperty": "onexit"}, "type": "method", "children": [{"attributes": {}, "type": "params", "children": [{"attributes": {"name": "value"}, "type": "param", "children": [{"attributes": {"text": "<p>Initial value for property <code>onexit</code>.</p>"}, "type": "desc"}, {"attributes": {}, "type": "types", "children": [{"attributes": {"type": "var"}, "type": "entry"}]}]}]}, {"attributes": {"text": "<p>Calls the apply method and dispatches the change event of the property <code>onexit</code>\nwith the default value defined by the class developer. This function can\nonly be called from the constructor of a class.</p>\n\n<p>For further details take a look at the property definition: {@link #onexit}.</p>"}, "type": "desc"}, {"attributes": {}, "type": "return", "children": [{"attributes": {"text": "<p>the default value</p>"}, "type": "desc"}, {"attributes": {}, "type": "types", "children": [{"attributes": {"type": "var"}, "type": "entry"}]}]}]}, {"attributes": {"name": "resetAutoActionsAfterOnentry", "fromProperty": "autoActionsAfterOnentry"}, "type": "method", "children": [{"attributes": {"text": "<p>Resets the user value of the property <code>autoActionsAfterOnentry</code>.</p>\n\n<p>The computed value falls back to the next available value e.g. appearance, init or\ninheritance value depeneding on the property configuration and value availability.</p>\n\n<p>For further details take a look at the property definition: {@link #autoActionsAfterOnentry}.</p>"}, "type": "desc"}]}, {"attributes": {"name": "resetAutoActionsAfterOnexit", "fromProperty": "autoActionsAfterOnexit"}, "type": "method", "children": [{"attributes": {"text": "<p>Resets the user value of the property <code>autoActionsAfterOnexit</code>.</p>\n\n<p>The computed value falls back to the next available value e.g. appearance, init or\ninheritance value depeneding on the property configuration and value availability.</p>\n\n<p>For further details take a look at the property definition: {@link #autoActionsAfterOnexit}.</p>"}, "type": "desc"}]}, {"attributes": {"name": "resetAutoActionsBeforeOnentry", "fromProperty": "autoActionsBeforeOnentry"}, "type": "method", "children": [{"attributes": {"text": "<p>Resets the user value of the property <code>autoActionsBeforeOnentry</code>.</p>\n\n<p>The computed value falls back to the next available value e.g. appearance, init or\ninheritance value depeneding on the property configuration and value availability.</p>\n\n<p>For further details take a look at the property definition: {@link #autoActionsBeforeOnentry}.</p>"}, "type": "desc"}]}, {"attributes": {"name": "resetAutoActionsBeforeOnexit", "fromProperty": "autoActionsBeforeOnexit"}, "type": "method", "children": [{"attributes": {"text": "<p>Resets the user value of the property <code>autoActionsBeforeOnexit</code>.</p>\n\n<p>The computed value falls back to the next available value e.g. appearance, init or\ninheritance value depeneding on the property configuration and value availability.</p>\n\n<p>For further details take a look at the property definition: {@link #autoActionsBeforeOnexit}.</p>"}, "type": "desc"}]}, {"attributes": {"name": "resetEvents", "fromProperty": "events"}, "type": "method", "children": [{"attributes": {"text": "<p>Resets the user value of the property <code>events</code>.</p>\n\n<p>The computed value falls back to the next available value e.g. appearance, init or\ninheritance value depeneding on the property configuration and value availability.</p>\n\n<p>For further details take a look at the property definition: {@link #events}.</p>"}, "type": "desc"}]}, {"attributes": {"name": "resetName", "fromProperty": "name"}, "type": "method", "children": [{"attributes": {"text": "<p>Resets the user value of the property <code>name</code>.</p>\n\n<p>The computed value falls back to the next available value e.g. appearance, init or\ninheritance value depeneding on the property configuration and value availability.</p>\n\n<p>For further details take a look at the property definition: {@link #name}.</p>"}, "type": "desc"}]}, {"attributes": {"name": "resetOnentry", "fromProperty": "onentry"}, "type": "method", "children": [{"attributes": {"text": "<p>Resets the user value of the property <code>onentry</code>.</p>\n\n<p>The computed value falls back to the next available value e.g. appearance, init or\ninheritance value depeneding on the property configuration and value availability.</p>\n\n<p>For further details take a look at the property definition: {@link #onentry}.</p>"}, "type": "desc"}]}, {"attributes": {"name": "resetOnexit", "fromProperty": "onexit"}, "type": "method", "children": [{"attributes": {"text": "<p>Resets the user value of the property <code>onexit</code>.</p>\n\n<p>The computed value falls back to the next available value e.g. appearance, init or\ninheritance value depeneding on the property configuration and value availability.</p>\n\n<p>For further details take a look at the property definition: {@link #onexit}.</p>"}, "type": "desc"}]}, {"attributes": {"name": "setAutoActionsAfterOnentry", "fromProperty": "autoActionsAfterOnentry"}, "type": "method", "children": [{"attributes": {}, "type": "params", "children": [{"attributes": {"name": "value"}, "type": "param", "children": [{"attributes": {"text": "<p>New value for property <code>autoActionsAfterOnentry</code>.</p>"}, "type": "desc"}, {"attributes": {}, "type": "types", "children": [{"attributes": {"type": "var"}, "type": "entry"}]}]}]}, {"attributes": {"text": "<p>Sets the user value of the property <code>autoActionsAfterOnentry</code>.</p>\n\n<p>For further details take a look at the property definition: {@link #autoActionsAfterOnentry}.</p>"}, "type": "desc"}, {"attributes": {}, "type": "return", "children": [{"attributes": {"text": "<p>The unmodified incoming value.</p>"}, "type": "desc"}, {"attributes": {}, "type": "types", "children": [{"attributes": {"type": "var"}, "type": "entry"}]}]}]}, {"attributes": {"name": "setAutoActionsAfterOnexit", "fromProperty": "autoActionsAfterOnexit"}, "type": "method", "children": [{"attributes": {}, "type": "params", "children": [{"attributes": {"name": "value"}, "type": "param", "children": [{"attributes": {"text": "<p>New value for property <code>autoActionsAfterOnexit</code>.</p>"}, "type": "desc"}, {"attributes": {}, "type": "types", "children": [{"attributes": {"type": "var"}, "type": "entry"}]}]}]}, {"attributes": {"text": "<p>Sets the user value of the property <code>autoActionsAfterOnexit</code>.</p>\n\n<p>For further details take a look at the property definition: {@link #autoActionsAfterOnexit}.</p>"}, "type": "desc"}, {"attributes": {}, "type": "return", "children": [{"attributes": {"text": "<p>The unmodified incoming value.</p>"}, "type": "desc"}, {"attributes": {}, "type": "types", "children": [{"attributes": {"type": "var"}, "type": "entry"}]}]}]}, {"attributes": {"name": "setAutoActionsBeforeOnentry", "fromProperty": "autoActionsBeforeOnentry"}, "type": "method", "children": [{"attributes": {}, "type": "params", "children": [{"attributes": {"name": "value"}, "type": "param", "children": [{"attributes": {"text": "<p>New value for property <code>autoActionsBeforeOnentry</code>.</p>"}, "type": "desc"}, {"attributes": {}, "type": "types", "children": [{"attributes": {"type": "var"}, "type": "entry"}]}]}]}, {"attributes": {"text": "<p>Sets the user value of the property <code>autoActionsBeforeOnentry</code>.</p>\n\n<p>For further details take a look at the property definition: {@link #autoActionsBeforeOnentry}.</p>"}, "type": "desc"}, {"attributes": {}, "type": "return", "children": [{"attributes": {"text": "<p>The unmodified incoming value.</p>"}, "type": "desc"}, {"attributes": {}, "type": "types", "children": [{"attributes": {"type": "var"}, "type": "entry"}]}]}]}, {"attributes": {"name": "setAutoActionsBeforeOnexit", "fromProperty": "autoActionsBeforeOnexit"}, "type": "method", "children": [{"attributes": {}, "type": "params", "children": [{"attributes": {"name": "value"}, "type": "param", "children": [{"attributes": {"text": "<p>New value for property <code>autoActionsBeforeOnexit</code>.</p>"}, "type": "desc"}, {"attributes": {}, "type": "types", "children": [{"attributes": {"type": "var"}, "type": "entry"}]}]}]}, {"attributes": {"text": "<p>Sets the user value of the property <code>autoActionsBeforeOnexit</code>.</p>\n\n<p>For further details take a look at the property definition: {@link #autoActionsBeforeOnexit}.</p>"}, "type": "desc"}, {"attributes": {}, "type": "return", "children": [{"attributes": {"text": "<p>The unmodified incoming value.</p>"}, "type": "desc"}, {"attributes": {}, "type": "types", "children": [{"attributes": {"type": "var"}, "type": "entry"}]}]}]}, {"attributes": {"name": "setEvents", "fromProperty": "events"}, "type": "method", "children": [{"attributes": {}, "type": "params", "children": [{"attributes": {"name": "value"}, "type": "param", "children": [{"attributes": {"text": "<p>New value for property <code>events</code>.</p>"}, "type": "desc"}, {"attributes": {}, "type": "types", "children": [{"attributes": {"type": "var"}, "type": "entry"}]}]}]}, {"attributes": {"text": "<p>Sets the user value of the property <code>events</code>.</p>\n\n<p>For further details take a look at the property definition: {@link #events}.</p>"}, "type": "desc"}, {"attributes": {}, "type": "return", "children": [{"attributes": {"text": "<p>The unmodified incoming value.</p>"}, "type": "desc"}, {"attributes": {}, "type": "types", "children": [{"attributes": {"type": "var"}, "type": "entry"}]}]}]}, {"attributes": {"name": "setName", "fromProperty": "name"}, "type": "method", "children": [{"attributes": {}, "type": "params", "children": [{"attributes": {"name": "value"}, "type": "param", "children": [{"attributes": {"text": "<p>New value for property <code>name</code>.</p>"}, "type": "desc"}, {"attributes": {}, "type": "types", "children": [{"attributes": {"type": "var"}, "type": "entry"}]}]}]}, {"attributes": {"text": "<p>Sets the user value of the property <code>name</code>.</p>\n\n<p>For further details take a look at the property definition: {@link #name}.</p>"}, "type": "desc"}, {"attributes": {}, "type": "return", "children": [{"attributes": {"text": "<p>The unmodified incoming value.</p>"}, "type": "desc"}, {"attributes": {}, "type": "types", "children": [{"attributes": {"type": "var"}, "type": "entry"}]}]}]}, {"attributes": {"name": "setOnentry", "fromProperty": "onentry"}, "type": "method", "children": [{"attributes": {}, "type": "params", "children": [{"attributes": {"name": "value"}, "type": "param", "children": [{"attributes": {"text": "<p>New value for property <code>onentry</code>.</p>"}, "type": "desc"}, {"attributes": {}, "type": "types", "children": [{"attributes": {"type": "var"}, "type": "entry"}]}]}]}, {"attributes": {"text": "<p>Sets the user value of the property <code>onentry</code>.</p>\n\n<p>For further details take a look at the property definition: {@link #onentry}.</p>"}, "type": "desc"}, {"attributes": {}, "type": "return", "children": [{"attributes": {"text": "<p>The unmodified incoming value.</p>"}, "type": "desc"}, {"attributes": {}, "type": "types", "children": [{"attributes": {"type": "var"}, "type": "entry"}]}]}]}, {"attributes": {"name": "setOnexit", "fromProperty": "onexit"}, "type": "method", "children": [{"attributes": {}, "type": "params", "children": [{"attributes": {"name": "value"}, "type": "param", "children": [{"attributes": {"text": "<p>New value for property <code>onexit</code>.</p>"}, "type": "desc"}, {"attributes": {}, "type": "types", "children": [{"attributes": {"type": "var"}, "type": "entry"}]}]}]}, {"attributes": {"text": "<p>Sets the user value of the property <code>onexit</code>.</p>\n\n<p>For further details take a look at the property definition: {@link #onexit}.</p>"}, "type": "desc"}, {"attributes": {}, "type": "return", "children": [{"attributes": {"text": "<p>The unmodified incoming value.</p>"}, "type": "desc"}, {"attributes": {}, "type": "types", "children": [{"attributes": {"type": "var"}, "type": "entry"}]}]}]}]}, {"attributes": {}, "type": "properties", "children": [{"attributes": {"allowNull": "true", "defaultValue": "[Unsupported item type: function]", "name": "autoActionsAfterOnentry", "propertyType": "new"}, "type": "property", "children": [{"attributes": {"text": "<p>Automatic actions to take after return from the state&#8217;s onentry\nfunction.</p>\n\n<p>The value passed to setAutoActionsAfterOnentry() should like something\nakin to:</p>\n\n<pre class=\"javascript\">\n    \"autoActionsAfterOnentry\" :\n    {\n      // The name of a function.  This would become \"setEnabled(\"\n      \"enabled\" :\n      [\n        {\n          // The parameter value, thus \"setEnabled(true);\"\n          \"parameters\" : [ true ],\n\n          // The function would be called on each object:\n          //  this.getObject(\"obj1\").setEnabled(true);\n          //  this.getObject(\"obj2\").setEnabled(true);\n          \"objects\" : [ \"obj1\", \"obj2\" ]\n\n          // And similarly for each object in each specified group.\n          \"groups\"  : [ \"group1\", \"group2\" ],\n        }\n      ];\n    };\n    </pre>"}, "type": "desc"}]}, {"attributes": {"allowNull": "true", "defaultValue": "[Unsupported item type: function]", "name": "autoActionsAfterOnexit", "propertyType": "new"}, "type": "property", "children": [{"attributes": {"text": "<p>Automatic actions to take after returning from the state&#8217;s onexit\nfunction.</p>\n\n<p>The value passed to setAutoActionsAfterOnexit() should like something\nakin to:</p>\n\n<pre class=\"javascript\">\n    \"autoActionsBeforeOnexit\" :\n    {\n      // The name of a function.  This would become \"setEnabled(\"\n      \"enabled\" :\n      [\n        {\n          // The parameter value, thus \"setEnabled(true);\"\n          \"parameters\" : [ true ],\n\n          // The function would be called on each object:\n          //  this.getObject(\"obj1\").setEnabled(true);\n          //  this.getObject(\"obj2\").setEnabled(true);\n          \"objects\" : [ \"obj1\", \"obj2\" ]\n\n          // And similarly for each object in each specified group.\n          \"groups\"  : [ \"group1\", \"group2\" ],\n        }\n      ];\n    };\n    </pre>"}, "type": "desc"}]}, {"attributes": {"allowNull": "true", "defaultValue": "[Unsupported item type: function]", "name": "autoActionsBeforeOnentry", "propertyType": "new"}, "type": "property", "children": [{"attributes": {"text": "<p>Automatic actions to take prior to calling the state&#8217;s onentry function.</p>\n\n<p>The value passed to setAutoActionsBeforeOnentry() should like something\nakin to:</p>\n\n<pre class=\"javascript\">\n    \"autoActionsBeforeOnentry\" :\n    {\n      // The name of a function.  This would become \"setEnabled(\"\n      \"enabled\" :\n      [\n        {\n          // The parameter value, thus \"setEnabled(true);\"\n          \"parameters\" : [ true ],\n\n          // The function would be called on each object:\n          //  this.getObject(\"obj1\").setEnabled(true);\n          //  this.getObject(\"obj2\").setEnabled(true);\n          \"objects\" : [ \"obj1\", \"obj2\" ]\n\n          // And similarly for each object in each specified group.\n          \"groups\"  : [ \"group1\", \"group2\" ],\n        }\n      ];\n    };\n    </pre>"}, "type": "desc"}]}, {"attributes": {"allowNull": "true", "defaultValue": "[Unsupported item type: function]", "name": "autoActionsBeforeOnexit", "propertyType": "new"}, "type": "property", "children": [{"attributes": {"text": "<p>Automatic actions to take prior to calling the state&#8217;s onexit function.</p>\n\n<p>The value passed to setAutoActionsBeforeOnexit() should like something\nakin to:</p>\n\n<pre class=\"javascript\">\n    \"autoActionsBeforeOnexit\" :\n    {\n      // The name of a function.  This would become \"setEnabled(\"\n      \"enabled\" :\n      [\n        {\n          // The parameter value, thus \"setEnabled(true);\"\n          \"parameters\" : [ true ],\n\n          // The function would be called on each object:\n          //  this.getObject(\"obj1\").setEnabled(true);\n          //  this.getObject(\"obj2\").setEnabled(true);\n          \"objects\" : [ \"obj1\", \"obj2\" ]\n\n          // And similarly for each object in each specified group.\n          \"groups\"  : [ \"group1\", \"group2\" ],\n        }\n      ];\n    };\n    </pre>"}, "type": "desc"}]}, {"attributes": {"allowNull": "true", "name": "events", "propertyType": "new"}, "type": "property", "children": [{"attributes": {"text": "<p>The object representing handled and blocked events for this state.\nThis is documented in the constructor, and is typically provided\nthrough the constructor&#8217;s stateInfo object, but it is also possible\n(but highly <span class=\"caps\">NOT</span> recommended) to change this dynamically.</p>"}, "type": "desc"}]}, {"attributes": {"allowNull": "true", "name": "name", "propertyType": "new"}, "type": "property", "children": [{"attributes": {"text": "<p>The name of this state.  This name may be used as a Transition&#8217;s\nnextState value, or an explicit next state in the &#8216;events&#8217; handling\nlist in a State.</p>"}, "type": "desc"}]}, {"attributes": {"allowNull": "true", "defaultValue": "[Unsupported item type: function]", "name": "onentry", "propertyType": "new"}, "type": "property", "children": [{"attributes": {"text": "<p>The onentry function for this state.  This is documented in the\nconstructor, and is typically provided through the constructor&#8217;s\nstateInfo object, but it is also possible (but highly <span class=\"caps\">NOT</span> recommended)\nto change this dynamically.</p>"}, "type": "desc"}]}, {"attributes": {"allowNull": "true", "defaultValue": "[Unsupported item type: function]", "name": "onexit", "propertyType": "new"}, "type": "property", "children": [{"attributes": {"text": "<p>The onexit function for this state.  This is documented in the\nconstructor, and is typically provided through the constructor&#8217;s\nstateInfo object, but it is also possible (but highly <span class=\"caps\">NOT</span> recommended)\nto change this dynamically.</p>"}, "type": "desc"}]}]}]}