{"attributes": {"name": "Row", "packageName": "qx.ui.virtual.selection", "superClass": "qx.ui.virtual.selection.Abstract", "childClasses": "qx.ui.virtual.selection.Column", "fullName": "qx.ui.virtual.selection.Row", "type": "class"}, "type": "class", "children": [{"attributes": {"text": "<p><span class=\"caps\">EXPERIMENTAL</span>!</p>\n\n<p>Row selection manager</p>"}, "type": "desc"}, {"attributes": {}, "type": "methods", "children": [{"attributes": {"access": "protected", "docFrom": "qx.ui.core.selection.Abstract", "line": 108, "overriddenFrom": "qx.ui.core.selection.Abstract", "name": "_getFirstSelectable"}, "type": "method"}, {"attributes": {"access": "protected", "line": 46, "name": "_getItemCount"}, "type": "method", "children": [{"attributes": {"text": "<p>Returns the number of all items in the pane. This number may contain\nunselectable items as well.</p>"}, "type": "desc"}, {"attributes": {}, "type": "return", "children": [{"attributes": {"text": "<p>number of items</p>"}, "type": "desc"}, {"attributes": {}, "type": "types", "children": [{"attributes": {"type": "Integer"}, "type": "entry"}]}]}]}, {"attributes": {"access": "protected", "docFrom": "qx.ui.core.selection.Abstract", "line": 122, "overriddenFrom": "qx.ui.core.selection.Abstract", "name": "_getLastSelectable"}, "type": "method"}, {"attributes": {"access": "protected", "docFrom": "qx.ui.core.selection.Abstract", "line": 166, "overriddenFrom": "qx.ui.core.selection.Abstract", "name": "_getPage"}, "type": "method", "children": [{"attributes": {}, "type": "params", "children": [{"attributes": {"name": "lead"}, "type": "param"}, {"attributes": {"name": "up"}, "type": "param"}]}]}, {"attributes": {"access": "protected", "docFrom": "qx.ui.core.selection.Abstract", "line": 136, "overriddenFrom": "qx.ui.core.selection.Abstract", "name": "_getRelatedSelectable"}, "type": "method", "children": [{"attributes": {}, "type": "params", "children": [{"attributes": {"name": "item"}, "type": "param"}, {"attributes": {"name": "relation"}, "type": "param"}]}]}, {"attributes": {"access": "protected", "docFrom": "qx.ui.core.selection.Abstract", "line": 58, "overriddenFrom": "qx.ui.core.selection.Abstract", "name": "_getSelectableFromPointerEvent"}, "type": "method", "children": [{"attributes": {}, "type": "params", "children": [{"attributes": {"name": "event"}, "type": "param"}]}]}, {"attributes": {"access": "protected", "docFrom": "qx.ui.core.selection.Abstract", "line": 189, "overriddenFrom": "qx.ui.core.selection.Abstract", "name": "_getSelectableLocationX"}, "type": "method", "children": [{"attributes": {}, "type": "params", "children": [{"attributes": {"name": "item"}, "type": "param"}]}]}, {"attributes": {"access": "protected", "docFrom": "qx.ui.core.selection.Abstract", "line": 199, "overriddenFrom": "qx.ui.core.selection.Abstract", "name": "_getSelectableLocationY"}, "type": "method", "children": [{"attributes": {}, "type": "params", "children": [{"attributes": {"name": "item"}, "type": "param"}]}]}, {"attributes": {"access": "protected", "docFrom": "qx.ui.core.selection.Abstract", "line": 90, "overriddenFrom": "qx.ui.core.selection.Abstract", "name": "_getSelectableRange"}, "type": "method", "children": [{"attributes": {}, "type": "params", "children": [{"attributes": {"name": "item1"}, "type": "param"}, {"attributes": {"name": "item2"}, "type": "param"}]}]}, {"attributes": {"access": "protected", "docFrom": "qx.ui.core.selection.Abstract", "line": 183, "overriddenFrom": "qx.ui.core.selection.Abstract", "name": "_scrollItemIntoView"}, "type": "method", "children": [{"attributes": {}, "type": "params", "children": [{"attributes": {"name": "item"}, "type": "param"}]}]}, {"attributes": {"access": "protected", "docFrom": "qx.ui.core.selection.Abstract", "line": 177, "overriddenFrom": "qx.ui.core.selection.Abstract", "name": "_selectableToHashCode"}, "type": "method", "children": [{"attributes": {}, "type": "params", "children": [{"attributes": {"name": "item"}, "type": "param"}]}]}, {"attributes": {"docFrom": "qx.ui.core.selection.Abstract", "line": 74, "overriddenFrom": "qx.ui.core.selection.Abstract", "name": "getSelectables"}, "type": "method", "children": [{"attributes": {}, "type": "params", "children": [{"attributes": {"name": "all"}, "type": "param"}]}]}]}]}