{"attributes": {"fullName": "qx.ui.virtual.cell.Number", "packageName": "qx.ui.virtual.cell", "type": "class", "name": "Number", "superClass": "qx.ui.virtual.cell.Cell"}, "type": "class", "children": [{"attributes": {"text": "<p>Number cell renderer.</p>\n\n<p>Renders the call using the configured number formatter.</p>\n\n<p><span class=\"caps\">EXPERIMENTAL</span>!</p>"}, "type": "desc"}, {"attributes": {}, "type": "constructor", "children": [{"attributes": {"line": 37, "isCtor": true, "overriddenFrom": "qx.ui.virtual.cell.Cell", "name": "ctor"}, "type": "method", "children": [{"attributes": {}, "type": "params", "children": [{"attributes": {"name": "numberFormat"}, "type": "param", "children": [{"attributes": {"text": "<p>Optional number format to use.</p>"}, "type": "desc"}, {"attributes": {}, "type": "types", "children": [{"attributes": {"type": "qx.util.format.NumberFormat"}, "type": "entry"}, {"attributes": {"type": "null"}, "type": "entry"}]}]}]}, {"attributes": {"text": ""}, "type": "desc"}]}]}, {"attributes": {}, "type": "properties", "children": [{"attributes": {"name": "appearance", "docFrom": "qx.ui.virtual.cell.Cell", "defaultValue": "\"cell-number\"", "refine": "true", "propertyType": "new", "overriddenFrom": "qx.ui.virtual.cell.Cell"}, "type": "property"}, {"attributes": {"defaultValue": "[Unsupported item type: operation]", "propertyType": "new", "check": "qx.util.format.NumberFormat", "name": "numberFormat"}, "type": "property", "children": [{"attributes": {"text": "<p>The number format used to render the cell</p>"}, "type": "desc"}]}]}, {"attributes": {}, "type": "methods", "children": [{"attributes": {"docFrom": "qx.ui.virtual.cell.Abstract", "line": 70, "overriddenFrom": "qx.ui.virtual.cell.Cell", "name": "getContent"}, "type": "method", "children": [{"attributes": {}, "type": "params", "children": [{"attributes": {"name": "value"}, "type": "param"}, {"attributes": {"name": "states"}, "type": "param"}]}]}, {"attributes": {"name": "getNumberFormat", "fromProperty": "numberFormat"}, "type": "method", "children": [{"attributes": {"text": "<p>Returns the (computed) value of the property <code>numberFormat</code>.</p>\n\n<p>For further details take a look at the property definition: {@link #numberFormat}.</p>"}, "type": "desc"}, {"attributes": {}, "type": "return", "children": [{"attributes": {"text": "<p>(Computed) value of <code>numberFormat</code>.</p>"}, "type": "desc"}, {"attributes": {}, "type": "types", "children": [{"attributes": {"type": "var"}, "type": "entry"}]}]}]}, {"attributes": {"access": "protected", "name": "initNumberFormat", "fromProperty": "numberFormat"}, "type": "method", "children": [{"attributes": {}, "type": "params", "children": [{"attributes": {"name": "value"}, "type": "param", "children": [{"attributes": {"text": "<p>Initial value for property <code>numberFormat</code>.</p>"}, "type": "desc"}, {"attributes": {}, "type": "types", "children": [{"attributes": {"type": "var"}, "type": "entry"}]}]}]}, {"attributes": {"text": "<p>Calls the apply method and dispatches the change event of the property <code>numberFormat</code>\nwith the default value defined by the class developer. This function can\nonly be called from the constructor of a class.</p>\n\n<p>For further details take a look at the property definition: {@link #numberFormat}.</p>"}, "type": "desc"}, {"attributes": {}, "type": "return", "children": [{"attributes": {"text": "<p>the default value</p>"}, "type": "desc"}, {"attributes": {}, "type": "types", "children": [{"attributes": {"type": "var"}, "type": "entry"}]}]}]}, {"attributes": {"name": "resetNumberFormat", "fromProperty": "numberFormat"}, "type": "method", "children": [{"attributes": {"text": "<p>Resets the user value of the property <code>numberFormat</code>.</p>\n\n<p>The computed value falls back to the next available value e.g. appearance, init or\ninheritance value depeneding on the property configuration and value availability.</p>\n\n<p>For further details take a look at the property definition: {@link #numberFormat}.</p>"}, "type": "desc"}]}, {"attributes": {"name": "setNumberFormat", "fromProperty": "numberFormat"}, "type": "method", "children": [{"attributes": {}, "type": "params", "children": [{"attributes": {"name": "value"}, "type": "param", "children": [{"attributes": {"text": "<p>New value for property <code>numberFormat</code>.</p>"}, "type": "desc"}, {"attributes": {}, "type": "types", "children": [{"attributes": {"type": "var"}, "type": "entry"}]}]}]}, {"attributes": {"text": "<p>Sets the user value of the property <code>numberFormat</code>.</p>\n\n<p>For further details take a look at the property definition: {@link #numberFormat}.</p>"}, "type": "desc"}, {"attributes": {}, "type": "return", "children": [{"attributes": {"text": "<p>The unmodified incoming value.</p>"}, "type": "desc"}, {"attributes": {}, "type": "types", "children": [{"attributes": {"type": "var"}, "type": "entry"}]}]}]}]}]}