{"attributes": {"name": "AbstractBackground", "packageName": "qx.ui.virtual.layer", "superClass": "qx.ui.virtual.layer.Abstract", "childClasses": "qx.ui.virtual.layer.Column,qx.ui.virtual.layer.Row", "fullName": "qx.ui.virtual.layer.AbstractBackground", "type": "class"}, "type": "class", "children": [{"attributes": {"text": "<p><span class=\"caps\">EXPERIMENTAL</span>!</p>\n\n<p>Abstract base class for the {@link Row} and {@link Column} layers.</p>"}, "type": "desc"}, {"attributes": {}, "type": "constructor", "children": [{"attributes": {"line": 41, "isCtor": true, "overriddenFrom": "qx.ui.virtual.layer.Abstract", "name": "ctor"}, "type": "method", "children": [{"attributes": {}, "type": "params", "children": [{"attributes": {"defaultValue": "null", "optional": true, "name": "colorEven"}, "type": "param", "children": [{"attributes": {"text": "<p>color for even indexes</p>"}, "type": "desc"}, {"attributes": {}, "type": "types", "children": [{"attributes": {"type": "Color"}, "type": "entry"}]}]}, {"attributes": {"defaultValue": "null", "optional": true, "name": "colorOdd"}, "type": "param", "children": [{"attributes": {"text": "<p>color for odd indexes</p>"}, "type": "desc"}, {"attributes": {}, "type": "types", "children": [{"attributes": {"type": "Color"}, "type": "entry"}]}]}]}, {"attributes": {"text": ""}, "type": "desc"}]}]}, {"attributes": {}, "type": "methods", "children": [{"attributes": {"access": "protected", "line": 151, "name": "_applyColorEven"}, "type": "method", "children": [{"attributes": {}, "type": "params", "children": [{"attributes": {"name": "value"}, "type": "param", "children": [{"attributes": {"text": "<p>new value of the property</p>"}, "type": "desc"}, {"attributes": {}, "type": "types", "children": [{"attributes": {"type": "Color"}, "type": "entry"}]}]}, {"attributes": {"name": "old"}, "type": "param", "children": [{"attributes": {"text": "<p>previous value of the property (null if it was not yet set).</p>"}, "type": "desc"}, {"attributes": {}, "type": "types", "children": [{"attributes": {"type": "Color"}, "type": "entry"}]}]}]}, {"attributes": {}, "type": "apply", "children": [{"attributes": {"applies": "qx.ui.virtual.layer.AbstractBackground#colorEven"}, "type": "entry"}]}, {"attributes": {"text": "<p>Applies changes of the property value of the property <code>colorEven</code>.</p>\n\n<p>For further details take a look at the property definition: {@link #colorEven}.</p>"}, "type": "desc"}]}, {"attributes": {"access": "protected", "line": 163, "name": "_applyColorOdd"}, "type": "method", "children": [{"attributes": {}, "type": "params", "children": [{"attributes": {"name": "value"}, "type": "param", "children": [{"attributes": {"text": "<p>new value of the property</p>"}, "type": "desc"}, {"attributes": {}, "type": "types", "children": [{"attributes": {"type": "Color"}, "type": "entry"}]}]}, {"attributes": {"name": "old"}, "type": "param", "children": [{"attributes": {"text": "<p>previous value of the property (null if it was not yet set).</p>"}, "type": "desc"}, {"attributes": {}, "type": "types", "children": [{"attributes": {"type": "Color"}, "type": "entry"}]}]}]}, {"attributes": {}, "type": "apply", "children": [{"attributes": {"applies": "qx.ui.virtual.layer.AbstractBackground#colorOdd"}, "type": "entry"}]}, {"attributes": {"text": "<p>Applies changes of the property value of the property <code>colorOdd</code>.</p>\n\n<p>For further details take a look at the property definition: {@link #colorOdd}.</p>"}, "type": "desc"}]}, {"attributes": {"line": 126, "name": "clearCustomColors"}, "type": "method", "children": [{"attributes": {"text": "<p>Clear all colors set using {@link #setColor}.</p>"}, "type": "desc"}]}, {"attributes": {"line": 198, "name": "getBackground"}, "type": "method", "children": [{"attributes": {}, "type": "params", "children": [{"attributes": {"name": "index"}, "type": "param", "children": [{"attributes": {"text": "<p>The index to get the decorator for.</p>"}, "type": "desc"}, {"attributes": {}, "type": "types", "children": [{"attributes": {"type": "Integer"}, "type": "entry"}]}]}]}, {"attributes": {"text": "<p>Get the decorator at the given index</p>"}, "type": "desc"}, {"attributes": {}, "type": "return", "children": [{"attributes": {"text": "<p>The decorator at the given index</p>"}, "type": "desc"}, {"attributes": {}, "type": "types", "children": [{"attributes": {"type": "qx.ui.decoration.IDecorator"}, "type": "entry"}]}]}]}, {"attributes": {"line": 139, "name": "getColor"}, "type": "method", "children": [{"attributes": {}, "type": "params", "children": [{"attributes": {"name": "index"}, "type": "param", "children": [{"attributes": {"text": "<p>The index to get the color for.</p>"}, "type": "desc"}, {"attributes": {}, "type": "types", "children": [{"attributes": {"type": "Integer"}, "type": "entry"}]}]}]}, {"attributes": {"text": "<p>Get the color at the given index</p>"}, "type": "desc"}, {"attributes": {}, "type": "return", "children": [{"attributes": {"text": "<p>The color at the given index</p>"}, "type": "desc"}, {"attributes": {}, "type": "types", "children": [{"attributes": {"type": "Color"}, "type": "entry"}]}]}]}, {"attributes": {"name": "getColorEven", "fromProperty": "colorEven"}, "type": "method", "children": [{"attributes": {"text": "<p>Returns the (computed) value of the property <code>colorEven</code>.</p>\n\n<p>For further details take a look at the property definition: {@link #colorEven}.</p>"}, "type": "desc"}, {"attributes": {}, "type": "return", "children": [{"attributes": {"text": "<p>(Computed) value of <code>colorEven</code>.</p>"}, "type": "desc"}, {"attributes": {}, "type": "types", "children": [{"attributes": {"type": "var"}, "type": "entry"}]}]}]}, {"attributes": {"name": "getColorOdd", "fromProperty": "colorOdd"}, "type": "method", "children": [{"attributes": {"text": "<p>Returns the (computed) value of the property <code>colorOdd</code>.</p>\n\n<p>For further details take a look at the property definition: {@link #colorOdd}.</p>"}, "type": "desc"}, {"attributes": {}, "type": "return", "children": [{"attributes": {"text": "<p>(Computed) value of <code>colorOdd</code>.</p>"}, "type": "desc"}, {"attributes": {}, "type": "types", "children": [{"attributes": {"type": "var"}, "type": "entry"}]}]}]}, {"attributes": {"access": "protected", "name": "initColorEven", "fromProperty": "colorEven"}, "type": "method", "children": [{"attributes": {}, "type": "params", "children": [{"attributes": {"name": "value"}, "type": "param", "children": [{"attributes": {"text": "<p>Initial value for property <code>colorEven</code>.</p>"}, "type": "desc"}, {"attributes": {}, "type": "types", "children": [{"attributes": {"type": "var"}, "type": "entry"}]}]}]}, {"attributes": {"text": "<p>Calls the apply method and dispatches the change event of the property <code>colorEven</code>\nwith the default value defined by the class developer. This function can\nonly be called from the constructor of a class.</p>\n\n<p>For further details take a look at the property definition: {@link #colorEven}.</p>"}, "type": "desc"}, {"attributes": {}, "type": "return", "children": [{"attributes": {"text": "<p>the default value</p>"}, "type": "desc"}, {"attributes": {}, "type": "types", "children": [{"attributes": {"type": "var"}, "type": "entry"}]}]}]}, {"attributes": {"access": "protected", "name": "initColorOdd", "fromProperty": "colorOdd"}, "type": "method", "children": [{"attributes": {}, "type": "params", "children": [{"attributes": {"name": "value"}, "type": "param", "children": [{"attributes": {"text": "<p>Initial value for property <code>colorOdd</code>.</p>"}, "type": "desc"}, {"attributes": {}, "type": "types", "children": [{"attributes": {"type": "var"}, "type": "entry"}]}]}]}, {"attributes": {"text": "<p>Calls the apply method and dispatches the change event of the property <code>colorOdd</code>\nwith the default value defined by the class developer. This function can\nonly be called from the constructor of a class.</p>\n\n<p>For further details take a look at the property definition: {@link #colorOdd}.</p>"}, "type": "desc"}, {"attributes": {}, "type": "return", "children": [{"attributes": {"text": "<p>the default value</p>"}, "type": "desc"}, {"attributes": {}, "type": "types", "children": [{"attributes": {"type": "var"}, "type": "entry"}]}]}]}, {"attributes": {"name": "resetColorEven", "fromProperty": "colorEven"}, "type": "method", "children": [{"attributes": {"text": "<p>Resets the user value of the property <code>colorEven</code>.</p>\n\n<p>The computed value falls back to the next available value e.g. appearance, init or\ninheritance value depeneding on the property configuration and value availability.</p>\n\n<p>For further details take a look at the property definition: {@link #colorEven}.</p>"}, "type": "desc"}]}, {"attributes": {"name": "resetColorOdd", "fromProperty": "colorOdd"}, "type": "method", "children": [{"attributes": {"text": "<p>Resets the user value of the property <code>colorOdd</code>.</p>\n\n<p>The computed value falls back to the next available value e.g. appearance, init or\ninheritance value depeneding on the property configuration and value availability.</p>\n\n<p>For further details take a look at the property definition: {@link #colorOdd}.</p>"}, "type": "desc"}]}, {"attributes": {"line": 181, "name": "setBackground"}, "type": "method", "children": [{"attributes": {}, "type": "params", "children": [{"attributes": {"name": "index"}, "type": "param", "children": [{"attributes": {"text": "<p>Index to set the color for</p>"}, "type": "desc"}, {"attributes": {}, "type": "types", "children": [{"attributes": {"type": "Integer"}, "type": "entry"}]}]}, {"attributes": {"name": "decorator"}, "type": "param", "children": [{"attributes": {"text": "<p>the decorator to set. A value of <code>null</code> will reset the decorator.</p>"}, "type": "desc"}, {"attributes": {}, "type": "types", "children": [{"attributes": {"type": "qx.ui.decoration.IDecorator"}, "type": "entry"}, {"attributes": {"type": "null"}, "type": "entry"}]}]}]}, {"attributes": {"text": "<p>Sets the decorator for the given index</p>"}, "type": "desc"}]}, {"attributes": {"line": 113, "name": "setColor"}, "type": "method", "children": [{"attributes": {}, "type": "params", "children": [{"attributes": {"name": "index"}, "type": "param", "children": [{"attributes": {"text": "<p>Index to set the color for</p>"}, "type": "desc"}, {"attributes": {}, "type": "types", "children": [{"attributes": {"type": "Integer"}, "type": "entry"}]}]}, {"attributes": {"name": "color"}, "type": "param", "children": [{"attributes": {"text": "<p>the color to set. A value of <code>null</code> will reset the color.</p>"}, "type": "desc"}, {"attributes": {}, "type": "types", "children": [{"attributes": {"type": "Color"}, "type": "entry"}, {"attributes": {"type": "null"}, "type": "entry"}]}]}]}, {"attributes": {"text": "<p>Sets the color for the given index</p>"}, "type": "desc"}]}, {"attributes": {"name": "setColorEven", "fromProperty": "colorEven"}, "type": "method", "children": [{"attributes": {}, "type": "params", "children": [{"attributes": {"name": "value"}, "type": "param", "children": [{"attributes": {"text": "<p>New value for property <code>colorEven</code>.</p>"}, "type": "desc"}, {"attributes": {}, "type": "types", "children": [{"attributes": {"type": "var"}, "type": "entry"}]}]}]}, {"attributes": {"text": "<p>Sets the user value of the property <code>colorEven</code>.</p>\n\n<p>For further details take a look at the property definition: {@link #colorEven}.</p>"}, "type": "desc"}, {"attributes": {}, "type": "return", "children": [{"attributes": {"text": "<p>The unmodified incoming value.</p>"}, "type": "desc"}, {"attributes": {}, "type": "types", "children": [{"attributes": {"type": "var"}, "type": "entry"}]}]}]}, {"attributes": {"name": "setColorOdd", "fromProperty": "colorOdd"}, "type": "method", "children": [{"attributes": {}, "type": "params", "children": [{"attributes": {"name": "value"}, "type": "param", "children": [{"attributes": {"text": "<p>New value for property <code>colorOdd</code>.</p>"}, "type": "desc"}, {"attributes": {}, "type": "types", "children": [{"attributes": {"type": "var"}, "type": "entry"}]}]}]}, {"attributes": {"text": "<p>Sets the user value of the property <code>colorOdd</code>.</p>\n\n<p>For further details take a look at the property definition: {@link #colorOdd}.</p>"}, "type": "desc"}, {"attributes": {}, "type": "return", "children": [{"attributes": {"text": "<p>The unmodified incoming value.</p>"}, "type": "desc"}, {"attributes": {}, "type": "types", "children": [{"attributes": {"type": "var"}, "type": "entry"}]}]}]}]}, {"attributes": {}, "type": "properties", "children": [{"attributes": {"name": "colorEven", "allowNull": "true", "propertyType": "new", "apply": "_applyColorEven", "check": "Color", "themeable": "true"}, "type": "property", "children": [{"attributes": {"text": "<p>color for event indexes</p>"}, "type": "desc"}]}, {"attributes": {"name": "colorOdd", "allowNull": "true", "propertyType": "new", "apply": "_applyColorOdd", "check": "Color", "themeable": "true"}, "type": "property", "children": [{"attributes": {"text": "<p>color for odd indexes</p>"}, "type": "desc"}]}]}]}