{"attributes": {"name": "HLayout", "isInternal": true, "packageName": "qx.ui.splitpane", "access": "internal", "superClass": "qx.ui.layout.Abstract", "fullName": "qx.ui.splitpane.HLayout", "type": "class"}, "type": "class", "children": [{"attributes": {"text": "<p>Layouter for horizontal split panes.</p>"}, "type": "desc"}, {"attributes": {}, "type": "methods", "children": [{"attributes": {"access": "protected", "docFrom": "qx.ui.layout.Abstract", "line": 171, "overriddenFrom": "qx.ui.layout.Abstract", "name": "_computeSizeHint"}, "type": "method"}, {"attributes": {"docFrom": "qx.ui.layout.Abstract", "line": 68, "overriddenFrom": "qx.ui.layout.Abstract", "name": "renderLayout"}, "type": "method", "children": [{"attributes": {}, "type": "params", "children": [{"attributes": {"name": "availWidth"}, "type": "param"}, {"attributes": {"name": "availHeight"}, "type": "param"}, {"attributes": {"name": "padding"}, "type": "param"}]}]}]}]}