{"attributes": {"fullName": "qx.ui.virtual.core.IWidgetCellProvider", "packageName": "qx.ui.virtual.core", "type": "interface", "name": "IWidgetCellProvider", "implementations": "qx.ui.list.provider.WidgetProvider,qx.ui.tree.provider.WidgetProvider"}, "type": "class", "children": [{"attributes": {"text": "<p><span class=\"caps\">EXPERIMENTAL</span>!</p>\n\n<p>A widget cell provider provides the {@link qx.ui.virtual.layer.WidgetCell}\nwith configured widgets to render the cells and pools/releases unused\ncell widgets.</p>"}, "type": "desc"}, {"attributes": {}, "type": "methods", "children": [{"attributes": {"line": 39, "name": "getCellWidget"}, "type": "method", "children": [{"attributes": {}, "type": "params", "children": [{"attributes": {"name": "row"}, "type": "param", "children": [{"attributes": {"text": "<p>The cell&#8217;s row index.</p>"}, "type": "desc"}, {"attributes": {}, "type": "types", "children": [{"attributes": {"type": "Integer"}, "type": "entry"}]}]}, {"attributes": {"name": "column"}, "type": "param", "children": [{"attributes": {"text": "<p>The cell&#8217;s column index.</p>"}, "type": "desc"}, {"attributes": {}, "type": "types", "children": [{"attributes": {"type": "Integer"}, "type": "entry"}]}]}]}, {"attributes": {"text": "<p>This method returns the configured cell for the given cell. The return\nvalue may be <code>null</code> to indicate that the cell should be empty.</p>"}, "type": "desc"}, {"attributes": {}, "type": "return", "children": [{"attributes": {"text": "<p>The configured widget for the given cell.</p>"}, "type": "desc"}, {"attributes": {}, "type": "types", "children": [{"attributes": {"type": "qx.ui.core.LayoutItem"}, "type": "entry"}]}]}]}, {"attributes": {"line": 46, "name": "poolCellWidget"}, "type": "method", "children": [{"attributes": {}, "type": "params", "children": [{"attributes": {"name": "widget"}, "type": "param", "children": [{"attributes": {"text": "<p>The cell widget to pool.</p>"}, "type": "desc"}, {"attributes": {}, "type": "types", "children": [{"attributes": {"type": "qx.ui.core.LayoutItem"}, "type": "entry"}]}]}]}, {"attributes": {"text": "<p>Release the given cell widget. Either pool or destroy the widget.</p>"}, "type": "desc"}]}]}]}