{"attributes": {"fullName": "qx.util.Permutation", "packageName": "qx.util", "isStatic": true, "type": "class", "name": "Permutation"}, "type": "class", "children": [{"attributes": {"text": "<p>Generate permutations of a map.</p>"}, "type": "desc"}, {"attributes": {}, "type": "methods-static", "children": [{"attributes": {"line": 32, "isStatic": true, "name": "permute"}, "type": "method", "children": [{"attributes": {}, "type": "params", "children": [{"attributes": {"name": "options"}, "type": "param", "children": [{"attributes": {"text": "<p>map with array values to generate the permutations of</p>"}, "type": "desc"}, {"attributes": {}, "type": "types", "children": [{"attributes": {"type": "Map"}, "type": "entry"}]}]}, {"attributes": {"name": "callback"}, "type": "param", "children": [{"attributes": {"text": "<p>This callback is called for each permuted map</p>"}, "type": "desc"}, {"attributes": {}, "type": "types", "children": [{"attributes": {"type": "Function"}, "type": "entry"}]}]}, {"attributes": {"name": "context"}, "type": "param", "children": [{"attributes": {"text": "<p>The callback&#8217;s <code>this</code> context.</p>"}, "type": "desc"}, {"attributes": {}, "type": "types", "children": [{"attributes": {"type": "Object"}, "type": "entry"}]}]}]}, {"attributes": {"text": "<p>The first parameter is a map with array values. This function computes\nall combinations of the array values and call the callback for each\ncombination.</p>\n\n<p>e.g. a value of</p>\n\n<pre class=\"javascript\">\n  {\n    a: [1, 2],\n    b: [\"a\", \"b\"]\n  }\n</pre>\n\n<p>would call the callback for each of these maps:</p>\n\n<pre class=\"javascript\">\n { a: 1, b: \"a\" },\n { a: 1, b: \"b\" },\n { a: 2, b: \"a\" },\n { a: 2, b: \"b\" }\n</pre>"}, "type": "desc"}]}]}]}