{"attributes": {"isAbstract": true, "name": "Abstract", "packageName": "qx.ui.core.selection", "superClass": "qx.core.Object", "childClasses": "qx.ui.core.selection.Widget,qx.ui.virtual.selection.Abstract", "fullName": "qx.ui.core.selection.Abstract", "type": "class"}, "type": "class", "children": [{"attributes": {"text": "<p>Generic selection manager to bring rich desktop like selection behavior\nto widgets and low-level interactive controls.</p>\n\n<p>The selection handling supports both Shift and Ctrl/Meta modifies like\nknown from native applications.</p>"}, "type": "desc"}, {"attributes": {}, "type": "constructor", "children": [{"attributes": {"docFrom": "qx.core.Object", "line": 40, "isCtor": true, "overriddenFrom": "qx.core.Object", "name": "ctor"}, "type": "method"}]}, {"attributes": {}, "type": "events", "children": [{"attributes": {"name": "changeSelection"}, "type": "event", "children": [{"attributes": {"text": "<p>Fires after the selection was modified. Contains the selection under the data property.</p>"}, "type": "desc"}, {"attributes": {}, "type": "types", "children": [{"attributes": {"type": "qx.event.type.Data"}, "type": "entry"}]}]}]}, {"attributes": {}, "type": "methods", "children": [{"attributes": {"access": "private", "line": 1612, "name": "__rangeToMap"}, "type": "method", "children": [{"attributes": {}, "type": "params", "children": [{"attributes": {"name": "range"}, "type": "param", "children": [{"attributes": {"text": "<p>List of selectable items</p>"}, "type": "desc"}, {"attributes": {}, "type": "types", "children": [{"attributes": {"type": "Array"}, "type": "entry"}]}]}]}, {"attributes": {"text": "<p>Internal method to convert a range to a map of hash\ncodes for faster lookup during selection compare routines.</p>"}, "type": "desc"}]}, {"attributes": {"access": "protected", "line": 1691, "name": "_addToSelection"}, "type": "method", "children": [{"attributes": {}, "type": "params", "children": [{"attributes": {"name": "item"}, "type": "param", "children": [{"attributes": {"text": "<p>Any item</p>"}, "type": "desc"}, {"attributes": {}, "type": "types", "children": [{"attributes": {"type": "Object"}, "type": "entry"}]}]}]}, {"attributes": {"text": "<p>Adds an item to the current selection.</p>"}, "type": "desc"}]}, {"attributes": {"access": "protected", "line": 1862, "name": "_applyDefaultSelection"}, "type": "method", "children": [{"attributes": {}, "type": "params", "children": [{"attributes": {"name": "force"}, "type": "param", "children": [{"attributes": {"text": "<p>Whether the default selection sould forced.</p>"}, "type": "desc"}, {"attributes": {}, "type": "types", "children": [{"attributes": {"type": "Boolean"}, "type": "entry"}]}]}]}, {"attributes": {"text": "<p>Applies the default selection. The default item is the first item.</p>"}, "type": "desc"}, {"attributes": {}, "type": "return", "children": [{"attributes": {"text": "<p>The selected item.</p>"}, "type": "desc"}, {"attributes": {}, "type": "types", "children": [{"attributes": {"type": "var"}, "type": "entry"}]}]}]}, {"attributes": {"access": "protected", "line": 790, "name": "_applyMode"}, "type": "method", "children": [{"attributes": {}, "type": "params", "children": [{"attributes": {"name": "value"}, "type": "param", "children": [{"attributes": {"text": "<p>new value of the property</p>"}, "type": "desc"}, {"attributes": {}, "type": "types", "children": [{"attributes": {"type": "var"}, "type": "entry"}]}]}, {"attributes": {"name": "old"}, "type": "param", "children": [{"attributes": {"text": "<p>previous value of the property (null if it was not yet set).</p>"}, "type": "desc"}, {"attributes": {}, "type": "types", "children": [{"attributes": {"type": "var"}, "type": "entry"}]}]}]}, {"attributes": {}, "type": "apply", "children": [{"attributes": {"applies": "qx.ui.core.selection.Abstract#mode"}, "type": "entry"}]}, {"attributes": {"text": "<p>Applies changes of the property value of the property <code>mode</code>.</p>\n\n<p>For further details take a look at the property definition: {@link #mode}.</p>"}, "type": "desc"}]}, {"attributes": {"access": "protected", "line": 1208, "name": "_autoSelect"}, "type": "method", "children": [{"attributes": {"text": "<p>Automatically selects items based on the pointer movement during a drag selection</p>"}, "type": "desc"}]}, {"attributes": {"access": "protected", "line": 589, "name": "_capture"}, "type": "method", "children": [{"attributes": {"text": "<p>Enables capturing of the container.</p>"}, "type": "desc"}]}, {"attributes": {"access": "protected", "line": 1161, "name": "_cleanup"}, "type": "method", "children": [{"attributes": {"text": "<p>Stops all timers, release capture etc. to cleanup drag selection</p>"}, "type": "desc"}]}, {"attributes": {"access": "protected", "line": 1548, "name": "_clearSelection"}, "type": "method", "children": [{"attributes": {"text": "<p>Clears current selection</p>"}, "type": "desc"}]}, {"attributes": {"access": "protected", "line": 1597, "name": "_deselectItemRange"}, "type": "method", "children": [{"attributes": {}, "type": "params", "children": [{"attributes": {"name": "item1"}, "type": "param", "children": [{"attributes": {"text": "<p>Start with this item</p>"}, "type": "desc"}, {"attributes": {}, "type": "types", "children": [{"attributes": {"type": "Object"}, "type": "entry"}]}]}, {"attributes": {"name": "item2"}, "type": "param", "children": [{"attributes": {"text": "<p>End with this item</p>"}, "type": "desc"}, {"attributes": {}, "type": "types", "children": [{"attributes": {"type": "Object"}, "type": "entry"}]}]}]}, {"attributes": {"text": "<p>Deselect all items between <code>item1</code> and <code>item2</code>.</p>"}, "type": "desc"}]}, {"attributes": {"access": "protected", "line": 1841, "name": "_fireChange"}, "type": "method", "children": [{"attributes": {}, "type": "params", "children": [{"attributes": {"name": "context"}, "type": "param", "children": [{"attributes": {"text": "<p>One of <code>tap</code>, <code>quick</code>, <code>drag</code> or <code>key</code> or <code>null</code></p>"}, "type": "desc"}, {"attributes": {}, "type": "types", "children": [{"attributes": {"type": "String"}, "type": "entry"}]}]}]}, {"attributes": {"text": "<p>Fires the selection change event if the selection has\nbeen modified.</p>"}, "type": "desc"}]}, {"attributes": {"access": "protected", "line": 520, "name": "_getAnchorItem"}, "type": "method", "children": [{"attributes": {"text": "<p>Returns the current anchor item. This is the item which is the starting\npoint for all range selections. Normally this is the item which was\ntapped on the last time without any modifier keys pressed.</p>"}, "type": "desc"}, {"attributes": {}, "type": "return", "children": [{"attributes": {"text": "<p>The anchor item or <code>null</code></p>"}, "type": "desc"}, {"attributes": {}, "type": "types", "children": [{"attributes": {"type": "Object"}, "type": "entry"}]}]}]}, {"attributes": {"access": "protected", "line": 629, "name": "_getDimension"}, "type": "method", "children": [{"attributes": {"text": "<p>Returns the dimension of the container (available scrolling space).</p>"}, "type": "desc"}, {"attributes": {}, "type": "return", "children": [{"attributes": {"text": "<p>Map with the keys <code>width</code> and <code>height</code>.</p>"}, "type": "desc"}, {"attributes": {}, "type": "types", "children": [{"attributes": {"type": "Map"}, "type": "entry"}]}]}]}, {"attributes": {"access": "protected", "line": 738, "name": "_getFirstSelectable"}, "type": "method", "children": [{"attributes": {"text": "<p>Returns the first selectable item.</p>"}, "type": "desc"}, {"attributes": {}, "type": "return", "children": [{"attributes": {"text": "<p>The first selectable item</p>"}, "type": "desc"}, {"attributes": {}, "type": "types", "children": [{"attributes": {"type": "var"}, "type": "entry"}]}]}]}, {"attributes": {"access": "protected", "line": 748, "name": "_getLastSelectable"}, "type": "method", "children": [{"attributes": {"text": "<p>Returns the last selectable item.</p>"}, "type": "desc"}, {"attributes": {}, "type": "return", "children": [{"attributes": {"text": "<p>The last selectable item</p>"}, "type": "desc"}, {"attributes": {}, "type": "types", "children": [{"attributes": {"type": "var"}, "type": "entry"}]}]}]}, {"attributes": {"access": "protected", "line": 619, "name": "_getLocation"}, "type": "method", "children": [{"attributes": {"text": "<p>Returns the location of the container</p>"}, "type": "desc"}, {"attributes": {}, "type": "return", "children": [{"attributes": {"text": "<p>Map with the keys <code>top</code>, <code>right</code>, <code>bottom</code> and <code>left</code>.</p>"}, "type": "desc"}, {"attributes": {}, "type": "types", "children": [{"attributes": {"type": "Map"}, "type": "entry"}]}]}]}, {"attributes": {"access": "protected", "line": 776, "name": "_getPage"}, "type": "method", "children": [{"attributes": {}, "type": "params", "children": [{"attributes": {"name": "lead"}, "type": "param", "children": [{"attributes": {"text": "<p>The current lead item</p>"}, "type": "desc"}, {"attributes": {}, "type": "types", "children": [{"attributes": {"type": "var"}, "type": "entry"}]}]}, {"attributes": {"defaultValue": "false", "optional": true, "name": "up"}, "type": "param", "children": [{"attributes": {"text": "<p>Which page key was pressed: <code>up</code> or <code>down</code>.</p>"}, "type": "desc"}, {"attributes": {}, "type": "types", "children": [{"attributes": {"type": "Boolean"}, "type": "entry"}]}]}]}, {"attributes": {"text": "<p>Returns the item which should be selected on pageUp/pageDown.</p>\n\n<p>May also scroll to the needed position.</p>"}, "type": "desc"}]}, {"attributes": {"access": "protected", "line": 762, "name": "_getRelatedSelectable"}, "type": "method", "children": [{"attributes": {}, "type": "params", "children": [{"attributes": {"name": "item"}, "type": "param", "children": [{"attributes": {"text": "<p>Any item</p>"}, "type": "desc"}, {"attributes": {}, "type": "types", "children": [{"attributes": {"type": "var"}, "type": "entry"}]}]}, {"attributes": {"name": "relation"}, "type": "param", "children": [{"attributes": {"text": "<p>A valid relation: <code>above</code>, <code>right</code>, <code>under</code> or <code>left</code></p>"}, "type": "desc"}, {"attributes": {}, "type": "types", "children": [{"attributes": {"type": "String"}, "type": "entry"}]}]}]}, {"attributes": {"text": "<p>Returns a selectable item which is related to the given\n<code>item</code> through the value of <code>relation</code>.</p>"}, "type": "desc"}, {"attributes": {}, "type": "return", "children": [{"attributes": {"text": "<p>The related item</p>"}, "type": "desc"}, {"attributes": {}, "type": "types", "children": [{"attributes": {"type": "var"}, "type": "entry"}]}]}]}, {"attributes": {"access": "protected", "line": 671, "name": "_getScroll"}, "type": "method", "children": [{"attributes": {"text": "<p>Returns the scroll position of the container.</p>"}, "type": "desc"}, {"attributes": {}, "type": "return", "children": [{"attributes": {"text": "<p>Map with the keys <code>left</code> and <code>top</code>.</p>"}, "type": "desc"}, {"attributes": {}, "type": "types", "children": [{"attributes": {"type": "Map"}, "type": "entry"}]}]}]}, {"attributes": {"access": "protected", "line": 551, "name": "_getSelectableFromPointerEvent"}, "type": "method", "children": [{"attributes": {}, "type": "params", "children": [{"attributes": {"name": "event"}, "type": "param", "children": [{"attributes": {"text": "<p>The pointer event</p>"}, "type": "desc"}, {"attributes": {}, "type": "types", "children": [{"attributes": {"type": "qx.event.type.Pointer"}, "type": "entry"}]}]}]}, {"attributes": {"text": "<p>Finds the selectable instance from a pointer event</p>"}, "type": "desc"}, {"attributes": {}, "type": "return", "children": [{"attributes": {"text": "<p>The resulting selectable</p>"}, "type": "desc"}, {"attributes": {}, "type": "types", "children": [{"attributes": {"type": "Object"}, "type": "entry"}, {"attributes": {"type": "null"}, "type": "entry"}]}]}]}, {"attributes": {"access": "protected", "line": 640, "name": "_getSelectableLocationX"}, "type": "method", "children": [{"attributes": {}, "type": "params", "children": [{"attributes": {"name": "item"}, "type": "param", "children": [{"attributes": {"text": "<p>Any item</p>"}, "type": "desc"}, {"attributes": {}, "type": "types", "children": [{"attributes": {"type": "var"}, "type": "entry"}]}]}]}, {"attributes": {"text": "<p>Returns the relative (to the container) horizontal location of the given item.</p>"}, "type": "desc"}, {"attributes": {}, "type": "return", "children": [{"attributes": {"text": "<p>A map with the keys <code>left</code> and <code>right</code>.</p>"}, "type": "desc"}, {"attributes": {}, "type": "types", "children": [{"attributes": {"type": "Map"}, "type": "entry"}]}]}]}, {"attributes": {"access": "protected", "line": 651, "name": "_getSelectableLocationY"}, "type": "method", "children": [{"attributes": {}, "type": "params", "children": [{"attributes": {"name": "item"}, "type": "param", "children": [{"attributes": {"text": "<p>Any item</p>"}, "type": "desc"}, {"attributes": {}, "type": "types", "children": [{"attributes": {"type": "var"}, "type": "entry"}]}]}]}, {"attributes": {"text": "<p>Returns the relative (to the container) horizontal location of the given item.</p>"}, "type": "desc"}, {"attributes": {}, "type": "return", "children": [{"attributes": {"text": "<p>A map with the keys <code>top</code> and <code>bottom</code>.</p>"}, "type": "desc"}, {"attributes": {}, "type": "types", "children": [{"attributes": {"type": "Map"}, "type": "entry"}]}]}]}, {"attributes": {"access": "protected", "line": 728, "name": "_getSelectableRange"}, "type": "method", "children": [{"attributes": {}, "type": "params", "children": [{"attributes": {"name": "item1"}, "type": "param", "children": [{"attributes": {"text": "<p>First item</p>"}, "type": "desc"}, {"attributes": {}, "type": "types", "children": [{"attributes": {"type": "var"}, "type": "entry"}]}]}, {"attributes": {"name": "item2"}, "type": "param", "children": [{"attributes": {"text": "<p>Second item</p>"}, "type": "desc"}, {"attributes": {}, "type": "types", "children": [{"attributes": {"type": "var"}, "type": "entry"}]}]}]}, {"attributes": {"text": "<p>Returns all selectable items between the two given items.</p>\n\n<p>The items could be given in any order.</p>"}, "type": "desc"}, {"attributes": {}, "type": "return", "children": [{"attributes": {"text": "<p>List of items</p>"}, "type": "desc"}, {"attributes": {}, "type": "types", "children": [{"attributes": {"type": "Array"}, "type": "entry"}]}]}]}, {"attributes": {"access": "protected", "line": 1643, "name": "_getSelectedItem"}, "type": "method", "children": [{"attributes": {"text": "<p>Returns the first selected item. Only makes sense\nwhen using manager in single selection mode.</p>"}, "type": "desc"}, {"attributes": {}, "type": "return", "children": [{"attributes": {"text": "<p>The selected item (or <code>null</code>)</p>"}, "type": "desc"}, {"attributes": {}, "type": "types", "children": [{"attributes": {"type": "var"}, "type": "entry"}]}]}]}, {"attributes": {"access": "protected", "line": 540, "name": "_isSelectable"}, "type": "method", "children": [{"attributes": {}, "type": "params", "children": [{"attributes": {"name": "item"}, "type": "param", "children": [{"attributes": {"text": "<p>Any item</p>"}, "type": "desc"}, {"attributes": {}, "type": "types", "children": [{"attributes": {"type": "var"}, "type": "entry"}]}]}]}, {"attributes": {"text": "<p>Whether the given item is selectable.</p>"}, "type": "desc"}, {"attributes": {}, "type": "return", "children": [{"attributes": {"text": "<code>true</code> when the item is selectable"}, "type": "desc"}, {"attributes": {}, "type": "types", "children": [{"attributes": {"type": "Boolean"}, "type": "entry"}]}]}]}, {"attributes": {"access": "protected", "line": 1192, "name": "_onInterval"}, "type": "method", "children": [{"attributes": {}, "type": "params", "children": [{"attributes": {"name": "e"}, "type": "param", "children": [{"attributes": {"text": "<p>Timer event</p>"}, "type": "desc"}, {"attributes": {}, "type": "types", "children": [{"attributes": {"type": "qx.event.type.Event"}, "type": "entry"}]}]}]}, {"attributes": {"text": "<p>Event listener for timer used by drag selection</p>"}, "type": "desc"}]}, {"attributes": {"access": "protected", "line": 598, "name": "_releaseCapture"}, "type": "method", "children": [{"attributes": {"text": "<p>Releases capturing of the container</p>"}, "type": "desc"}]}, {"attributes": {"access": "protected", "line": 1735, "name": "_removeFromSelection"}, "type": "method", "children": [{"attributes": {}, "type": "params", "children": [{"attributes": {"name": "item"}, "type": "param", "children": [{"attributes": {"text": "<p>Any item</p>"}, "type": "desc"}, {"attributes": {}, "type": "types", "children": [{"attributes": {"type": "Object"}, "type": "entry"}]}]}]}, {"attributes": {"text": "<p>Removes the given item from the current selection.</p>"}, "type": "desc"}]}, {"attributes": {"access": "protected", "line": 1754, "name": "_replaceMultiSelection"}, "type": "method", "children": [{"attributes": {}, "type": "params", "children": [{"attributes": {"name": "items"}, "type": "param", "children": [{"attributes": {"text": "<p>List of items to select</p>"}, "type": "desc"}, {"attributes": {}, "type": "types", "children": [{"attributes": {"type": "Array"}, "type": "entry"}]}]}]}, {"attributes": {"text": "<p>Replaces current selection with items from given array.</p>"}, "type": "desc"}]}, {"attributes": {"access": "protected", "line": 682, "name": "_scrollBy"}, "type": "method", "children": [{"attributes": {}, "type": "params", "children": [{"attributes": {"name": "xoff"}, "type": "param", "children": [{"attributes": {"text": "<p>Horizontal offset to scroll by</p>"}, "type": "desc"}, {"attributes": {}, "type": "types", "children": [{"attributes": {"type": "Integer"}, "type": "entry"}]}]}, {"attributes": {"name": "yoff"}, "type": "param", "children": [{"attributes": {"text": "<p>Vertical offset to scroll by</p>"}, "type": "desc"}, {"attributes": {}, "type": "types", "children": [{"attributes": {"type": "Integer"}, "type": "entry"}]}]}]}, {"attributes": {"text": "<p>Scrolls by the given offset</p>"}, "type": "desc"}]}, {"attributes": {"access": "protected", "line": 692, "name": "_scrollItemIntoView"}, "type": "method", "children": [{"attributes": {}, "type": "params", "children": [{"attributes": {"name": "item"}, "type": "param", "children": [{"attributes": {"text": "<p>Any item</p>"}, "type": "desc"}, {"attributes": {}, "type": "types", "children": [{"attributes": {"type": "var"}, "type": "entry"}]}]}]}, {"attributes": {"text": "<p>Scrolls the given item into the view (make it visible)</p>"}, "type": "desc"}]}, {"attributes": {"access": "protected", "line": 568, "name": "_selectableToHashCode"}, "type": "method", "children": [{"attributes": {}, "type": "params", "children": [{"attributes": {"name": "item"}, "type": "param", "children": [{"attributes": {"text": "<p>Any item</p>"}, "type": "desc"}, {"attributes": {}, "type": "types", "children": [{"attributes": {"type": "var"}, "type": "entry"}]}]}]}, {"attributes": {"text": "<p>Returns an unique hashcode for the given item.</p>"}, "type": "desc"}, {"attributes": {}, "type": "return", "children": [{"attributes": {"text": "<p>A valid hashcode</p>"}, "type": "desc"}, {"attributes": {}, "type": "types", "children": [{"attributes": {"type": "String"}, "type": "entry"}]}]}]}, {"attributes": {"access": "protected", "line": 1536, "name": "_selectAllItems"}, "type": "method", "children": [{"attributes": {"text": "<p>Adds all items to the selection</p>"}, "type": "desc"}]}, {"attributes": {"access": "protected", "line": 1566, "name": "_selectItemRange"}, "type": "method", "children": [{"attributes": {}, "type": "params", "children": [{"attributes": {"name": "item1"}, "type": "param", "children": [{"attributes": {"text": "<p>Start with this item</p>"}, "type": "desc"}, {"attributes": {}, "type": "types", "children": [{"attributes": {"type": "Object"}, "type": "entry"}]}]}, {"attributes": {"name": "item2"}, "type": "param", "children": [{"attributes": {"text": "<p>End with this item</p>"}, "type": "desc"}, {"attributes": {}, "type": "types", "children": [{"attributes": {"type": "Object"}, "type": "entry"}]}]}, {"attributes": {"defaultValue": "false", "optional": true, "name": "extend"}, "type": "param", "children": [{"attributes": {"text": "<p>Whether the current selection should be replaced or extended.</p>"}, "type": "desc"}, {"attributes": {}, "type": "types", "children": [{"attributes": {"type": "Boolean"}, "type": "entry"}]}]}]}, {"attributes": {"text": "<p>Select a range from <code>item1</code> to <code>item2</code>.</p>"}, "type": "desc"}]}, {"attributes": {"access": "protected", "line": 497, "name": "_setAnchorItem"}, "type": "method", "children": [{"attributes": {}, "type": "params", "children": [{"attributes": {"name": "value"}, "type": "param", "children": [{"attributes": {"text": "<p>Any valid item or <code>null</code></p>"}, "type": "desc"}, {"attributes": {}, "type": "types", "children": [{"attributes": {"type": "Object"}, "type": "entry"}]}]}]}, {"attributes": {"text": "<p>Sets the anchor item. This is the item which is the starting\npoint for all range selections. Normally this is the item which was\ntapped on the last time without any modifier keys pressed.</p>"}, "type": "desc"}]}, {"attributes": {"access": "protected", "line": 463, "name": "_setLeadItem"}, "type": "method", "children": [{"attributes": {}, "type": "params", "children": [{"attributes": {"name": "value"}, "type": "param", "children": [{"attributes": {"text": "<p>Any valid item or <code>null</code></p>"}, "type": "desc"}, {"attributes": {}, "type": "types", "children": [{"attributes": {"type": "Object"}, "type": "entry"}]}]}]}, {"attributes": {"text": "<p>Sets the lead item. Generally the item which was last modified\nby the user (tapped on etc.)</p>"}, "type": "desc"}]}, {"attributes": {"access": "protected", "line": 1658, "name": "_setSelectedItem"}, "type": "method", "children": [{"attributes": {}, "type": "params", "children": [{"attributes": {"name": "item"}, "type": "param", "children": [{"attributes": {"text": "<p>Any valid selectable item</p>"}, "type": "desc"}, {"attributes": {}, "type": "types", "children": [{"attributes": {"type": "var"}, "type": "entry"}]}]}]}, {"attributes": {"text": "<p>Replace current selection with given item.</p>"}, "type": "desc"}]}, {"attributes": {"access": "protected", "line": 580, "name": "_styleSelectable"}, "type": "method", "children": [{"attributes": {}, "type": "params", "children": [{"attributes": {"name": "item"}, "type": "param", "children": [{"attributes": {"text": "<p>Item to modify</p>"}, "type": "desc"}, {"attributes": {}, "type": "types", "children": [{"attributes": {"type": "var"}, "type": "entry"}]}]}, {"attributes": {"name": "type"}, "type": "param", "children": [{"attributes": {"text": "<p>Any of <code>selected</code>, <code>anchor</code> or <code>lead</code></p>"}, "type": "desc"}, {"attributes": {}, "type": "types", "children": [{"attributes": {"type": "String"}, "type": "entry"}]}]}, {"attributes": {"name": "enabled"}, "type": "param", "children": [{"attributes": {"text": "<p>Whether the given style should be added or removed.</p>"}, "type": "desc"}, {"attributes": {}, "type": "types", "children": [{"attributes": {"type": "Boolean"}, "type": "entry"}]}]}]}, {"attributes": {"text": "<p>Updates the style (appearance) of the given item.</p>"}, "type": "desc"}]}, {"attributes": {"access": "protected", "line": 1711, "name": "_toggleInSelection"}, "type": "method", "children": [{"attributes": {}, "type": "params", "children": [{"attributes": {"name": "item"}, "type": "param", "children": [{"attributes": {"text": "<p>Any item</p>"}, "type": "desc"}, {"attributes": {}, "type": "types", "children": [{"attributes": {"type": "Object"}, "type": "entry"}]}]}]}, {"attributes": {"text": "<p>Toggles the item e.g. remove it when already selected\nor select it when currently not.</p>"}, "type": "desc"}]}, {"attributes": {"line": 223, "name": "addItem"}, "type": "method", "children": [{"attributes": {}, "type": "params", "children": [{"attributes": {"name": "item"}, "type": "param", "children": [{"attributes": {"text": "<p>Any valid item</p>"}, "type": "desc"}, {"attributes": {}, "type": "types", "children": [{"attributes": {"type": "Object"}, "type": "entry"}]}]}]}, {"attributes": {"text": "<p>Adds the given item to the existing selection.</p>\n\n<p>Use {@link #selectItem} instead if you want to replace\nthe current selection.</p>"}, "type": "desc"}]}, {"attributes": {"line": 308, "name": "clearSelection"}, "type": "method", "children": [{"attributes": {"text": "<p>Clears the whole selection at once. Also\nresets the lead and anchor items and their\nstyles.</p>"}, "type": "desc"}]}, {"attributes": {"name": "getDrag", "fromProperty": "drag"}, "type": "method", "children": [{"attributes": {"text": "<p>Returns the (computed) value of the property <code>drag</code>.</p>\n\n<p>For further details take a look at the property definition: {@link #drag}.</p>"}, "type": "desc"}, {"attributes": {}, "type": "return", "children": [{"attributes": {"text": "<p>(Computed) value of <code>drag</code>.</p>"}, "type": "desc"}, {"attributes": {}, "type": "types", "children": [{"attributes": {"type": "var"}, "type": "entry"}]}]}]}, {"attributes": {"line": 485, "name": "getLeadItem"}, "type": "method", "children": [{"attributes": {"text": "<p>Returns the current lead item. Generally the item which was last modified\nby the user (tapped on etc.)</p>"}, "type": "desc"}, {"attributes": {}, "type": "return", "children": [{"attributes": {"text": "<p>The lead item or <code>null</code></p>"}, "type": "desc"}, {"attributes": {}, "type": "types", "children": [{"attributes": {"type": "Object"}, "type": "entry"}]}]}]}, {"attributes": {"name": "getMode", "fromProperty": "mode"}, "type": "method", "children": [{"attributes": {"text": "<p>Returns the (computed) value of the property <code>mode</code>.</p>\n\n<p>For further details take a look at the property definition: {@link #mode}.</p>"}, "type": "desc"}, {"attributes": {}, "type": "return", "children": [{"attributes": {"text": "<p>(Computed) value of <code>mode</code>.</p>"}, "type": "desc"}, {"attributes": {}, "type": "types", "children": [{"attributes": {"type": "var"}, "type": "entry"}]}]}]}, {"attributes": {"name": "getQuick", "fromProperty": "quick"}, "type": "method", "children": [{"attributes": {"text": "<p>Returns the (computed) value of the property <code>quick</code>.</p>\n\n<p>For further details take a look at the property definition: {@link #quick}.</p>"}, "type": "desc"}, {"attributes": {}, "type": "return", "children": [{"attributes": {"text": "<p>(Computed) value of <code>quick</code>.</p>"}, "type": "desc"}, {"attributes": {}, "type": "types", "children": [{"attributes": {"type": "var"}, "type": "entry"}]}]}]}, {"attributes": {"line": 714, "name": "getSelectables"}, "type": "method", "children": [{"attributes": {}, "type": "params", "children": [{"attributes": {"name": "all"}, "type": "param", "children": [{"attributes": {"text": "<p>true for all selectables, false for the selectables the user can interactively select</p>"}, "type": "desc"}, {"attributes": {}, "type": "types", "children": [{"attributes": {"type": "Boolean"}, "type": "entry"}]}]}]}, {"attributes": {"text": "<p>Returns all selectable items of the container.</p>"}, "type": "desc"}, {"attributes": {}, "type": "return", "children": [{"attributes": {"text": "<p>A list of items</p>"}, "type": "desc"}, {"attributes": {}, "type": "types", "children": [{"attributes": {"type": "Array"}, "type": "entry"}]}]}]}, {"attributes": {"line": 363, "name": "getSelectedItem"}, "type": "method", "children": [{"attributes": {"text": "<p>Get the selected item. This method does only work in <code>single</code>\nselection mode.</p>"}, "type": "desc"}, {"attributes": {}, "type": "return", "children": [{"attributes": {"text": "<p>The selected item.</p>"}, "type": "desc"}, {"attributes": {}, "type": "types", "children": [{"attributes": {"type": "Object"}, "type": "entry"}]}]}]}, {"attributes": {"line": 384, "name": "getSelection"}, "type": "method", "children": [{"attributes": {"text": "<p>Returns an array of currently selected items.</p>\n\n<p>Note: The result is only a set of selected items, so the order can\ndiffer from the sequence in which the items were added.</p>"}, "type": "desc"}, {"attributes": {}, "type": "return", "children": [{"attributes": {"text": "<p>List of items.</p>"}, "type": "desc"}, {"attributes": {}, "type": "types", "children": [{"attributes": {"type": "Object", "dimensions": 1}, "type": "entry"}]}]}]}, {"attributes": {"line": 169, "name": "getSelectionContext"}, "type": "method", "children": [{"attributes": {"text": "<p>Returns the selection context. One of <code>tap</code>,\n<code>quick</code>, <code>drag</code> or <code>key</code> or\n<code>null</code>.</p>"}, "type": "desc"}, {"attributes": {}, "type": "return", "children": [{"attributes": {"text": "<p>One of <code>tap</code>, <code>quick</code>, <code>drag</code> or <code>key</code> or <code>null</code></p>"}, "type": "desc"}, {"attributes": {}, "type": "types", "children": [{"attributes": {"type": "String"}, "type": "entry"}]}]}]}, {"attributes": {"line": 395, "name": "getSortedSelection"}, "type": "method", "children": [{"attributes": {"text": "<p>Returns the selection sorted by the index in the\ncontainer of the selection (the assigned widget)</p>"}, "type": "desc"}, {"attributes": {}, "type": "return", "children": [{"attributes": {"text": "<p>Sorted list of items</p>"}, "type": "desc"}, {"attributes": {}, "type": "types", "children": [{"attributes": {"type": "Object", "dimensions": 1}, "type": "entry"}]}]}]}, {"attributes": {"line": 1130, "name": "handleAddItem"}, "type": "method", "children": [{"attributes": {}, "type": "params", "children": [{"attributes": {"name": "e"}, "type": "param", "children": [{"attributes": {"text": "<p>The event object</p>"}, "type": "desc"}, {"attributes": {}, "type": "types", "children": [{"attributes": {"type": "qx.event.type.Data"}, "type": "entry"}]}]}]}, {"attributes": {"text": "<p>This method should be connected to the <code>addItem</code> event\nof the managed object.</p>"}, "type": "desc"}]}, {"attributes": {"line": 1355, "name": "handleKeyPress"}, "type": "method", "children": [{"attributes": {}, "type": "params", "children": [{"attributes": {"name": "event"}, "type": "param", "children": [{"attributes": {"text": "<p>A valid key sequence event</p>"}, "type": "desc"}, {"attributes": {}, "type": "types", "children": [{"attributes": {"type": "qx.event.type.KeySequence"}, "type": "entry"}]}]}]}, {"attributes": {"text": "<p>This method should be connected to the <code>keypress</code> event\nof the managed object.</p>"}, "type": "desc"}]}, {"attributes": {"line": 1037, "name": "handleLoseCapture"}, "type": "method", "children": [{"attributes": {}, "type": "params", "children": [{"attributes": {"name": "event"}, "type": "param", "children": [{"attributes": {"text": "<p>A valid pointer event</p>"}, "type": "desc"}, {"attributes": {}, "type": "types", "children": [{"attributes": {"type": "qx.event.type.Pointer"}, "type": "entry"}]}]}]}, {"attributes": {"text": "<p>This method should be connected to the <code>losecapture</code> event\nof the managed object.</p>"}, "type": "desc"}]}, {"attributes": {"line": 879, "name": "handlePointerDown"}, "type": "method", "children": [{"attributes": {}, "type": "params", "children": [{"attributes": {"name": "event"}, "type": "param", "children": [{"attributes": {"text": "<p>A valid pointer event</p>"}, "type": "desc"}, {"attributes": {}, "type": "types", "children": [{"attributes": {"type": "qx.event.type.Pointer"}, "type": "entry"}]}]}]}, {"attributes": {"text": "<p>This method should be connected to the <code>pointerdown</code> event\nof the managed object.</p>"}, "type": "desc"}]}, {"attributes": {"line": 1048, "name": "handlePointerMove"}, "type": "method", "children": [{"attributes": {}, "type": "params", "children": [{"attributes": {"name": "event"}, "type": "param", "children": [{"attributes": {"text": "<p>A valid pointer event</p>"}, "type": "desc"}, {"attributes": {}, "type": "types", "children": [{"attributes": {"type": "qx.event.type.Pointer"}, "type": "entry"}]}]}]}, {"attributes": {"text": "<p>This method should be connected to the <code>pointermove</code> event\nof the managed object.</p>"}, "type": "desc"}]}, {"attributes": {"line": 822, "name": "handlePointerOver"}, "type": "method", "children": [{"attributes": {}, "type": "params", "children": [{"attributes": {"name": "event"}, "type": "param", "children": [{"attributes": {"text": "<p>A valid pointer event</p>"}, "type": "desc"}, {"attributes": {}, "type": "types", "children": [{"attributes": {"type": "qx.event.type.Pointer"}, "type": "entry"}]}]}]}, {"attributes": {"text": "<p>This method should be connected to the <code>pointerover</code> event\nof the managed object.</p>"}, "type": "desc"}]}, {"attributes": {"line": 1145, "name": "handleRemoveItem"}, "type": "method", "children": [{"attributes": {}, "type": "params", "children": [{"attributes": {"name": "e"}, "type": "param", "children": [{"attributes": {"text": "<p>The event object</p>"}, "type": "desc"}, {"attributes": {}, "type": "types", "children": [{"attributes": {"type": "qx.event.type.Data"}, "type": "entry"}]}]}]}, {"attributes": {"text": "<p>This method should be connected to the <code>removeItem</code> event\nof the managed object.</p>"}, "type": "desc"}]}, {"attributes": {"line": 952, "name": "handleTap"}, "type": "method", "children": [{"attributes": {}, "type": "params", "children": [{"attributes": {"name": "event"}, "type": "param", "children": [{"attributes": {"text": "<p>A valid pointer event</p>"}, "type": "desc"}, {"attributes": {}, "type": "types", "children": [{"attributes": {"type": "qx.event.type.Tap"}, "type": "entry"}]}]}]}, {"attributes": {"text": "<p>This method should be connected to the <code>tap</code> event\nof the managed object.</p>"}, "type": "desc"}]}, {"attributes": {"access": "protected", "name": "initDrag", "fromProperty": "drag"}, "type": "method", "children": [{"attributes": {}, "type": "params", "children": [{"attributes": {"name": "value"}, "type": "param", "children": [{"attributes": {"text": "<p>Initial value for property <code>drag</code>.</p>"}, "type": "desc"}, {"attributes": {}, "type": "types", "children": [{"attributes": {"type": "var"}, "type": "entry"}]}]}]}, {"attributes": {"text": "<p>Calls the apply method and dispatches the change event of the property <code>drag</code>\nwith the default value defined by the class developer. This function can\nonly be called from the constructor of a class.</p>\n\n<p>For further details take a look at the property definition: {@link #drag}.</p>"}, "type": "desc"}, {"attributes": {}, "type": "return", "children": [{"attributes": {"text": "<p>the default value</p>"}, "type": "desc"}, {"attributes": {}, "type": "types", "children": [{"attributes": {"type": "var"}, "type": "entry"}]}]}]}, {"attributes": {"access": "protected", "name": "initMode", "fromProperty": "mode"}, "type": "method", "children": [{"attributes": {}, "type": "params", "children": [{"attributes": {"name": "value"}, "type": "param", "children": [{"attributes": {"text": "<p>Initial value for property <code>mode</code>.</p>"}, "type": "desc"}, {"attributes": {}, "type": "types", "children": [{"attributes": {"type": "var"}, "type": "entry"}]}]}]}, {"attributes": {"text": "<p>Calls the apply method and dispatches the change event of the property <code>mode</code>\nwith the default value defined by the class developer. This function can\nonly be called from the constructor of a class.</p>\n\n<p>For further details take a look at the property definition: {@link #mode}.</p>"}, "type": "desc"}, {"attributes": {}, "type": "return", "children": [{"attributes": {"text": "<p>the default value</p>"}, "type": "desc"}, {"attributes": {}, "type": "types", "children": [{"attributes": {"type": "var"}, "type": "entry"}]}]}]}, {"attributes": {"access": "protected", "name": "initQuick", "fromProperty": "quick"}, "type": "method", "children": [{"attributes": {}, "type": "params", "children": [{"attributes": {"name": "value"}, "type": "param", "children": [{"attributes": {"text": "<p>Initial value for property <code>quick</code>.</p>"}, "type": "desc"}, {"attributes": {}, "type": "types", "children": [{"attributes": {"type": "var"}, "type": "entry"}]}]}]}, {"attributes": {"text": "<p>Calls the apply method and dispatches the change event of the property <code>quick</code>\nwith the default value defined by the class developer. This function can\nonly be called from the constructor of a class.</p>\n\n<p>For further details take a look at the property definition: {@link #quick}.</p>"}, "type": "desc"}, {"attributes": {}, "type": "return", "children": [{"attributes": {"text": "<p>the default value</p>"}, "type": "desc"}, {"attributes": {}, "type": "types", "children": [{"attributes": {"type": "var"}, "type": "entry"}]}]}]}, {"attributes": {"line": 434, "name": "invertSelection"}, "type": "method", "children": [{"attributes": {"text": "<p>Invert the selection. Select the non selected and deselect the selected.</p>"}, "type": "desc"}]}, {"attributes": {"name": "isDrag", "fromProperty": "drag"}, "type": "method", "children": [{"attributes": {"text": "<p>Check whether the (computed) value of the boolean property <code>drag</code> equals <code>true</code>.</p>\n\n<p>For further details take a look at the property definition: {@link #drag}.</p>"}, "type": "desc"}, {"attributes": {}, "type": "return", "children": [{"attributes": {"text": "<p>Whether the property equals <code>true</code>.</p>"}, "type": "desc"}, {"attributes": {}, "type": "types", "children": [{"attributes": {"type": "Boolean"}, "type": "entry"}]}]}]}, {"attributes": {"line": 414, "name": "isItemSelected"}, "type": "method", "children": [{"attributes": {}, "type": "params", "children": [{"attributes": {"name": "item"}, "type": "param", "children": [{"attributes": {"text": "<p>Any valid selectable item</p>"}, "type": "desc"}, {"attributes": {}, "type": "types", "children": [{"attributes": {"type": "var"}, "type": "entry"}]}]}]}, {"attributes": {"text": "<p>Detects whether the given item is currently selected.</p>"}, "type": "desc"}, {"attributes": {}, "type": "return", "children": [{"attributes": {"text": "<p>Whether the item is selected</p>"}, "type": "desc"}, {"attributes": {}, "type": "types", "children": [{"attributes": {"type": "Boolean"}, "type": "entry"}]}]}]}, {"attributes": {"name": "isQuick", "fromProperty": "quick"}, "type": "method", "children": [{"attributes": {"text": "<p>Check whether the (computed) value of the boolean property <code>quick</code> equals <code>true</code>.</p>\n\n<p>For further details take a look at the property definition: {@link #quick}.</p>"}, "type": "desc"}, {"attributes": {}, "type": "return", "children": [{"attributes": {"text": "<p>Whether the property equals <code>true</code>.</p>"}, "type": "desc"}, {"attributes": {}, "type": "types", "children": [{"attributes": {"type": "Boolean"}, "type": "entry"}]}]}]}, {"attributes": {"line": 426, "name": "isSelectionEmpty"}, "type": "method", "children": [{"attributes": {"text": "<p>Whether the selection is empty</p>"}, "type": "desc"}, {"attributes": {}, "type": "return", "children": [{"attributes": {"text": "<p>Whether the selection is empty</p>"}, "type": "desc"}, {"attributes": {}, "type": "types", "children": [{"attributes": {"type": "Boolean"}, "type": "entry"}]}]}]}, {"attributes": {"line": 252, "name": "removeItem"}, "type": "method", "children": [{"attributes": {}, "type": "params", "children": [{"attributes": {"name": "item"}, "type": "param", "children": [{"attributes": {"text": "<p>Any valid item</p>"}, "type": "desc"}, {"attributes": {}, "type": "types", "children": [{"attributes": {"type": "Object"}, "type": "entry"}]}]}]}, {"attributes": {"text": "<p>Removes the given item from the selection.</p>\n\n<p>Use {@link #clearSelection} when you want to clear\nthe whole selection at once.</p>"}, "type": "desc"}]}, {"attributes": {"line": 334, "name": "replaceSelection"}, "type": "method", "children": [{"attributes": {}, "type": "params", "children": [{"attributes": {"name": "items"}, "type": "param", "children": [{"attributes": {"text": "<p>Items to select</p>"}, "type": "desc"}, {"attributes": {}, "type": "types", "children": [{"attributes": {"type": "Array"}, "type": "entry"}]}]}]}, {"attributes": {"text": "<p>Replaces current selection with given array of items.</p>\n\n<p>Please note that in single selection scenarios it is more\nefficient to directly use {@link #selectItem}.</p>"}, "type": "desc"}]}, {"attributes": {"name": "resetDrag", "fromProperty": "drag"}, "type": "method", "children": [{"attributes": {"text": "<p>Resets the user value of the property <code>drag</code>.</p>\n\n<p>The computed value falls back to the next available value e.g. appearance, init or\ninheritance value depeneding on the property configuration and value availability.</p>\n\n<p>For further details take a look at the property definition: {@link #drag}.</p>"}, "type": "desc"}]}, {"attributes": {"name": "resetMode", "fromProperty": "mode"}, "type": "method", "children": [{"attributes": {"text": "<p>Resets the user value of the property <code>mode</code>.</p>\n\n<p>The computed value falls back to the next available value e.g. appearance, init or\ninheritance value depeneding on the property configuration and value availability.</p>\n\n<p>For further details take a look at the property definition: {@link #mode}.</p>"}, "type": "desc"}]}, {"attributes": {"name": "resetQuick", "fromProperty": "quick"}, "type": "method", "children": [{"attributes": {"text": "<p>Resets the user value of the property <code>quick</code>.</p>\n\n<p>The computed value falls back to the next available value e.g. appearance, init or\ninheritance value depeneding on the property configuration and value availability.</p>\n\n<p>For further details take a look at the property definition: {@link #quick}.</p>"}, "type": "desc"}]}, {"attributes": {"line": 178, "name": "selectAll"}, "type": "method", "children": [{"attributes": {"text": "<p>Selects all items of the managed object.</p>"}, "type": "desc"}]}, {"attributes": {"line": 199, "name": "selectItem"}, "type": "method", "children": [{"attributes": {}, "type": "params", "children": [{"attributes": {"name": "item"}, "type": "param", "children": [{"attributes": {"text": "<p>Any valid item</p>"}, "type": "desc"}, {"attributes": {}, "type": "types", "children": [{"attributes": {"type": "Object"}, "type": "entry"}]}]}]}, {"attributes": {"text": "<p>Selects the given item. Replaces current selection\ncompletely with the new item.</p>\n\n<p>Use {@link #addItem} instead if you want to add new\nitems to an existing selection.</p>"}, "type": "desc"}]}, {"attributes": {"line": 284, "name": "selectItemRange"}, "type": "method", "children": [{"attributes": {}, "type": "params", "children": [{"attributes": {"name": "begin"}, "type": "param", "children": [{"attributes": {"text": "<p>Item to start with</p>"}, "type": "desc"}, {"attributes": {}, "type": "types", "children": [{"attributes": {"type": "Object"}, "type": "entry"}]}]}, {"attributes": {"name": "end"}, "type": "param", "children": [{"attributes": {"text": "<p>Item to end at</p>"}, "type": "desc"}, {"attributes": {}, "type": "types", "children": [{"attributes": {"type": "Object"}, "type": "entry"}]}]}]}, {"attributes": {"text": "<p>Selects an item range between two given items.</p>"}, "type": "desc"}]}, {"attributes": {"name": "setDrag", "fromProperty": "drag"}, "type": "method", "children": [{"attributes": {}, "type": "params", "children": [{"attributes": {"name": "value"}, "type": "param", "children": [{"attributes": {"text": "<p>New value for property <code>drag</code>.</p>"}, "type": "desc"}, {"attributes": {}, "type": "types", "children": [{"attributes": {"type": "var"}, "type": "entry"}]}]}]}, {"attributes": {"text": "<p>Sets the user value of the property <code>drag</code>.</p>\n\n<p>For further details take a look at the property definition: {@link #drag}.</p>"}, "type": "desc"}, {"attributes": {}, "type": "return", "children": [{"attributes": {"text": "<p>The unmodified incoming value.</p>"}, "type": "desc"}, {"attributes": {}, "type": "types", "children": [{"attributes": {"type": "var"}, "type": "entry"}]}]}]}, {"attributes": {"name": "setMode", "fromProperty": "mode"}, "type": "method", "children": [{"attributes": {}, "type": "params", "children": [{"attributes": {"name": "value"}, "type": "param", "children": [{"attributes": {"text": "<p>New value for property <code>mode</code>.</p>"}, "type": "desc"}, {"attributes": {}, "type": "types", "children": [{"attributes": {"type": "var"}, "type": "entry"}]}]}]}, {"attributes": {"text": "<p>Sets the user value of the property <code>mode</code>.</p>\n\n<p>For further details take a look at the property definition: {@link #mode}.</p>"}, "type": "desc"}, {"attributes": {}, "type": "return", "children": [{"attributes": {"text": "<p>The unmodified incoming value.</p>"}, "type": "desc"}, {"attributes": {}, "type": "types", "children": [{"attributes": {"type": "var"}, "type": "entry"}]}]}]}, {"attributes": {"name": "setQuick", "fromProperty": "quick"}, "type": "method", "children": [{"attributes": {}, "type": "params", "children": [{"attributes": {"name": "value"}, "type": "param", "children": [{"attributes": {"text": "<p>New value for property <code>quick</code>.</p>"}, "type": "desc"}, {"attributes": {}, "type": "types", "children": [{"attributes": {"type": "var"}, "type": "entry"}]}]}]}, {"attributes": {"text": "<p>Sets the user value of the property <code>quick</code>.</p>\n\n<p>For further details take a look at the property definition: {@link #quick}.</p>"}, "type": "desc"}, {"attributes": {}, "type": "return", "children": [{"attributes": {"text": "<p>The unmodified incoming value.</p>"}, "type": "desc"}, {"attributes": {}, "type": "types", "children": [{"attributes": {"type": "var"}, "type": "entry"}]}]}]}, {"attributes": {"name": "toggleDrag", "fromProperty": "drag"}, "type": "method", "children": [{"attributes": {"text": "<p>Toggles the (computed) value of the boolean property <code>drag</code>.</p>\n\n<p>For further details take a look at the property definition: {@link #drag}.</p>"}, "type": "desc"}, {"attributes": {}, "type": "return", "children": [{"attributes": {"text": "<p>the new value</p>"}, "type": "desc"}, {"attributes": {}, "type": "types", "children": [{"attributes": {"type": "Boolean"}, "type": "entry"}]}]}]}, {"attributes": {"name": "toggleQuick", "fromProperty": "quick"}, "type": "method", "children": [{"attributes": {"text": "<p>Toggles the (computed) value of the boolean property <code>quick</code>.</p>\n\n<p>For further details take a look at the property definition: {@link #quick}.</p>"}, "type": "desc"}, {"attributes": {}, "type": "return", "children": [{"attributes": {"text": "<p>the new value</p>"}, "type": "desc"}, {"attributes": {}, "type": "types", "children": [{"attributes": {"type": "Boolean"}, "type": "entry"}]}]}]}]}, {"attributes": {}, "type": "properties", "children": [{"attributes": {"defaultValue": "false", "propertyType": "new", "check": "Boolean", "name": "drag"}, "type": "property", "children": [{"attributes": {"text": "<p>Enable drag selection (multi selection of items through\ndragging the pointer in pressed states).</p>\n\n<p>Only possible for the modes <code>multi</code> and <code>additive</code></p>"}, "type": "desc"}]}, {"attributes": {"apply": "_applyMode", "defaultValue": "\"single\"", "propertyType": "new", "name": "mode", "possibleValues": "\"single\",\"multi\",\"additive\",\"one\""}, "type": "property", "children": [{"attributes": {"text": "<p>Selects the selection mode to use.</p>\n\n<ul>\n<li>single: One or no element is selected</li>\n<li>multi: Multi items could be selected. Also allows empty selections.</li>\n<li>additive: Easy Web-2.0 selection mode. Allows multiple selections without modifier keys.</li>\n<li>one: If possible always exactly one item is selected</li>\n</ul>"}, "type": "desc"}]}, {"attributes": {"defaultValue": "false", "propertyType": "new", "check": "Boolean", "name": "quick"}, "type": "property", "children": [{"attributes": {"text": "<p>Enable quick selection mode, where no tap is needed to change the selection.</p>\n\n<p>Only possible for the modes <code>single</code> and <code>one</code>.</p>"}, "type": "desc"}]}]}]}