{"attributes": {"fullName": "qx.ui.mobile.navigationbar.BackButton", "packageName": "qx.ui.mobile.navigationbar", "type": "class", "name": "BackButton", "superClass": "qx.ui.mobile.navigationbar.Button"}, "type": "class", "children": [{"attributes": {"text": "<p>A navigation bar back button widget.</p>"}, "type": "desc"}, {"attributes": {}, "type": "properties", "children": [{"attributes": {"name": "defaultCssClass", "docFrom": "qx.ui.mobile.core.Widget", "defaultValue": "\"navigationbar-backbutton\"", "refine": "true", "propertyType": "new", "overriddenFrom": "qx.ui.mobile.navigationbar.Button"}, "type": "property"}]}]}