{"attributes": {"name": "Blocker", "packageName": "qx.ui.mobile.core", "superClass": "qx.ui.mobile.core.Widget", "isSingleton": true, "fullName": "qx.ui.mobile.core.Blocker", "type": "class"}, "type": "class", "children": [{"attributes": {"text": "<p>This class blocks events and can be included into all widgets.</p>"}, "type": "desc"}, {"attributes": {}, "type": "constants", "children": [{"attributes": {"type": "Null", "name": "ROOT", "value": "null"}, "type": "constant"}]}, {"attributes": {}, "type": "constructor", "children": [{"attributes": {"docFrom": "qx.core.Object", "line": 37, "isCtor": true, "overriddenFrom": "qx.ui.mobile.core.Widget", "name": "ctor"}, "type": "method"}]}, {"attributes": {}, "type": "properties", "children": [{"attributes": {"name": "defaultCssClass", "docFrom": "qx.ui.mobile.core.Widget", "defaultValue": "\"blocker\"", "refine": "true", "propertyType": "new", "overriddenFrom": "qx.ui.mobile.core.Widget"}, "type": "property"}]}, {"attributes": {}, "type": "methods", "children": [{"attributes": {"access": "private", "line": 154, "name": "__registerEventListener"}, "type": "method", "children": [{"attributes": {"text": "<p>Registers all needed event listener.</p>"}, "type": "desc"}]}, {"attributes": {"access": "private", "line": 166, "name": "__unregisterEventListener"}, "type": "method", "children": [{"attributes": {"text": "<p>Unregisters all needed event listener.</p>"}, "type": "desc"}]}, {"attributes": {"access": "protected", "line": 145, "name": "_onScroll"}, "type": "method", "children": [{"attributes": {}, "type": "params", "children": [{"attributes": {"name": "evt"}, "type": "param", "children": [{"attributes": {"text": "<p>The scroll event</p>"}, "type": "desc"}, {"attributes": {}, "type": "types", "children": [{"attributes": {"type": "Event"}, "type": "entry"}]}]}]}, {"attributes": {"text": "<p>Event handler. Called when the scroll event occurs.</p>"}, "type": "desc"}]}, {"attributes": {"access": "protected", "line": 122, "name": "_updateSize"}, "type": "method", "children": [{"attributes": {"text": "<p>Event handler. Called whenever the size of the blocker should be updated.</p>"}, "type": "desc"}]}, {"attributes": {"line": 102, "name": "forceHide"}, "type": "method", "children": [{"attributes": {"text": "<p>Force the blocker to hide, even when the show counter is larger than\nzero.</p>"}, "type": "desc"}]}, {"attributes": {"line": 86, "overriddenFrom": "qx.ui.mobile.core.Widget", "name": "hide"}, "type": "method", "children": [{"attributes": {"text": "<p>Hides the blocker. The blocker is only hidden when the hide method\nis called as many times as the {@link #show} method.</p>"}, "type": "desc"}]}, {"attributes": {"line": 113, "name": "isShown"}, "type": "method", "children": [{"attributes": {"text": "<p>Whether the blocker is shown or not.</p>"}, "type": "desc"}, {"attributes": {}, "type": "return", "children": [{"attributes": {"text": "<code>true</code> if the blocker is shown"}, "type": "desc"}, {"attributes": {}, "type": "types", "children": [{"attributes": {"type": "Boolean"}, "type": "entry"}]}]}]}, {"attributes": {"line": 70, "overriddenFrom": "qx.ui.mobile.core.Widget", "name": "show"}, "type": "method", "children": [{"attributes": {"text": "<p>Shows the blocker. When the show method is called a counter is incremented.\nThe {@link #hide} method needs to be called as many times as the {@link #show}\nmethod. This behavior is useful, when you want to show a loading indicator.</p>"}, "type": "desc"}]}]}, {"attributes": {}, "type": "methods-static", "children": [{"attributes": {"line": 11, "isStatic": true, "name": "getInstance"}, "type": "method", "children": [{"attributes": {"text": "<p>Returns a singleton instance of this class. On the first call the class\nis instantiated by calling the constructor with no arguments. All following\ncalls will return this instance.</p>\n\n<p>This method has been added by setting the &#8220;type&#8221; key in the class definition\n({@link qx.Class#define}) to &#8220;singleton&#8221;.</p>"}, "type": "desc"}, {"attributes": {}, "type": "return", "children": [{"attributes": {"text": "<p>The singleton instance of this class.</p>"}, "type": "desc"}, {"attributes": {}, "type": "types", "children": [{"attributes": {"type": "qx.ui.mobile.core.Blocker"}, "type": "entry"}]}]}]}]}]}