{"attributes": {"fullName": "qx.util.Serializer", "packageName": "qx.util", "isStatic": true, "type": "class", "name": "Serializer"}, "type": "class", "children": [{"attributes": {"text": "<p>This is an util class responsible for serializing qooxdoo objects.</p>"}, "type": "desc"}, {"attributes": {}, "type": "methods-static", "children": [{"attributes": {"access": "private", "line": 88, "isStatic": true, "name": "__toUriParameter"}, "type": "method", "children": [{"attributes": {}, "type": "params", "children": [{"attributes": {"name": "name"}, "type": "param", "children": [{"attributes": {"text": "<p>The name of the value</p>"}, "type": "desc"}, {"attributes": {}, "type": "types", "children": [{"attributes": {"type": "String"}, "type": "entry"}]}]}, {"attributes": {"name": "value"}, "type": "param", "children": [{"attributes": {"text": "<p>The value itself</p>"}, "type": "desc"}, {"attributes": {}, "type": "types", "children": [{"attributes": {"type": "var"}, "type": "entry"}]}]}, {"attributes": {"name": "qxSerializer"}, "type": "param", "children": [{"attributes": {"text": "<p>The serializer for qooxdoo objects.</p>"}, "type": "desc"}, {"attributes": {}, "type": "types", "children": [{"attributes": {"type": "Function"}, "type": "entry"}]}]}]}, {"attributes": {"text": "<p>Helper method for {@link #toUriParameter}. Check for qooxdoo objects\nand returns the serialized name value pair for the given parameter.</p>"}, "type": "desc"}, {"attributes": {}, "type": "return", "children": [{"attributes": {"text": "<p>The serialized name value pair.</p>"}, "type": "desc"}, {"attributes": {}, "type": "types", "children": [{"attributes": {"type": "String"}, "type": "entry"}]}]}]}, {"attributes": {"line": 258, "isStatic": true, "name": "toJson"}, "type": "method", "children": [{"attributes": {}, "type": "params", "children": [{"attributes": {"name": "object"}, "type": "param", "children": [{"attributes": {"text": "<p>Any qooxdoo object</p>"}, "type": "desc"}, {"attributes": {}, "type": "types", "children": [{"attributes": {"type": "qx.core.Object"}, "type": "entry"}]}]}, {"attributes": {"optional": true, "name": "qxSerializer"}, "type": "param", "children": [{"attributes": {"text": "<p>Function used for serializing qooxdoo objects stored in the propertys of the object. Check for the type of classes </p>"}, "type": "desc"}, {"attributes": {}, "type": "types", "children": [{"attributes": {"type": "Function"}, "type": "entry"}]}]}, {"attributes": {"optional": true, "name": "dateFormat"}, "type": "param", "children": [{"attributes": {"text": "<p>If a date formater is given, the format method of this given formater is used to convert date objects into strings.</p>"}, "type": "desc"}, {"attributes": {}, "type": "types", "children": [{"attributes": {"type": "qx.util.format.DateFormat"}, "type": "entry"}]}]}]}, {"attributes": {"text": "<p>Serializes the properties of the given qooxdoo object into a json object.</p>"}, "type": "desc"}, {"attributes": {}, "type": "return", "children": [{"attributes": {"text": "<p>The serialized object.</p>"}, "type": "desc"}, {"attributes": {}, "type": "types", "children": [{"attributes": {"type": "String"}, "type": "entry"}]}]}]}, {"attributes": {"line": 129, "isStatic": true, "name": "toNativeObject"}, "type": "method", "children": [{"attributes": {}, "type": "params", "children": [{"attributes": {"name": "object"}, "type": "param", "children": [{"attributes": {"text": "<p>Any qooxdoo object</p>"}, "type": "desc"}, {"attributes": {}, "type": "types", "children": [{"attributes": {"type": "qx.core.Object"}, "type": "entry"}]}]}, {"attributes": {"name": "qxSerializer"}, "type": "param", "children": [{"attributes": {"text": "<p>Function used for serializing qooxdoo objects stored in the propertys of the object. Check for the type of classes you want to serialize and return the serialized value. In all other cases, just return nothing.</p>"}, "type": "desc"}, {"attributes": {}, "type": "types", "children": [{"attributes": {"type": "Function"}, "type": "entry"}]}]}, {"attributes": {"name": "dateFormat"}, "type": "param", "children": [{"attributes": {"text": "<p>If a date formater is given, the format method of this given formater is used to convert date objects into strings.</p>"}, "type": "desc"}, {"attributes": {}, "type": "types", "children": [{"attributes": {"type": "qx.util.format.DateFormat"}, "type": "entry"}]}]}]}, {"attributes": {"text": "<p>Serializes the properties of the given qooxdoo object into a native\nobject.</p>"}, "type": "desc"}, {"attributes": {}, "type": "return", "children": [{"attributes": {"text": "<p>The serialized object.</p>"}, "type": "desc"}, {"attributes": {}, "type": "types", "children": [{"attributes": {"type": "String"}, "type": "entry"}]}]}]}, {"attributes": {"line": 47, "isStatic": true, "name": "toUriParameter"}, "type": "method", "children": [{"attributes": {}, "type": "params", "children": [{"attributes": {"name": "object"}, "type": "param", "children": [{"attributes": {"text": "<p>Any qooxdoo object</p>"}, "type": "desc"}, {"attributes": {}, "type": "types", "children": [{"attributes": {"type": "qx.core.Object"}, "type": "entry"}]}]}, {"attributes": {"name": "qxSerializer"}, "type": "param", "children": [{"attributes": {"text": "<p>Function used for serializing qooxdoo objects stored in the propertys of the object. Check for the type of classes </p>"}, "type": "desc"}, {"attributes": {}, "type": "types", "children": [{"attributes": {"type": "Function"}, "type": "entry"}]}]}, {"attributes": {"name": "dateFormat"}, "type": "param", "children": [{"attributes": {"text": "<p>If a date formater is given, the format method of this given formater is used to convert date objects into strings.</p>"}, "type": "desc"}, {"attributes": {}, "type": "types", "children": [{"attributes": {"type": "qx.util.format.DateFormat"}, "type": "entry"}]}]}]}, {"attributes": {"text": "<p>Serializes the properties of the given qooxdoo object. To get the\nserialization working, every property needs to have a string\nrepresentation because the value of the property will be concatenated to the\nserialized string.</p>"}, "type": "desc"}, {"attributes": {}, "type": "return", "children": [{"attributes": {"text": "<p>The serialized object.</p>"}, "type": "desc"}, {"attributes": {}, "type": "types", "children": [{"attributes": {"type": "String"}, "type": "entry"}]}]}]}]}]}