{"attributes": {"fullName": "qx.ui.mobile.layout.Card", "packageName": "qx.ui.mobile.layout", "type": "class", "name": "Card", "superClass": "qx.ui.mobile.layout.Abstract"}, "type": "class", "children": [{"attributes": {"text": "<p>A card layout.</p>\n\n<p>The card layout lays out widgets in a stack. Call show to display a widget.\nOnly the widget which show method is called is displayed. All other widgets are excluded.</p>\n\n<p><strong>Example</strong></p>\n\n<p>Here is a little example of how to use the Card layout.</p>\n\n<pre class=\"javascript\">\nvar layout = new qx.ui.mobile.layout.Card());\nvar container = new qx.ui.mobile.container.Composite(layout);\n\nvar label1 = new qx.ui.mobile.basic.Label(\"1\");\ncontainer.add(label1);\nvar label2 = new qx.ui.mobile.basic.Label(\"2\");\ncontainer.add(label2);\n\nlabel2.show();\n</pre>"}, "type": "desc"}, {"attributes": {}, "type": "constructor", "children": [{"attributes": {"docFrom": "qx.core.Object", "line": 56, "isCtor": true, "overriddenFrom": "qx.core.Object", "name": "ctor"}, "type": "method"}]}, {"attributes": {}, "type": "events", "children": [{"attributes": {"name": "animationEnd"}, "type": "event", "children": [{"attributes": {"text": "<p>Fired when the animation of a page transition ends</p>"}, "type": "desc"}, {"attributes": {}, "type": "types", "children": [{"attributes": {"type": "qx.event.type.Data"}, "type": "entry"}]}]}, {"attributes": {"name": "animationStart"}, "type": "event", "children": [{"attributes": {"text": "<p>Fired when the animation of a page transition starts</p>"}, "type": "desc"}, {"attributes": {}, "type": "types", "children": [{"attributes": {"type": "qx.event.type.Data"}, "type": "entry"}]}]}]}, {"attributes": {}, "type": "methods", "children": [{"attributes": {"access": "private", "line": 358, "name": "__getAnimationClasses"}, "type": "method", "children": [{"attributes": {}, "type": "params", "children": [{"attributes": {"name": "direction"}, "type": "param", "children": [{"attributes": {"text": "<p>The direction of the animation. <code>in</code> or <code>out</code>.</p>"}, "type": "desc"}, {"attributes": {}, "type": "types", "children": [{"attributes": {"type": "String"}, "type": "entry"}]}]}]}, {"attributes": {"text": "<p>Returns the animation <span class=\"caps\">CSS</span> classes for a given direction. The direction\ncan be <code>in</code> or <code>out</code>.</p>"}, "type": "desc"}, {"attributes": {}, "type": "return", "children": [{"attributes": {"text": "<p>The <span class=\"caps\">CSS</span> classes for the set animation.</p>"}, "type": "desc"}, {"attributes": {}, "type": "types", "children": [{"attributes": {"type": "String", "dimensions": 1}, "type": "entry"}]}]}]}, {"attributes": {"access": "private", "line": 273, "name": "__startAnimation"}, "type": "method", "children": [{"attributes": {}, "type": "params", "children": [{"attributes": {"name": "widget"}, "type": "param", "children": [{"attributes": {"text": "<p>The target widget</p>"}, "type": "desc"}, {"attributes": {}, "type": "types", "children": [{"attributes": {"type": "qx.ui.mobile.core.Widget"}, "type": "entry"}]}]}]}, {"attributes": {"text": "<p>Starts the animation for the page transition.</p>"}, "type": "desc"}]}, {"attributes": {"access": "private", "line": 326, "name": "__stopAnimation"}, "type": "method", "children": [{"attributes": {"text": "<p>Stops the animation for the page transition.</p>"}, "type": "desc"}]}, {"attributes": {"access": "protected", "line": 240, "name": "_fixWidgetSize"}, "type": "method", "children": [{"attributes": {}, "type": "params", "children": [{"attributes": {"name": "widget"}, "type": "param", "children": [{"attributes": {"text": "<p>The target widget which should have a fixed size.</p>"}, "type": "desc"}, {"attributes": {}, "type": "types", "children": [{"attributes": {"type": "qx.ui.mobile.core.Widget"}, "type": "entry"}]}]}]}, {"attributes": {"text": "<p>Fix size, only if widget has mixin MResize set,\nand nextWidget is set.</p>"}, "type": "desc"}]}, {"attributes": {"access": "protected", "docFrom": "qx.ui.mobile.layout.Abstract", "line": 130, "overriddenFrom": "qx.ui.mobile.layout.Abstract", "name": "_getCssClasses"}, "type": "method"}, {"attributes": {"access": "protected", "line": 316, "name": "_onAnimationEnd"}, "type": "method", "children": [{"attributes": {}, "type": "params", "children": [{"attributes": {"name": "evt"}, "type": "param", "children": [{"attributes": {"text": "<p>The causing event</p>"}, "type": "desc"}, {"attributes": {}, "type": "types", "children": [{"attributes": {"type": "qx.event.type.Event"}, "type": "entry"}]}]}]}, {"attributes": {"text": "<p>Event handler. Called when the animation of the page transition ends.</p>"}, "type": "desc"}]}, {"attributes": {"access": "protected", "line": 257, "name": "_releaseWidgetSize"}, "type": "method", "children": [{"attributes": {}, "type": "params", "children": [{"attributes": {"name": "widget"}, "type": "param", "children": [{"attributes": {"text": "<p>The target widget which should have a flexible size.</p>"}, "type": "desc"}, {"attributes": {}, "type": "types", "children": [{"attributes": {"type": "qx.ui.mobile.core.Widget"}, "type": "entry"}]}]}]}, {"attributes": {"text": "<p>Releases recently fixed widget size (width/height). This is needed for allowing further\nflexbox layouting.</p>"}, "type": "desc"}]}, {"attributes": {"access": "protected", "line": 190, "name": "_showWidget"}, "type": "method", "children": [{"attributes": {}, "type": "params", "children": [{"attributes": {"name": "widget"}, "type": "param", "children": [{"attributes": {"text": "<p>The target widget</p>"}, "type": "desc"}, {"attributes": {}, "type": "types", "children": [{"attributes": {"type": "qx.ui.mobile.core.Widget"}, "type": "entry"}]}]}, {"attributes": {"name": "properties"}, "type": "param", "children": [{"attributes": {"text": "<p>The layout properties to set. Key / value pairs.</p>"}, "type": "desc"}, {"attributes": {}, "type": "types", "children": [{"attributes": {"type": "Map"}, "type": "entry"}]}]}]}, {"attributes": {"text": "<p>Shows the widget with the given properties.</p>"}, "type": "desc"}]}, {"attributes": {"access": "protected", "line": 224, "name": "_swapWidget"}, "type": "method", "children": [{"attributes": {"text": "<p>Excludes the current widget and sets the next widget to the current widget.</p>"}, "type": "desc"}]}, {"attributes": {"docFrom": "qx.ui.mobile.layout.Abstract", "line": 136, "overriddenFrom": "qx.ui.mobile.layout.Abstract", "name": "connectToChildWidget"}, "type": "method", "children": [{"attributes": {}, "type": "params", "children": [{"attributes": {"name": "widget"}, "type": "param"}]}]}, {"attributes": {"docFrom": "qx.ui.mobile.layout.Abstract", "line": 148, "overriddenFrom": "qx.ui.mobile.layout.Abstract", "name": "disconnectFromChildWidget"}, "type": "method", "children": [{"attributes": {}, "type": "params", "children": [{"attributes": {"name": "widget"}, "type": "param"}]}]}, {"attributes": {"name": "getAnimationDuration", "fromProperty": "animationDuration"}, "type": "method", "children": [{"attributes": {"text": "<p>Returns the (computed) value of the property <code>animationDuration</code>.</p>\n\n<p>For further details take a look at the property definition: {@link #animationDuration}.</p>"}, "type": "desc"}, {"attributes": {}, "type": "return", "children": [{"attributes": {"text": "<p>(Computed) value of <code>animationDuration</code>.</p>"}, "type": "desc"}, {"attributes": {}, "type": "types", "children": [{"attributes": {"type": "var"}, "type": "entry"}]}]}]}, {"attributes": {"line": 179, "name": "getCardAnimation"}, "type": "method", "children": [{"attributes": {"text": "<p>Getter for this.__cardAnimation.</p>"}, "type": "desc"}, {"attributes": {}, "type": "return", "children": [{"attributes": {"text": "<p>the current CardAnimation object.</p>"}, "type": "desc"}, {"attributes": {}, "type": "types", "children": [{"attributes": {"type": "qx.ui.mobile.layout.CardAnimation"}, "type": "entry"}]}]}]}, {"attributes": {"name": "getDefaultAnimation", "fromProperty": "defaultAnimation"}, "type": "method", "children": [{"attributes": {"text": "<p>Returns the (computed) value of the property <code>defaultAnimation</code>.</p>\n\n<p>For further details take a look at the property definition: {@link #defaultAnimation}.</p>"}, "type": "desc"}, {"attributes": {}, "type": "return", "children": [{"attributes": {"text": "<p>(Computed) value of <code>defaultAnimation</code>.</p>"}, "type": "desc"}, {"attributes": {}, "type": "types", "children": [{"attributes": {"type": "var"}, "type": "entry"}]}]}]}, {"attributes": {"name": "getShowAnimation", "fromProperty": "showAnimation"}, "type": "method", "children": [{"attributes": {"text": "<p>Returns the (computed) value of the property <code>showAnimation</code>.</p>\n\n<p>For further details take a look at the property definition: {@link #showAnimation}.</p>"}, "type": "desc"}, {"attributes": {}, "type": "return", "children": [{"attributes": {"text": "<p>(Computed) value of <code>showAnimation</code>.</p>"}, "type": "desc"}, {"attributes": {}, "type": "types", "children": [{"attributes": {"type": "var"}, "type": "entry"}]}]}]}, {"attributes": {"access": "protected", "name": "initAnimationDuration", "fromProperty": "animationDuration"}, "type": "method", "children": [{"attributes": {}, "type": "params", "children": [{"attributes": {"name": "value"}, "type": "param", "children": [{"attributes": {"text": "<p>Initial value for property <code>animationDuration</code>.</p>"}, "type": "desc"}, {"attributes": {}, "type": "types", "children": [{"attributes": {"type": "var"}, "type": "entry"}]}]}]}, {"attributes": {"text": "<p>Calls the apply method and dispatches the change event of the property <code>animationDuration</code>\nwith the default value defined by the class developer. This function can\nonly be called from the constructor of a class.</p>\n\n<p>For further details take a look at the property definition: {@link #animationDuration}.</p>"}, "type": "desc"}, {"attributes": {}, "type": "return", "children": [{"attributes": {"text": "<p>the default value</p>"}, "type": "desc"}, {"attributes": {}, "type": "types", "children": [{"attributes": {"type": "var"}, "type": "entry"}]}]}]}, {"attributes": {"access": "protected", "name": "initDefaultAnimation", "fromProperty": "defaultAnimation"}, "type": "method", "children": [{"attributes": {}, "type": "params", "children": [{"attributes": {"name": "value"}, "type": "param", "children": [{"attributes": {"text": "<p>Initial value for property <code>defaultAnimation</code>.</p>"}, "type": "desc"}, {"attributes": {}, "type": "types", "children": [{"attributes": {"type": "var"}, "type": "entry"}]}]}]}, {"attributes": {"text": "<p>Calls the apply method and dispatches the change event of the property <code>defaultAnimation</code>\nwith the default value defined by the class developer. This function can\nonly be called from the constructor of a class.</p>\n\n<p>For further details take a look at the property definition: {@link #defaultAnimation}.</p>"}, "type": "desc"}, {"attributes": {}, "type": "return", "children": [{"attributes": {"text": "<p>the default value</p>"}, "type": "desc"}, {"attributes": {}, "type": "types", "children": [{"attributes": {"type": "var"}, "type": "entry"}]}]}]}, {"attributes": {"access": "protected", "name": "initShowAnimation", "fromProperty": "showAnimation"}, "type": "method", "children": [{"attributes": {}, "type": "params", "children": [{"attributes": {"name": "value"}, "type": "param", "children": [{"attributes": {"text": "<p>Initial value for property <code>showAnimation</code>.</p>"}, "type": "desc"}, {"attributes": {}, "type": "types", "children": [{"attributes": {"type": "var"}, "type": "entry"}]}]}]}, {"attributes": {"text": "<p>Calls the apply method and dispatches the change event of the property <code>showAnimation</code>\nwith the default value defined by the class developer. This function can\nonly be called from the constructor of a class.</p>\n\n<p>For further details take a look at the property definition: {@link #showAnimation}.</p>"}, "type": "desc"}, {"attributes": {}, "type": "return", "children": [{"attributes": {"text": "<p>the default value</p>"}, "type": "desc"}, {"attributes": {}, "type": "types", "children": [{"attributes": {"type": "var"}, "type": "entry"}]}]}]}, {"attributes": {"name": "isShowAnimation", "fromProperty": "showAnimation"}, "type": "method", "children": [{"attributes": {"text": "<p>Check whether the (computed) value of the boolean property <code>showAnimation</code> equals <code>true</code>.</p>\n\n<p>For further details take a look at the property definition: {@link #showAnimation}.</p>"}, "type": "desc"}, {"attributes": {}, "type": "return", "children": [{"attributes": {"text": "<p>Whether the property equals <code>true</code>.</p>"}, "type": "desc"}, {"attributes": {}, "type": "types", "children": [{"attributes": {"type": "Boolean"}, "type": "entry"}]}]}]}, {"attributes": {"name": "resetAnimationDuration", "fromProperty": "animationDuration"}, "type": "method", "children": [{"attributes": {"text": "<p>Resets the user value of the property <code>animationDuration</code>.</p>\n\n<p>The computed value falls back to the next available value e.g. appearance, init or\ninheritance value depeneding on the property configuration and value availability.</p>\n\n<p>For further details take a look at the property definition: {@link #animationDuration}.</p>"}, "type": "desc"}]}, {"attributes": {"name": "resetDefaultAnimation", "fromProperty": "defaultAnimation"}, "type": "method", "children": [{"attributes": {"text": "<p>Resets the user value of the property <code>defaultAnimation</code>.</p>\n\n<p>The computed value falls back to the next available value e.g. appearance, init or\ninheritance value depeneding on the property configuration and value availability.</p>\n\n<p>For further details take a look at the property definition: {@link #defaultAnimation}.</p>"}, "type": "desc"}]}, {"attributes": {"name": "resetShowAnimation", "fromProperty": "showAnimation"}, "type": "method", "children": [{"attributes": {"text": "<p>Resets the user value of the property <code>showAnimation</code>.</p>\n\n<p>The computed value falls back to the next available value e.g. appearance, init or\ninheritance value depeneding on the property configuration and value availability.</p>\n\n<p>For further details take a look at the property definition: {@link #showAnimation}.</p>"}, "type": "desc"}]}, {"attributes": {"name": "setAnimationDuration", "fromProperty": "animationDuration"}, "type": "method", "children": [{"attributes": {}, "type": "params", "children": [{"attributes": {"name": "value"}, "type": "param", "children": [{"attributes": {"text": "<p>New value for property <code>animationDuration</code>.</p>"}, "type": "desc"}, {"attributes": {}, "type": "types", "children": [{"attributes": {"type": "var"}, "type": "entry"}]}]}]}, {"attributes": {"text": "<p>Sets the user value of the property <code>animationDuration</code>.</p>\n\n<p>For further details take a look at the property definition: {@link #animationDuration}.</p>"}, "type": "desc"}, {"attributes": {}, "type": "return", "children": [{"attributes": {"text": "<p>The unmodified incoming value.</p>"}, "type": "desc"}, {"attributes": {}, "type": "types", "children": [{"attributes": {"type": "var"}, "type": "entry"}]}]}]}, {"attributes": {"line": 170, "name": "setCardAnimation"}, "type": "method", "children": [{"attributes": {}, "type": "params", "children": [{"attributes": {"name": "value"}, "type": "param", "children": [{"attributes": {"text": "<p>the new CardAnimation object.</p>"}, "type": "desc"}, {"attributes": {}, "type": "types", "children": [{"attributes": {"type": "qx.ui.mobile.layout.CardAnimation"}, "type": "entry"}]}]}]}, {"attributes": {"text": "<p>Setter for this.__cardAnimation.</p>"}, "type": "desc"}]}, {"attributes": {"name": "setDefaultAnimation", "fromProperty": "defaultAnimation"}, "type": "method", "children": [{"attributes": {}, "type": "params", "children": [{"attributes": {"name": "value"}, "type": "param", "children": [{"attributes": {"text": "<p>New value for property <code>defaultAnimation</code>.</p>"}, "type": "desc"}, {"attributes": {}, "type": "types", "children": [{"attributes": {"type": "var"}, "type": "entry"}]}]}]}, {"attributes": {"text": "<p>Sets the user value of the property <code>defaultAnimation</code>.</p>\n\n<p>For further details take a look at the property definition: {@link #defaultAnimation}.</p>"}, "type": "desc"}, {"attributes": {}, "type": "return", "children": [{"attributes": {"text": "<p>The unmodified incoming value.</p>"}, "type": "desc"}, {"attributes": {}, "type": "types", "children": [{"attributes": {"type": "var"}, "type": "entry"}]}]}]}, {"attributes": {"name": "setShowAnimation", "fromProperty": "showAnimation"}, "type": "method", "children": [{"attributes": {}, "type": "params", "children": [{"attributes": {"name": "value"}, "type": "param", "children": [{"attributes": {"text": "<p>New value for property <code>showAnimation</code>.</p>"}, "type": "desc"}, {"attributes": {}, "type": "types", "children": [{"attributes": {"type": "var"}, "type": "entry"}]}]}]}, {"attributes": {"text": "<p>Sets the user value of the property <code>showAnimation</code>.</p>\n\n<p>For further details take a look at the property definition: {@link #showAnimation}.</p>"}, "type": "desc"}, {"attributes": {}, "type": "return", "children": [{"attributes": {"text": "<p>The unmodified incoming value.</p>"}, "type": "desc"}, {"attributes": {}, "type": "types", "children": [{"attributes": {"type": "var"}, "type": "entry"}]}]}]}, {"attributes": {"name": "toggleShowAnimation", "fromProperty": "showAnimation"}, "type": "method", "children": [{"attributes": {"text": "<p>Toggles the (computed) value of the boolean property <code>showAnimation</code>.</p>\n\n<p>For further details take a look at the property definition: {@link #showAnimation}.</p>"}, "type": "desc"}, {"attributes": {}, "type": "return", "children": [{"attributes": {"text": "<p>the new value</p>"}, "type": "desc"}, {"attributes": {}, "type": "types", "children": [{"attributes": {"type": "Boolean"}, "type": "entry"}]}]}]}, {"attributes": {"docFrom": "qx.ui.mobile.layout.Abstract", "line": 156, "overriddenFrom": "qx.ui.mobile.layout.Abstract", "name": "updateLayout"}, "type": "method", "children": [{"attributes": {}, "type": "params", "children": [{"attributes": {"name": "widget"}, "type": "param"}, {"attributes": {"name": "action"}, "type": "param"}, {"attributes": {"name": "properties"}, "type": "param"}]}]}]}, {"attributes": {}, "type": "properties", "children": [{"attributes": {"defaultValue": "350", "propertyType": "new", "check": "Integer", "name": "animationDuration"}, "type": "property", "children": [{"attributes": {"text": "<p>Transition duration of each animation.</p>"}, "type": "desc"}]}, {"attributes": {"defaultValue": "\"slide\"", "propertyType": "new", "check": "String", "name": "defaultAnimation"}, "type": "property", "children": [{"attributes": {"text": "<p>The default animation to use for page transition</p>"}, "type": "desc"}]}, {"attributes": {"defaultValue": "true", "propertyType": "new", "check": "Boolean", "name": "showAnimation"}, "type": "property", "children": [{"attributes": {"text": "<p>Flag which indicates, whether animation is needed, or widgets should only swap.</p>"}, "type": "desc"}]}]}]}