{"attributes": {"isAbstract": true, "name": "AbstractImage", "packageName": "qx.ui.table.cellrenderer", "superClass": "qx.ui.table.cellrenderer.Abstract", "childClasses": "qx.ui.table.cellrenderer.Boolean,qx.ui.table.cellrenderer.Image", "fullName": "qx.ui.table.cellrenderer.AbstractImage", "type": "class"}, "type": "class", "children": [{"attributes": {"text": "<p>A template class for cell renderer, which display images. Concrete\nimplementations must implement the method {@link #_identifyImage}.</p>"}, "type": "desc"}, {"attributes": {}, "type": "constructor", "children": [{"attributes": {"docFrom": "qx.core.Object", "line": 38, "isCtor": true, "overriddenFrom": "qx.ui.table.cellrenderer.Abstract", "name": "ctor"}, "type": "method"}]}, {"attributes": {}, "type": "methods", "children": [{"attributes": {"access": "private", "line": 191, "name": "__getImageSize"}, "type": "method", "children": [{"attributes": {}, "type": "params", "children": [{"attributes": {"name": "source"}, "type": "param", "children": [{"attributes": {"text": "<p>the image <span class=\"caps\">URL</span></p>"}, "type": "desc"}, {"attributes": {}, "type": "types", "children": [{"attributes": {"type": "String"}, "type": "entry"}]}]}]}, {"attributes": {"text": "<p>Compute the size of the given image</p>"}, "type": "desc"}, {"attributes": {}, "type": "return", "children": [{"attributes": {"text": "<p>A map containing the image&#8217;s <code>width</code> and <code>height</code></p>"}, "type": "desc"}, {"attributes": {}, "type": "types", "children": [{"attributes": {"type": "Map"}, "type": "entry"}]}]}]}, {"attributes": {"access": "protected", "docFrom": "qx.ui.table.cellrenderer.Abstract", "line": 256, "overriddenFrom": "qx.ui.table.cellrenderer.Abstract", "name": "_getCellAttributes"}, "type": "method", "children": [{"attributes": {}, "type": "params", "children": [{"attributes": {"name": "cellInfo"}, "type": "param"}]}]}, {"attributes": {"access": "protected", "docFrom": "qx.ui.table.cellrenderer.Abstract", "line": 227, "overriddenFrom": "qx.ui.table.cellrenderer.Abstract", "name": "_getCellClass"}, "type": "method", "children": [{"attributes": {}, "type": "params", "children": [{"attributes": {"name": "cellInfo"}, "type": "param"}]}]}, {"attributes": {"access": "protected", "docFrom": "qx.ui.table.cellrenderer.Abstract", "line": 233, "overriddenFrom": "qx.ui.table.cellrenderer.Abstract", "name": "_getContentHtml"}, "type": "method", "children": [{"attributes": {}, "type": "params", "children": [{"attributes": {"name": "cellInfo"}, "type": "param"}]}]}, {"attributes": {"access": "protected", "line": 147, "name": "_getImageInfos"}, "type": "method", "children": [{"attributes": {}, "type": "params", "children": [{"attributes": {"name": "cellInfo"}, "type": "param", "children": [{"attributes": {"text": "<p>The information about the cell. See {@link qx.ui.table.cellrenderer.Abstract#createDataCellHtml}.</p>"}, "type": "desc"}, {"attributes": {}, "type": "types", "children": [{"attributes": {"type": "Map"}, "type": "entry"}]}]}]}, {"attributes": {"text": "<p>Retrieves the image infos.</p>"}, "type": "desc"}, {"attributes": {}, "type": "return", "children": [{"attributes": {"text": "<p>Map with an &#8220;url&#8221; attribute (type string) holding the <span class=\"caps\">URL</span> of the image to show and a &#8220;tooltip&#8221; attribute (type string) being the tooltip text (or null if none was specified)</p>"}, "type": "desc"}, {"attributes": {}, "type": "types", "children": [{"attributes": {"type": "Map"}, "type": "entry"}]}]}]}, {"attributes": {"access": "protected", "line": 132, "name": "_identifyImage"}, "type": "method", "children": [{"attributes": {}, "type": "params", "children": [{"attributes": {"name": "cellInfo"}, "type": "param", "children": [{"attributes": {"text": "<p>The information about the cell. See {@link qx.ui.table.cellrenderer.Abstract#createDataCellHtml}.</p>"}, "type": "desc"}, {"attributes": {}, "type": "types", "children": [{"attributes": {"type": "Map"}, "type": "entry"}]}]}]}, {"attributes": {"text": "<p>Identifies the Image to show. This is a template method, which must be\nimplemented by sub classes.</p>"}, "type": "desc"}, {"attributes": {}, "type": "return", "children": [{"attributes": {"text": "<p>A map having the following attributes: <ul> <li> &#8220;url&#8221;: (type string) must be the <span class=\"caps\">URL</span> of the image to show. The url given must either be managed by the {@link qx.util.ResourceManager} or pre-loaded with {@link qx.io.ImageLoader}. This is to make sure that the renderer knows the dimensions and the format of the image. </li> <li>&#8220;imageWidth&#8221;: (type int) the width of the image in pixels.</li> <li>&#8220;imageHeight&#8221;: (type int) the height of the image in pixels.</li> <li>&#8220;tooltip&#8221;: (type string) must be the image tooltip text.</li> </ul></p>"}, "type": "desc"}, {"attributes": {}, "type": "types", "children": [{"attributes": {"type": "Map"}, "type": "entry"}]}]}, {"attributes": {}, "type": "throws", "children": [{"attributes": {"text": "<p>the abstract function warning.</p>", "type": "Error"}, "type": "desc"}]}]}, {"attributes": {"docFrom": "qx.ui.table.ICellRenderer", "line": 219, "overriddenFrom": "qx.ui.table.cellrenderer.Abstract", "name": "createDataCellHtml"}, "type": "method", "children": [{"attributes": {}, "type": "params", "children": [{"attributes": {"name": "cellInfo"}, "type": "param"}, {"attributes": {"name": "htmlArr"}, "type": "param"}]}]}, {"attributes": {"name": "getRepeat", "fromProperty": "repeat"}, "type": "method", "children": [{"attributes": {"text": "<p>Returns the (computed) value of the property <code>repeat</code>.</p>\n\n<p>For further details take a look at the property definition: {@link #repeat}.</p>"}, "type": "desc"}, {"attributes": {}, "type": "return", "children": [{"attributes": {"text": "<p>(Computed) value of <code>repeat</code>.</p>"}, "type": "desc"}, {"attributes": {}, "type": "types", "children": [{"attributes": {"type": "var"}, "type": "entry"}]}]}]}, {"attributes": {"access": "protected", "name": "initRepeat", "fromProperty": "repeat"}, "type": "method", "children": [{"attributes": {}, "type": "params", "children": [{"attributes": {"name": "value"}, "type": "param", "children": [{"attributes": {"text": "<p>Initial value for property <code>repeat</code>.</p>"}, "type": "desc"}, {"attributes": {}, "type": "types", "children": [{"attributes": {"type": "var"}, "type": "entry"}]}]}]}, {"attributes": {"text": "<p>Calls the apply method and dispatches the change event of the property <code>repeat</code>\nwith the default value defined by the class developer. This function can\nonly be called from the constructor of a class.</p>\n\n<p>For further details take a look at the property definition: {@link #repeat}.</p>"}, "type": "desc"}, {"attributes": {}, "type": "return", "children": [{"attributes": {"text": "<p>the default value</p>"}, "type": "desc"}, {"attributes": {}, "type": "types", "children": [{"attributes": {"type": "var"}, "type": "entry"}]}]}]}, {"attributes": {"name": "resetRepeat", "fromProperty": "repeat"}, "type": "method", "children": [{"attributes": {"text": "<p>Resets the user value of the property <code>repeat</code>.</p>\n\n<p>The computed value falls back to the next available value e.g. appearance, init or\ninheritance value depeneding on the property configuration and value availability.</p>\n\n<p>For further details take a look at the property definition: {@link #repeat}.</p>"}, "type": "desc"}]}, {"attributes": {"name": "setRepeat", "fromProperty": "repeat"}, "type": "method", "children": [{"attributes": {}, "type": "params", "children": [{"attributes": {"name": "value"}, "type": "param", "children": [{"attributes": {"text": "<p>New value for property <code>repeat</code>.</p>"}, "type": "desc"}, {"attributes": {}, "type": "types", "children": [{"attributes": {"type": "var"}, "type": "entry"}]}]}]}, {"attributes": {"text": "<p>Sets the user value of the property <code>repeat</code>.</p>\n\n<p>For further details take a look at the property definition: {@link #repeat}.</p>"}, "type": "desc"}, {"attributes": {}, "type": "return", "children": [{"attributes": {"text": "<p>The unmodified incoming value.</p>"}, "type": "desc"}, {"attributes": {}, "type": "types", "children": [{"attributes": {"type": "var"}, "type": "entry"}]}]}]}]}, {"attributes": {}, "type": "properties", "children": [{"attributes": {"defaultValue": "\"no-repeat\"", "propertyType": "new", "check": "Custom check function.", "name": "repeat"}, "type": "property", "children": [{"attributes": {"text": "<p>Whether to repeat or scale the image.</p><p>One of <code>scale</code>, <code>scale-x</code>, <code>scale-y</code>, <code>repeat</code>, <code>repeat-x</code>, <code>repeat-y</code>, <code>no-repeat</code></p>"}, "type": "desc"}, {"attributes": {}, "type": "types", "children": [{"attributes": {"type": "String"}, "type": "entry"}]}]}]}]}