{"attributes": {"isAbstract": true, "name": "AbstractBox", "packageName": "qx.ui.mobile.layout", "superClass": "qx.ui.mobile.layout.Abstract", "childClasses": "qx.ui.mobile.layout.HBox,qx.ui.mobile.layout.VBox", "fullName": "qx.ui.mobile.layout.AbstractBox", "type": "class"}, "type": "class", "children": [{"attributes": {"text": "<p>Base class for all box layout managers.</p>"}, "type": "desc"}, {"attributes": {}, "type": "constructor", "children": [{"attributes": {"line": 40, "isCtor": true, "overriddenFrom": "qx.core.Object", "name": "ctor"}, "type": "method", "children": [{"attributes": {}, "type": "params", "children": [{"attributes": {"defaultValue": "null", "optional": true, "name": "alignX"}, "type": "param", "children": [{"attributes": {"text": "<p>Sets the {@link #alignX} property</p>"}, "type": "desc"}, {"attributes": {}, "type": "types", "children": [{"attributes": {"type": "String"}, "type": "entry"}]}]}, {"attributes": {"defaultValue": "null", "optional": true, "name": "alignY"}, "type": "param", "children": [{"attributes": {"text": "<p>Sets the {@link #alignY} property</p>"}, "type": "desc"}, {"attributes": {}, "type": "types", "children": [{"attributes": {"type": "String"}, "type": "entry"}]}]}, {"attributes": {"defaultValue": "null", "optional": true, "name": "reversed"}, "type": "param", "children": [{"attributes": {"text": "<p>Sets the {@link #reversed} property</p>"}, "type": "desc"}, {"attributes": {}, "type": "types", "children": [{"attributes": {"type": "Boolean"}, "type": "entry"}]}]}]}, {"attributes": {"text": ""}, "type": "desc"}]}]}, {"attributes": {}, "type": "methods", "children": [{"attributes": {"access": "protected", "line": 224, "name": "_applyLayoutChange"}, "type": "method", "children": [{"attributes": {}, "type": "params", "children": [{"attributes": {"name": "value"}, "type": "param", "children": [{"attributes": {"text": "<p>new value of the property</p>"}, "type": "desc"}, {"attributes": {}, "type": "types", "children": [{"attributes": {"type": "var"}, "type": "entry"}]}]}, {"attributes": {"name": "old"}, "type": "param", "children": [{"attributes": {"text": "<p>previous value of the property (null if it was not yet set).</p>"}, "type": "desc"}, {"attributes": {}, "type": "types", "children": [{"attributes": {"type": "var"}, "type": "entry"}]}]}]}, {"attributes": {}, "type": "apply", "children": [{"attributes": {"applies": "qx.ui.mobile.layout.AbstractBox#alignY"}, "type": "entry"}, {"attributes": {"applies": "qx.ui.mobile.layout.AbstractBox#alignX"}, "type": "entry"}, {"attributes": {"applies": "qx.ui.mobile.layout.AbstractBox#reversed"}, "type": "entry"}]}, {"attributes": {"text": "<p>Applies changes of the property value of the properties <code>alignX</code>, <code>alignY</code> and <code>reversed</code>.</p>\n\n<p>For further details take a look at the property definitions: {@link #alignX}, {@link #alignY} and {@link #reversed}.</p>"}, "type": "desc"}]}, {"attributes": {"access": "protected", "docFrom": "qx.ui.mobile.layout.Abstract", "line": 182, "overriddenFrom": "qx.ui.mobile.layout.Abstract", "name": "_getSupportedChildLayoutProperties"}, "type": "method"}, {"attributes": {"access": "protected", "docFrom": "qx.ui.mobile.layout.Abstract", "line": 188, "overriddenFrom": "qx.ui.mobile.layout.Abstract", "name": "_setLayoutProperty"}, "type": "method", "children": [{"attributes": {}, "type": "params", "children": [{"attributes": {"name": "widget"}, "type": "param"}, {"attributes": {"name": "property"}, "type": "param"}, {"attributes": {"name": "value"}, "type": "param"}]}]}, {"attributes": {"docFrom": "qx.ui.mobile.layout.Abstract", "line": 201, "overriddenFrom": "qx.ui.mobile.layout.Abstract", "name": "connectToWidget"}, "type": "method", "children": [{"attributes": {}, "type": "params", "children": [{"attributes": {"name": "widget"}, "type": "param"}]}]}, {"attributes": {"docFrom": "qx.ui.mobile.layout.Abstract", "line": 213, "overriddenFrom": "qx.ui.mobile.layout.Abstract", "name": "disconnectFromChildWidget"}, "type": "method", "children": [{"attributes": {}, "type": "params", "children": [{"attributes": {"name": "widget"}, "type": "param"}]}]}, {"attributes": {"name": "getAlignX", "fromProperty": "alignX"}, "type": "method", "children": [{"attributes": {"text": "<p>Returns the (computed) value of the property <code>alignX</code>.</p>\n\n<p>For further details take a look at the property definition: {@link #alignX}.</p>"}, "type": "desc"}, {"attributes": {}, "type": "return", "children": [{"attributes": {"text": "<p>(Computed) value of <code>alignX</code>.</p>"}, "type": "desc"}, {"attributes": {}, "type": "types", "children": [{"attributes": {"type": "var"}, "type": "entry"}]}]}]}, {"attributes": {"name": "getAlignY", "fromProperty": "alignY"}, "type": "method", "children": [{"attributes": {"text": "<p>Returns the (computed) value of the property <code>alignY</code>.</p>\n\n<p>For further details take a look at the property definition: {@link #alignY}.</p>"}, "type": "desc"}, {"attributes": {}, "type": "return", "children": [{"attributes": {"text": "<p>(Computed) value of <code>alignY</code>.</p>"}, "type": "desc"}, {"attributes": {}, "type": "types", "children": [{"attributes": {"type": "var"}, "type": "entry"}]}]}]}, {"attributes": {"name": "getReversed", "fromProperty": "reversed"}, "type": "method", "children": [{"attributes": {"text": "<p>Returns the (computed) value of the property <code>reversed</code>.</p>\n\n<p>For further details take a look at the property definition: {@link #reversed}.</p>"}, "type": "desc"}, {"attributes": {}, "type": "return", "children": [{"attributes": {"text": "<p>(Computed) value of <code>reversed</code>.</p>"}, "type": "desc"}, {"attributes": {}, "type": "types", "children": [{"attributes": {"type": "var"}, "type": "entry"}]}]}]}, {"attributes": {"access": "protected", "name": "initAlignX", "fromProperty": "alignX"}, "type": "method", "children": [{"attributes": {}, "type": "params", "children": [{"attributes": {"name": "value"}, "type": "param", "children": [{"attributes": {"text": "<p>Initial value for property <code>alignX</code>.</p>"}, "type": "desc"}, {"attributes": {}, "type": "types", "children": [{"attributes": {"type": "var"}, "type": "entry"}]}]}]}, {"attributes": {"text": "<p>Calls the apply method and dispatches the change event of the property <code>alignX</code>\nwith the default value defined by the class developer. This function can\nonly be called from the constructor of a class.</p>\n\n<p>For further details take a look at the property definition: {@link #alignX}.</p>"}, "type": "desc"}, {"attributes": {}, "type": "return", "children": [{"attributes": {"text": "<p>the default value</p>"}, "type": "desc"}, {"attributes": {}, "type": "types", "children": [{"attributes": {"type": "var"}, "type": "entry"}]}]}]}, {"attributes": {"access": "protected", "name": "initAlignY", "fromProperty": "alignY"}, "type": "method", "children": [{"attributes": {}, "type": "params", "children": [{"attributes": {"name": "value"}, "type": "param", "children": [{"attributes": {"text": "<p>Initial value for property <code>alignY</code>.</p>"}, "type": "desc"}, {"attributes": {}, "type": "types", "children": [{"attributes": {"type": "var"}, "type": "entry"}]}]}]}, {"attributes": {"text": "<p>Calls the apply method and dispatches the change event of the property <code>alignY</code>\nwith the default value defined by the class developer. This function can\nonly be called from the constructor of a class.</p>\n\n<p>For further details take a look at the property definition: {@link #alignY}.</p>"}, "type": "desc"}, {"attributes": {}, "type": "return", "children": [{"attributes": {"text": "<p>the default value</p>"}, "type": "desc"}, {"attributes": {}, "type": "types", "children": [{"attributes": {"type": "var"}, "type": "entry"}]}]}]}, {"attributes": {"access": "protected", "name": "initReversed", "fromProperty": "reversed"}, "type": "method", "children": [{"attributes": {}, "type": "params", "children": [{"attributes": {"name": "value"}, "type": "param", "children": [{"attributes": {"text": "<p>Initial value for property <code>reversed</code>.</p>"}, "type": "desc"}, {"attributes": {}, "type": "types", "children": [{"attributes": {"type": "var"}, "type": "entry"}]}]}]}, {"attributes": {"text": "<p>Calls the apply method and dispatches the change event of the property <code>reversed</code>\nwith the default value defined by the class developer. This function can\nonly be called from the constructor of a class.</p>\n\n<p>For further details take a look at the property definition: {@link #reversed}.</p>"}, "type": "desc"}, {"attributes": {}, "type": "return", "children": [{"attributes": {"text": "<p>the default value</p>"}, "type": "desc"}, {"attributes": {}, "type": "types", "children": [{"attributes": {"type": "var"}, "type": "entry"}]}]}]}, {"attributes": {"name": "isReversed", "fromProperty": "reversed"}, "type": "method", "children": [{"attributes": {"text": "<p>Check whether the (computed) value of the boolean property <code>reversed</code> equals <code>true</code>.</p>\n\n<p>For further details take a look at the property definition: {@link #reversed}.</p>"}, "type": "desc"}, {"attributes": {}, "type": "return", "children": [{"attributes": {"text": "<p>Whether the property equals <code>true</code>.</p>"}, "type": "desc"}, {"attributes": {}, "type": "types", "children": [{"attributes": {"type": "Boolean"}, "type": "entry"}]}]}]}, {"attributes": {"name": "resetAlignX", "fromProperty": "alignX"}, "type": "method", "children": [{"attributes": {"text": "<p>Resets the user value of the property <code>alignX</code>.</p>\n\n<p>The computed value falls back to the next available value e.g. appearance, init or\ninheritance value depeneding on the property configuration and value availability.</p>\n\n<p>For further details take a look at the property definition: {@link #alignX}.</p>"}, "type": "desc"}]}, {"attributes": {"name": "resetAlignY", "fromProperty": "alignY"}, "type": "method", "children": [{"attributes": {"text": "<p>Resets the user value of the property <code>alignY</code>.</p>\n\n<p>The computed value falls back to the next available value e.g. appearance, init or\ninheritance value depeneding on the property configuration and value availability.</p>\n\n<p>For further details take a look at the property definition: {@link #alignY}.</p>"}, "type": "desc"}]}, {"attributes": {"name": "resetReversed", "fromProperty": "reversed"}, "type": "method", "children": [{"attributes": {"text": "<p>Resets the user value of the property <code>reversed</code>.</p>\n\n<p>The computed value falls back to the next available value e.g. appearance, init or\ninheritance value depeneding on the property configuration and value availability.</p>\n\n<p>For further details take a look at the property definition: {@link #reversed}.</p>"}, "type": "desc"}]}, {"attributes": {"name": "setAlignX", "fromProperty": "alignX"}, "type": "method", "children": [{"attributes": {}, "type": "params", "children": [{"attributes": {"name": "value"}, "type": "param", "children": [{"attributes": {"text": "<p>New value for property <code>alignX</code>.</p>"}, "type": "desc"}, {"attributes": {}, "type": "types", "children": [{"attributes": {"type": "var"}, "type": "entry"}]}]}]}, {"attributes": {"text": "<p>Sets the user value of the property <code>alignX</code>.</p>\n\n<p>For further details take a look at the property definition: {@link #alignX}.</p>"}, "type": "desc"}, {"attributes": {}, "type": "return", "children": [{"attributes": {"text": "<p>The unmodified incoming value.</p>"}, "type": "desc"}, {"attributes": {}, "type": "types", "children": [{"attributes": {"type": "var"}, "type": "entry"}]}]}]}, {"attributes": {"name": "setAlignY", "fromProperty": "alignY"}, "type": "method", "children": [{"attributes": {}, "type": "params", "children": [{"attributes": {"name": "value"}, "type": "param", "children": [{"attributes": {"text": "<p>New value for property <code>alignY</code>.</p>"}, "type": "desc"}, {"attributes": {}, "type": "types", "children": [{"attributes": {"type": "var"}, "type": "entry"}]}]}]}, {"attributes": {"text": "<p>Sets the user value of the property <code>alignY</code>.</p>\n\n<p>For further details take a look at the property definition: {@link #alignY}.</p>"}, "type": "desc"}, {"attributes": {}, "type": "return", "children": [{"attributes": {"text": "<p>The unmodified incoming value.</p>"}, "type": "desc"}, {"attributes": {}, "type": "types", "children": [{"attributes": {"type": "var"}, "type": "entry"}]}]}]}, {"attributes": {"name": "setReversed", "fromProperty": "reversed"}, "type": "method", "children": [{"attributes": {}, "type": "params", "children": [{"attributes": {"name": "value"}, "type": "param", "children": [{"attributes": {"text": "<p>New value for property <code>reversed</code>.</p>"}, "type": "desc"}, {"attributes": {}, "type": "types", "children": [{"attributes": {"type": "var"}, "type": "entry"}]}]}]}, {"attributes": {"text": "<p>Sets the user value of the property <code>reversed</code>.</p>\n\n<p>For further details take a look at the property definition: {@link #reversed}.</p>"}, "type": "desc"}, {"attributes": {}, "type": "return", "children": [{"attributes": {"text": "<p>The unmodified incoming value.</p>"}, "type": "desc"}, {"attributes": {}, "type": "types", "children": [{"attributes": {"type": "var"}, "type": "entry"}]}]}]}, {"attributes": {"name": "toggleReversed", "fromProperty": "reversed"}, "type": "method", "children": [{"attributes": {"text": "<p>Toggles the (computed) value of the boolean property <code>reversed</code>.</p>\n\n<p>For further details take a look at the property definition: {@link #reversed}.</p>"}, "type": "desc"}, {"attributes": {}, "type": "return", "children": [{"attributes": {"text": "<p>the new value</p>"}, "type": "desc"}, {"attributes": {}, "type": "types", "children": [{"attributes": {"type": "Boolean"}, "type": "entry"}]}]}]}]}, {"attributes": {}, "type": "properties", "children": [{"attributes": {"name": "alignX", "defaultValue": "null", "propertyType": "new", "allowNull": "true", "possibleValues": "\"left\",\"center\",\"right\"", "apply": "_applyLayoutChange"}, "type": "property", "children": [{"attributes": {"text": "<p>Horizontal alignment of the whole children block.</p>"}, "type": "desc"}]}, {"attributes": {"name": "alignY", "defaultValue": "null", "propertyType": "new", "allowNull": "true", "possibleValues": "\"top\",\"middle\",\"bottom\"", "apply": "_applyLayoutChange"}, "type": "property", "children": [{"attributes": {"text": "<p>Vertical alignment of each child.</p>"}, "type": "desc"}]}, {"attributes": {"name": "reversed", "defaultValue": "null", "allowNull": "true", "propertyType": "new", "apply": "_applyLayoutChange", "check": "Boolean"}, "type": "property", "children": [{"attributes": {"text": "<p>Children will be displayed in reverse order.</p>"}, "type": "desc"}]}]}, {"attributes": {}, "type": "constants", "children": [{"attributes": {"name": "PROPERTY_CSS_MAPPING"}, "type": "constant", "children": [{"attributes": {"text": "<p>The property to <span class=\"caps\">CSS</span> mapping.</p>"}, "type": "desc"}]}, {"attributes": {"name": "SUPPORTED_CHILD_LAYOUT_PROPERTIES"}, "type": "constant", "children": [{"attributes": {"text": "<p>Supported child layout properties. Used to check if the property is allowed.\nList all supported child layout properties here.</p>"}, "type": "desc"}]}]}]}