{"attributes": {"fullName": "qx.ui.mobile.layout.CardAnimation", "packageName": "qx.ui.mobile.layout", "type": "class", "name": "CardAnimation", "superClass": "qx.core.Object"}, "type": "class", "children": [{"attributes": {"text": "<p>Contains all animations which are needed for page transitions on {@link qx.ui.mobile.layout.Card}.\nProvides a convenience method {@link qx.ui.mobile.layout.CardAnimation#getAnimation} which\nmakes it possibility to resolve the right animation for a pageTransition out of the cardAnimationMap.</p>"}, "type": "desc"}, {"attributes": {}, "type": "constructor", "children": [{"attributes": {"docFrom": "qx.core.Object", "line": 35, "isCtor": true, "overriddenFrom": "qx.core.Object", "name": "ctor"}, "type": "method"}]}, {"attributes": {}, "type": "methods", "children": [{"attributes": {"line": 112, "name": "getAnimation"}, "type": "method", "children": [{"attributes": {}, "type": "params", "children": [{"attributes": {"name": "animationName"}, "type": "param", "children": [{"attributes": {"text": "<p>the animation key</p>"}, "type": "desc"}, {"attributes": {}, "type": "types", "children": [{"attributes": {"type": "String"}, "type": "entry"}]}]}, {"attributes": {"name": "direction"}, "type": "param", "children": [{"attributes": {"text": "<p>the animation direction (&#8220;in&#8221; | &#8220;out&#8221;)</p>"}, "type": "desc"}, {"attributes": {}, "type": "types", "children": [{"attributes": {"type": "String"}, "type": "entry"}]}]}, {"attributes": {"name": "reverse"}, "type": "param", "children": [{"attributes": {"text": "<p>flag which indicates whether it is a reverse animation.</p>"}, "type": "desc"}, {"attributes": {}, "type": "types", "children": [{"attributes": {"type": "Boolean"}, "type": "entry"}]}]}]}, {"attributes": {"text": "<p>Returns a map with properties for {@link qx.bom.element.Animation} according to the given input parameters.</p>"}, "type": "desc"}, {"attributes": {}, "type": "return", "children": [{"attributes": {"text": "<p>animation property map, intended for the usage with {@link qx.bom.element.Animation}</p>"}, "type": "desc"}, {"attributes": {}, "type": "types", "children": [{"attributes": {"type": "Map"}, "type": "entry"}]}]}]}, {"attributes": {"line": 142, "name": "getMap"}, "type": "method", "children": [{"attributes": {"text": "<p>Getter for the cardAnimationsMap.</p>"}, "type": "desc"}, {"attributes": {}, "type": "return", "children": [{"attributes": {"text": "<p>the cardAnimationsMap.</p>"}, "type": "desc"}, {"attributes": {}, "type": "types", "children": [{"attributes": {"type": "Map"}, "type": "entry"}]}]}]}]}]}