{"attributes": {"fullName": "qx.ui.form.renderer.IFormRenderer", "packageName": "qx.ui.form.renderer", "type": "interface", "name": "IFormRenderer", "implementations": "qx.ui.form.renderer.AbstractRenderer,qx.ui.form.renderer.SinglePlaceholder,qx.ui.mobile.form.renderer.AbstractRenderer"}, "type": "class", "children": [{"attributes": {"text": "<p>This interface defines the necessary features a form renderer should have.\nKeep in mind that all renderes has to be widgets.</p>"}, "type": "desc"}, {"attributes": {}, "type": "methods", "children": [{"attributes": {"line": 50, "name": "addButton"}, "type": "method", "children": [{"attributes": {}, "type": "params", "children": [{"attributes": {"name": "button"}, "type": "param", "children": [{"attributes": {"text": "<p>A button which should be added to the form.</p>"}, "type": "desc"}, {"attributes": {}, "type": "types", "children": [{"attributes": {"type": "qx.ui.form.Button"}, "type": "entry"}]}]}, {"attributes": {"defaultValue": "null", "optional": true, "name": "options"}, "type": "param", "children": [{"attributes": {"text": "<p>The added additional data.</p>"}, "type": "desc"}, {"attributes": {}, "type": "types", "children": [{"attributes": {"type": "Map"}, "type": "entry"}]}]}]}, {"attributes": {"text": "<p>Adds a button the form renderer.</p>"}, "type": "desc"}]}, {"attributes": {"line": 40, "name": "addItems"}, "type": "method", "children": [{"attributes": {}, "type": "params", "children": [{"attributes": {"name": "items"}, "type": "param", "children": [{"attributes": {"text": "<p>An array of form items to render.</p>"}, "type": "desc"}, {"attributes": {}, "type": "types", "children": [{"attributes": {"type": "qx.ui.core.Widget", "dimensions": 1}, "type": "entry"}]}]}, {"attributes": {"name": "names"}, "type": "param", "children": [{"attributes": {"text": "<p>An array of names for the form items.</p>"}, "type": "desc"}, {"attributes": {}, "type": "types", "children": [{"attributes": {"type": "String", "dimensions": 1}, "type": "entry"}]}]}, {"attributes": {"optional": true, "name": "title"}, "type": "param", "children": [{"attributes": {"text": "<p>A title of the group you are adding.</p>"}, "type": "desc"}, {"attributes": {}, "type": "types", "children": [{"attributes": {"type": "String"}, "type": "entry"}]}]}, {"attributes": {"defaultValue": "null", "optional": true, "name": "itemsOptions"}, "type": "param", "children": [{"attributes": {"text": "<p>The added additional data.</p>"}, "type": "desc"}, {"attributes": {}, "type": "types", "children": [{"attributes": {"type": "Array"}, "type": "entry"}]}]}, {"attributes": {"defaultValue": "null", "optional": true, "name": "headerOptions"}, "type": "param", "children": [{"attributes": {"text": "<p>The options map as defined by the form for the current group header.</p>"}, "type": "desc"}, {"attributes": {}, "type": "types", "children": [{"attributes": {"type": "Map"}, "type": "entry"}]}]}]}, {"attributes": {"text": "<p>Add a group of form items with the corresponding names. The names should\nbe displayed as hint for the user what to do with the form item.\nThe title is optional and can be used as grouping for the given form\nitems.</p>"}, "type": "desc"}]}]}]}