{"attributes": {"fullName": "qx.ui.mobile.navigationbar.Title", "packageName": "qx.ui.mobile.navigationbar", "type": "class", "name": "Title", "superClass": "qx.ui.mobile.basic.Label"}, "type": "class", "children": [{"attributes": {"text": "<p>A navigation bar title widget.</p>"}, "type": "desc"}, {"attributes": {}, "type": "properties", "children": [{"attributes": {"name": "defaultCssClass", "docFrom": "qx.ui.mobile.core.Widget", "defaultValue": "\"title\"", "refine": "true", "propertyType": "new", "overriddenFrom": "qx.ui.mobile.basic.Label"}, "type": "property"}, {"attributes": {"name": "wrap", "docFrom": "qx.ui.mobile.basic.Label", "defaultValue": "false", "refine": "true", "propertyType": "new", "overriddenFrom": "qx.ui.mobile.basic.Label"}, "type": "property"}]}, {"attributes": {}, "type": "methods", "children": [{"attributes": {"access": "protected", "docFrom": "qx.ui.mobile.core.Widget", "line": 54, "overriddenFrom": "qx.ui.mobile.core.Widget", "name": "_getTagName"}, "type": "method"}]}]}