{"attributes": {"fullName": "qx.ui.mobile.list.renderer.group.Default", "packageName": "qx.ui.mobile.list.renderer.group", "type": "class", "name": "Default", "superClass": "qx.ui.mobile.list.renderer.group.Abstract"}, "type": "class", "children": [{"attributes": {"text": "<p>The default group renderer. Used as the default renderer by the\n{@link qx.ui.mobile.list.provider.Provider}. Configure the renderer\nby setting the {@link qx.ui.mobile.list.List#delegate} property.</p>\n\n<p><strong>Example</strong></p>\n\n<p>Here is a little example of how to use the widget.</p>\n\n<pre class=\"javascript\">\n  // Create the list with a delegate that\n  // configures the list item.\n  var list = new qx.ui.mobile.list.List({\n    configureItem: function(item, data, row)\n    {\n      item.setImage(\"path/to/image.png\");\n      item.setTitle(data.title);\n      item.setSubtitle(data.subtitle);\n    },\n\n    configureGroupItem: function(item, data, group) {\n      item.setTitle(group + \" \" + data.title);\n    },\n\n    group: function(data, row) {\n     return {\n      title: row < 4 ? \"Selectable\" : \"Unselectable\"\n    };\n   }\n });\n</pre>\n\n<p>This example creates a list with a delegate that configures the list items and groups with\nthe given data.</p>"}, "type": "desc"}, {"attributes": {}, "type": "constructor", "children": [{"attributes": {"docFrom": "qx.ui.mobile.container.Composite", "line": 61, "isCtor": true, "overriddenFrom": "qx.ui.mobile.list.renderer.group.Abstract", "name": "ctor"}, "type": "method", "children": [{"attributes": {}, "type": "params", "children": [{"attributes": {"name": "layout"}, "type": "param"}]}]}]}, {"attributes": {}, "type": "methods", "children": [{"attributes": {"access": "protected", "line": 165, "name": "_createImage"}, "type": "method", "children": [{"attributes": {"text": "<p>Creates and returns the image widget. Override this to adapt the widget code.</p>"}, "type": "desc"}, {"attributes": {}, "type": "return", "children": [{"attributes": {"text": "<p>the image widget.</p>"}, "type": "desc"}, {"attributes": {}, "type": "types", "children": [{"attributes": {"type": "qx.ui.mobile.basic.Image"}, "type": "entry"}]}]}]}, {"attributes": {"access": "protected", "line": 155, "name": "_createRightContainer"}, "type": "method", "children": [{"attributes": {"text": "<p>Creates and returns the right container composite. Override this to adapt the widget code.</p>"}, "type": "desc"}, {"attributes": {}, "type": "return", "children": [{"attributes": {"text": "<p>the right container.</p>"}, "type": "desc"}, {"attributes": {}, "type": "types", "children": [{"attributes": {"type": "qx.ui.mobile.container.Composite"}, "type": "entry"}]}]}]}, {"attributes": {"access": "protected", "line": 178, "name": "_createTitle"}, "type": "method", "children": [{"attributes": {"text": "<p>Creates and returns the title widget. Override this to adapt the widget code.</p>"}, "type": "desc"}, {"attributes": {}, "type": "return", "children": [{"attributes": {"text": "<p>the title widget.</p>"}, "type": "desc"}, {"attributes": {}, "type": "types", "children": [{"attributes": {"type": "qx.ui.mobile.basic.Label"}, "type": "entry"}]}]}]}, {"attributes": {"access": "protected", "line": 137, "name": "_init"}, "type": "method", "children": [{"attributes": {"text": "<p>Inits the widgets for the renderer.</p>"}, "type": "desc"}]}, {"attributes": {"line": 82, "name": "getImageWidget"}, "type": "method", "children": [{"attributes": {"text": "<p>Returns the image widget which is used for this renderer.</p>"}, "type": "desc"}, {"attributes": {}, "type": "return", "children": [{"attributes": {"text": "<p>The image widget</p>"}, "type": "desc"}, {"attributes": {}, "type": "types", "children": [{"attributes": {"type": "qx.ui.mobile.basic.Image"}, "type": "entry"}]}]}]}, {"attributes": {"line": 92, "name": "getTitleWidget"}, "type": "method", "children": [{"attributes": {"text": "<p>Returns the title widget which is used for this renderer.</p>"}, "type": "desc"}, {"attributes": {}, "type": "return", "children": [{"attributes": {"text": "<p>The title widget</p>"}, "type": "desc"}, {"attributes": {}, "type": "types", "children": [{"attributes": {"type": "qx.ui.mobile.basic.Label"}, "type": "entry"}]}]}]}, {"attributes": {"docFrom": "qx.core.MProperty", "line": 187, "overriddenFrom": "qx.core.MProperty", "name": "reset"}, "type": "method"}, {"attributes": {"line": 128, "name": "setGroup"}, "type": "method", "children": [{"attributes": {}, "type": "params", "children": [{"attributes": {"name": "groupTitle"}, "type": "param", "children": [{"attributes": {"text": "<p>the title of the group</p>"}, "type": "desc"}, {"attributes": {}, "type": "types", "children": [{"attributes": {"type": "String"}, "type": "entry"}]}]}]}, {"attributes": {"text": "<p>Setter for the data attribute <code></code></p>"}, "type": "desc"}]}, {"attributes": {"line": 102, "name": "setImage"}, "type": "method", "children": [{"attributes": {}, "type": "params", "children": [{"attributes": {"name": "source"}, "type": "param", "children": [{"attributes": {"text": "<p>The source to set</p>"}, "type": "desc"}, {"attributes": {}, "type": "types", "children": [{"attributes": {"type": "String"}, "type": "entry"}]}]}]}, {"attributes": {"text": "<p>Sets the source of the image widget.</p>"}, "type": "desc"}]}, {"attributes": {"line": 113, "name": "setTitle"}, "type": "method", "children": [{"attributes": {}, "type": "params", "children": [{"attributes": {"name": "title"}, "type": "param", "children": [{"attributes": {"text": "<p>The value to set</p>"}, "type": "desc"}, {"attributes": {}, "type": "types", "children": [{"attributes": {"type": "String"}, "type": "entry"}]}]}]}, {"attributes": {"text": "<p>Sets the value of the title widget.</p>"}, "type": "desc"}]}]}]}