{"attributes": {"fullName": "qx.ui.mobile.embed.Canvas", "packageName": "qx.ui.mobile.embed", "type": "class", "name": "Canvas", "superClass": "qx.ui.mobile.core.Widget"}, "type": "class", "children": [{"attributes": {"text": "<p>Creates a <span class=\"caps\">HTML</span> canvas widget in your mobile application.</p>\n\n<p><strong>Example</strong></p>\n\n<p>Here is an example of how to use the canvas widget.</p>\n\n<pre class=\"javascript\">\nvar canvas = new qx.ui.mobile.embed.Canvas();\n\ncanvas.setWidth(150);\ncanvas.setHeight(150);\nthis.getContent().add(canvas);\n\nvar ctx = canvas.getContext2d();\nctx.strokeStyle = '#3D72C9';\nctx.beginPath();\nctx.arc(75,85,50,0,Math.PI*2,true);\nctx.moveTo(110,85);\nctx.arc(75,85,35,0,Math.PI,false);\nctx.moveTo(65,75);\nctx.arc(60,75,5,0,Math.PI*2,true);\nctx.moveTo(95,75);\nctx.arc(90,75,5,0,Math.PI*2,true);\nctx.stroke();\n</pre>"}, "type": "desc"}, {"attributes": {}, "type": "constructor", "children": [{"attributes": {"line": 62, "isCtor": true, "overriddenFrom": "qx.ui.mobile.core.Widget", "name": "ctor"}, "type": "method", "children": [{"attributes": {"text": ""}, "type": "desc"}]}]}, {"attributes": {}, "type": "methods", "children": [{"attributes": {"access": "protected", "docFrom": "qx.ui.mobile.core.Widget", "line": 77, "overriddenFrom": "qx.ui.mobile.core.Widget", "name": "_getTagName"}, "type": "method"}, {"attributes": {"line": 88, "name": "getCanvas"}, "type": "method", "children": [{"attributes": {"text": "<p>Get the canvas element [<a href=\"http://www.whatwg.org/specs/web-apps/current-work/multipage/the-canvas-element.html#canvas\">W3C-HMTL5</a>]</p>"}, "type": "desc"}, {"attributes": {}, "type": "return", "children": [{"attributes": {"text": "<p>The canvas <span class=\"caps\">DOM</span> element.</p>"}, "type": "desc"}, {"attributes": {}, "type": "types", "children": [{"attributes": {"type": "Element"}, "type": "entry"}]}]}]}, {"attributes": {"line": 142, "name": "getContext2d"}, "type": "method", "children": [{"attributes": {"text": "<p>Get the canvas&#8217; 2D rendering context\n[<a href=\"http://www.whatwg.org/specs/web-apps/current-work/multipage/the-canvas-element.html#canvasrenderingcontext2d\">W3C-HTML5</a>].\nAll drawing operations are performed on this context.</p>"}, "type": "desc"}, {"attributes": {}, "type": "return", "children": [{"attributes": {"text": "<p>The 2D rendering context.</p>"}, "type": "desc"}, {"attributes": {}, "type": "types", "children": [{"attributes": {"type": "CanvasRenderingContext2D"}, "type": "entry"}]}]}]}, {"attributes": {"line": 130, "name": "getHeight"}, "type": "method", "children": [{"attributes": {"text": "<p>Get the height attribute of the canvas element</p>"}, "type": "desc"}, {"attributes": {}, "type": "return", "children": [{"attributes": {"text": "<p>canvas height</p>"}, "type": "desc"}, {"attributes": {}, "type": "types", "children": [{"attributes": {"type": "Integer"}, "type": "entry"}]}]}]}, {"attributes": {"line": 109, "name": "getWidth"}, "type": "method", "children": [{"attributes": {"text": "<p>Get the width attribute of the canvas element</p>"}, "type": "desc"}, {"attributes": {}, "type": "return", "children": [{"attributes": {"text": "<p>canvas width</p>"}, "type": "desc"}, {"attributes": {}, "type": "types", "children": [{"attributes": {"type": "Integer"}, "type": "entry"}]}]}]}, {"attributes": {"line": 120, "name": "setHeight"}, "type": "method", "children": [{"attributes": {}, "type": "params", "children": [{"attributes": {"name": "height"}, "type": "param", "children": [{"attributes": {"text": "<p>canvas height</p>"}, "type": "desc"}, {"attributes": {}, "type": "types", "children": [{"attributes": {"type": "Integer"}, "type": "entry"}]}]}]}, {"attributes": {"text": "<p>Set the height attribute of the canvas element. This property controls the\nsize of the canvas coordinate space.</p>"}, "type": "desc"}]}, {"attributes": {"line": 99, "name": "setWidth"}, "type": "method", "children": [{"attributes": {}, "type": "params", "children": [{"attributes": {"name": "width"}, "type": "param", "children": [{"attributes": {"text": "<p>canvas width</p>"}, "type": "desc"}, {"attributes": {}, "type": "types", "children": [{"attributes": {"type": "Integer"}, "type": "entry"}]}]}]}, {"attributes": {"text": "<p>Set the width attribute of the canvas element. This property controls the\nsize of the canvas coordinate space.</p>"}, "type": "desc"}]}]}]}