{"attributes": {"fullName": "qx.ui.virtual.layer.HtmlCellSpan", "packageName": "qx.ui.virtual.layer", "type": "class", "name": "HtmlCellSpan", "superClass": "qx.ui.virtual.layer.HtmlCell"}, "type": "class", "children": [{"attributes": {"text": "<p><span class=\"caps\">EXPERIMENTAL</span>!</p>\n\n<p>An extended HtmlCell layer, which adds the possibility to specify row and\ncolumn spans for specific cells.</p>"}, "type": "desc"}, {"attributes": {}, "type": "constructor", "children": [{"attributes": {"line": 39, "isCtor": true, "overriddenFrom": "qx.ui.virtual.layer.HtmlCell", "name": "ctor"}, "type": "method", "children": [{"attributes": {}, "type": "params", "children": [{"attributes": {"name": "htmlCellProvider"}, "type": "param", "children": [{"attributes": {"text": "<p>This class provides the <span class=\"caps\">HTML</span> markup for each cell.</p>"}, "type": "desc"}, {"attributes": {}, "type": "types", "children": [{"attributes": {"type": "qx.ui.virtual.core.IHtmlCellProvider"}, "type": "entry"}]}]}, {"attributes": {"name": "rowConfig"}, "type": "param", "children": [{"attributes": {"text": "<p>The row configuration of the pane in which the cells will be rendered</p>"}, "type": "desc"}, {"attributes": {}, "type": "types", "children": [{"attributes": {"type": "qx.ui.virtual.core.Axis"}, "type": "entry"}]}]}, {"attributes": {"name": "columnConfig"}, "type": "param", "children": [{"attributes": {"text": "<p>The column configuration of the pane in which the cells will be rendered</p>"}, "type": "desc"}, {"attributes": {}, "type": "types", "children": [{"attributes": {"type": "qx.ui.virtual.core.Axis"}, "type": "entry"}]}]}]}, {"attributes": {"text": ""}, "type": "desc"}]}]}, {"attributes": {}, "type": "methods", "children": [{"attributes": {"access": "private", "line": 86, "name": "__renderCell"}, "type": "method", "children": [{"attributes": {}, "type": "params", "children": [{"attributes": {"name": "htmlArr"}, "type": "param", "children": [{"attributes": {"text": "<p>the output array</p>"}, "type": "desc"}, {"attributes": {}, "type": "types", "children": [{"attributes": {"type": "String", "dimensions": 1}, "type": "entry"}]}]}, {"attributes": {"name": "row"}, "type": "param", "children": [{"attributes": {"text": "<p>The cell&#8217;s row index</p>"}, "type": "desc"}, {"attributes": {}, "type": "types", "children": [{"attributes": {"type": "Integer"}, "type": "entry"}]}]}, {"attributes": {"name": "column"}, "type": "param", "children": [{"attributes": {"text": "<p>The cell&#8217;s column index</p>"}, "type": "desc"}, {"attributes": {}, "type": "types", "children": [{"attributes": {"type": "Integer"}, "type": "entry"}]}]}, {"attributes": {"name": "left"}, "type": "param", "children": [{"attributes": {"text": "<p>The cell&#8217;s <span class=\"caps\">CSS</span> left position (in pixel)</p>"}, "type": "desc"}, {"attributes": {}, "type": "types", "children": [{"attributes": {"type": "Integer"}, "type": "entry"}]}]}, {"attributes": {"name": "top"}, "type": "param", "children": [{"attributes": {"text": "<p>The cell&#8217;s <span class=\"caps\">CSS</span> top position (in pixel)</p>"}, "type": "desc"}, {"attributes": {}, "type": "types", "children": [{"attributes": {"type": "Integer"}, "type": "entry"}]}]}, {"attributes": {"name": "width"}, "type": "param", "children": [{"attributes": {"text": "<p>The cell&#8217;s width</p>"}, "type": "desc"}, {"attributes": {}, "type": "types", "children": [{"attributes": {"type": "Integer"}, "type": "entry"}]}]}, {"attributes": {"name": "height"}, "type": "param", "children": [{"attributes": {"text": "<p>The cell&#8217;s height</p>"}, "type": "desc"}, {"attributes": {}, "type": "types", "children": [{"attributes": {"type": "Integer"}, "type": "entry"}]}]}]}, {"attributes": {"text": "<p>Renders a cell</p>"}, "type": "desc"}]}, {"attributes": {"access": "protected", "docFrom": "qx.ui.virtual.layer.Abstract", "line": 107, "overriddenFrom": "qx.ui.virtual.layer.HtmlCell", "name": "_fullUpdate"}, "type": "method", "children": [{"attributes": {}, "type": "params", "children": [{"attributes": {"name": "firstRow"}, "type": "param"}, {"attributes": {"name": "firstColumn"}, "type": "param"}, {"attributes": {"name": "rowSizes"}, "type": "param"}, {"attributes": {"name": "columnSizes"}, "type": "param"}]}]}, {"attributes": {"line": 64, "name": "setCellSpan"}, "type": "method", "children": [{"attributes": {}, "type": "params", "children": [{"attributes": {"name": "row"}, "type": "param", "children": [{"attributes": {"text": "<p>The cell&#8217;s row</p>"}, "type": "desc"}, {"attributes": {}, "type": "types", "children": [{"attributes": {"type": "PositiveInteger"}, "type": "entry"}]}]}, {"attributes": {"name": "column"}, "type": "param", "children": [{"attributes": {"text": "<p>The cell&#8217;s column</p>"}, "type": "desc"}, {"attributes": {}, "type": "types", "children": [{"attributes": {"type": "PositiveInteger"}, "type": "entry"}]}]}, {"attributes": {"name": "rowSpan"}, "type": "param", "children": [{"attributes": {"text": "<p>The number of rows the cells spans</p>"}, "type": "desc"}, {"attributes": {}, "type": "types", "children": [{"attributes": {"type": "PositiveInteger"}, "type": "entry"}]}]}, {"attributes": {"name": "columnSpan"}, "type": "param", "children": [{"attributes": {"text": "<p>The number of columns the cells spans</p>"}, "type": "desc"}, {"attributes": {}, "type": "types", "children": [{"attributes": {"type": "PositiveInteger"}, "type": "entry"}]}]}]}, {"attributes": {"text": "<p>Set the row and column span for a specific cell</p>"}, "type": "desc"}]}]}]}