{"attributes": {"isAbstract": true, "name": "AbstractImage", "packageName": "qx.ui.virtual.cell", "superClass": "qx.ui.virtual.cell.Cell", "childClasses": "qx.ui.virtual.cell.Boolean,qx.ui.virtual.cell.Image", "fullName": "qx.ui.virtual.cell.AbstractImage", "type": "class"}, "type": "class", "children": [{"attributes": {"text": "<p>Abstract base class for image cell renderer.</p>\n\n<p><span class=\"caps\">EXPERIMENTAL</span>!</p>"}, "type": "desc"}, {"attributes": {}, "type": "constructor", "children": [{"attributes": {"docFrom": "qx.core.Object", "line": 38, "isCtor": true, "overriddenFrom": "qx.ui.virtual.cell.Cell", "name": "ctor"}, "type": "method"}]}, {"attributes": {}, "type": "methods", "children": [{"attributes": {"access": "private", "line": 111, "name": "__createImage"}, "type": "method", "children": [{"attributes": {}, "type": "params", "children": [{"attributes": {"name": "imageData"}, "type": "param", "children": [{"attributes": {"text": "<p>Either a string containing the image <span class=\"caps\">URL</span> or a map, which describes the image. Map keys: <ul> <li>url (required)</li> <li>width</li> <li>height</li> <li>tooltip</li> </ul></p>"}, "type": "desc"}, {"attributes": {}, "type": "types", "children": [{"attributes": {"type": "Object"}, "type": "entry"}, {"attributes": {"type": "String"}, "type": "entry"}]}]}]}, {"attributes": {"text": "<p>Compute image meta data</p>"}, "type": "desc"}, {"attributes": {}, "type": "return", "children": [{"attributes": {"text": "<p>A map describing the image. Map keys: <ul> <li>url</li> <li>width</li> <li>height</li> <li>tooltip (optional)</li> </ul></p>"}, "type": "desc"}, {"attributes": {}, "type": "types", "children": [{"attributes": {"type": "Object"}, "type": "entry"}]}]}]}, {"attributes": {"access": "private", "line": 65, "name": "__getImageSize"}, "type": "method", "children": [{"attributes": {}, "type": "params", "children": [{"attributes": {"name": "source"}, "type": "param", "children": [{"attributes": {"text": "<p>the image <span class=\"caps\">URL</span></p>"}, "type": "desc"}, {"attributes": {}, "type": "types", "children": [{"attributes": {"type": "String"}, "type": "entry"}]}]}]}, {"attributes": {"text": "<p>Compute the size of the given image</p>"}, "type": "desc"}, {"attributes": {}, "type": "return", "children": [{"attributes": {"text": "<p>A map containing the image&#8217;s <code>width</code> and <code>height</code></p>"}, "type": "desc"}, {"attributes": {}, "type": "types", "children": [{"attributes": {"type": "Map"}, "type": "entry"}]}]}]}, {"attributes": {"access": "protected", "line": 149, "name": "_identifyImage"}, "type": "method", "children": [{"attributes": {}, "type": "params", "children": [{"attributes": {"name": "value"}, "type": "param", "children": [{"attributes": {"text": "<p>The cell&#8217;s data value</p>"}, "type": "desc"}, {"attributes": {}, "type": "types", "children": [{"attributes": {"type": "var"}, "type": "entry"}]}]}]}, {"attributes": {"text": "<p>Identifies the Image to show. This is a template method, which must be\nimplements by sub classes.</p>"}, "type": "desc"}, {"attributes": {}, "type": "return", "children": [{"attributes": {"text": "<p>A map having the following attributes: <ul> <li>&#8220;url&#8221;: (type string) must be the <span class=\"caps\">URL</span> of the image to show.</li> <li>&#8220;width&#8221;: (type int) the width of the image in pixels.</li> <li>&#8220;height&#8221;: (type int) the height of the image in pixels.</li> <li>&#8220;tooltip&#8221;: (type string) must be the image tooltip text.</li> </ul></p>"}, "type": "desc"}, {"attributes": {}, "type": "types", "children": [{"attributes": {"type": "Map"}, "type": "entry"}]}]}]}, {"attributes": {"docFrom": "qx.ui.virtual.cell.Abstract", "line": 155, "overriddenFrom": "qx.ui.virtual.cell.Cell", "name": "getContent"}, "type": "method", "children": [{"attributes": {}, "type": "params", "children": [{"attributes": {"name": "value"}, "type": "param"}, {"attributes": {"name": "states"}, "type": "param"}]}]}]}]}