{"attributes": {"fullName": "qx.ui.mobile.form.Row", "packageName": "qx.ui.mobile.form", "type": "class", "name": "Row", "superClass": "qx.ui.mobile.container.Composite"}, "type": "class", "children": [{"attributes": {"text": "<p>The Row widget represents a row in a {@link Form}.</p>"}, "type": "desc"}, {"attributes": {}, "type": "constructor", "children": [{"attributes": {"line": 38, "isCtor": true, "overriddenFrom": "qx.ui.mobile.container.Composite", "name": "ctor"}, "type": "method", "children": [{"attributes": {}, "type": "params", "children": [{"attributes": {"defaultValue": "null", "optional": true, "name": "layout"}, "type": "param", "children": [{"attributes": {"text": "<p>The layout that should be used for this container</p>"}, "type": "desc"}, {"attributes": {}, "type": "types", "children": [{"attributes": {"type": "qx.ui.mobile.layout.Abstract"}, "type": "entry"}]}]}]}, {"attributes": {"text": ""}, "type": "desc"}]}]}, {"attributes": {}, "type": "methods", "children": [{"attributes": {"access": "protected", "docFrom": "qx.ui.mobile.core.Widget", "line": 86, "overriddenFrom": "qx.ui.mobile.core.Widget", "name": "_getTagName"}, "type": "method"}, {"attributes": {"name": "getSelectable", "fromProperty": "selectable"}, "type": "method", "children": [{"attributes": {"text": "<p>Returns the (computed) value of the property <code>selectable</code>.</p>\n\n<p>For further details take a look at the property definition: {@link #selectable}.</p>"}, "type": "desc"}, {"attributes": {}, "type": "return", "children": [{"attributes": {"text": "<p>(Computed) value of <code>selectable</code>.</p>"}, "type": "desc"}, {"attributes": {}, "type": "types", "children": [{"attributes": {"type": "var"}, "type": "entry"}]}]}]}, {"attributes": {"access": "protected", "name": "initSelectable", "fromProperty": "selectable"}, "type": "method", "children": [{"attributes": {}, "type": "params", "children": [{"attributes": {"name": "value"}, "type": "param", "children": [{"attributes": {"text": "<p>Initial value for property <code>selectable</code>.</p>"}, "type": "desc"}, {"attributes": {}, "type": "types", "children": [{"attributes": {"type": "var"}, "type": "entry"}]}]}]}, {"attributes": {"text": "<p>Calls the apply method and dispatches the change event of the property <code>selectable</code>\nwith the default value defined by the class developer. This function can\nonly be called from the constructor of a class.</p>\n\n<p>For further details take a look at the property definition: {@link #selectable}.</p>"}, "type": "desc"}, {"attributes": {}, "type": "return", "children": [{"attributes": {"text": "<p>the default value</p>"}, "type": "desc"}, {"attributes": {}, "type": "types", "children": [{"attributes": {"type": "var"}, "type": "entry"}]}]}]}, {"attributes": {"name": "isSelectable", "fromProperty": "selectable"}, "type": "method", "children": [{"attributes": {"text": "<p>Check whether the (computed) value of the boolean property <code>selectable</code> equals <code>true</code>.</p>\n\n<p>For further details take a look at the property definition: {@link #selectable}.</p>"}, "type": "desc"}, {"attributes": {}, "type": "return", "children": [{"attributes": {"text": "<p>Whether the property equals <code>true</code>.</p>"}, "type": "desc"}, {"attributes": {}, "type": "types", "children": [{"attributes": {"type": "Boolean"}, "type": "entry"}]}]}]}, {"attributes": {"name": "resetSelectable", "fromProperty": "selectable"}, "type": "method", "children": [{"attributes": {"text": "<p>Resets the user value of the property <code>selectable</code>.</p>\n\n<p>The computed value falls back to the next available value e.g. appearance, init or\ninheritance value depeneding on the property configuration and value availability.</p>\n\n<p>For further details take a look at the property definition: {@link #selectable}.</p>"}, "type": "desc"}]}, {"attributes": {"name": "setSelectable", "fromProperty": "selectable"}, "type": "method", "children": [{"attributes": {}, "type": "params", "children": [{"attributes": {"name": "value"}, "type": "param", "children": [{"attributes": {"text": "<p>New value for property <code>selectable</code>.</p>"}, "type": "desc"}, {"attributes": {}, "type": "types", "children": [{"attributes": {"type": "var"}, "type": "entry"}]}]}]}, {"attributes": {"text": "<p>Sets the user value of the property <code>selectable</code>.</p>\n\n<p>For further details take a look at the property definition: {@link #selectable}.</p>"}, "type": "desc"}, {"attributes": {}, "type": "return", "children": [{"attributes": {"text": "<p>The unmodified incoming value.</p>"}, "type": "desc"}, {"attributes": {}, "type": "types", "children": [{"attributes": {"type": "var"}, "type": "entry"}]}]}]}, {"attributes": {"name": "toggleSelectable", "fromProperty": "selectable"}, "type": "method", "children": [{"attributes": {"text": "<p>Toggles the (computed) value of the boolean property <code>selectable</code>.</p>\n\n<p>For further details take a look at the property definition: {@link #selectable}.</p>"}, "type": "desc"}, {"attributes": {}, "type": "return", "children": [{"attributes": {"text": "<p>the new value</p>"}, "type": "desc"}, {"attributes": {}, "type": "types", "children": [{"attributes": {"type": "Boolean"}, "type": "entry"}]}]}]}]}, {"attributes": {}, "type": "properties", "children": [{"attributes": {"name": "defaultCssClass", "docFrom": "qx.ui.mobile.core.Widget", "defaultValue": "\"form-row\"", "refine": "true", "propertyType": "new", "overriddenFrom": "qx.ui.mobile.core.Widget"}, "type": "property"}, {"attributes": {"apply": "_applyAttribute", "defaultValue": "false", "propertyType": "new", "check": "Boolean", "name": "selectable"}, "type": "property", "children": [{"attributes": {"text": "<p>Whether the widget is selectable or not.</p>"}, "type": "desc"}]}]}]}