{"attributes": {"fullName": "qx.ui.form.IModelSelection", "packageName": "qx.ui.form", "type": "interface", "name": "IModelSelection", "implementations": "qx.ui.form.RadioGroup,qx.ui.form.List,qx.ui.form.RadioButtonGroup,qx.ui.form.SelectBox,qx.ui.tree.Tree"}, "type": "class", "children": [{"attributes": {"text": "<p>This interface should be used in all objects managing a set of items\nimplementing {@link qx.ui.form.IModel}.</p>"}, "type": "desc"}, {"attributes": {}, "type": "methods", "children": [{"attributes": {"line": 50, "name": "getModelSelection"}, "type": "method", "children": [{"attributes": {"text": "<p>Returns an array of the selected models.</p>"}, "type": "desc"}, {"attributes": {}, "type": "return", "children": [{"attributes": {"text": "<p>An array containing the models of the currently selected items.</p>"}, "type": "desc"}, {"attributes": {}, "type": "types", "children": [{"attributes": {"type": "Array"}, "type": "entry"}]}]}]}, {"attributes": {"line": 41, "name": "setModelSelection"}, "type": "method", "children": [{"attributes": {}, "type": "params", "children": [{"attributes": {"name": "value"}, "type": "param", "children": [{"attributes": {"text": "<p>An array of models.</p>"}, "type": "desc"}, {"attributes": {}, "type": "types", "children": [{"attributes": {"type": "Array"}, "type": "entry"}]}]}]}, {"attributes": {"text": "<p>Tries to set the selection using the given array containing the\nrepresentative models for the selectables.</p>"}, "type": "desc"}]}]}]}