{"attributes": {"name": "Default", "packageName": "qx.ui.table.cellrenderer", "superClass": "qx.ui.table.cellrenderer.Abstract", "childClasses": "qx.ui.table.cellrenderer.Conditional,qx.ui.table.cellrenderer.Dynamic,qx.ui.table.cellrenderer.Password,qx.ui.table.cellrenderer.Replace,qx.ui.treevirtual.DefaultDataCellRenderer", "fullName": "qx.ui.table.cellrenderer.Default", "type": "class"}, "type": "class", "children": [{"attributes": {"text": "<p>The default data cell renderer.</p>"}, "type": "desc"}, {"attributes": {}, "type": "constants", "children": [{"attributes": {"type": "Number", "name": "STYLEFLAG_ITALIC", "value": "4"}, "type": "constant"}, {"attributes": {"type": "Number", "name": "STYLEFLAG_ALIGN_RIGHT", "value": "1"}, "type": "constant"}, {"attributes": {"access": "protected", "type": "Null", "name": "_numberFormat", "value": "null"}, "type": "constant"}, {"attributes": {"type": "Number", "name": "STYLEFLAG_BOLD", "value": "2"}, "type": "constant"}]}, {"attributes": {}, "type": "methods", "children": [{"attributes": {"access": "protected", "line": 134, "name": "_formatValue"}, "type": "method", "children": [{"attributes": {}, "type": "params", "children": [{"attributes": {"name": "cellInfo"}, "type": "param", "children": [{"attributes": {"text": "<p>A map containing the information about the cell to create. This map has the same structure as in {@link qx.ui.table.cellrenderer.Abstract#createDataCellHtml}.</p>"}, "type": "desc"}, {"attributes": {}, "type": "types", "children": [{"attributes": {"type": "Map"}, "type": "entry"}]}]}]}, {"attributes": {"text": "<p>Formats a value.</p>"}, "type": "desc"}, {"attributes": {}, "type": "return", "children": [{"attributes": {"text": "<p>the formatted value.</p>"}, "type": "desc"}, {"attributes": {}, "type": "types", "children": [{"attributes": {"type": "String"}, "type": "entry"}]}]}]}, {"attributes": {"access": "protected", "docFrom": "qx.ui.table.cellrenderer.Abstract", "line": 95, "overriddenFrom": "qx.ui.table.cellrenderer.Abstract", "name": "_getCellClass"}, "type": "method", "children": [{"attributes": {}, "type": "params", "children": [{"attributes": {"name": "cellInfo"}, "type": "param"}]}]}, {"attributes": {"access": "protected", "docFrom": "qx.ui.table.cellrenderer.Abstract", "line": 121, "overriddenFrom": "qx.ui.table.cellrenderer.Abstract", "name": "_getContentHtml"}, "type": "method", "children": [{"attributes": {}, "type": "params", "children": [{"attributes": {"name": "cellInfo"}, "type": "param"}]}]}, {"attributes": {"access": "protected", "line": 82, "name": "_getStyleFlags"}, "type": "method", "children": [{"attributes": {}, "type": "params", "children": [{"attributes": {"name": "cellInfo"}, "type": "param", "children": [{"attributes": {"text": "<p>cellInfo of the cell See {@link qx.ui.table.cellrenderer.Abstract#createDataCellHtml}.</p>"}, "type": "desc"}, {"attributes": {}, "type": "types", "children": [{"attributes": {"type": "Map"}, "type": "entry"}]}]}]}, {"attributes": {"text": "<p>Determines the styles to apply to the cell</p>"}, "type": "desc"}, {"attributes": {}, "type": "return", "children": [{"attributes": {"text": "<p>the sum of any of the <span class=\"caps\">STYLEFLAGS</span> defined below</p>"}, "type": "desc"}, {"attributes": {}, "type": "types", "children": [{"attributes": {"type": "Integer"}, "type": "entry"}]}]}]}, {"attributes": {"name": "getUseAutoAlign", "fromProperty": "useAutoAlign"}, "type": "method", "children": [{"attributes": {"text": "<p>Returns the (computed) value of the property <code>useAutoAlign</code>.</p>\n\n<p>For further details take a look at the property definition: {@link #useAutoAlign}.</p>"}, "type": "desc"}, {"attributes": {}, "type": "return", "children": [{"attributes": {"text": "<p>(Computed) value of <code>useAutoAlign</code>.</p>"}, "type": "desc"}, {"attributes": {}, "type": "types", "children": [{"attributes": {"type": "var"}, "type": "entry"}]}]}]}, {"attributes": {"access": "protected", "name": "initUseAutoAlign", "fromProperty": "useAutoAlign"}, "type": "method", "children": [{"attributes": {}, "type": "params", "children": [{"attributes": {"name": "value"}, "type": "param", "children": [{"attributes": {"text": "<p>Initial value for property <code>useAutoAlign</code>.</p>"}, "type": "desc"}, {"attributes": {}, "type": "types", "children": [{"attributes": {"type": "var"}, "type": "entry"}]}]}]}, {"attributes": {"text": "<p>Calls the apply method and dispatches the change event of the property <code>useAutoAlign</code>\nwith the default value defined by the class developer. This function can\nonly be called from the constructor of a class.</p>\n\n<p>For further details take a look at the property definition: {@link #useAutoAlign}.</p>"}, "type": "desc"}, {"attributes": {}, "type": "return", "children": [{"attributes": {"text": "<p>the default value</p>"}, "type": "desc"}, {"attributes": {}, "type": "types", "children": [{"attributes": {"type": "var"}, "type": "entry"}]}]}]}, {"attributes": {"name": "isUseAutoAlign", "fromProperty": "useAutoAlign"}, "type": "method", "children": [{"attributes": {"text": "<p>Check whether the (computed) value of the boolean property <code>useAutoAlign</code> equals <code>true</code>.</p>\n\n<p>For further details take a look at the property definition: {@link #useAutoAlign}.</p>"}, "type": "desc"}, {"attributes": {}, "type": "return", "children": [{"attributes": {"text": "<p>Whether the property equals <code>true</code>.</p>"}, "type": "desc"}, {"attributes": {}, "type": "types", "children": [{"attributes": {"type": "Boolean"}, "type": "entry"}]}]}]}, {"attributes": {"name": "resetUseAutoAlign", "fromProperty": "useAutoAlign"}, "type": "method", "children": [{"attributes": {"text": "<p>Resets the user value of the property <code>useAutoAlign</code>.</p>\n\n<p>The computed value falls back to the next available value e.g. appearance, init or\ninheritance value depeneding on the property configuration and value availability.</p>\n\n<p>For further details take a look at the property definition: {@link #useAutoAlign}.</p>"}, "type": "desc"}]}, {"attributes": {"name": "setUseAutoAlign", "fromProperty": "useAutoAlign"}, "type": "method", "children": [{"attributes": {}, "type": "params", "children": [{"attributes": {"name": "value"}, "type": "param", "children": [{"attributes": {"text": "<p>New value for property <code>useAutoAlign</code>.</p>"}, "type": "desc"}, {"attributes": {}, "type": "types", "children": [{"attributes": {"type": "var"}, "type": "entry"}]}]}]}, {"attributes": {"text": "<p>Sets the user value of the property <code>useAutoAlign</code>.</p>\n\n<p>For further details take a look at the property definition: {@link #useAutoAlign}.</p>"}, "type": "desc"}, {"attributes": {}, "type": "return", "children": [{"attributes": {"text": "<p>The unmodified incoming value.</p>"}, "type": "desc"}, {"attributes": {}, "type": "types", "children": [{"attributes": {"type": "var"}, "type": "entry"}]}]}]}, {"attributes": {"name": "toggleUseAutoAlign", "fromProperty": "useAutoAlign"}, "type": "method", "children": [{"attributes": {"text": "<p>Toggles the (computed) value of the boolean property <code>useAutoAlign</code>.</p>\n\n<p>For further details take a look at the property definition: {@link #useAutoAlign}.</p>"}, "type": "desc"}, {"attributes": {}, "type": "return", "children": [{"attributes": {"text": "<p>the new value</p>"}, "type": "desc"}, {"attributes": {}, "type": "types", "children": [{"attributes": {"type": "Boolean"}, "type": "entry"}]}]}]}]}, {"attributes": {}, "type": "properties", "children": [{"attributes": {"defaultValue": "true", "propertyType": "new", "check": "Boolean", "name": "useAutoAlign"}, "type": "property", "children": [{"attributes": {"text": "<p>Whether the alignment should automatically be set according to the cell value.\nIf true numbers will be right-aligned.</p>"}, "type": "desc"}]}]}]}