{"attributes": {"name": "ISingleSelectionProvider", "isInternal": true, "packageName": "qx.ui.core", "access": "internal", "fullName": "qx.ui.core.ISingleSelectionProvider", "type": "interface"}, "type": "class", "children": [{"attributes": {"text": "<p>Defines the callback for the single selection manager.</p>"}, "type": "desc"}, {"attributes": {}, "type": "methods", "children": [{"attributes": {"line": 39, "name": "getItems"}, "type": "method", "children": [{"attributes": {"text": "<p>Returns the elements which are part of the selection.</p>"}, "type": "desc"}, {"attributes": {}, "type": "return", "children": [{"attributes": {"text": "<p>The widgets for the selection.</p>"}, "type": "desc"}, {"attributes": {}, "type": "types", "children": [{"attributes": {"type": "qx.ui.core.Widget", "dimensions": 1}, "type": "entry"}]}]}]}, {"attributes": {"line": 47, "name": "isItemSelectable"}, "type": "method", "children": [{"attributes": {}, "type": "params", "children": [{"attributes": {"name": "item"}, "type": "param", "children": [{"attributes": {"text": "<p>The item to be checked</p>"}, "type": "desc"}, {"attributes": {}, "type": "types", "children": [{"attributes": {"type": "qx.ui.core.Widget"}, "type": "entry"}]}]}]}, {"attributes": {"text": "<p>Returns whether the given item is selectable.</p>"}, "type": "desc"}, {"attributes": {}, "type": "return", "children": [{"attributes": {"text": "<p>Whether the given item is selectable</p>"}, "type": "desc"}, {"attributes": {}, "type": "types", "children": [{"attributes": {"type": "Boolean"}, "type": "entry"}]}]}]}]}]}