{"attributes": {"name": "Single", "packageName": "qx.ui.mobile.form.renderer", "superClass": "qx.ui.mobile.form.renderer.AbstractRenderer", "childClasses": "qx.ui.mobile.form.renderer.SinglePlaceholder", "fullName": "qx.ui.mobile.form.renderer.Single", "type": "class"}, "type": "class", "children": [{"attributes": {"text": "<p>Single renderer is a class used to render forms into a mobile page.\nIt displays a label above or next to each form element.</p>"}, "type": "desc"}, {"attributes": {}, "type": "constructor", "children": [{"attributes": {"docFrom": "qx.ui.mobile.form.renderer.AbstractRenderer", "line": 32, "isCtor": true, "overriddenFrom": "qx.ui.mobile.form.renderer.AbstractRenderer", "name": "ctor"}, "type": "method", "children": [{"attributes": {}, "type": "params", "children": [{"attributes": {"name": "form"}, "type": "param"}]}]}]}, {"attributes": {}, "type": "constants", "children": [{"attributes": {"name": "ONE_LINE_WIDGETS"}, "type": "constant", "children": [{"attributes": {"text": "<p>qx.Mobile form widgets which are rendered in one single line.</p>"}, "type": "desc"}, {"attributes": {}, "type": "types", "children": [{"attributes": {"type": "Array"}, "type": "entry"}]}]}]}, {"attributes": {}, "type": "methods", "children": [{"attributes": {"access": "protected", "line": 247, "name": "_addGroupFooterRow"}, "type": "method", "children": [{"attributes": {"text": "<p>Adds an row group footer.</p>"}, "type": "desc"}]}, {"attributes": {"access": "protected", "line": 261, "name": "_addGroupHeader"}, "type": "method", "children": [{"attributes": {}, "type": "params", "children": [{"attributes": {"name": "title"}, "type": "param", "children": [{"attributes": {"text": "<p>the title shown in the group header</p>"}, "type": "desc"}, {"attributes": {}, "type": "types", "children": [{"attributes": {"type": "String"}, "type": "entry"}]}]}]}, {"attributes": {"text": "<p>Adds a row with the name of a group of elements\nWhen you want to group certain form elements, this methods implements\nthe way the header of that group is presented.</p>"}, "type": "desc"}]}, {"attributes": {"access": "protected", "line": 236, "name": "_addGroupHeaderRow"}, "type": "method", "children": [{"attributes": {"text": "<p>Adds an row group header.</p>"}, "type": "desc"}]}, {"attributes": {"access": "protected", "line": 195, "name": "_addInOneLine"}, "type": "method", "children": [{"attributes": {}, "type": "params", "children": [{"attributes": {"name": "item"}, "type": "param", "children": [{"attributes": {"text": "<p>A form item to render.</p>"}, "type": "desc"}, {"attributes": {}, "type": "types", "children": [{"attributes": {"type": "qx.ui.mobile.core.Widget"}, "type": "entry"}]}]}, {"attributes": {"name": "name"}, "type": "param", "children": [{"attributes": {"text": "<p>A name for the form item.</p>"}, "type": "desc"}, {"attributes": {}, "type": "types", "children": [{"attributes": {"type": "String"}, "type": "entry"}]}]}]}, {"attributes": {}, "type": "deprecated", "children": [{"attributes": {"text": "<p>Please use this._addRow(item, name, new qx.ui.mobile.layout.HBox()) instead. Adds a label and it according widget in one line (row).</p>"}, "type": "desc"}]}, {"attributes": {"text": ""}, "type": "desc"}]}, {"attributes": {"access": "protected", "line": 154, "name": "_addInScrollComposite"}, "type": "method", "children": [{"attributes": {}, "type": "params", "children": [{"attributes": {"name": "item"}, "type": "param", "children": [{"attributes": {"text": "<p>A form item to render.</p>"}, "type": "desc"}, {"attributes": {}, "type": "types", "children": [{"attributes": {"type": "qx.ui.mobile.core.Widget"}, "type": "entry"}]}]}, {"attributes": {"name": "name"}, "type": "param", "children": [{"attributes": {"text": "<p>A name for the form item.</p>"}, "type": "desc"}, {"attributes": {}, "type": "types", "children": [{"attributes": {"type": "String"}, "type": "entry"}]}]}]}, {"attributes": {}, "type": "deprecated", "children": [{"attributes": {"text": "<p>Please use &#8216;_addToScrollContainer&#8217; instead. Wraps the given item with a ScrollComposite.</p>"}, "type": "desc"}]}, {"attributes": {"text": ""}, "type": "desc"}]}, {"attributes": {"access": "protected", "line": 183, "name": "_addInSeparateLines"}, "type": "method", "children": [{"attributes": {}, "type": "params", "children": [{"attributes": {"name": "item"}, "type": "param", "children": [{"attributes": {"text": "<p>A form item to render.</p>"}, "type": "desc"}, {"attributes": {}, "type": "types", "children": [{"attributes": {"type": "qx.ui.mobile.core.Widget"}, "type": "entry"}]}]}, {"attributes": {"name": "name"}, "type": "param", "children": [{"attributes": {"text": "<p>A name for the form item.</p>"}, "type": "desc"}, {"attributes": {}, "type": "types", "children": [{"attributes": {"type": "String"}, "type": "entry"}]}]}]}, {"attributes": {}, "type": "deprecated", "children": [{"attributes": {"text": "<p>Please use this._addRow(item, name, new qx.ui.mobile.layout.VBox()) instead. Adds a label and the widgets in two separate lines (rows).</p>"}, "type": "desc"}]}, {"attributes": {"text": ""}, "type": "desc"}]}, {"attributes": {"access": "protected", "line": 206, "name": "_addRow"}, "type": "method", "children": [{"attributes": {}, "type": "params", "children": [{"attributes": {"name": "item"}, "type": "param", "children": [{"attributes": {"text": "<p>A form item to render.</p>"}, "type": "desc"}, {"attributes": {}, "type": "types", "children": [{"attributes": {"type": "qx.ui.mobile.core.Widget"}, "type": "entry"}]}]}, {"attributes": {"name": "name"}, "type": "param", "children": [{"attributes": {"text": "<p>A name for the form item.</p>"}, "type": "desc"}, {"attributes": {}, "type": "types", "children": [{"attributes": {"type": "String"}, "type": "entry"}]}]}, {"attributes": {"name": "layout"}, "type": "param", "children": [{"attributes": {"text": "<p>layout of the rendered row.</p>"}, "type": "desc"}, {"attributes": {}, "type": "types", "children": [{"attributes": {"type": "qx.ui.mobile.layout.Abstract"}, "type": "entry"}]}]}]}, {"attributes": {"text": "<p>Adds a label and its according widget in a row and applies the given layout.</p>"}, "type": "desc"}]}, {"attributes": {"access": "protected", "line": 225, "name": "_addSeparationRow"}, "type": "method", "children": [{"attributes": {"text": "<p>Adds a separation line into the form.</p>"}, "type": "desc"}]}, {"attributes": {"access": "protected", "line": 164, "name": "_addToScrollContainer"}, "type": "method", "children": [{"attributes": {}, "type": "params", "children": [{"attributes": {"name": "item"}, "type": "param", "children": [{"attributes": {"text": "<p>A form item to render.</p>"}, "type": "desc"}, {"attributes": {}, "type": "types", "children": [{"attributes": {"type": "qx.ui.mobile.core.Widget"}, "type": "entry"}]}]}, {"attributes": {"name": "name"}, "type": "param", "children": [{"attributes": {"text": "<p>A name for the form item.</p>"}, "type": "desc"}, {"attributes": {}, "type": "types", "children": [{"attributes": {"type": "String"}, "type": "entry"}]}]}]}, {"attributes": {"text": "<p>Wraps the given item with a {@link qx.ui.mobile.container.Scroll scroll} container.</p>"}, "type": "desc"}]}, {"attributes": {"access": "protected", "line": 316, "name": "_getParentRow"}, "type": "method", "children": [{"attributes": {}, "type": "params", "children": [{"attributes": {"name": "item"}, "type": "param", "children": [{"attributes": {"text": "<p>the form item.</p>"}, "type": "desc"}, {"attributes": {}, "type": "types", "children": [{"attributes": {"type": "qx.ui.form.IForm"}, "type": "entry"}]}]}]}, {"attributes": {"text": "<p>Returns the parent row of the item.</p>"}, "type": "desc"}, {"attributes": {}, "type": "return", "children": [{"attributes": {"text": "<p>the parent row.</p>"}, "type": "desc"}, {"attributes": {}, "type": "types", "children": [{"attributes": {"type": "qx.ui.mobile.core.Widget"}, "type": "entry"}]}]}]}, {"attributes": {"access": "protected", "docFrom": "qx.ui.mobile.core.Widget", "line": 80, "overriddenFrom": "qx.ui.mobile.core.Widget", "name": "_getTagName"}, "type": "method"}, {"attributes": {"access": "protected", "line": 93, "name": "_isOneLineWidget"}, "type": "method", "children": [{"attributes": {}, "type": "params", "children": [{"attributes": {"name": "item"}, "type": "param", "children": [{"attributes": {"text": "<p>the widget which should be added.</p>"}, "type": "desc"}, {"attributes": {}, "type": "types", "children": [{"attributes": {"type": "qx.ui.mobile.core.Widget"}, "type": "entry"}]}]}]}, {"attributes": {"text": "<p>Determines whether the given item can be display in one line\nor whether a separate line for the text label is needed.</p>"}, "type": "desc"}, {"attributes": {}, "type": "return", "children": [{"attributes": {"text": "<p>it indicates whether the widget can be displayed in same line as the label.</p>"}, "type": "desc"}, {"attributes": {}, "type": "types", "children": [{"attributes": {"type": "Boolean"}, "type": "entry"}]}]}]}, {"attributes": {"access": "protected", "docFrom": "qx.ui.mobile.form.renderer.AbstractRenderer", "line": 63, "overriddenFrom": "qx.ui.mobile.form.renderer.AbstractRenderer", "name": "_onFormChange"}, "type": "method"}, {"attributes": {"docFrom": "qx.ui.form.renderer.IFormRenderer", "line": 274, "overriddenFrom": "qx.ui.mobile.form.renderer.AbstractRenderer", "name": "addButton"}, "type": "method", "children": [{"attributes": {}, "type": "params", "children": [{"attributes": {"name": "button"}, "type": "param"}]}]}, {"attributes": {"docFrom": "qx.ui.form.renderer.IFormRenderer", "line": 108, "overriddenFrom": "qx.ui.mobile.form.renderer.AbstractRenderer", "name": "addItems"}, "type": "method", "children": [{"attributes": {}, "type": "params", "children": [{"attributes": {"name": "items"}, "type": "param"}, {"attributes": {"name": "names"}, "type": "param"}, {"attributes": {"name": "title"}, "type": "param"}]}]}, {"attributes": {"line": 305, "name": "hideItem"}, "type": "method", "children": [{"attributes": {}, "type": "params", "children": [{"attributes": {"name": "item"}, "type": "param", "children": [{"attributes": {"text": "<p>form item which should be hidden.</p>"}, "type": "desc"}, {"attributes": {}, "type": "types", "children": [{"attributes": {"type": "qx.ui.form.IForm"}, "type": "entry"}]}]}]}, {"attributes": {"text": "<p>Hides a single item of this form</p>"}, "type": "desc"}]}, {"attributes": {"docFrom": "qx.ui.mobile.form.renderer.AbstractRenderer", "line": 328, "overriddenFrom": "qx.ui.mobile.form.renderer.AbstractRenderer", "name": "resetForm"}, "type": "method"}, {"attributes": {"docFrom": "qx.ui.mobile.form.renderer.AbstractRenderer", "line": 283, "overriddenFrom": "qx.ui.mobile.form.renderer.AbstractRenderer", "name": "showErrorForItem"}, "type": "method", "children": [{"attributes": {}, "type": "params", "children": [{"attributes": {"name": "item"}, "type": "param"}]}]}, {"attributes": {"line": 296, "name": "showItem"}, "type": "method", "children": [{"attributes": {}, "type": "params", "children": [{"attributes": {"name": "item"}, "type": "param", "children": [{"attributes": {"text": "<p>form item which should be hidden.</p>"}, "type": "desc"}, {"attributes": {}, "type": "types", "children": [{"attributes": {"type": "qx.ui.form.IForm"}, "type": "entry"}]}]}]}, {"attributes": {"text": "<p>Shows a single item of this form</p>"}, "type": "desc"}]}]}]}