{"attributes": {"isAbstract": true, "name": "Abstract", "packageName": "qx.ui.table.cellrenderer", "superClass": "qx.core.Object", "childClasses": "qx.ui.table.cellrenderer.AbstractImage,qx.ui.table.cellrenderer.Debug,qx.ui.table.cellrenderer.Default,qx.ui.treevirtual.SimpleTreeDataCellRenderer", "fullName": "qx.ui.table.cellrenderer.Abstract", "type": "class", "interfaces": "qx.ui.table.ICellRenderer"}, "type": "class", "children": [{"attributes": {"text": "<p>An abstract data cell renderer that does the basic coloring\n(borders, selected look, ...).</p>"}, "type": "desc"}, {"attributes": {}, "type": "constructor", "children": [{"attributes": {"docFrom": "qx.core.Object", "line": 33, "isCtor": true, "overriddenFrom": "qx.core.Object", "name": "ctor"}, "type": "method"}]}, {"attributes": {}, "type": "methods", "children": [{"attributes": {"access": "protected", "line": 102, "name": "_createStyleSheet"}, "type": "method", "children": [{"attributes": {"text": "<p>Creates the style sheet used for the table cells.</p>"}, "type": "desc"}]}, {"attributes": {"access": "protected", "line": 170, "name": "_getCellAttributes"}, "type": "method", "children": [{"attributes": {}, "type": "params", "children": [{"attributes": {"name": "cellInfo"}, "type": "param", "children": [{"attributes": {"text": "<p>The information about the cell. See {@link qx.ui.table.cellrenderer.Abstract#createDataCellHtml}.</p>"}, "type": "desc"}, {"attributes": {}, "type": "types", "children": [{"attributes": {"type": "Map"}, "type": "entry"}]}]}]}, {"attributes": {"text": "<p>Retrieve any extra attributes the cell renderer wants applied to this\ncell.</p>"}, "type": "desc"}, {"attributes": {}, "type": "return", "children": [{"attributes": {"text": "<p>The extra attributes to be applied to this cell.</p>"}, "type": "desc"}, {"attributes": {}, "type": "types", "children": [{"attributes": {"type": "String"}, "type": "entry"}]}]}]}, {"attributes": {"access": "protected", "line": 140, "name": "_getCellClass"}, "type": "method", "children": [{"attributes": {}, "type": "params", "children": [{"attributes": {"name": "cellInfo"}, "type": "param", "children": [{"attributes": {"text": "<p>cellInfo of the cell</p>"}, "type": "desc"}, {"attributes": {}, "type": "types", "children": [{"attributes": {"type": "Map"}, "type": "entry"}]}]}]}, {"attributes": {"text": "<p>Get a string of the cell element&#8217;s <span class=\"caps\">HTML</span> classes.</p>\n\n<p>This method may be overridden by sub classes.</p>"}, "type": "desc"}, {"attributes": {}, "type": "return", "children": [{"attributes": {"text": "<p>The table cell <span class=\"caps\">HTML</span> classes as string.</p>"}, "type": "desc"}, {"attributes": {}, "type": "types", "children": [{"attributes": {"type": "String"}, "type": "entry"}]}]}]}, {"attributes": {"access": "protected", "line": 201, "name": "_getCellSizeStyle"}, "type": "method", "children": [{"attributes": {}, "type": "params", "children": [{"attributes": {"name": "width"}, "type": "param", "children": [{"attributes": {"text": "<p>The cell&#8217;s (border-box) width in pixel</p>"}, "type": "desc"}, {"attributes": {}, "type": "types", "children": [{"attributes": {"type": "Integer"}, "type": "entry"}]}]}, {"attributes": {"name": "height"}, "type": "param", "children": [{"attributes": {"text": "<p>The cell&#8217;s (border-box) height in pixel</p>"}, "type": "desc"}, {"attributes": {}, "type": "types", "children": [{"attributes": {"type": "Integer"}, "type": "entry"}]}]}, {"attributes": {"name": "insetX"}, "type": "param", "children": [{"attributes": {"text": "<p>The cell&#8217;s horizontal insets, i.e. the sum of horizontal paddings and borders</p>"}, "type": "desc"}, {"attributes": {}, "type": "types", "children": [{"attributes": {"type": "Integer"}, "type": "entry"}]}]}, {"attributes": {"name": "insetY"}, "type": "param", "children": [{"attributes": {"text": "<p>The cell&#8217;s vertical insets, i.e. the sum of vertical paddings and borders</p>"}, "type": "desc"}, {"attributes": {}, "type": "types", "children": [{"attributes": {"type": "Integer"}, "type": "entry"}]}]}]}, {"attributes": {"text": "<p>Get the cell size taking the box model into account</p>"}, "type": "desc"}, {"attributes": {}, "type": "return", "children": [{"attributes": {"text": "<p>The <span class=\"caps\">CSS</span> style string for the cell size</p>"}, "type": "desc"}, {"attributes": {}, "type": "types", "children": [{"attributes": {"type": "String"}, "type": "entry"}]}]}]}, {"attributes": {"access": "protected", "line": 155, "name": "_getCellStyle"}, "type": "method", "children": [{"attributes": {}, "type": "params", "children": [{"attributes": {"name": "cellInfo"}, "type": "param", "children": [{"attributes": {"text": "<p>The information about the cell. See {@link qx.ui.table.cellrenderer.Abstract#createDataCellHtml}.</p>"}, "type": "desc"}, {"attributes": {}, "type": "types", "children": [{"attributes": {"type": "Map"}, "type": "entry"}]}]}]}, {"attributes": {"text": "<p>Returns the <span class=\"caps\">CSS</span> styles that should be applied to the main div of this\ncell.</p>\n\n<p>This method may be overridden by sub classes.</p>"}, "type": "desc"}, {"attributes": {}, "type": "return", "children": [{"attributes": {"text": "<p>the <span class=\"caps\">CSS</span> styles of the main div.</p>"}, "type": "desc"}, {"attributes": {}, "type": "types", "children": [{"attributes": {"type": "var"}, "type": "entry"}]}]}]}, {"attributes": {"access": "protected", "line": 185, "name": "_getContentHtml"}, "type": "method", "children": [{"attributes": {}, "type": "params", "children": [{"attributes": {"name": "cellInfo"}, "type": "param", "children": [{"attributes": {"text": "<p>The information about the cell. See {@link qx.ui.table.cellrenderer.Abstract#createDataCellHtml}.</p>"}, "type": "desc"}, {"attributes": {}, "type": "types", "children": [{"attributes": {"type": "Map"}, "type": "entry"}]}]}]}, {"attributes": {"text": "<p>Returns the <span class=\"caps\">HTML</span> that should be used inside the main div of this cell.</p>\n\n<p>This method may be overridden by sub classes.</p>"}, "type": "desc"}, {"attributes": {}, "type": "return", "children": [{"attributes": {"text": "<p>the inner <span class=\"caps\">HTML</span> of the cell.</p>"}, "type": "desc"}, {"attributes": {}, "type": "types", "children": [{"attributes": {"type": "String"}, "type": "entry"}]}]}]}, {"attributes": {"access": "protected", "line": 1, "name": "_onChangeTheme"}, "type": "method", "children": [{"attributes": {"text": "<p>Handler for the theme change.</p>"}, "type": "desc"}]}, {"attributes": {"docFrom": "qx.ui.table.ICellRenderer", "line": 218, "name": "createDataCellHtml"}, "type": "method", "children": [{"attributes": {}, "type": "params", "children": [{"attributes": {"name": "cellInfo"}, "type": "param"}, {"attributes": {"name": "htmlArr"}, "type": "param"}]}]}, {"attributes": {"name": "getDefaultCellStyle", "fromProperty": "defaultCellStyle"}, "type": "method", "children": [{"attributes": {"text": "<p>Returns the (computed) value of the property <code>defaultCellStyle</code>.</p>\n\n<p>For further details take a look at the property definition: {@link #defaultCellStyle}.</p>"}, "type": "desc"}, {"attributes": {}, "type": "return", "children": [{"attributes": {"text": "<p>(Computed) value of <code>defaultCellStyle</code>.</p>"}, "type": "desc"}, {"attributes": {}, "type": "types", "children": [{"attributes": {"type": "var"}, "type": "entry"}]}]}]}, {"attributes": {"access": "protected", "name": "initDefaultCellStyle", "fromProperty": "defaultCellStyle"}, "type": "method", "children": [{"attributes": {}, "type": "params", "children": [{"attributes": {"name": "value"}, "type": "param", "children": [{"attributes": {"text": "<p>Initial value for property <code>defaultCellStyle</code>.</p>"}, "type": "desc"}, {"attributes": {}, "type": "types", "children": [{"attributes": {"type": "var"}, "type": "entry"}]}]}]}, {"attributes": {"text": "<p>Calls the apply method and dispatches the change event of the property <code>defaultCellStyle</code>\nwith the default value defined by the class developer. This function can\nonly be called from the constructor of a class.</p>\n\n<p>For further details take a look at the property definition: {@link #defaultCellStyle}.</p>"}, "type": "desc"}, {"attributes": {}, "type": "return", "children": [{"attributes": {"text": "<p>the default value</p>"}, "type": "desc"}, {"attributes": {}, "type": "types", "children": [{"attributes": {"type": "var"}, "type": "entry"}]}]}]}, {"attributes": {"name": "resetDefaultCellStyle", "fromProperty": "defaultCellStyle"}, "type": "method", "children": [{"attributes": {"text": "<p>Resets the user value of the property <code>defaultCellStyle</code>.</p>\n\n<p>The computed value falls back to the next available value e.g. appearance, init or\ninheritance value depeneding on the property configuration and value availability.</p>\n\n<p>For further details take a look at the property definition: {@link #defaultCellStyle}.</p>"}, "type": "desc"}]}, {"attributes": {"name": "setDefaultCellStyle", "fromProperty": "defaultCellStyle"}, "type": "method", "children": [{"attributes": {}, "type": "params", "children": [{"attributes": {"name": "value"}, "type": "param", "children": [{"attributes": {"text": "<p>New value for property <code>defaultCellStyle</code>.</p>"}, "type": "desc"}, {"attributes": {}, "type": "types", "children": [{"attributes": {"type": "var"}, "type": "entry"}]}]}]}, {"attributes": {"text": "<p>Sets the user value of the property <code>defaultCellStyle</code>.</p>\n\n<p>For further details take a look at the property definition: {@link #defaultCellStyle}.</p>"}, "type": "desc"}, {"attributes": {}, "type": "return", "children": [{"attributes": {"text": "<p>The unmodified incoming value.</p>"}, "type": "desc"}, {"attributes": {}, "type": "types", "children": [{"attributes": {"type": "var"}, "type": "entry"}]}]}]}]}, {"attributes": {}, "type": "properties", "children": [{"attributes": {"allowNull": "true", "defaultValue": "null", "propertyType": "new", "check": "String", "name": "defaultCellStyle"}, "type": "property", "children": [{"attributes": {"text": "<p>The default cell style. The value of this property will be provided\nto the cell renderer as cellInfo.style.</p>"}, "type": "desc"}]}]}]}