{"attributes": {"fullName": "qx.ui.table.cellrenderer.Html", "packageName": "qx.ui.table.cellrenderer", "type": "class", "name": "Html", "superClass": "qx.ui.table.cellrenderer.Conditional"}, "type": "class", "children": [{"attributes": {"text": "<p>This Cellrender is for transparent use, without escaping! Use this Cellrender\nto output plain <span class=\"caps\">HTML</span> content.</p>"}, "type": "desc"}, {"attributes": {}, "type": "methods", "children": [{"attributes": {"access": "protected", "docFrom": "qx.ui.table.cellrenderer.Abstract", "line": 42, "overriddenFrom": "qx.ui.table.cellrenderer.Default", "name": "_getCellClass"}, "type": "method", "children": [{"attributes": {}, "type": "params", "children": [{"attributes": {"name": "cellInfo"}, "type": "param"}]}]}, {"attributes": {"access": "protected", "docFrom": "qx.ui.table.cellrenderer.Abstract", "line": 37, "overriddenFrom": "qx.ui.table.cellrenderer.Default", "name": "_getContentHtml"}, "type": "method", "children": [{"attributes": {}, "type": "params", "children": [{"attributes": {"name": "cellInfo"}, "type": "param"}]}]}]}]}