{"attributes": {"fullName": "qx.ui.decoration.MBorderRadius", "packageName": "qx.ui.decoration", "type": "mixin", "name": "MBorderRadius", "includer": "qx.ui.decoration.Decorator"}, "type": "class", "children": [{"attributes": {"text": "<p>Mixin for the border radius <span class=\"caps\">CSS</span> property.\nThis mixin is usually used by {@link qx.ui.decoration.Decorator}.</p>\n\n<p>Keep in mind that this is not supported by all browsers:</p>\n\n<ul>\n<li>Firefox 3,5+</li>\n<li>IE9+</li>\n<li>Safari 3.0+</li>\n<li>Opera 10.5+</li>\n<li>Chrome 4.0+</li>\n</ul>"}, "type": "desc"}, {"attributes": {}, "type": "methods", "children": [{"attributes": {"access": "protected", "line": 135, "isMixin": true, "name": "_applyBorderRadius"}, "type": "method", "children": [{"attributes": {}, "type": "apply", "children": [{"attributes": {"applies": "qx.ui.decoration.MBorderRadius#radiusBottomLeft"}, "type": "entry"}, {"attributes": {"applies": "qx.ui.decoration.MBorderRadius#radiusTopLeft"}, "type": "entry"}, {"attributes": {"applies": "qx.ui.decoration.MBorderRadius#radiusTopRight"}, "type": "entry"}, {"attributes": {"applies": "qx.ui.decoration.MBorderRadius#radiusBottomRight"}, "type": "entry"}]}, {"attributes": {}, "type": "params", "children": [{"attributes": {"name": "value"}, "type": "param", "children": [{"attributes": {"text": "<p>new value of the property</p>"}, "type": "desc"}, {"attributes": {}, "type": "types", "children": [{"attributes": {"type": "Integer"}, "type": "entry"}]}]}, {"attributes": {"name": "old"}, "type": "param", "children": [{"attributes": {"text": "<p>previous value of the property (null if it was not yet set).</p>"}, "type": "desc"}, {"attributes": {}, "type": "types", "children": [{"attributes": {"type": "Integer"}, "type": "entry"}]}]}]}, {"attributes": {"text": "<p>Applies changes of the property value of the properties <code>radiusBottomLeft</code>, <code>radiusBottomRight</code>, <code>radiusTopLeft</code> and <code>radiusTopRight</code>.</p>\n\n<p>For further details take a look at the property definitions: {@link #radiusBottomLeft}, {@link #radiusBottomRight}, {@link #radiusTopLeft} and {@link #radiusTopRight}.</p>"}, "type": "desc"}]}, {"attributes": {"access": "protected", "line": 84, "isMixin": true, "name": "_styleBorderRadius"}, "type": "method", "children": [{"attributes": {}, "type": "params", "children": [{"attributes": {"name": "styles"}, "type": "param", "children": [{"attributes": {"text": "<p>A map to add the styles.</p>"}, "type": "desc"}, {"attributes": {}, "type": "types", "children": [{"attributes": {"type": "Map"}, "type": "entry"}]}]}]}, {"attributes": {"text": "<p>Takes a styles map and adds the border radius styles in place to the\ngiven map. This is the needed behavior for\n{@link qx.ui.decoration.Decorator}.</p>"}, "type": "desc"}]}, {"attributes": {"name": "getRadiusBottomLeft", "fromProperty": "radiusBottomLeft"}, "type": "method", "children": [{"attributes": {"text": "<p>Returns the (computed) value of the property <code>radiusBottomLeft</code>.</p>\n\n<p>For further details take a look at the property definition: {@link #radiusBottomLeft}.</p>"}, "type": "desc"}, {"attributes": {}, "type": "return", "children": [{"attributes": {"text": "<p>(Computed) value of <code>radiusBottomLeft</code>.</p>"}, "type": "desc"}, {"attributes": {}, "type": "types", "children": [{"attributes": {"type": "var"}, "type": "entry"}]}]}]}, {"attributes": {"name": "getRadiusBottomRight", "fromProperty": "radiusBottomRight"}, "type": "method", "children": [{"attributes": {"text": "<p>Returns the (computed) value of the property <code>radiusBottomRight</code>.</p>\n\n<p>For further details take a look at the property definition: {@link #radiusBottomRight}.</p>"}, "type": "desc"}, {"attributes": {}, "type": "return", "children": [{"attributes": {"text": "<p>(Computed) value of <code>radiusBottomRight</code>.</p>"}, "type": "desc"}, {"attributes": {}, "type": "types", "children": [{"attributes": {"type": "var"}, "type": "entry"}]}]}]}, {"attributes": {"name": "getRadiusTopLeft", "fromProperty": "radiusTopLeft"}, "type": "method", "children": [{"attributes": {"text": "<p>Returns the (computed) value of the property <code>radiusTopLeft</code>.</p>\n\n<p>For further details take a look at the property definition: {@link #radiusTopLeft}.</p>"}, "type": "desc"}, {"attributes": {}, "type": "return", "children": [{"attributes": {"text": "<p>(Computed) value of <code>radiusTopLeft</code>.</p>"}, "type": "desc"}, {"attributes": {}, "type": "types", "children": [{"attributes": {"type": "var"}, "type": "entry"}]}]}]}, {"attributes": {"name": "getRadiusTopRight", "fromProperty": "radiusTopRight"}, "type": "method", "children": [{"attributes": {"text": "<p>Returns the (computed) value of the property <code>radiusTopRight</code>.</p>\n\n<p>For further details take a look at the property definition: {@link #radiusTopRight}.</p>"}, "type": "desc"}, {"attributes": {}, "type": "return", "children": [{"attributes": {"text": "<p>(Computed) value of <code>radiusTopRight</code>.</p>"}, "type": "desc"}, {"attributes": {}, "type": "types", "children": [{"attributes": {"type": "var"}, "type": "entry"}]}]}]}, {"attributes": {"access": "protected", "name": "initRadiusBottomLeft", "fromProperty": "radiusBottomLeft"}, "type": "method", "children": [{"attributes": {}, "type": "params", "children": [{"attributes": {"name": "value"}, "type": "param", "children": [{"attributes": {"text": "<p>Initial value for property <code>radiusBottomLeft</code>.</p>"}, "type": "desc"}, {"attributes": {}, "type": "types", "children": [{"attributes": {"type": "var"}, "type": "entry"}]}]}]}, {"attributes": {"text": "<p>Calls the apply method and dispatches the change event of the property <code>radiusBottomLeft</code>\nwith the default value defined by the class developer. This function can\nonly be called from the constructor of a class.</p>\n\n<p>For further details take a look at the property definition: {@link #radiusBottomLeft}.</p>"}, "type": "desc"}, {"attributes": {}, "type": "return", "children": [{"attributes": {"text": "<p>the default value</p>"}, "type": "desc"}, {"attributes": {}, "type": "types", "children": [{"attributes": {"type": "var"}, "type": "entry"}]}]}]}, {"attributes": {"access": "protected", "name": "initRadiusBottomRight", "fromProperty": "radiusBottomRight"}, "type": "method", "children": [{"attributes": {}, "type": "params", "children": [{"attributes": {"name": "value"}, "type": "param", "children": [{"attributes": {"text": "<p>Initial value for property <code>radiusBottomRight</code>.</p>"}, "type": "desc"}, {"attributes": {}, "type": "types", "children": [{"attributes": {"type": "var"}, "type": "entry"}]}]}]}, {"attributes": {"text": "<p>Calls the apply method and dispatches the change event of the property <code>radiusBottomRight</code>\nwith the default value defined by the class developer. This function can\nonly be called from the constructor of a class.</p>\n\n<p>For further details take a look at the property definition: {@link #radiusBottomRight}.</p>"}, "type": "desc"}, {"attributes": {}, "type": "return", "children": [{"attributes": {"text": "<p>the default value</p>"}, "type": "desc"}, {"attributes": {}, "type": "types", "children": [{"attributes": {"type": "var"}, "type": "entry"}]}]}]}, {"attributes": {"access": "protected", "name": "initRadiusTopLeft", "fromProperty": "radiusTopLeft"}, "type": "method", "children": [{"attributes": {}, "type": "params", "children": [{"attributes": {"name": "value"}, "type": "param", "children": [{"attributes": {"text": "<p>Initial value for property <code>radiusTopLeft</code>.</p>"}, "type": "desc"}, {"attributes": {}, "type": "types", "children": [{"attributes": {"type": "var"}, "type": "entry"}]}]}]}, {"attributes": {"text": "<p>Calls the apply method and dispatches the change event of the property <code>radiusTopLeft</code>\nwith the default value defined by the class developer. This function can\nonly be called from the constructor of a class.</p>\n\n<p>For further details take a look at the property definition: {@link #radiusTopLeft}.</p>"}, "type": "desc"}, {"attributes": {}, "type": "return", "children": [{"attributes": {"text": "<p>the default value</p>"}, "type": "desc"}, {"attributes": {}, "type": "types", "children": [{"attributes": {"type": "var"}, "type": "entry"}]}]}]}, {"attributes": {"access": "protected", "name": "initRadiusTopRight", "fromProperty": "radiusTopRight"}, "type": "method", "children": [{"attributes": {}, "type": "params", "children": [{"attributes": {"name": "value"}, "type": "param", "children": [{"attributes": {"text": "<p>Initial value for property <code>radiusTopRight</code>.</p>"}, "type": "desc"}, {"attributes": {}, "type": "types", "children": [{"attributes": {"type": "var"}, "type": "entry"}]}]}]}, {"attributes": {"text": "<p>Calls the apply method and dispatches the change event of the property <code>radiusTopRight</code>\nwith the default value defined by the class developer. This function can\nonly be called from the constructor of a class.</p>\n\n<p>For further details take a look at the property definition: {@link #radiusTopRight}.</p>"}, "type": "desc"}, {"attributes": {}, "type": "return", "children": [{"attributes": {"text": "<p>the default value</p>"}, "type": "desc"}, {"attributes": {}, "type": "types", "children": [{"attributes": {"type": "var"}, "type": "entry"}]}]}]}, {"attributes": {"name": "resetRadius", "fromProperty": "radius"}, "type": "method", "children": [{"attributes": {"text": "<p>Resets the user value of the property <code>radius</code>.</p>\n\n<p>The computed value falls back to the next available value e.g. appearance, init or\ninheritance value depeneding on the property configuration and value availability.</p>\n\n<p>For further details take a look at the property definition: {@link #radius}.</p>"}, "type": "desc"}]}, {"attributes": {"name": "resetRadiusBottomLeft", "fromProperty": "radiusBottomLeft"}, "type": "method", "children": [{"attributes": {"text": "<p>Resets the user value of the property <code>radiusBottomLeft</code>.</p>\n\n<p>The computed value falls back to the next available value e.g. appearance, init or\ninheritance value depeneding on the property configuration and value availability.</p>\n\n<p>For further details take a look at the property definition: {@link #radiusBottomLeft}.</p>"}, "type": "desc"}]}, {"attributes": {"name": "resetRadiusBottomRight", "fromProperty": "radiusBottomRight"}, "type": "method", "children": [{"attributes": {"text": "<p>Resets the user value of the property <code>radiusBottomRight</code>.</p>\n\n<p>The computed value falls back to the next available value e.g. appearance, init or\ninheritance value depeneding on the property configuration and value availability.</p>\n\n<p>For further details take a look at the property definition: {@link #radiusBottomRight}.</p>"}, "type": "desc"}]}, {"attributes": {"name": "resetRadiusTopLeft", "fromProperty": "radiusTopLeft"}, "type": "method", "children": [{"attributes": {"text": "<p>Resets the user value of the property <code>radiusTopLeft</code>.</p>\n\n<p>The computed value falls back to the next available value e.g. appearance, init or\ninheritance value depeneding on the property configuration and value availability.</p>\n\n<p>For further details take a look at the property definition: {@link #radiusTopLeft}.</p>"}, "type": "desc"}]}, {"attributes": {"name": "resetRadiusTopRight", "fromProperty": "radiusTopRight"}, "type": "method", "children": [{"attributes": {"text": "<p>Resets the user value of the property <code>radiusTopRight</code>.</p>\n\n<p>The computed value falls back to the next available value e.g. appearance, init or\ninheritance value depeneding on the property configuration and value availability.</p>\n\n<p>For further details take a look at the property definition: {@link #radiusTopRight}.</p>"}, "type": "desc"}]}, {"attributes": {"line": 13, "name": "setRadius", "fromProperty": "radius"}, "type": "method", "children": [{"attributes": {}, "type": "params", "children": [{"attributes": {"name": "radiusTopLeft"}, "type": "param", "children": [{"attributes": {"text": "<p>Sets the value of the property {@link #radiusTopLeft}.</p>"}, "type": "desc"}, {"attributes": {}, "type": "types", "children": [{"attributes": {"type": "var"}, "type": "entry"}]}]}, {"attributes": {"name": "radiusTopRight"}, "type": "param", "children": [{"attributes": {"text": "<p>Sets the value of the property {@link #radiusTopRight}.</p>"}, "type": "desc"}, {"attributes": {}, "type": "types", "children": [{"attributes": {"type": "var"}, "type": "entry"}]}]}, {"attributes": {"name": "radiusBottomRight"}, "type": "param", "children": [{"attributes": {"text": "<p>Sets the value of the property {@link #radiusBottomRight}.</p>"}, "type": "desc"}, {"attributes": {}, "type": "types", "children": [{"attributes": {"type": "var"}, "type": "entry"}]}]}, {"attributes": {"name": "radiusBottomLeft"}, "type": "param", "children": [{"attributes": {"text": "<p>Sets the value of the property {@link #radiusBottomLeft}.</p>"}, "type": "desc"}, {"attributes": {}, "type": "types", "children": [{"attributes": {"type": "var"}, "type": "entry"}]}]}]}, {"attributes": {"text": "<p>Sets the values of the property group <code>radius</code>.</p>\n\n<p>This setter supports a shorthand mode compatible with the way margins and paddins are set in <span class=\"caps\">CSS</span>.</p>\n\n<p>For further details take a look at the property definition: {@link #radius}.</p>"}, "type": "desc"}]}, {"attributes": {"name": "setRadiusBottomLeft", "fromProperty": "radiusBottomLeft"}, "type": "method", "children": [{"attributes": {}, "type": "params", "children": [{"attributes": {"name": "value"}, "type": "param", "children": [{"attributes": {"text": "<p>New value for property <code>radiusBottomLeft</code>.</p>"}, "type": "desc"}, {"attributes": {}, "type": "types", "children": [{"attributes": {"type": "var"}, "type": "entry"}]}]}]}, {"attributes": {"text": "<p>Sets the user value of the property <code>radiusBottomLeft</code>.</p>\n\n<p>For further details take a look at the property definition: {@link #radiusBottomLeft}.</p>"}, "type": "desc"}, {"attributes": {}, "type": "return", "children": [{"attributes": {"text": "<p>The unmodified incoming value.</p>"}, "type": "desc"}, {"attributes": {}, "type": "types", "children": [{"attributes": {"type": "var"}, "type": "entry"}]}]}]}, {"attributes": {"name": "setRadiusBottomRight", "fromProperty": "radiusBottomRight"}, "type": "method", "children": [{"attributes": {}, "type": "params", "children": [{"attributes": {"name": "value"}, "type": "param", "children": [{"attributes": {"text": "<p>New value for property <code>radiusBottomRight</code>.</p>"}, "type": "desc"}, {"attributes": {}, "type": "types", "children": [{"attributes": {"type": "var"}, "type": "entry"}]}]}]}, {"attributes": {"text": "<p>Sets the user value of the property <code>radiusBottomRight</code>.</p>\n\n<p>For further details take a look at the property definition: {@link #radiusBottomRight}.</p>"}, "type": "desc"}, {"attributes": {}, "type": "return", "children": [{"attributes": {"text": "<p>The unmodified incoming value.</p>"}, "type": "desc"}, {"attributes": {}, "type": "types", "children": [{"attributes": {"type": "var"}, "type": "entry"}]}]}]}, {"attributes": {"name": "setRadiusTopLeft", "fromProperty": "radiusTopLeft"}, "type": "method", "children": [{"attributes": {}, "type": "params", "children": [{"attributes": {"name": "value"}, "type": "param", "children": [{"attributes": {"text": "<p>New value for property <code>radiusTopLeft</code>.</p>"}, "type": "desc"}, {"attributes": {}, "type": "types", "children": [{"attributes": {"type": "var"}, "type": "entry"}]}]}]}, {"attributes": {"text": "<p>Sets the user value of the property <code>radiusTopLeft</code>.</p>\n\n<p>For further details take a look at the property definition: {@link #radiusTopLeft}.</p>"}, "type": "desc"}, {"attributes": {}, "type": "return", "children": [{"attributes": {"text": "<p>The unmodified incoming value.</p>"}, "type": "desc"}, {"attributes": {}, "type": "types", "children": [{"attributes": {"type": "var"}, "type": "entry"}]}]}]}, {"attributes": {"name": "setRadiusTopRight", "fromProperty": "radiusTopRight"}, "type": "method", "children": [{"attributes": {}, "type": "params", "children": [{"attributes": {"name": "value"}, "type": "param", "children": [{"attributes": {"text": "<p>New value for property <code>radiusTopRight</code>.</p>"}, "type": "desc"}, {"attributes": {}, "type": "types", "children": [{"attributes": {"type": "var"}, "type": "entry"}]}]}]}, {"attributes": {"text": "<p>Sets the user value of the property <code>radiusTopRight</code>.</p>\n\n<p>For further details take a look at the property definition: {@link #radiusTopRight}.</p>"}, "type": "desc"}, {"attributes": {}, "type": "return", "children": [{"attributes": {"text": "<p>The unmodified incoming value.</p>"}, "type": "desc"}, {"attributes": {}, "type": "types", "children": [{"attributes": {"type": "var"}, "type": "entry"}]}]}]}]}, {"attributes": {}, "type": "properties", "children": [{"attributes": {"isMixin": true, "propertyType": "group", "group": "\"radiusTopLeft\",\"radiusTopRight\",\"radiusBottomRight\",\"radiusBottomLeft\"", "mode": "shorthand", "name": "radius"}, "type": "property", "children": [{"attributes": {"text": "<p>Property group to set the corner radius of all sides</p>"}, "type": "desc"}]}, {"attributes": {"name": "radiusBottomLeft", "allowNull": "true", "propertyType": "new", "apply": "_applyBorderRadius", "isMixin": true, "check": "Integer"}, "type": "property", "children": [{"attributes": {"text": "<p>bottom left corner radius</p>"}, "type": "desc"}]}, {"attributes": {"name": "radiusBottomRight", "allowNull": "true", "propertyType": "new", "apply": "_applyBorderRadius", "isMixin": true, "check": "Integer"}, "type": "property", "children": [{"attributes": {"text": "<p>bottom right corner radius</p>"}, "type": "desc"}]}, {"attributes": {"name": "radiusTopLeft", "allowNull": "true", "propertyType": "new", "apply": "_applyBorderRadius", "isMixin": true, "check": "Integer"}, "type": "property", "children": [{"attributes": {"text": "<p>top left corner radius</p>"}, "type": "desc"}]}, {"attributes": {"name": "radiusTopRight", "allowNull": "true", "propertyType": "new", "apply": "_applyBorderRadius", "isMixin": true, "check": "Integer"}, "type": "property", "children": [{"attributes": {"text": "<p>top right corner radius</p>"}, "type": "desc"}]}]}]}