{"attributes": {"name": "ScrollArea", "packageName": "qx.ui.core.selection", "superClass": "qx.ui.core.selection.Widget", "childClasses": "qx.ui.tree.selection.SelectionManager", "fullName": "qx.ui.core.selection.ScrollArea", "type": "class"}, "type": "class", "children": [{"attributes": {"text": "<p>A selection manager, which handles the selection in widgets extending\n{@link qx.ui.core.scroll.AbstractScrollArea}.</p>"}, "type": "desc"}, {"attributes": {}, "type": "methods", "children": [{"attributes": {"access": "protected", "docFrom": "qx.ui.core.selection.Abstract", "line": 64, "overriddenFrom": "qx.ui.core.selection.Widget", "name": "_getDimension"}, "type": "method"}, {"attributes": {"access": "protected", "docFrom": "qx.ui.core.selection.Abstract", "line": 111, "overriddenFrom": "qx.ui.core.selection.Widget", "name": "_getPage"}, "type": "method", "children": [{"attributes": {}, "type": "params", "children": [{"attributes": {"name": "lead"}, "type": "param"}, {"attributes": {"name": "up"}, "type": "param"}]}]}, {"attributes": {"access": "protected", "docFrom": "qx.ui.core.selection.Abstract", "line": 79, "overriddenFrom": "qx.ui.core.selection.Widget", "name": "_getScroll"}, "type": "method"}, {"attributes": {"access": "protected", "docFrom": "qx.ui.core.selection.Abstract", "line": 47, "overriddenFrom": "qx.ui.core.selection.Widget", "name": "_isSelectable"}, "type": "method", "children": [{"attributes": {}, "type": "params", "children": [{"attributes": {"name": "item"}, "type": "param"}]}]}, {"attributes": {"access": "protected", "docFrom": "qx.ui.core.selection.Abstract", "line": 91, "overriddenFrom": "qx.ui.core.selection.Widget", "name": "_scrollBy"}, "type": "method", "children": [{"attributes": {}, "type": "params", "children": [{"attributes": {"name": "xoff"}, "type": "param"}, {"attributes": {"name": "yoff"}, "type": "param"}]}]}]}]}