{"attributes": {"name": "MWidgetController", "isInternal": true, "packageName": "qx.ui.tree.core", "includer": "qx.ui.tree.provider.WidgetProvider", "access": "internal", "fullName": "qx.ui.tree.core.MWidgetController", "type": "mixin"}, "type": "class", "children": [{"attributes": {"text": "<p>The mixin controls the binding between model and item.</p>"}, "type": "desc"}, {"attributes": {}, "type": "constructor", "children": [{"attributes": {"line": 28, "isCtor": true, "name": "ctor"}, "type": "method"}]}, {"attributes": {}, "type": "methods", "children": [{"attributes": {"access": "private", "line": 278, "isMixin": true, "name": "__addBinding"}, "type": "method", "children": [{"attributes": {}, "type": "params", "children": [{"attributes": {"name": "widget"}, "type": "param", "children": [{"attributes": {"text": "<p>widget to save binding.</p>"}, "type": "desc"}, {"attributes": {}, "type": "types", "children": [{"attributes": {"type": "qx.ui.core.Widget"}, "type": "entry"}]}]}, {"attributes": {"name": "id"}, "type": "param", "children": [{"attributes": {"text": "<p>the id from the binding.</p>"}, "type": "desc"}, {"attributes": {}, "type": "types", "children": [{"attributes": {"type": "var"}, "type": "entry"}]}]}]}, {"attributes": {"text": "<p>Helper method to save the binding for the widget.</p>"}, "type": "desc"}]}, {"attributes": {"access": "private", "line": 298, "isMixin": true, "name": "__getBindings"}, "type": "method", "children": [{"attributes": {}, "type": "params", "children": [{"attributes": {"name": "widget"}, "type": "param", "children": [{"attributes": {"text": "<p>widget to get all binding.</p>"}, "type": "desc"}, {"attributes": {}, "type": "types", "children": [{"attributes": {"type": "qx.ui.core.Widget"}, "type": "entry"}]}]}]}, {"attributes": {"text": "<p>Helper method which returns all bound id from the widget.</p>"}, "type": "desc"}, {"attributes": {}, "type": "return", "children": [{"attributes": {"text": "<p>all bound id&#8217;s.</p>"}, "type": "desc"}, {"attributes": {}, "type": "types", "children": [{"attributes": {"type": "Array"}, "type": "entry"}]}]}]}, {"attributes": {"access": "private", "line": 262, "isMixin": true, "name": "__getBindPath"}, "type": "method", "children": [{"attributes": {}, "type": "params", "children": [{"attributes": {"name": "index"}, "type": "param", "children": [{"attributes": {"text": "<p>The index of the item.</p>"}, "type": "desc"}, {"attributes": {}, "type": "types", "children": [{"attributes": {"type": "Integer"}, "type": "entry"}]}]}, {"attributes": {"name": "path"}, "type": "param", "children": [{"attributes": {"text": "<p>The path to the property.</p>"}, "type": "desc"}, {"attributes": {}, "type": "types", "children": [{"attributes": {"type": "String"}, "type": "entry"}, {"attributes": {"type": "null"}, "type": "entry"}]}]}]}, {"attributes": {"text": "<p>Helper method to create the path for binding.</p>"}, "type": "desc"}, {"attributes": {}, "type": "return", "children": [{"attributes": {"text": "<p>The binding path</p>"}, "type": "desc"}, {"attributes": {}, "type": "types", "children": [{"attributes": {"type": "String"}, "type": "entry"}]}]}]}, {"attributes": {"access": "protected", "line": 216, "isMixin": true, "name": "_bindItem"}, "type": "method", "children": [{"attributes": {}, "type": "params", "children": [{"attributes": {"name": "item"}, "type": "param", "children": [{"attributes": {"text": "<p>The internally created and used item.</p>"}, "type": "desc"}, {"attributes": {}, "type": "types", "children": [{"attributes": {"type": "qx.ui.core.Widget"}, "type": "entry"}]}]}, {"attributes": {"name": "index"}, "type": "param", "children": [{"attributes": {"text": "<p>The index of the item.</p>"}, "type": "desc"}, {"attributes": {}, "type": "types", "children": [{"attributes": {"type": "Integer"}, "type": "entry"}]}]}]}, {"attributes": {"text": "<p>Sets up the binding for the given item and index.</p>"}, "type": "desc"}]}, {"attributes": {"access": "protected", "line": 234, "isMixin": true, "name": "_removeBindingsFrom"}, "type": "method", "children": [{"attributes": {}, "type": "params", "children": [{"attributes": {"name": "item"}, "type": "param", "children": [{"attributes": {"text": "<p>The item which the binding should be removed.</p>"}, "type": "desc"}, {"attributes": {}, "type": "types", "children": [{"attributes": {"type": "qx.ui.core.Widget"}, "type": "entry"}]}]}]}, {"attributes": {"text": "<p>Removes the binding of the given item.</p>"}, "type": "desc"}]}, {"attributes": {"line": 119, "isMixin": true, "name": "bindDefaultProperties"}, "type": "method", "children": [{"attributes": {}, "type": "params", "children": [{"attributes": {"name": "item"}, "type": "param", "children": [{"attributes": {"text": "<p>The internally created and used node or leaf.</p>"}, "type": "desc"}, {"attributes": {}, "type": "types", "children": [{"attributes": {"type": "qx.ui.core.Widget"}, "type": "entry"}]}]}, {"attributes": {"name": "index"}, "type": "param", "children": [{"attributes": {"text": "<p>The index of the item (node or leaf).</p>"}, "type": "desc"}, {"attributes": {}, "type": "types", "children": [{"attributes": {"type": "Integer"}, "type": "entry"}]}]}]}, {"attributes": {"text": "<p>Helper-Method for binding the default properties from the model to the\ntarget widget. The used default properties  depends on the passed item.</p>\n\n<p>This method should only be called in the {@link IVirtualTreeDelegate#bindItem}\nfunction implemented by the {@link #delegate} property.</p>"}, "type": "desc"}]}, {"attributes": {"line": 165, "isMixin": true, "name": "bindProperty"}, "type": "method", "children": [{"attributes": {}, "type": "params", "children": [{"attributes": {"name": "sourcePath"}, "type": "param", "children": [{"attributes": {"text": "<p>The path to the property in the model. If you use an empty string, the whole model item will be bound.</p>"}, "type": "desc"}, {"attributes": {}, "type": "types", "children": [{"attributes": {"type": "String"}, "type": "entry"}, {"attributes": {"type": "null"}, "type": "entry"}]}]}, {"attributes": {"name": "targetProperty"}, "type": "param", "children": [{"attributes": {"text": "<p>The name of the property in the target widget.</p>"}, "type": "desc"}, {"attributes": {}, "type": "types", "children": [{"attributes": {"type": "String"}, "type": "entry"}]}]}, {"attributes": {"name": "options"}, "type": "param", "children": [{"attributes": {"text": "<p>The options to use for the binding.</p>"}, "type": "desc"}, {"attributes": {}, "type": "types", "children": [{"attributes": {"type": "Map"}, "type": "entry"}, {"attributes": {"type": "null"}, "type": "entry"}]}]}, {"attributes": {"name": "targetWidget"}, "type": "param", "children": [{"attributes": {"text": "<p>The target widget.</p>"}, "type": "desc"}, {"attributes": {}, "type": "types", "children": [{"attributes": {"type": "qx.ui.core.Widget"}, "type": "entry"}]}]}, {"attributes": {"name": "index"}, "type": "param", "children": [{"attributes": {"text": "<p>The index of the current binding.</p>"}, "type": "desc"}, {"attributes": {}, "type": "types", "children": [{"attributes": {"type": "Integer"}, "type": "entry"}]}]}]}, {"attributes": {"text": "<p>Helper-Method for binding a given property from the model to the target\nwidget.</p>\n\n<p>This method should only be called in the {@link IVirtualTreeDelegate#bindItem}\nfunction implemented by the {@link #delegate} property.</p>"}, "type": "desc"}]}, {"attributes": {"line": 188, "isMixin": true, "name": "bindPropertyReverse"}, "type": "method", "children": [{"attributes": {}, "type": "params", "children": [{"attributes": {"name": "targetPath"}, "type": "param", "children": [{"attributes": {"text": "<p>The path to the property in the model.</p>"}, "type": "desc"}, {"attributes": {}, "type": "types", "children": [{"attributes": {"type": "String"}, "type": "entry"}, {"attributes": {"type": "null"}, "type": "entry"}]}]}, {"attributes": {"name": "sourceProperty"}, "type": "param", "children": [{"attributes": {"text": "<p>The name of the property in the target.</p>"}, "type": "desc"}, {"attributes": {}, "type": "types", "children": [{"attributes": {"type": "String"}, "type": "entry"}]}]}, {"attributes": {"name": "options"}, "type": "param", "children": [{"attributes": {"text": "<p>The options to use for the binding.</p>"}, "type": "desc"}, {"attributes": {}, "type": "types", "children": [{"attributes": {"type": "Map"}, "type": "entry"}, {"attributes": {"type": "null"}, "type": "entry"}]}]}, {"attributes": {"name": "sourceWidget"}, "type": "param", "children": [{"attributes": {"text": "<p>The source widget.</p>"}, "type": "desc"}, {"attributes": {}, "type": "types", "children": [{"attributes": {"type": "qx.ui.core.Widget"}, "type": "entry"}]}]}, {"attributes": {"name": "index"}, "type": "param", "children": [{"attributes": {"text": "<p>The index of the current binding.</p>"}, "type": "desc"}, {"attributes": {}, "type": "types", "children": [{"attributes": {"type": "Integer"}, "type": "entry"}]}]}]}, {"attributes": {"text": "<p>Helper-Method for binding a given property from the target widget to\nthe model.\nThis method should only be called in the\n{@link qx.ui.tree.core.IVirtualTreeDelegate#bindItem} function implemented by the\n{@link #delegate} property.</p>"}, "type": "desc"}]}, {"attributes": {"name": "getChildProperty", "fromProperty": "childProperty"}, "type": "method", "children": [{"attributes": {"text": "<p>Returns the (computed) value of the property <code>childProperty</code>.</p>\n\n<p>For further details take a look at the property definition: {@link #childProperty}.</p>"}, "type": "desc"}, {"attributes": {}, "type": "return", "children": [{"attributes": {"text": "<p>(Computed) value of <code>childProperty</code>.</p>"}, "type": "desc"}, {"attributes": {}, "type": "types", "children": [{"attributes": {"type": "var"}, "type": "entry"}]}]}]}, {"attributes": {"name": "getDelegate", "fromProperty": "delegate"}, "type": "method", "children": [{"attributes": {"text": "<p>Returns the (computed) value of the property <code>delegate</code>.</p>\n\n<p>For further details take a look at the property definition: {@link #delegate}.</p>"}, "type": "desc"}, {"attributes": {}, "type": "return", "children": [{"attributes": {"text": "<p>(Computed) value of <code>delegate</code>.</p>"}, "type": "desc"}, {"attributes": {}, "type": "types", "children": [{"attributes": {"type": "var"}, "type": "entry"}]}]}]}, {"attributes": {"name": "getIconOptions", "fromProperty": "iconOptions"}, "type": "method", "children": [{"attributes": {"text": "<p>Returns the (computed) value of the property <code>iconOptions</code>.</p>\n\n<p>For further details take a look at the property definition: {@link #iconOptions}.</p>"}, "type": "desc"}, {"attributes": {}, "type": "return", "children": [{"attributes": {"text": "<p>(Computed) value of <code>iconOptions</code>.</p>"}, "type": "desc"}, {"attributes": {}, "type": "types", "children": [{"attributes": {"type": "var"}, "type": "entry"}]}]}]}, {"attributes": {"name": "getIconPath", "fromProperty": "iconPath"}, "type": "method", "children": [{"attributes": {"text": "<p>Returns the (computed) value of the property <code>iconPath</code>.</p>\n\n<p>For further details take a look at the property definition: {@link #iconPath}.</p>"}, "type": "desc"}, {"attributes": {}, "type": "return", "children": [{"attributes": {"text": "<p>(Computed) value of <code>iconPath</code>.</p>"}, "type": "desc"}, {"attributes": {}, "type": "types", "children": [{"attributes": {"type": "var"}, "type": "entry"}]}]}]}, {"attributes": {"name": "getLabelOptions", "fromProperty": "labelOptions"}, "type": "method", "children": [{"attributes": {"text": "<p>Returns the (computed) value of the property <code>labelOptions</code>.</p>\n\n<p>For further details take a look at the property definition: {@link #labelOptions}.</p>"}, "type": "desc"}, {"attributes": {}, "type": "return", "children": [{"attributes": {"text": "<p>(Computed) value of <code>labelOptions</code>.</p>"}, "type": "desc"}, {"attributes": {}, "type": "types", "children": [{"attributes": {"type": "var"}, "type": "entry"}]}]}]}, {"attributes": {"name": "getLabelPath", "fromProperty": "labelPath"}, "type": "method", "children": [{"attributes": {"text": "<p>Returns the (computed) value of the property <code>labelPath</code>.</p>\n\n<p>For further details take a look at the property definition: {@link #labelPath}.</p>"}, "type": "desc"}, {"attributes": {}, "type": "return", "children": [{"attributes": {"text": "<p>(Computed) value of <code>labelPath</code>.</p>"}, "type": "desc"}, {"attributes": {}, "type": "types", "children": [{"attributes": {"type": "var"}, "type": "entry"}]}]}]}, {"attributes": {"access": "protected", "name": "initChildProperty", "fromProperty": "childProperty"}, "type": "method", "children": [{"attributes": {}, "type": "params", "children": [{"attributes": {"name": "value"}, "type": "param", "children": [{"attributes": {"text": "<p>Initial value for property <code>childProperty</code>.</p>"}, "type": "desc"}, {"attributes": {}, "type": "types", "children": [{"attributes": {"type": "var"}, "type": "entry"}]}]}]}, {"attributes": {"text": "<p>Calls the apply method and dispatches the change event of the property <code>childProperty</code>\nwith the default value defined by the class developer. This function can\nonly be called from the constructor of a class.</p>\n\n<p>For further details take a look at the property definition: {@link #childProperty}.</p>"}, "type": "desc"}, {"attributes": {}, "type": "return", "children": [{"attributes": {"text": "<p>the default value</p>"}, "type": "desc"}, {"attributes": {}, "type": "types", "children": [{"attributes": {"type": "var"}, "type": "entry"}]}]}]}, {"attributes": {"access": "protected", "name": "initDelegate", "fromProperty": "delegate"}, "type": "method", "children": [{"attributes": {}, "type": "params", "children": [{"attributes": {"name": "value"}, "type": "param", "children": [{"attributes": {"text": "<p>Initial value for property <code>delegate</code>.</p>"}, "type": "desc"}, {"attributes": {}, "type": "types", "children": [{"attributes": {"type": "var"}, "type": "entry"}]}]}]}, {"attributes": {"text": "<p>Calls the apply method and dispatches the change event of the property <code>delegate</code>\nwith the default value defined by the class developer. This function can\nonly be called from the constructor of a class.</p>\n\n<p>For further details take a look at the property definition: {@link #delegate}.</p>"}, "type": "desc"}, {"attributes": {}, "type": "return", "children": [{"attributes": {"text": "<p>the default value</p>"}, "type": "desc"}, {"attributes": {}, "type": "types", "children": [{"attributes": {"type": "var"}, "type": "entry"}]}]}]}, {"attributes": {"access": "protected", "name": "initIconOptions", "fromProperty": "iconOptions"}, "type": "method", "children": [{"attributes": {}, "type": "params", "children": [{"attributes": {"name": "value"}, "type": "param", "children": [{"attributes": {"text": "<p>Initial value for property <code>iconOptions</code>.</p>"}, "type": "desc"}, {"attributes": {}, "type": "types", "children": [{"attributes": {"type": "var"}, "type": "entry"}]}]}]}, {"attributes": {"text": "<p>Calls the apply method and dispatches the change event of the property <code>iconOptions</code>\nwith the default value defined by the class developer. This function can\nonly be called from the constructor of a class.</p>\n\n<p>For further details take a look at the property definition: {@link #iconOptions}.</p>"}, "type": "desc"}, {"attributes": {}, "type": "return", "children": [{"attributes": {"text": "<p>the default value</p>"}, "type": "desc"}, {"attributes": {}, "type": "types", "children": [{"attributes": {"type": "var"}, "type": "entry"}]}]}]}, {"attributes": {"access": "protected", "name": "initIconPath", "fromProperty": "iconPath"}, "type": "method", "children": [{"attributes": {}, "type": "params", "children": [{"attributes": {"name": "value"}, "type": "param", "children": [{"attributes": {"text": "<p>Initial value for property <code>iconPath</code>.</p>"}, "type": "desc"}, {"attributes": {}, "type": "types", "children": [{"attributes": {"type": "var"}, "type": "entry"}]}]}]}, {"attributes": {"text": "<p>Calls the apply method and dispatches the change event of the property <code>iconPath</code>\nwith the default value defined by the class developer. This function can\nonly be called from the constructor of a class.</p>\n\n<p>For further details take a look at the property definition: {@link #iconPath}.</p>"}, "type": "desc"}, {"attributes": {}, "type": "return", "children": [{"attributes": {"text": "<p>the default value</p>"}, "type": "desc"}, {"attributes": {}, "type": "types", "children": [{"attributes": {"type": "var"}, "type": "entry"}]}]}]}, {"attributes": {"access": "protected", "name": "initLabelOptions", "fromProperty": "labelOptions"}, "type": "method", "children": [{"attributes": {}, "type": "params", "children": [{"attributes": {"name": "value"}, "type": "param", "children": [{"attributes": {"text": "<p>Initial value for property <code>labelOptions</code>.</p>"}, "type": "desc"}, {"attributes": {}, "type": "types", "children": [{"attributes": {"type": "var"}, "type": "entry"}]}]}]}, {"attributes": {"text": "<p>Calls the apply method and dispatches the change event of the property <code>labelOptions</code>\nwith the default value defined by the class developer. This function can\nonly be called from the constructor of a class.</p>\n\n<p>For further details take a look at the property definition: {@link #labelOptions}.</p>"}, "type": "desc"}, {"attributes": {}, "type": "return", "children": [{"attributes": {"text": "<p>the default value</p>"}, "type": "desc"}, {"attributes": {}, "type": "types", "children": [{"attributes": {"type": "var"}, "type": "entry"}]}]}]}, {"attributes": {"access": "protected", "name": "initLabelPath", "fromProperty": "labelPath"}, "type": "method", "children": [{"attributes": {}, "type": "params", "children": [{"attributes": {"name": "value"}, "type": "param", "children": [{"attributes": {"text": "<p>Initial value for property <code>labelPath</code>.</p>"}, "type": "desc"}, {"attributes": {}, "type": "types", "children": [{"attributes": {"type": "var"}, "type": "entry"}]}]}]}, {"attributes": {"text": "<p>Calls the apply method and dispatches the change event of the property <code>labelPath</code>\nwith the default value defined by the class developer. This function can\nonly be called from the constructor of a class.</p>\n\n<p>For further details take a look at the property definition: {@link #labelPath}.</p>"}, "type": "desc"}, {"attributes": {}, "type": "return", "children": [{"attributes": {"text": "<p>the default value</p>"}, "type": "desc"}, {"attributes": {}, "type": "types", "children": [{"attributes": {"type": "var"}, "type": "entry"}]}]}]}, {"attributes": {"line": 201, "isMixin": true, "name": "removeBindings"}, "type": "method", "children": [{"attributes": {"text": "<p>Remove all bindings from all bounded items.</p>"}, "type": "desc"}]}, {"attributes": {"name": "resetChildProperty", "fromProperty": "childProperty"}, "type": "method", "children": [{"attributes": {"text": "<p>Resets the user value of the property <code>childProperty</code>.</p>\n\n<p>The computed value falls back to the next available value e.g. appearance, init or\ninheritance value depeneding on the property configuration and value availability.</p>\n\n<p>For further details take a look at the property definition: {@link #childProperty}.</p>"}, "type": "desc"}]}, {"attributes": {"name": "resetDelegate", "fromProperty": "delegate"}, "type": "method", "children": [{"attributes": {"text": "<p>Resets the user value of the property <code>delegate</code>.</p>\n\n<p>The computed value falls back to the next available value e.g. appearance, init or\ninheritance value depeneding on the property configuration and value availability.</p>\n\n<p>For further details take a look at the property definition: {@link #delegate}.</p>"}, "type": "desc"}]}, {"attributes": {"name": "resetIconOptions", "fromProperty": "iconOptions"}, "type": "method", "children": [{"attributes": {"text": "<p>Resets the user value of the property <code>iconOptions</code>.</p>\n\n<p>The computed value falls back to the next available value e.g. appearance, init or\ninheritance value depeneding on the property configuration and value availability.</p>\n\n<p>For further details take a look at the property definition: {@link #iconOptions}.</p>"}, "type": "desc"}]}, {"attributes": {"name": "resetIconPath", "fromProperty": "iconPath"}, "type": "method", "children": [{"attributes": {"text": "<p>Resets the user value of the property <code>iconPath</code>.</p>\n\n<p>The computed value falls back to the next available value e.g. appearance, init or\ninheritance value depeneding on the property configuration and value availability.</p>\n\n<p>For further details take a look at the property definition: {@link #iconPath}.</p>"}, "type": "desc"}]}, {"attributes": {"name": "resetLabelOptions", "fromProperty": "labelOptions"}, "type": "method", "children": [{"attributes": {"text": "<p>Resets the user value of the property <code>labelOptions</code>.</p>\n\n<p>The computed value falls back to the next available value e.g. appearance, init or\ninheritance value depeneding on the property configuration and value availability.</p>\n\n<p>For further details take a look at the property definition: {@link #labelOptions}.</p>"}, "type": "desc"}]}, {"attributes": {"name": "resetLabelPath", "fromProperty": "labelPath"}, "type": "method", "children": [{"attributes": {"text": "<p>Resets the user value of the property <code>labelPath</code>.</p>\n\n<p>The computed value falls back to the next available value e.g. appearance, init or\ninheritance value depeneding on the property configuration and value availability.</p>\n\n<p>For further details take a look at the property definition: {@link #labelPath}.</p>"}, "type": "desc"}]}, {"attributes": {"name": "setChildProperty", "fromProperty": "childProperty"}, "type": "method", "children": [{"attributes": {}, "type": "params", "children": [{"attributes": {"name": "value"}, "type": "param", "children": [{"attributes": {"text": "<p>New value for property <code>childProperty</code>.</p>"}, "type": "desc"}, {"attributes": {}, "type": "types", "children": [{"attributes": {"type": "var"}, "type": "entry"}]}]}]}, {"attributes": {"text": "<p>Sets the user value of the property <code>childProperty</code>.</p>\n\n<p>For further details take a look at the property definition: {@link #childProperty}.</p>"}, "type": "desc"}, {"attributes": {}, "type": "return", "children": [{"attributes": {"text": "<p>The unmodified incoming value.</p>"}, "type": "desc"}, {"attributes": {}, "type": "types", "children": [{"attributes": {"type": "var"}, "type": "entry"}]}]}]}, {"attributes": {"name": "setDelegate", "fromProperty": "delegate"}, "type": "method", "children": [{"attributes": {}, "type": "params", "children": [{"attributes": {"name": "value"}, "type": "param", "children": [{"attributes": {"text": "<p>New value for property <code>delegate</code>.</p>"}, "type": "desc"}, {"attributes": {}, "type": "types", "children": [{"attributes": {"type": "var"}, "type": "entry"}]}]}]}, {"attributes": {"text": "<p>Sets the user value of the property <code>delegate</code>.</p>\n\n<p>For further details take a look at the property definition: {@link #delegate}.</p>"}, "type": "desc"}, {"attributes": {}, "type": "return", "children": [{"attributes": {"text": "<p>The unmodified incoming value.</p>"}, "type": "desc"}, {"attributes": {}, "type": "types", "children": [{"attributes": {"type": "var"}, "type": "entry"}]}]}]}, {"attributes": {"name": "setIconOptions", "fromProperty": "iconOptions"}, "type": "method", "children": [{"attributes": {}, "type": "params", "children": [{"attributes": {"name": "value"}, "type": "param", "children": [{"attributes": {"text": "<p>New value for property <code>iconOptions</code>.</p>"}, "type": "desc"}, {"attributes": {}, "type": "types", "children": [{"attributes": {"type": "var"}, "type": "entry"}]}]}]}, {"attributes": {"text": "<p>Sets the user value of the property <code>iconOptions</code>.</p>\n\n<p>For further details take a look at the property definition: {@link #iconOptions}.</p>"}, "type": "desc"}, {"attributes": {}, "type": "return", "children": [{"attributes": {"text": "<p>The unmodified incoming value.</p>"}, "type": "desc"}, {"attributes": {}, "type": "types", "children": [{"attributes": {"type": "var"}, "type": "entry"}]}]}]}, {"attributes": {"name": "setIconPath", "fromProperty": "iconPath"}, "type": "method", "children": [{"attributes": {}, "type": "params", "children": [{"attributes": {"name": "value"}, "type": "param", "children": [{"attributes": {"text": "<p>New value for property <code>iconPath</code>.</p>"}, "type": "desc"}, {"attributes": {}, "type": "types", "children": [{"attributes": {"type": "var"}, "type": "entry"}]}]}]}, {"attributes": {"text": "<p>Sets the user value of the property <code>iconPath</code>.</p>\n\n<p>For further details take a look at the property definition: {@link #iconPath}.</p>"}, "type": "desc"}, {"attributes": {}, "type": "return", "children": [{"attributes": {"text": "<p>The unmodified incoming value.</p>"}, "type": "desc"}, {"attributes": {}, "type": "types", "children": [{"attributes": {"type": "var"}, "type": "entry"}]}]}]}, {"attributes": {"name": "setLabelOptions", "fromProperty": "labelOptions"}, "type": "method", "children": [{"attributes": {}, "type": "params", "children": [{"attributes": {"name": "value"}, "type": "param", "children": [{"attributes": {"text": "<p>New value for property <code>labelOptions</code>.</p>"}, "type": "desc"}, {"attributes": {}, "type": "types", "children": [{"attributes": {"type": "var"}, "type": "entry"}]}]}]}, {"attributes": {"text": "<p>Sets the user value of the property <code>labelOptions</code>.</p>\n\n<p>For further details take a look at the property definition: {@link #labelOptions}.</p>"}, "type": "desc"}, {"attributes": {}, "type": "return", "children": [{"attributes": {"text": "<p>The unmodified incoming value.</p>"}, "type": "desc"}, {"attributes": {}, "type": "types", "children": [{"attributes": {"type": "var"}, "type": "entry"}]}]}]}, {"attributes": {"name": "setLabelPath", "fromProperty": "labelPath"}, "type": "method", "children": [{"attributes": {}, "type": "params", "children": [{"attributes": {"name": "value"}, "type": "param", "children": [{"attributes": {"text": "<p>New value for property <code>labelPath</code>.</p>"}, "type": "desc"}, {"attributes": {}, "type": "types", "children": [{"attributes": {"type": "var"}, "type": "entry"}]}]}]}, {"attributes": {"text": "<p>Sets the user value of the property <code>labelPath</code>.</p>\n\n<p>For further details take a look at the property definition: {@link #labelPath}.</p>"}, "type": "desc"}, {"attributes": {}, "type": "return", "children": [{"attributes": {"text": "<p>The unmodified incoming value.</p>"}, "type": "desc"}, {"attributes": {}, "type": "types", "children": [{"attributes": {"type": "var"}, "type": "entry"}]}]}]}]}, {"attributes": {}, "type": "properties", "children": [{"attributes": {"allowNull": "true", "propertyType": "new", "isMixin": true, "check": "String", "name": "childProperty"}, "type": "property", "children": [{"attributes": {"text": "<p>The name of the property, where the children are stored in the model.\nInstead of the {@link #labelPath} must the child property a direct\nproperty form the model instance.</p>"}, "type": "desc"}]}, {"attributes": {"name": "delegate", "defaultValue": "null", "allowNull": "true", "propertyType": "new", "isMixin": true, "event": "changeDelegate"}, "type": "property", "children": [{"attributes": {"text": "<p>Delegation object, which can have one or more functions defined by the\n{@link qx.ui.tree.core.IVirtualTreeDelegate} interface.</p>"}, "type": "desc"}]}, {"attributes": {"allowNull": "true", "isMixin": true, "name": "iconOptions", "propertyType": "new"}, "type": "property", "children": [{"attributes": {"text": "<p>A map containing the options for the icon binding. The possible keys\ncan be found in the {@link qx.data.SingleValueBinding} documentation.</p>"}, "type": "desc"}]}, {"attributes": {"allowNull": "true", "propertyType": "new", "isMixin": true, "check": "String", "name": "iconPath"}, "type": "property", "children": [{"attributes": {"text": "<p>The path to the property which holds the information that should be\nshown as an icon.</p>"}, "type": "desc"}]}, {"attributes": {"allowNull": "true", "isMixin": true, "name": "labelOptions", "propertyType": "new"}, "type": "property", "children": [{"attributes": {"text": "<p>A map containing the options for the label binding. The possible keys\ncan be found in the {@link qx.data.SingleValueBinding} documentation.</p>"}, "type": "desc"}]}, {"attributes": {"allowNull": "true", "propertyType": "new", "isMixin": true, "check": "String", "name": "labelPath"}, "type": "property", "children": [{"attributes": {"text": "<p>The name of the property, where the value for the tree node/leaf label\nis stored in the model classes.</p>"}, "type": "desc"}]}]}, {"attributes": {}, "type": "events", "children": [{"attributes": {"name": "changeDelegate"}, "type": "event", "children": [{"attributes": {"text": "Fired on change of the property {@link #delegate}."}, "type": "desc"}, {"attributes": {}, "type": "types", "children": [{"attributes": {"type": "qx.event.type.Data"}, "type": "entry"}]}]}]}]}