{"attributes": {"fullName": "qx.ui.root.Application", "packageName": "qx.ui.root", "type": "class", "name": "Application", "superClass": "qx.ui.root.Abstract"}, "type": "class", "children": [{"attributes": {"text": "<p>This is the root widget for qooxdoo applications with an\n&#8220;application&#8221; like behaviour. The widget will span the whole viewport\nand the document body will have no scrollbars.</p>\n\n<p>The root widget does not support paddings and decorators with insets.</p>\n\n<p>If you want to enhance <span class=\"caps\">HTML</span> pages with qooxdoo widgets please use\n{@link qx.ui.root.Page} eventually in combination with\n{@link qx.ui.root.Inline} widgets.</p>\n\n<p>This class uses a {@link qx.ui.layout.Canvas} as fixed layout. The layout\ncannot be changed.</p>"}, "type": "desc"}, {"attributes": {}, "type": "constructor", "children": [{"attributes": {"line": 57, "isCtor": true, "overriddenFrom": "qx.ui.root.Abstract", "name": "ctor"}, "type": "method", "children": [{"attributes": {}, "type": "params", "children": [{"attributes": {"name": "doc"}, "type": "param", "children": [{"attributes": {"text": "<p>Document to use</p>"}, "type": "desc"}, {"attributes": {}, "type": "types", "children": [{"attributes": {"type": "Document"}, "type": "entry"}]}]}]}, {"attributes": {"text": ""}, "type": "desc"}]}]}, {"attributes": {}, "type": "methods", "children": [{"attributes": {"access": "private", "line": 214, "name": "__stopScrolling"}, "type": "method", "children": [{"attributes": {}, "type": "params", "children": [{"attributes": {"name": "e"}, "type": "param", "children": [{"attributes": {"text": "<p>The qooxdoo touch event.</p>"}, "type": "desc"}, {"attributes": {}, "type": "types", "children": [{"attributes": {"type": "qx.event.type.Touch"}, "type": "entry"}]}]}]}, {"attributes": {"text": "<p>Handler for the native &#8216;touchstart&#8217; on the window which prevents\nthe native page scrolling.</p>"}, "type": "desc"}]}, {"attributes": {"access": "protected", "line": 200, "overriddenFrom": "qx.ui.core.Widget", "name": "_applyPadding"}, "type": "method", "children": [{"attributes": {}, "type": "params", "children": [{"attributes": {"name": "value"}, "type": "param", "children": [{"attributes": {"text": "<p>new value of the property</p>"}, "type": "desc"}, {"attributes": {}, "type": "types", "children": [{"attributes": {"type": "Integer"}, "type": "entry"}]}]}, {"attributes": {"name": "old"}, "type": "param", "children": [{"attributes": {"text": "<p>previous value of the property (null if it was not yet set).</p>"}, "type": "desc"}, {"attributes": {}, "type": "types", "children": [{"attributes": {"type": "Integer"}, "type": "entry"}]}]}]}, {"attributes": {}, "type": "apply", "children": [{"attributes": {"applies": "qx.ui.core.Widget#paddingBottom"}, "type": "entry"}, {"attributes": {"applies": "qx.ui.core.Widget#paddingLeft"}, "type": "entry"}, {"attributes": {"applies": "qx.ui.core.Widget#paddingRight"}, "type": "entry"}, {"attributes": {"applies": "qx.ui.core.Widget#paddingTop"}, "type": "entry"}]}, {"attributes": {"text": "<p>Applies changes of the property value of the properties <code>paddingBottom</code>, <code>paddingLeft</code>, <code>paddingRight</code> and <code>paddingTop</code>.</p>\n\n<p>For further details take a look at the property definitions: {@link #paddingBottom}, {@link #paddingLeft}, {@link #paddingRight} and {@link #paddingTop}.</p>"}, "type": "desc"}]}, {"attributes": {"access": "protected", "docFrom": "qx.ui.core.LayoutItem", "line": 183, "overriddenFrom": "qx.ui.core.Widget", "name": "_computeSizeHint"}, "type": "method"}, {"attributes": {"access": "protected", "line": 122, "overriddenFrom": "qx.ui.core.Widget", "name": "_createContentElement"}, "type": "method", "children": [{"attributes": {"text": "<p>Create the widget&#8217;s container <span class=\"caps\">HTML</span> element.</p>"}, "type": "desc"}, {"attributes": {}, "type": "return", "children": [{"attributes": {"text": "<p>The container <span class=\"caps\">HTML</span> element</p>"}, "type": "desc"}, {"attributes": {}, "type": "types", "children": [{"attributes": {"type": "qx.html.Element"}, "type": "entry"}]}]}]}, {"attributes": {"access": "protected", "line": 167, "name": "_onResize"}, "type": "method", "children": [{"attributes": {}, "type": "params", "children": [{"attributes": {"name": "e"}, "type": "param", "children": [{"attributes": {"text": "<p>Event object</p>"}, "type": "desc"}, {"attributes": {}, "type": "types", "children": [{"attributes": {"type": "qx.event.type.Event"}, "type": "entry"}]}]}]}, {"attributes": {"text": "<p>Listener for window&#8217;s resize event</p>"}, "type": "desc"}]}]}]}