{"attributes": {"fullName": "qx.ui.virtual.layer.Row", "packageName": "qx.ui.virtual.layer", "type": "class", "name": "Row", "superClass": "qx.ui.virtual.layer.AbstractBackground"}, "type": "class", "children": [{"attributes": {"text": "<p><span class=\"caps\">EXPERIMENTAL</span>!</p>\n\n<p>The Row layer renders row background colors.</p>"}, "type": "desc"}, {"attributes": {}, "type": "properties", "children": [{"attributes": {"name": "appearance", "docFrom": "qx.ui.core.Widget", "defaultValue": "\"row-layer\"", "refine": "true", "propertyType": "new", "overriddenFrom": "qx.ui.core.Widget"}, "type": "property"}]}, {"attributes": {}, "type": "methods", "children": [{"attributes": {"access": "private", "line": 145, "name": "__isRowRendered"}, "type": "method", "children": [{"attributes": {}, "type": "params", "children": [{"attributes": {"name": "index"}, "type": "param", "children": [{"attributes": {"text": "<p>The row&#8217;s index</p>"}, "type": "desc"}, {"attributes": {}, "type": "types", "children": [{"attributes": {"type": "Integer"}, "type": "entry"}]}]}]}, {"attributes": {"text": "<p>Whether the row with the given index is currently rendered (i.e. in the\nlayer&#8217;s view port).</p>"}, "type": "desc"}, {"attributes": {}, "type": "return", "children": [{"attributes": {"text": "<p>Whether the row is rendered</p>"}, "type": "desc"}, {"attributes": {}, "type": "types", "children": [{"attributes": {"type": "Boolean"}, "type": "entry"}]}]}]}, {"attributes": {"access": "protected", "docFrom": "qx.ui.virtual.layer.Abstract", "line": 57, "overriddenFrom": "qx.ui.virtual.layer.Abstract", "name": "_fullUpdate"}, "type": "method", "children": [{"attributes": {}, "type": "params", "children": [{"attributes": {"name": "firstRow"}, "type": "param"}, {"attributes": {"name": "firstColumn"}, "type": "param"}, {"attributes": {"name": "rowSizes"}, "type": "param"}, {"attributes": {"name": "columnSizes"}, "type": "param"}]}]}, {"attributes": {"access": "protected", "docFrom": "qx.ui.virtual.layer.Abstract", "line": 105, "overriddenFrom": "qx.ui.virtual.layer.Abstract", "name": "_updateLayerWindow"}, "type": "method", "children": [{"attributes": {}, "type": "params", "children": [{"attributes": {"name": "firstRow"}, "type": "param"}, {"attributes": {"name": "firstColumn"}, "type": "param"}, {"attributes": {"name": "rowSizes"}, "type": "param"}, {"attributes": {"name": "columnSizes"}, "type": "param"}]}]}, {"attributes": {"docFrom": "qx.ui.virtual.layer.AbstractBackground", "line": 129, "overriddenFrom": "qx.ui.virtual.layer.AbstractBackground", "name": "setBackground"}, "type": "method", "children": [{"attributes": {}, "type": "params", "children": [{"attributes": {"name": "index"}, "type": "param"}, {"attributes": {"name": "decorator"}, "type": "param"}]}]}, {"attributes": {"docFrom": "qx.ui.virtual.layer.AbstractBackground", "line": 118, "overriddenFrom": "qx.ui.virtual.layer.AbstractBackground", "name": "setColor"}, "type": "method", "children": [{"attributes": {}, "type": "params", "children": [{"attributes": {"name": "index"}, "type": "param"}, {"attributes": {"name": "color"}, "type": "param"}]}]}]}]}