{"attributes": {"fullName": "qx.xml.Element", "packageName": "qx.xml", "isStatic": true, "type": "class", "name": "Element"}, "type": "class", "children": [{"attributes": {"text": "<p>Cross browser <span class=\"caps\">XML</span> Element <span class=\"caps\">API</span></p>\n\n<p><span class=\"caps\">API</span> to select, query and serialize <span class=\"caps\">XML</span> elements.</p>\n\n<p>Further information:</p>\n\n<ul>\n<li><a href=\"https://developer.mozilla.org/en-US/docs/Parsing_and_serializing_XML\"><span class=\"caps\">MDN</span> Parsing and Serializing <span class=\"caps\">XML</span></a></li>\n</ul>\n\n<p>Please note that nodes selected using the <code>selectSingleNode()</code> and\n<code>selectNodes()</code> methods remain in their document context so\n<code>qx.xml.Element.selectNodes(foo, &#8221;//bar&#8221;);</code>\nwill search the entire document for any nodes named &#8220;bar&#8221;, not just the\n<code>foo</code> node.</p>"}, "type": "desc"}, {"attributes": {}, "type": "methods-static", "children": [{"attributes": {"line": 315, "isStatic": true, "name": "createSubElementNS"}, "type": "method", "children": [{"attributes": {}, "type": "params", "children": [{"attributes": {"name": "document"}, "type": "param", "children": [{"attributes": {"text": "<p>The node&#8217;s parent document, created e.g. by {@link qx.xml.Document#create}</p>"}, "type": "desc"}, {"attributes": {}, "type": "types", "children": [{"attributes": {"type": "Document"}, "type": "entry"}]}]}, {"attributes": {"name": "parent"}, "type": "param", "children": [{"attributes": {"text": "<p>The parent element for the new sub-element</p>"}, "type": "desc"}, {"attributes": {}, "type": "types", "children": [{"attributes": {"type": "Element"}, "type": "entry"}]}]}, {"attributes": {"name": "name"}, "type": "param", "children": [{"attributes": {"text": "<p>The new element&#8217;s name</p>"}, "type": "desc"}, {"attributes": {}, "type": "types", "children": [{"attributes": {"type": "String"}, "type": "entry"}]}]}, {"attributes": {"name": "namespaceUri"}, "type": "param", "children": [{"attributes": {"text": "<p>Namespace <span class=\"caps\">URI</span> for the new element</p>"}, "type": "desc"}, {"attributes": {}, "type": "types", "children": [{"attributes": {"type": "String"}, "type": "entry"}]}]}]}, {"attributes": {"text": "<p>Creates an element with the given namespace and appends it to an existing\nelement</p>"}, "type": "desc"}, {"attributes": {}, "type": "return", "children": [{"attributes": {"text": "<p>The newly created sub-element</p>"}, "type": "desc"}, {"attributes": {}, "type": "types", "children": [{"attributes": {"type": "Element"}, "type": "entry"}]}]}]}, {"attributes": {"line": 278, "isStatic": true, "name": "getAttributeNS"}, "type": "method", "children": [{"attributes": {}, "type": "params", "children": [{"attributes": {"name": "element"}, "type": "param", "children": [{"attributes": {"text": "<p><span class=\"caps\">XML</span>/DOM element to modify</p>"}, "type": "desc"}, {"attributes": {}, "type": "types", "children": [{"attributes": {"type": "Element"}, "type": "entry"}]}]}, {"attributes": {"name": "namespaceUri"}, "type": "param", "children": [{"attributes": {"text": "<p>Namespace <span class=\"caps\">URI</span></p>"}, "type": "desc"}, {"attributes": {}, "type": "types", "children": [{"attributes": {"type": "String"}, "type": "entry"}]}]}, {"attributes": {"name": "name"}, "type": "param", "children": [{"attributes": {"text": "<p>Attribute name</p>"}, "type": "desc"}, {"attributes": {}, "type": "types", "children": [{"attributes": {"type": "String"}, "type": "entry"}]}]}]}, {"attributes": {"text": "<p>Get the value of the attribute with the given namespace and name</p>"}, "type": "desc"}, {"attributes": {}, "type": "return", "children": [{"attributes": {"text": "<p>the value of the attribute, empty string if not found</p>"}, "type": "desc"}, {"attributes": {}, "type": "types", "children": [{"attributes": {"type": "String"}, "type": "entry"}]}]}]}, {"attributes": {"line": 210, "isStatic": true, "name": "getElementsByTagNameNS"}, "type": "method", "children": [{"attributes": {}, "type": "params", "children": [{"attributes": {"name": "element"}, "type": "param", "children": [{"attributes": {"text": "<p>the element from where the search should start. Note that only the descendants of this element are included in the search, not the node itself.</p>"}, "type": "desc"}, {"attributes": {}, "type": "types", "children": [{"attributes": {"type": "Element"}, "type": "entry"}, {"attributes": {"type": "Document"}, "type": "entry"}]}]}, {"attributes": {"name": "namespaceURI"}, "type": "param", "children": [{"attributes": {"text": "<p>is the namespace <span class=\"caps\">URI</span> of elements to look for . For example, if you need to look for <span class=\"caps\">XHTML</span> elements, use the <span class=\"caps\">XHTML</span> namespace <span class=\"caps\">URI</span>, <tt><a href=\"http://www.w3.org/1999/xhtml/\">http://www.w3.org/1999/xhtml/</a></tt>.</p>"}, "type": "desc"}, {"attributes": {}, "type": "types", "children": [{"attributes": {"type": "var"}, "type": "entry"}]}]}, {"attributes": {"name": "tagname"}, "type": "param", "children": [{"attributes": {"text": "<p>the tagname to look for</p>"}, "type": "desc"}, {"attributes": {}, "type": "types", "children": [{"attributes": {"type": "String"}, "type": "entry"}]}]}]}, {"attributes": {"text": "<p>Returns a list of elements with the given tag name belonging to the given namespace</p>\n\n<p>(See\n<a href=\"https://developer.mozilla.org/en-US/docs/DOM/element.getElementsByTagNameNS\"><span class=\"caps\">MDN</span>\nReference</a>).</p>"}, "type": "desc"}, {"attributes": {}, "type": "return", "children": [{"attributes": {"text": "<p>a list of found elements in the order they appear in the tree.</p>"}, "type": "desc"}, {"attributes": {}, "type": "types", "children": [{"attributes": {"type": "Element", "dimensions": 1}, "type": "entry"}]}]}]}, {"attributes": {"line": 236, "isStatic": true, "name": "getSingleNodeText"}, "type": "method", "children": [{"attributes": {}, "type": "params", "children": [{"attributes": {"name": "element"}, "type": "param", "children": [{"attributes": {"text": "<p>root element for the search</p>"}, "type": "desc"}, {"attributes": {}, "type": "types", "children": [{"attributes": {"type": "Element"}, "type": "entry"}, {"attributes": {"type": "Document"}, "type": "entry"}]}]}, {"attributes": {"name": "query"}, "type": "param", "children": [{"attributes": {"text": "<p>XPath query</p>"}, "type": "desc"}, {"attributes": {}, "type": "types", "children": [{"attributes": {"type": "String"}, "type": "entry"}]}]}]}, {"attributes": {"text": "<p>Selects the first XmlNode that matches the XPath expression and returns the text content of the element</p>"}, "type": "desc"}, {"attributes": {}, "type": "return", "children": [{"attributes": {"text": "<p>the joined text content of the found element or null if not appropriate.</p>"}, "type": "desc"}, {"attributes": {}, "type": "types", "children": [{"attributes": {"type": "String"}, "type": "entry"}]}]}]}, {"attributes": {"line": 137, "isStatic": true, "name": "selectNodes"}, "type": "method", "children": [{"attributes": {}, "type": "params", "children": [{"attributes": {"name": "element"}, "type": "param", "children": [{"attributes": {"text": "<p>root element for the search</p>"}, "type": "desc"}, {"attributes": {}, "type": "types", "children": [{"attributes": {"type": "Element"}, "type": "entry"}, {"attributes": {"type": "Document"}, "type": "entry"}]}]}, {"attributes": {"name": "query"}, "type": "param", "children": [{"attributes": {"text": "<p>XPath query</p>"}, "type": "desc"}, {"attributes": {}, "type": "types", "children": [{"attributes": {"type": "String"}, "type": "entry"}]}]}, {"attributes": {"name": "namespaces"}, "type": "param", "children": [{"attributes": {"text": "<p>optional map of prefixes and their namespace URIs</p>"}, "type": "desc"}, {"attributes": {}, "type": "types", "children": [{"attributes": {"type": "Map"}, "type": "entry"}]}]}]}, {"attributes": {"text": "<p>Selects a list of nodes matching the XPath expression.</p>"}, "type": "desc"}, {"attributes": {}, "type": "return", "children": [{"attributes": {"text": "<p>List of matching elements</p>"}, "type": "desc"}, {"attributes": {}, "type": "types", "children": [{"attributes": {"type": "Element", "dimensions": 1}, "type": "entry"}]}]}]}, {"attributes": {"line": 77, "isStatic": true, "name": "selectSingleNode"}, "type": "method", "children": [{"attributes": {}, "type": "params", "children": [{"attributes": {"name": "element"}, "type": "param", "children": [{"attributes": {"text": "<p>root element for the search</p>"}, "type": "desc"}, {"attributes": {}, "type": "types", "children": [{"attributes": {"type": "Element"}, "type": "entry"}, {"attributes": {"type": "Document"}, "type": "entry"}]}]}, {"attributes": {"name": "query"}, "type": "param", "children": [{"attributes": {"text": "<p>XPath query</p>"}, "type": "desc"}, {"attributes": {}, "type": "types", "children": [{"attributes": {"type": "String"}, "type": "entry"}]}]}, {"attributes": {"name": "namespaces"}, "type": "param", "children": [{"attributes": {"text": "<p>optional map of prefixes and their namespace URIs</p>"}, "type": "desc"}, {"attributes": {}, "type": "types", "children": [{"attributes": {"type": "Map"}, "type": "entry"}]}]}]}, {"attributes": {"text": "<p>Selects the first XmlNode that matches the XPath expression.</p>"}, "type": "desc"}, {"attributes": {}, "type": "return", "children": [{"attributes": {"text": "<p>first matching element</p>"}, "type": "desc"}, {"attributes": {}, "type": "types", "children": [{"attributes": {"type": "Element"}, "type": "entry"}]}]}]}, {"attributes": {"line": 55, "isStatic": true, "name": "serialize"}, "type": "method", "children": [{"attributes": {}, "type": "params", "children": [{"attributes": {"name": "element"}, "type": "param", "children": [{"attributes": {"text": "<p>The root of the subtree to be serialized. This could be any node, including a Document.</p>"}, "type": "desc"}, {"attributes": {}, "type": "types", "children": [{"attributes": {"type": "Element"}, "type": "entry"}, {"attributes": {"type": "Document"}, "type": "entry"}]}]}]}, {"attributes": {"text": "<p>The subtree rooted by the specified element or document is serialized to a string.</p>"}, "type": "desc"}, {"attributes": {}, "type": "return", "children": [{"attributes": {"text": "<p>Serialized subtree</p>"}, "type": "desc"}, {"attributes": {}, "type": "types", "children": [{"attributes": {"type": "String"}, "type": "entry"}]}]}]}, {"attributes": {"line": 253, "isStatic": true, "name": "setAttributeNS"}, "type": "method", "children": [{"attributes": {}, "type": "params", "children": [{"attributes": {"name": "document"}, "type": "param", "children": [{"attributes": {"text": "<p>The node&#8217;s parent document, created e.g. by {@link qx.xml.Document#create}</p>"}, "type": "desc"}, {"attributes": {}, "type": "types", "children": [{"attributes": {"type": "Document"}, "type": "entry"}]}]}, {"attributes": {"name": "element"}, "type": "param", "children": [{"attributes": {"text": "<p><span class=\"caps\">XML</span>/DOM element to modify</p>"}, "type": "desc"}, {"attributes": {}, "type": "types", "children": [{"attributes": {"type": "Element"}, "type": "entry"}]}]}, {"attributes": {"name": "namespaceUri"}, "type": "param", "children": [{"attributes": {"text": "<p>Namespace <span class=\"caps\">URI</span></p>"}, "type": "desc"}, {"attributes": {}, "type": "types", "children": [{"attributes": {"type": "String"}, "type": "entry"}]}]}, {"attributes": {"name": "name"}, "type": "param", "children": [{"attributes": {"text": "<p>Attribute name</p>"}, "type": "desc"}, {"attributes": {}, "type": "types", "children": [{"attributes": {"type": "String"}, "type": "entry"}]}]}, {"attributes": {"name": "value"}, "type": "param", "children": [{"attributes": {"text": "<p>Attribute value</p>"}, "type": "desc"}, {"attributes": {}, "type": "types", "children": [{"attributes": {"type": "String"}, "type": "entry"}]}]}]}, {"attributes": {"text": "<p>Adds or sets an attribute with the given namespace on a node</p>"}, "type": "desc"}]}]}, {"attributes": {}, "type": "constants", "children": [{"attributes": {"type": "Boolean", "name": "XML_SERIALIZER", "value": "false"}, "type": "constant", "children": [{"attributes": {"text": "<code>true</code> if the native XMLSerializer should be used, <code>false</code> otherwise."}, "type": "desc"}, {"attributes": {}, "type": "types", "children": [{"attributes": {"type": "Boolean"}, "type": "entry"}]}]}, {"attributes": {"access": "private", "type": "Null", "name": "__xpe", "value": "null"}, "type": "constant"}]}]}