module,layout,index
accounts,"[{\"id\":\"AccountOverview\",\"layout\":\"double\"},{\"id\":\"MoreInformation\",\"layout\":\"double\"},{\"id\":\"Other\",\"layout\":\"double\"}]",0
bugs,"[{\"id\":\"BugOverview\",\"layout\":\"double\"},{\"id\":\"Other\",\"layout\":\"double\"}]",1
calls,"[{\"id\":\"CallOverview\",\"layout\":\"double\"},{\"id\":\"Other\",\"layout\":\"double\"}]",2
campaigns,"[{\"id\":\"CampaignOverview\",\"layout\":\"double\"},{\"id\":\"Other\",\"layout\":\"double\"}]",3
cases,"[{\"id\":\"CaseOverview\",\"layout\":\"double\"},{\"id\":\"Other\",\"layout\":\"double\"}]",4
contacts,"[{\"id\":\"ContactOverview\",\"layout\":\"double\"},{\"id\":\"MoreInformation\",\"layout\":\"double\"},{\"id\":\"Other\",\"layout\":\"double\"}]",5
documents,"[{\"id\":\"DocumentOverview\",\"layout\":\"double\"},{\"id\":\"RevisionDetails\",\"layout\":\"double\"}]",6
leads,"[{\"id\":\"LeadOverview\",\"layout\":\"double\"},{\"id\":\"MoreInformation\",\"layout\":\"double\"},{\"id\":\"Other\",\"layout\":\"double\"}]",7
meetings,"[{\"id\":\"MeetingOverview\",\"layout\":\"double\"},{\"id\":\"Other\",\"layout\":\"double\"}]",8
notes,"[{\"id\":\"NoteOverview\",\"layout\":\"double\"},{\"id\":\"Other\",\"layout\":\"double\"}]",9
opportunities,"[{\"id\":\"Default\",\"layout\":\"double\"},{\"id\":\"Other\",\"layout\":\"double\"}]",10
projecttasks,"[{\"id\":\"Default\",\"layout\":\"double\"}]",11
projects,"[{\"id\":\"ProjectOverview\",\"layout\":\"double\"},{\"id\":\"Other\",\"layout\":\"double\"}]",12
tasks,"[{\"id\":\"TaskOverview\",\"layout\":\"double\"},{\"id\":\"Other\",\"layout\":\"double\"}]",13
