<refentry xmlns="http://docbook.org/ns/docbook"
          xmlns:xlink="http://www.w3.org/1999/xlink"
          xmlns:xi="http://www.w3.org/2001/XInclude"
          xmlns:src="http://nwalsh.com/xmlns/litprog/fragment"
          xmlns:xsl="http://www.w3.org/1999/XSL/Transform"
          version="5.0" xml:id="slidy.slidy.css">
<refmeta>
<refentrytitle>slidy.slidy.css</refentrytitle>
<refmiscinfo class="other" otherclass="datatype">filename</refmiscinfo>
</refmeta>
<refnamediv>
<refname>slidy.slidy.css</refname>
<refpurpose>Specifies the name of the main Slidy CSS file</refpurpose>
</refnamediv>

<refsynopsisdiv>
  <src:fragment xml:id="slidy.slidy.css.frag">
    <xsl:param name="slidy.slidy.css">styles/slidy.css</xsl:param>
  </src:fragment>
</refsynopsisdiv>

<refsection><info><title>Description</title></info>

<para>This parameter specifies the name of the main Slidy CSS file.</para>

</refsection>
</refentry>
