{
  // IMAGE CLIPPING AND COMBINING JOBS

  "let" :
  {
    "RESPATH" : "./source/resource",
    "QXRESPATH" : "${QOOXDOO_PATH}/framework/source/resource",
    "CACHE"   : "${TMPDIR}/qx${QOOXDOO_VERSION}/cache"
  },
   
  "jobs" :
  {
    
    "image-combine" :
    {
      "desc" : "Feedreader image combining",

      "cache" :
      {
        "compile" : "${CACHE}"
      },

      "combine-images" :
      {
        "images" :
        {
          "${RESPATH}/feedreader/images/combined/icons22.png" :
          {
            "prefix": [ "${RESPATH}" ],
            "input" :
            [
              {
                "prefix": [ "${QXRESPATH}" ],
                "files" :
                [
                  "${QXRESPATH}/qx/icon/Tango/22/actions/dialog-ok.png",
                  "${QXRESPATH}/qx/icon/Tango/22/actions/dialog-cancel.png",
                  "${QXRESPATH}/qx/icon/Tango/22/actions/view-refresh.png",
                  "${QXRESPATH}/qx/icon/Tango/22/actions/help-about.png",
                  "${QXRESPATH}/qx/icon/Tango/22/places/folder-open.png",
                  "${QXRESPATH}/qx/icon/Tango/22/places/folder.png",
                  "${QXRESPATH}/qx/icon/Tango/22/apps/internet-feed-reader.png",
                  "${QXRESPATH}/qx/icon/Tango/22/apps/preferences-theme.png",
                  "${QXRESPATH}/qx/icon/Tango/22/actions/process-stop.png"
                ]
              }
            ],
            "layout" : "vertical"
          },
          
          "${RESPATH}/feedreader/images/combined/icons16.png" :
          {
            "prefix": [ "${RESPATH}" ],
            "input" :
            [
              {
                "prefix": [ "${QXRESPATH}" ],
                "files" :
                [
                  "${QXRESPATH}/qx/icon/Tango/16/actions/document-new.png",
                  "${QXRESPATH}/qx/icon/Tango/16/actions/dialog-apply.png",
                  "${QXRESPATH}/qx/icon/Tango/16/apps/preferences-theme.png",
                  "${QXRESPATH}/qx/icon/Tango/16/apps/preferences-locale.png",
                  "${QXRESPATH}/qx/icon/Tango/16/actions/dialog-cancel.png",
                  "${QXRESPATH}/qx/icon/Tango/16/actions/dialog-ok.png"
                ]
              }
            ],
            "layout" : "vertical"
          }
        }
      }
    },


    "image-combine-b64" :
    {
      "desc" : "Feedreader same combined image base64 encoded",

      "cache" :
      {
        "compile" : "${CACHE}"
      },

      "combine-images" :
      {
        "images" :
        {
          "${RESPATH}/feedreader/images/combined/icons22.b64.json" :
          {
            "prefix": [ "${RESPATH}" ],
            "type"  : "base64",
            "input" :
            [
              {
                "prefix": [ "${QXRESPATH}" ],
                "files" :
                [
                  "${QXRESPATH}/qx/icon/Tango/22/actions/dialog-ok.png",
                  "${QXRESPATH}/qx/icon/Tango/22/actions/dialog-cancel.png",
                  "${QXRESPATH}/qx/icon/Tango/22/actions/view-refresh.png",
                  "${QXRESPATH}/qx/icon/Tango/22/actions/help-about.png",
                  "${QXRESPATH}/qx/icon/Tango/22/places/folder-open.png",
                  "${QXRESPATH}/qx/icon/Tango/22/places/folder.png",
                  "${QXRESPATH}/qx/icon/Tango/22/apps/internet-feed-reader.png",
                  "${QXRESPATH}/qx/icon/Tango/22/apps/preferences-theme.png",
                  "${QXRESPATH}/qx/icon/Tango/22/actions/process-stop.png"
                ]
              }
            ],
            "layout" : "vertical"
          },
          
          "${RESPATH}/feedreader/images/combined/icons16.b64.json" :
          {
            "prefix": [ "${RESPATH}" ],
            "type"  : "base64",
            "input" :
            [
              {
                "prefix": [ "${QXRESPATH}" ],
                "files" :
                [
                  "${QXRESPATH}/qx/icon/Tango/16/actions/document-new.png",
                  "${QXRESPATH}/qx/icon/Tango/16/actions/dialog-apply.png",
                  "${QXRESPATH}/qx/icon/Tango/16/apps/preferences-theme.png",
                  "${QXRESPATH}/qx/icon/Tango/16/apps/preferences-locale.png",
                  "${QXRESPATH}/qx/icon/Tango/16/actions/dialog-cancel.png",
                  "${QXRESPATH}/qx/icon/Tango/16/actions/dialog-ok.png"
                ]
              }
            ],
            "layout" : "vertical"
          }
        }
      }
    }
  }  
}
