id,name,date_entered,date_modified,modified_user_id,created_by,description,deleted,assigned_user_id,account_type,industry,annual_revenue,phone_fax,billing_address_street,billing_address_city,billing_address_state,billing_address_postalcode,billing_address_country,rating,phone_office,phone_alternate,website,ownership,employees,ticker_symbol,shipping_address_street,shipping_address_city,shipping_address_state,shipping_address_postalcode,shipping_address_country,parent_id,sic_code,campaign_id
"3399a78a-f4cc-ff64-8de0-4dd94119a56a","B.H. Edwards Inc","2011-05-22 17:03:21","2011-05-22 17:03:21","1","1",(null),"false","seed_max_id","Customer","Entertainment",(null),(null),"1715 Scott Dr","Alabama","CA","14882","USA",(null),"(847) 706-6877",(null),"www.thethe.it",(null),(null),(null),"1715 Scott Dr","Alabama","CA","14882","USA",(null),(null),(null)
"3ab33718-82ed-b352-1d69-4dd94130c490","Mississippi Bank Group","2011-05-22 17:03:21","2011-05-22 17:03:21","1","1",(null),"false","seed_will_id","Customer","Machinery",(null),(null),"111 Silicon Valley Road","Denver","NY","86489","USA",(null),"(756) 600-9630",(null),"www.supportdev.edu",(null),(null),(null),"111 Silicon Valley Road","Denver","NY","86489","USA",(null),(null),(null)
"3dde5cba-cd80-7515-155c-4dd941b5ae4a","Nelson Inc","2011-05-22 17:03:21","2011-05-22 17:03:21","1","1",(null),"false","seed_sally_id","Customer","Chemicals",(null),(null),"345 Sugar Blvd.","Alabama","CA","92157","USA",(null),"(141) 473-8224",(null),"www.kidvegan.net",(null),(null),(null),"345 Sugar Blvd.","Alabama","CA","92157","USA",(null),(null),(null)
"410d07b5-c3c7-1e78-bc21-4dd94190fac2","Gifted Holdings AG","2011-05-22 17:03:21","2011-05-22 17:03:21","1","1",(null),"false","seed_sarah_id","Customer","Biotechnology",(null),(null),"999 Baker Way","Santa Fe","CA","34774","USA",(null),"(907) 460-5988",(null),"www.sugarbeans.name",(null),(null),(null),"999 Baker Way","Santa Fe","CA","34774","USA",(null),(null),(null)
"44430031-cfc2-4f57-f5b5-4dd9414ad321","NW Capital Corp","2011-05-22 17:03:21","2011-05-22 17:03:21","1","1",(null),"false","seed_will_id","Customer","Education",(null),(null),"345 Sugar Blvd.","San Jose","NY","28571","USA",(null),"(569) 045-5793",(null),"www.beansvegan.biz",(null),(null),(null),"345 Sugar Blvd.","San Jose","NY","28571","USA",(null),(null),(null)
"47709356-6d82-50de-cd54-4dd941a7293e","AB Drivers Limited","2011-05-22 17:03:21","2011-05-22 17:03:21","1","1",(null),"false","seed_max_id","Customer","Retail",(null),(null),"321 University Ave.","Kansas City","CA","37374","USA",(null),"(113) 746-5567",(null),"www.iminfo.tw",(null),(null),(null),"321 University Ave.","Kansas City","CA","37374","USA",(null),(null),(null)
"4a8f698a-e01c-75de-f358-4dd941b88952","Income Free Investing LP","2011-05-22 17:03:21","2011-05-22 17:03:21","1","1",(null),"false","seed_sarah_id","Customer","Telecommunications",(null),(null),"67321 West Siam St.","Alabama","CA","53945","USA",(null),"(248) 830-7160",(null),"www.hrhr.tv",(null),(null),(null),"67321 West Siam St.","Alabama","CA","53945","USA",(null),(null),(null)
"4db86941-288e-4fa7-dcdb-4dd941ac4be7","RR. Talker Co","2011-05-22 17:03:21","2011-05-22 17:03:21","1","1",(null),"false","seed_will_id","Customer","Electronics",(null),(null),"9 IBM Path","Santa Monica","NY","12139","USA",(null),"(421) 060-5082",(null),"www.thevegan.tw",(null),(null),(null),"9 IBM Path","Santa Monica","NY","12139","USA",(null),(null),(null)
"50d3bfe2-50a9-3435-b3fe-4dd941fefc47","Davenport Investing","2011-05-22 17:03:21","2011-07-20 10:34:41","1","1",(null),"false","1","Customer","Finance",(null),(null),"67321 West Siam St.","Ohio","CA","81985","USA",(null),"(614) 615-0822",(null),"www.infoqa.edu",(null),(null),(null),"67321 West Siam St.","Ohio","CA","81985","USA",(null),(null),(null)
"5406e66b-c910-d072-00f0-4dd94132e200","Aim Capital Inc","2011-05-22 17:03:21","2011-07-20 10:34:41","1","1",(null),"false","1","Customer","Finance",(null),(null),"1715 Scott Dr","Denver","CA","30902","USA",(null),"(907) 351-1300",(null),"www.salesphone.cn",(null),(null),(null),"1715 Scott Dr","Denver","CA","30902","USA",(null),(null),(null)
"57310503-6455-0490-6ebe-4dd941e160aa","Anytime Air Support Inc","2011-05-22 17:03:21","2011-07-20 10:34:41","1","1",(null),"false","1","Customer","Finance",(null),(null),"48920 San Carlos Ave","Los Angeles","NY","80891","USA",(null),"(255) 682-1563",(null),"www.devthe.tv",(null),(null),(null),"48920 San Carlos Ave","Los Angeles","NY","80891","USA",(null),(null),(null)
"5a691e8e-391b-cf65-5651-4dd941ab9d9a","Max Holdings Ltd","2011-05-22 17:03:21","2011-05-22 17:03:21","1","1",(null),"false","seed_max_id","Customer","Technology",(null),(null),"48920 San Carlos Ave","Salt Lake City","CA","68399","USA",(null),"(208) 372-1619",(null),"www.beansbeans.cn",(null),(null),(null),"48920 San Carlos Ave","Salt Lake City","CA","68399","USA",(null),(null),(null)
"5da79147-7fd3-c12a-70f2-4dd9410c04d8","Smallville Resources Inc","2011-05-22 17:03:21","2011-05-22 17:03:21","1","1",(null),"false","seed_max_id","Customer","Retail",(null),(null),"9 IBM Path","San Mateo","CA","94670","USA",(null),"(370) 652-7770",(null),"www.sugarsales.edu",(null),(null),(null),"9 IBM Path","San Mateo","CA","94670","USA",(null),(null),(null)
"60d45598-030d-069b-4d33-4dd94199d11a","Mississippi Bank Group","2011-05-22 17:03:21","2011-05-22 17:03:21","1","1",(null),"false","seed_will_id","Customer","Engineering",(null),(null),"48920 San Carlos Ave","Cupertino","NY","34556","USA",(null),"(140) 095-0771",(null),"www.kidsugar.tv",(null),(null),(null),"48920 San Carlos Ave","Cupertino","NY","34556","USA",(null),(null),(null)
"6406ff29-2cd5-beb1-0745-4dd941ae8554","Calm Sailing Inc","2011-05-22 17:03:21","2011-05-22 17:03:21","1","1",(null),"false","seed_max_id","Customer","Communications",(null),(null),"1715 Scott Dr","Cupertino","CA","59656","USA",(null),"(862) 822-1950",(null),"www.thesales.cn",(null),(null),(null),"1715 Scott Dr","Cupertino","CA","59656","USA",(null),(null),(null)
"675383dc-1c43-8e1b-e439-4dd94128de58","South Sea Plumbing Products","2011-05-22 17:03:21","2011-05-22 17:03:21","1","1",(null),"false","seed_sarah_id","Customer","Apparel",(null),(null),"999 Baker Way","Persistance","CA","61352","USA",(null),"(623) 096-9169",(null),"www.qaphone.co.jp",(null),(null),(null),"999 Baker Way","Persistance","CA","61352","USA",(null),(null),(null)
"6a9025d7-e6f4-3c22-e1b5-4dd94188efdd","Insight Marketing Inc","2011-05-22 17:03:21","2011-05-22 17:03:21","1","1",(null),"false","seed_chris_id","Customer","Chemicals",(null),(null),"9 IBM Path","Salt Lake City","NY","96463","USA",(null),"(711) 166-9708",(null),"www.vegansugar.tv",(null),(null),(null),"9 IBM Path","Salt Lake City","NY","96463","USA",(null),(null),(null)
"6dd72268-ddbd-9277-7884-4dd941448222","Q3 ARVRO III PR","2011-05-22 17:03:21","2011-05-22 17:03:21","1","1",(null),"false","seed_max_id","Customer","Other",(null),(null),"321 University Ave.","Kansas City","CA","99909","USA",(null),"(495) 715-8691",(null),"www.sugardev.name",(null),(null),(null),"321 University Ave.","Kansas City","CA","99909","USA",(null),(null),(null)
"7120b696-ceaa-b911-da82-4dd941fa87a6","King Software Inc","2011-05-22 17:03:21","2011-05-22 17:03:21","1","1",(null),"false","seed_sarah_id","Customer","Other",(null),(null),"9 IBM Path","San Jose","CA","23828","USA",(null),"(640) 633-4846",(null),"www.thesales.tv",(null),(null),(null),"9 IBM Path","San Jose","CA","23828","USA",(null),(null),(null)
"7453c2fb-4e3f-fbc5-e861-4dd94110e692","EEE Endowments LTD","2011-05-22 17:03:21","2011-05-22 17:03:21","1","1",(null),"false","seed_will_id","Customer","Consulting",(null),(null),"321 University Ave.","Ohio","NY","82422","USA",(null),"(670) 798-7981",(null),"www.hrsupport.info",(null),(null),(null),"321 University Ave.","Ohio","NY","82422","USA",(null),(null),(null)
"77974e34-eed6-f04f-6ec4-4dd94192db89","A.D. Importing Company Inc","2011-05-22 17:03:21","2011-05-22 17:03:21","1","1",(null),"false","seed_sarah_id","Customer","Apparel",(null),(null),"777 West Filmore Ln","Kansas City","CA","23317","USA",(null),"(563) 152-2359",(null),"www.saleshr.info",(null),(null),(null),"777 West Filmore Ln","Kansas City","CA","23317","USA",(null),(null),(null)
"7ad7f8c4-82d8-3c99-e9ce-4dd94170d469","Mississippi Bank Group","2011-05-22 17:03:21","2011-05-22 17:03:21","1","1",(null),"false","seed_max_id","Customer","Chemicals",(null),(null),"67321 West Siam St.","Sunnyvale","CA","30197","USA",(null),"(512) 910-7580",(null),"www.vegansales.us",(null),(null),(null),"67321 West Siam St.","Sunnyvale","CA","30197","USA",(null),(null),(null)
"7e2f1969-23fa-24ed-a42e-4dd9418567a7","Spindle Broadcast Corp.","2011-05-22 17:03:21","2011-05-22 17:03:21","1","1",(null),"false","seed_will_id","Customer","Engineering",(null),(null),"111 Silicon Valley Road","San Francisco","NY","25942","USA",(null),"(274) 533-6332",(null),"www.veganqa.tv",(null),(null),(null),"111 Silicon Valley Road","San Francisco","NY","25942","USA",(null),(null),(null)
"81687761-cba3-91e9-a0be-4dd9414e1487","Sea Region Inc","2011-05-22 17:03:21","2011-05-22 17:03:21","1","1",(null),"false","seed_sarah_id","Customer","Insurance",(null),(null),"777 West Filmore Ln","Santa Fe","CA","78647","USA",(null),"(174) 916-3545",(null),"www.beansim.de",(null),(null),(null),"777 West Filmore Ln","Santa Fe","CA","78647","USA",(null),(null),(null)
"84bcbcf2-436c-c9af-3871-4dd9414e17a9","360 Vacations","2011-05-22 17:03:21","2011-05-22 17:03:21","1","1",(null),"false","seed_sally_id","Customer","Not For Profit",(null),(null),"111 Silicon Valley Road","Sunnyvale","CA","45012","USA",(null),"(588) 820-5460",(null),"www.beanssugar.biz",(null),(null),(null),"111 Silicon Valley Road","Sunnyvale","CA","45012","USA",(null),(null),(null)
"8806bccb-2546-0bca-ab2e-4dd94153e3db","Complete Holding","2011-05-22 17:03:21","2011-05-22 17:03:21","1","1",(null),"false","seed_chris_id","Customer","Machinery",(null),(null),"321 University Ave.","San Mateo","NY","92488","USA",(null),"(710) 991-7599",(null),"www.sugarkid.biz",(null),(null),(null),"321 University Ave.","San Mateo","NY","92488","USA",(null),(null),(null)
"8c0b0354-a050-2e40-9aa6-4dd94156ab56","5D Investments","2011-05-22 17:03:21","2011-05-22 17:03:21","1","1",(null),"false","seed_sarah_id","Customer","Telecommunications",(null),(null),"321 University Ave.","Persistance","CA","42740","USA",(null),"(391) 551-0510",(null),"www.beansbeans.tv",(null),(null),(null),"321 University Ave.","Persistance","CA","42740","USA",(null),(null),(null)
"8f34b214-43d4-12b4-4821-4dd9413dde6a","JBC Banking Inc","2011-05-22 17:03:21","2011-05-22 17:03:21","1","1",(null),"false","seed_sally_id","Customer","Media",(null),(null),"321 University Ave.","Salt Lake City","CA","11359","USA",(null),"(722) 368-0165",(null),"www.thesugar.co.jp",(null),(null),(null),"321 University Ave.","Salt Lake City","CA","11359","USA",(null),(null),(null)
"9259055e-a355-a29f-fb7e-4dd941f20350","Anytime Air Support Inc","2011-05-22 17:03:21","2011-05-22 17:03:21","1","1",(null),"false","seed_chris_id","Customer","Not For Profit",(null),(null),"345 Sugar Blvd.","Sunnyvale","NY","83429","USA",(null),"(613) 205-9137",(null),"www.imphone.de",(null),(null),(null),"345 Sugar Blvd.","Sunnyvale","NY","83429","USA",(null),(null),(null)
"9579d36c-cc96-4178-5adf-4dd9417e79e4","T-Cat Media Group Inc","2011-05-22 17:03:21","2011-05-22 17:03:21","1","1",(null),"false","seed_sarah_id","Customer","Shipping",(null),(null),"123 Anywhere Street","Salt Lake City","CA","95911","USA",(null),"(016) 271-4285",(null),"www.phonebeans.org",(null),(null),(null),"123 Anywhere Street","Salt Lake City","CA","95911","USA",(null),(null),(null)
"989d4528-0819-48f4-2889-4dd94184624d","Avery Software Co","2011-05-22 17:03:21","2011-05-22 17:03:21","1","1",(null),"false","seed_sally_id","Customer","Education",(null),(null),"111 Silicon Valley Road","San Francisco","CA","39981","USA",(null),"(247) 952-4842",(null),"www.qasugar.tw",(null),(null),(null),"111 Silicon Valley Road","San Francisco","CA","39981","USA",(null),(null),(null)
"9bc5df10-8ac7-5ffc-e994-4dd941cc8a76","Spindle Broadcast Corp.","2011-05-22 17:03:21","2011-05-22 17:03:21","1","1",(null),"false","seed_chris_id","Customer","Education",(null),(null),"48920 San Carlos Ave","Ohio","NY","34818","USA",(null),"(881) 554-9915",(null),"www.devdev.edu",(null),(null),(null),"48920 San Carlos Ave","Ohio","NY","34818","USA",(null),(null),(null)
"9ee78398-bf05-e0f8-1073-4dd9417b252a","Powder Suppliers","2011-05-22 17:03:21","2011-05-22 17:03:21","1","1",(null),"false","seed_max_id","Customer","Banking",(null),(null),"1715 Scott Dr","Kansas City","CA","59148","USA",(null),"(587) 683-0191",(null),"www.salesim.edu",(null),(null),(null),"1715 Scott Dr","Kansas City","CA","59148","USA",(null),(null),(null)
"a20589fd-c527-720f-b2f2-4dd94197248f","Rubble Group Inc","2011-05-22 17:03:21","2011-05-22 17:03:21","1","1",(null),"false","seed_max_id","Customer","Communications",(null),(null),"777 West Filmore Ln","Los Angeles","CA","62011","USA",(null),"(406) 151-2114",(null),"www.infovegan.com",(null),(null),(null),"777 West Filmore Ln","Los Angeles","CA","62011","USA",(null),(null),(null)
"a523d515-5a77-c2c7-ac3e-4dd941fb9a39","RR. Talker Co","2011-05-22 17:03:21","2011-05-22 17:03:21","1","1",(null),"false","seed_will_id","Customer","Environmental",(null),(null),"1715 Scott Dr","Ohio","NY","61375","USA",(null),"(834) 704-6984",(null),"www.phonebeans.us",(null),(null),(null),"1715 Scott Dr","Ohio","NY","61375","USA",(null),(null),(null)
"a87858df-1665-56d7-6ffa-4dd9414ef8d1","Mississippi Bank Group","2011-05-22 17:03:21","2011-05-22 17:03:21","1","1",(null),"false","seed_sarah_id","Customer","Media",(null),(null),"1715 Scott Dr","Sunnyvale","CA","69437","USA",(null),"(157) 297-1828",(null),"www.thethe.org",(null),(null),(null),"1715 Scott Dr","Sunnyvale","CA","69437","USA",(null),(null),(null)
"aba58686-7b42-c261-71f5-4dd94106035b","Rubble Group Inc","2011-05-22 17:03:21","2011-05-22 17:03:21","1","1",(null),"false","seed_sarah_id","Customer","Construction",(null),(null),"111 Silicon Valley Road","San Mateo","CA","70965","USA",(null),"(068) 724-9711",(null),"www.kidvegan.cn",(null),(null),(null),"111 Silicon Valley Road","San Mateo","CA","70965","USA",(null),(null),(null)
"aecad1e3-f600-ae7e-34fd-4dd941be6f60","Overhead & Underfoot Ltd.","2011-05-22 17:03:21","2011-05-22 17:03:21","1","1",(null),"false","seed_chris_id","Customer","Telecommunications",(null),(null),"111 Silicon Valley Road","San Mateo","NY","14157","USA",(null),"(638) 336-9362",(null),"www.beanssales.tv",(null),(null),(null),"111 Silicon Valley Road","San Mateo","NY","14157","USA",(null),(null),(null)
"b1ee3412-d2f3-9d24-0318-4dd941e17450","360 Vacations","2011-05-22 17:03:21","2011-05-22 17:03:21","1","1",(null),"false","seed_sally_id","Customer",(null),(null),(null),"111 Silicon Valley Road","Cupertino","CA","58808","USA",(null),"(640) 734-6341",(null),"www.sectionsupport.biz",(null),(null),(null),"111 Silicon Valley Road","Cupertino","CA","58808","USA",(null),(null),(null)
"b514ccc7-7b22-081f-ea69-4dd941a6c546","Q3 ARVRO III PR","2011-05-22 17:03:21","2011-05-22 17:03:21","1","1",(null),"false","seed_sarah_id","Customer","Energy",(null),(null),"67321 West Siam St.","Alabama","CA","12864","USA",(null),"(238) 063-3349",(null),"www.thehr.it",(null),(null),(null),"67321 West Siam St.","Alabama","CA","12864","USA",(null),(null),(null)
"b88ee3f8-5908-b3ec-6143-4dd941501cbd","Income Free Investing LP","2011-05-22 17:03:21","2011-05-22 17:03:21","1","1",(null),"false","seed_will_id","Customer","Environmental",(null),(null),"777 West Filmore Ln","San Francisco","NY","59854","USA",(null),"(332) 220-1666",(null),"www.thesales.de",(null),(null),(null),"777 West Filmore Ln","San Francisco","NY","59854","USA",(null),(null),(null)
"bc0a8052-3c1c-1e3d-51c9-4dd9416bc742","RR. Talker Co","2011-05-22 17:03:21","2011-05-22 17:03:21","1","1",(null),"false","seed_max_id","Customer","Utilities",(null),(null),"345 Sugar Blvd.","Los Angeles","CA","91609","USA",(null),"(024) 325-2141",(null),"www.kidqa.co.jp",(null),(null),(null),"345 Sugar Blvd.","Los Angeles","CA","91609","USA",(null),(null),(null)
"bf863e49-fb4c-0e09-f837-4dd941ea5561","Kings Royalty Trust","2011-05-22 17:03:21","2011-05-22 17:03:21","1","1",(null),"false","seed_max_id","Customer","Retail",(null),(null),"321 University Ave.","San Mateo","CA","25577","USA",(null),"(392) 770-7021",(null),"www.beansdev.name",(null),(null),(null),"321 University Ave.","San Mateo","CA","25577","USA",(null),(null),(null)
"c309aadc-6958-61fe-82c2-4dd94165fae2","Coolview Net Ltd","2011-05-22 17:03:21","2011-05-22 17:03:21","1","1",(null),"false","seed_chris_id","Customer","Education",(null),(null),"1715 Scott Dr","Salt Lake City","NY","55298","USA",(null),"(755) 045-7041",(null),"www.hrinfo.net",(null),(null),(null),"1715 Scott Dr","Salt Lake City","NY","55298","USA",(null),(null),(null)
"c67d8866-ea6c-017d-6cbd-4dd94198c032","Smallville Resources Inc","2011-05-22 17:03:21","2011-05-22 17:03:21","1","1",(null),"false","seed_sally_id","Customer","Environmental",(null),(null),"345 Sugar Blvd.","Santa Monica","CA","72924","USA",(null),"(947) 141-8830",(null),"www.beanssection.de",(null),(null),(null),"345 Sugar Blvd.","Santa Monica","CA","72924","USA",(null),(null),(null)
"c9fa7f0e-8778-2efb-5900-4dd941fea0fc","Coolview Net Ltd","2011-05-22 17:03:21","2011-05-22 17:03:21","1","1",(null),"false","seed_sarah_id","Customer",(null),(null),(null),"9 IBM Path","San Mateo","CA","47325","USA",(null),"(089) 064-6976",(null),"www.kidsugar.org",(null),(null),(null),"9 IBM Path","San Mateo","CA","47325","USA",(null),(null),(null)
"cd6ebede-9c34-10b3-8570-4dd94179ac25","Kringle Bell IncK.A. Tower & Co","2011-05-22 17:03:21","2011-05-22 17:03:21","1","1",(null),"false","seed_will_id","Customer","Construction",(null),(null),"48920 San Carlos Ave","St. Petersburg","NY","12889","USA",(null),"(759) 278-7675",(null),"www.qahr.info",(null),(null),(null),"48920 San Carlos Ave","St. Petersburg","NY","12889","USA",(null),(null),(null)
"d0d6a21c-328d-9d63-7f1e-4dd94161efd0","Insight Marketing Inc","2011-05-22 17:03:21","2011-05-22 17:03:21","1","1",(null),"false","seed_sally_id","Customer","Telecommunications",(null),(null),"48920 San Carlos Ave","San Francisco","CA","43996","USA",(null),"(200) 166-4342",(null),"www.kidbeans.name",(null),(null),(null),"48920 San Carlos Ave","San Francisco","CA","43996","USA",(null),(null),(null)
"d41b6191-1d4c-ab62-6243-4dd94181b29f","Avery Software Co","2011-05-22 17:03:21","2011-05-22 17:03:21","1","1",(null),"false","seed_sarah_id","Customer","Not For Profit",(null),(null),"111 Silicon Valley Road","Santa Fe","CA","94254","USA",(null),"(030) 522-1913",(null),"www.thekid.edu",(null),(null),(null),"111 Silicon Valley Road","Santa Fe","CA","94254","USA",(null),(null),(null)
"d765c718-1f6a-625a-afb4-4dd94186b564","Sea Region Inc","2011-05-22 17:03:21","2011-05-22 17:03:21","1","1",(null),"false","seed_chris_id","Customer","Shipping",(null),(null),"345 Sugar Blvd.","San Mateo","NY","79085","USA",(null),"(804) 515-0634",(null),"www.kiddev.biz",(null),(null),(null),"345 Sugar Blvd.","San Mateo","NY","79085","USA",(null),(null),(null)
"54bebe36-566c-8b89-96e2-4e1d9107cdc3","transparent solutions GmbH","2011-07-13 12:37:25","2011-07-13 12:37:25","1","1",(null),"false","1",(null),(null),(null),"4154564564","Schlesierstrasse 15","Muhr am See","Bayern","91735",(null),(null),"9999999",(null),"http://www.tpso.com",(null),(null),(null),(null),(null),(null),(null),(null),(null),(null),(null)
"c429f046-7ad4-32d8-bd0d-4e25718bdc9b","Testfrau","2011-07-19 11:59:11","2011-07-19 11:59:11","1","1",(null),"false","1",(null),(null),(null),(null),(null),(null),(null),(null),(null),(null),(null),(null),"http://",(null),(null),(null),(null),(null),(null),(null),(null),(null),(null),(null)