id,name,date_entered,date_modified,modified_user_id,created_by,description,deleted,assigned_user_id,bug_number,type,status,priority,resolution,work_log,found_in_release,fixed_in_release,source,product_category
"3846b05c-0a0e-f582-f406-4dd9418a5637","Error occurs while running count query","2011-05-22 17:03:21","2011-05-22 17:03:21","1","1",(null),"false","seed_max_id",1,(null),"Pending","Medium",(null),(null),(null),(null),(null),(null)
"3bda278b-2d82-980a-8160-4dd94191b7cc","Error occurs while running count query","2011-05-22 17:03:21","2011-05-22 17:03:21","1","1",(null),"false","seed_will_id",2,(null),"Pending","Medium",(null),(null),(null),(null),(null),(null)
"3eff779d-126a-b901-e2cc-4dd94155230e","Syntax error appears when running old reports","2011-05-22 17:03:21","2011-05-22 17:03:21","1","1",(null),"false","seed_sally_id",3,(null),"New","High",(null),(null),(null),(null),(null),(null)
"422d0534-6771-7471-d179-4dd941960e2a","Fatal error during installation","2011-05-22 17:03:21","2011-05-22 17:03:21","1","1",(null),"false","seed_sarah_id",4,(null),"Assigned","Low",(null),(null),(null),(null),(null),(null)
"45677ea7-584c-8d1a-5ba2-4dd94124c6c9","Fatal error during installation","2011-05-22 17:03:21","2011-05-22 17:03:21","1","1",(null),"false","seed_will_id",5,(null),"Rejected","Urgent",(null),(null),(null),(null),(null),(null)
"48926e49-3bf9-8e5d-99d8-4dd941cf7a70","Warning is displayed in file after exporting","2011-05-22 17:03:21","2011-05-22 17:03:21","1","1",(null),"false","seed_max_id",6,(null),"New","Urgent",(null),(null),(null),(null),(null),(null)
"4bae8ef5-6c0c-853b-d416-4dd9414d4d48","Error occurs while running count query","2011-05-22 17:03:21","2011-05-22 17:03:21","1","1",(null),"false","seed_sarah_id",7,(null),"Assigned","Low",(null),(null),(null),(null),(null),(null)
"4ed43f22-0cd8-ffed-09f8-4dd941ecdb4a","Syntax error appears when running old reports","2011-05-22 17:03:21","2011-05-22 17:03:21","1","1",(null),"false","seed_will_id",8,(null),"Assigned","Medium",(null),(null),(null),(null),(null),(null)
"52026244-ad8b-4368-5552-4dd941221f47","Error occurs while running count query","2011-05-22 17:03:21","2011-05-22 17:03:21","1","1",(null),"false","seed_sally_id",9,(null),"Assigned","High",(null),(null),(null),(null),(null),(null)
"552aa89d-f18f-cd38-fb3f-4dd9411c6c50","Broken image appears in home page","2011-05-22 17:03:21","2011-05-22 17:03:21","1","1",(null),"false","seed_sally_id",10,(null),"New","Low",(null),(null),(null),(null),(null),(null)
"585d8060-bbfd-f662-3c32-4dd941b1918e","Error occurs while running count query","2011-05-22 17:03:21","2011-05-22 17:03:21","1","1",(null),"false","seed_chris_id",11,(null),"New","Urgent",(null),(null),(null),(null),(null),(null)
"5b91b8ff-371c-d6a0-25d3-4dd9419bf791","Syntax error appears when running old reports","2011-05-22 17:03:21","2011-05-22 17:03:21","1","1",(null),"false","seed_max_id",12,(null),"New","High",(null),(null),(null),(null),(null),(null)
"5ecdd769-9eb2-ac27-5bb8-4dd9419a852e","Warning is displayed in file after exporting","2011-05-22 17:03:21","2011-05-22 17:03:21","1","1",(null),"false","seed_max_id",13,(null),"Closed","Medium",(null),(null),(null),(null),(null),(null)
"61f85054-a019-5411-e494-4dd94150bd32","Fatal error during installation","2011-05-22 17:03:21","2011-05-22 17:03:21","1","1",(null),"false","seed_will_id",14,(null),"Assigned","High",(null),(null),(null),(null),(null),(null)
"65457f5e-677d-8718-3525-4dd941526bb4","Broken image appears in home page","2011-05-22 17:03:21","2011-05-22 17:03:21","1","1",(null),"false","seed_max_id",15,(null),"Assigned","Low",(null),(null),(null),(null),(null),(null)
"68852fc1-80b7-a1eb-498c-4dd941293314","Fatal error during installation","2011-05-22 17:03:21","2011-05-22 17:03:21","1","1",(null),"false","seed_sarah_id",16,(null),"New","Medium",(null),(null),(null),(null),(null),(null)
"6bb95c96-deef-8732-1889-4dd94124640d","Warning is displayed in file after exporting","2011-05-22 17:03:21","2011-05-22 17:03:21","1","1",(null),"false","seed_chris_id",17,(null),"New","Low",(null),(null),(null),(null),(null),(null)
"6f0bdaea-4860-318a-cf6c-4dd941018da9","Syntax error appears when running old reports","2011-05-22 17:03:21","2011-05-22 17:03:21","1","1",(null),"false","seed_max_id",18,(null),"Assigned","Low",(null),(null),(null),(null),(null),(null)
"72471ed2-b02f-7e4b-0865-4dd9416de49a","Fatal error during installation","2011-05-22 17:03:21","2011-05-22 17:03:21","1","1",(null),"false","seed_sarah_id",19,(null),"Assigned","Medium",(null),(null),(null),(null),(null),(null)
"757dfe30-4ecc-0d99-5472-4dd941a2c5fd","Fatal error during installation","2011-05-22 17:03:21","2011-05-22 17:03:21","1","1",(null),"false","seed_will_id",20,(null),"Assigned","High",(null),(null),(null),(null),(null),(null)
"78cc6f94-5f11-ff0e-d88e-4dd941457b78","Syntax error appears when running old reports","2011-05-22 17:03:21","2011-05-22 17:03:21","1","1",(null),"false","seed_sarah_id",21,(null),"Closed","Urgent",(null),(null),(null),(null),(null),(null)
"7c16c02a-aec8-8cb5-3b43-4dd9411b34e7","Broken image appears in home page","2011-05-22 17:03:21","2011-05-22 17:03:21","1","1",(null),"false","seed_max_id",22,(null),"Assigned","Low",(null),(null),(null),(null),(null),(null)
"7f666bef-f0eb-c121-1d0f-4dd94178a23e","Warning is displayed in file after exporting","2011-05-22 17:03:21","2011-05-22 17:03:21","1","1",(null),"false","seed_will_id",23,(null),"Rejected","Urgent",(null),(null),(null),(null),(null),(null)
"82a2776d-be5b-0f72-75fb-4dd9412dafd9","Warning is displayed in file after exporting","2011-05-22 17:03:21","2011-05-22 17:03:21","1","1",(null),"false","seed_sarah_id",24,(null),"Assigned","Low",(null),(null),(null),(null),(null),(null)
"85f64d37-5786-c450-267a-4dd941068345","Warning is displayed in file after exporting","2011-05-22 17:03:21","2011-05-22 17:03:21","1","1",(null),"false","seed_sally_id",25,(null),"Closed","High",(null),(null),(null),(null),(null),(null)
"89862199-ce31-9c74-d270-4dd9411354a5","Syntax error appears when running old reports","2011-05-22 17:03:21","2011-05-22 17:03:21","1","1",(null),"false","seed_chris_id",26,(null),"Assigned","Low",(null),(null),(null),(null),(null),(null)
"8d36b016-c39b-769f-ae4c-4dd94151a378","Fatal error during installation","2011-05-22 17:03:21","2011-05-22 17:03:21","1","1",(null),"false","seed_sarah_id",27,(null),"Assigned","Low",(null),(null),(null),(null),(null),(null)
"905bc1ee-9e75-742e-a3fc-4dd941d8f7b8","Syntax error appears when running old reports","2011-05-22 17:03:21","2011-05-22 17:03:21","1","1",(null),"false","seed_sally_id",28,(null),"Pending","Urgent",(null),(null),(null),(null),(null),(null)
"9380822c-5b12-e130-d0e2-4dd941d850be","Warning is displayed in file after exporting","2011-05-22 17:03:21","2011-05-22 17:03:21","1","1",(null),"false","seed_chris_id",29,(null),"Pending","Medium",(null),(null),(null),(null),(null),(null)
"969cb653-f59c-10ad-a00a-4dd941f1a477","Broken image appears in home page","2011-05-22 17:03:21","2011-05-22 17:03:21","1","1",(null),"false","seed_sarah_id",30,(null),"Rejected","High",(null),(null),(null),(null),(null),(null)
"99c4bbb3-70d2-3deb-b584-4dd94154319c","Broken image appears in home page","2011-05-22 17:03:21","2011-05-22 17:03:21","1","1",(null),"false","seed_sally_id",31,(null),"Rejected","High",(null),(null),(null),(null),(null),(null)
"9cea92ba-8132-aec6-b30a-4dd94143a52f","Broken image appears in home page","2011-05-22 17:03:21","2011-05-22 17:03:21","1","1",(null),"false","seed_chris_id",32,(null),"Closed","Urgent",(null),(null),(null),(null),(null),(null)
"a00af608-8af6-9d4f-bd33-4dd941a1bf0f","Warning is displayed in file after exporting","2011-05-22 17:03:21","2011-05-22 17:03:21","1","1",(null),"false","seed_max_id",33,(null),"Closed","Urgent",(null),(null),(null),(null),(null),(null)
"a32a465f-76a1-19d7-bc01-4dd9417ab884","Warning is displayed in file after exporting","2011-05-22 17:03:21","2011-05-22 17:03:21","1","1",(null),"false","seed_max_id",34,(null),"New","High",(null),(null),(null),(null),(null),(null)
"a64d241d-f1be-7304-f9b6-4dd94197caf2","Error occurs while running count query","2011-05-22 17:03:21","2011-05-22 17:03:21","1","1",(null),"false","seed_will_id",35,(null),"New","Urgent",(null),(null),(null),(null),(null),(null)
"a9a92e0f-db59-e4cb-05ec-4dd9411a805d","Broken image appears in home page","2011-05-22 17:03:21","2011-05-22 17:03:21","1","1",(null),"false","seed_sarah_id",36,(null),"Assigned","High",(null),(null),(null),(null),(null),(null)
"accc984f-39ae-5185-8297-4dd941cb47c7","Warning is displayed in file after exporting","2011-05-22 17:03:21","2011-05-22 17:03:21","1","1",(null),"false","seed_sarah_id",37,(null),"New","Medium",(null),(null),(null),(null),(null),(null)
"aff2d28a-6e07-7b5b-20f3-4dd941f1b167","Error occurs while running count query","2011-05-22 17:03:21","2011-05-22 17:03:21","1","1",(null),"false","seed_chris_id",38,(null),"Pending","Urgent",(null),(null),(null),(null),(null),(null)
"b31a8eca-ecf4-35dd-93ae-4dd9419e7f10","Broken image appears in home page","2011-05-22 17:03:21","2011-05-22 17:03:21","1","1",(null),"false","seed_sally_id",39,(null),"New","High",(null),(null),(null),(null),(null),(null)
"b65aed64-55d4-8a6f-0b85-4dd94163c371","Broken image appears in home page","2011-05-22 17:03:21","2011-05-22 17:03:21","1","1",(null),"false","seed_sarah_id",40,(null),"New","Low",(null),(null),(null),(null),(null),(null)
"b9d478c4-1ec9-4690-4f57-4dd941de71fc","Broken image appears in home page","2011-05-22 17:03:21","2011-05-22 17:03:21","1","1",(null),"false","seed_will_id",41,(null),"Assigned","Medium",(null),(null),(null),(null),(null),(null)
"bd4b0f32-21a6-42f0-dccd-4dd941081c79","Warning is displayed in file after exporting","2011-05-22 17:03:21","2011-05-22 17:03:21","1","1",(null),"false","seed_max_id",42,(null),"Pending","High",(null),(null),(null),(null),(null),(null)
"c0cd2dac-fe5c-acda-e716-4dd9419b4971","Warning is displayed in file after exporting","2011-05-22 17:03:21","2011-05-22 17:03:21","1","1",(null),"false","seed_max_id",43,(null),"New","High",(null),(null),(null),(null),(null),(null)
"c44dd1e1-e52c-d1aa-2658-4dd9414564ba","Fatal error during installation","2011-05-22 17:03:21","2011-05-22 17:03:21","1","1",(null),"false","seed_chris_id",44,(null),"Closed","Medium",(null),(null),(null),(null),(null),(null)
"c7c93a43-eb37-a6da-6d02-4dd941fb55b9","Syntax error appears when running old reports","2011-05-22 17:03:21","2011-05-22 17:03:21","1","1",(null),"false","seed_sally_id",45,(null),"Closed","High",(null),(null),(null),(null),(null),(null)
"cb3ed66a-773e-3b7a-a80f-4dd94147df4a","Broken image appears in home page","2011-05-22 17:03:21","2011-05-22 17:03:21","1","1",(null),"false","seed_sarah_id",46,(null),"Pending","Urgent",(null),(null),(null),(null),(null),(null)
"ceb1f07c-a8db-00f7-3ac0-4dd94118fcc3","Fatal error during installation","2011-05-22 17:03:21","2011-05-22 17:03:21","1","1",(null),"false","seed_will_id",47,(null),"New","Medium",(null),(null),(null),(null),(null),(null)
"d207b7cd-2a74-cb8e-198d-4dd94158bd6e","Fatal error during installation","2011-05-22 17:03:21","2011-05-22 17:03:21","1","1",(null),"false","seed_sally_id",48,(null),"New","Low",(null),(null),(null),(null),(null),(null)
"d54e01a2-8c93-a8a9-8d9d-4dd941b2f06d","Syntax error appears when running old reports","2011-05-22 17:03:21","2011-05-22 17:03:21","1","1",(null),"false","seed_sarah_id",49,(null),"Assigned","Urgent",(null),(null),(null),(null),(null),(null)
"d89e816e-e0df-cd3b-906b-4dd941cfd1a0","Broken image appears in home page","2011-05-22 17:03:21","2011-05-22 17:03:21","1","1",(null),"false","seed_chris_id",50,(null),"Closed","Low",(null),(null),(null),(null),(null),(null)