id,name,date_entered,date_modified,modified_user_id,created_by,description,deleted,assigned_user_id,duration_hours,duration_minutes,date_start,date_end,parent_type,status,direction,parent_id,reminder_time,outlook_id
"3901940d-414e-6c8d-d2b7-4dd9417b0f77","Left a message","2011-05-22 17:03:21","2011-05-22 17:03:21","1","1",(null),"false","seed_max_id",0,30,"2011-10-08 09:30:00","2011-10-08 10:00:00","Accounts","Planned","Outbound","3399a78a-f4cc-ff64-8de0-4dd94119a56a",-1,(null)
"3c76220d-48f4-4670-5c8c-4dd9416f9f64","Get more information on the proposed deal","2011-05-22 17:03:21","2011-05-22 17:03:21","1","1",(null),"false","seed_will_id",0,30,"2011-07-13 11:45:00","2011-07-13 12:15:00","Accounts","Planned","Outbound","3ab33718-82ed-b352-1d69-4dd94130c490",-1,(null)
"3f9fa810-1b07-fd78-4bcf-4dd941ecf4aa","Bad time, will call back","2011-05-22 17:03:21","2011-05-22 17:03:21","1","1",(null),"false","seed_sally_id",0,30,"2012-02-02 15:45:00","2012-02-02 16:15:00","Accounts","Planned","Outbound","3dde5cba-cd80-7515-155c-4dd941b5ae4a",-1,(null)
"42d3fad7-cdbd-b208-58c1-4dd94182c053","Get more information on the proposed deal","2011-05-22 17:03:21","2011-05-22 17:03:21","1","1",(null),"false","seed_sarah_id",0,30,"2012-05-16 16:45:00","2012-05-16 17:15:00","Accounts","Planned","Outbound","410d07b5-c3c7-1e78-bc21-4dd94190fac2",-1,(null)
"46012d14-047f-cc7d-1988-4dd941592ae8","Discuss review process","2011-05-22 17:03:21","2011-05-22 17:03:21","1","1",(null),"false","seed_will_id",0,30,"2012-03-27 16:15:00","2012-03-27 16:45:00","Accounts","Planned","Outbound","44430031-cfc2-4f57-f5b5-4dd9414ad321",-1,(null)
"492bfb50-4ebc-e258-69c1-4dd941d66d78","Bad time, will call back","2011-05-22 17:03:21","2011-05-22 17:03:21","1","1",(null),"false","seed_max_id",0,30,"2011-07-23 09:15:00","2011-07-23 09:45:00","Accounts","Planned","Outbound","47709356-6d82-50de-cd54-4dd941a7293e",-1,(null)
"4c4b1cbc-d875-0df0-f643-4dd941c583b3","Discuss review process","2011-05-22 17:03:21","2011-05-22 17:03:21","1","1",(null),"false","seed_sarah_id",0,30,"2011-08-04 06:00:00","2011-08-04 06:30:00","Accounts","Planned","Outbound","4a8f698a-e01c-75de-f358-4dd941b88952",-1,(null)
"4f73f969-ce89-dc9a-423d-4dd941235cf7","Discuss review process","2011-05-22 17:03:21","2011-05-22 17:03:21","1","1",(null),"false","seed_will_id",0,30,"2011-12-09 18:45:00","2011-12-09 19:15:00","Accounts","Planned","Outbound","4db86941-288e-4fa7-dcdb-4dd941ac4be7",-1,(null)
"52a124d0-eb9f-3a47-c5e8-4dd941f27dee","Discuss review process","2011-05-22 17:03:21","2011-05-22 17:03:21","1","1",(null),"false","seed_sally_id",0,30,"2012-02-28 19:30:00","2012-02-28 20:00:00","Accounts","Planned","Outbound","50d3bfe2-50a9-3435-b3fe-4dd941fefc47",-1,(null)
"55c8f888-b23c-3260-f54d-4dd9419c938c","Discuss review process","2011-05-22 17:03:21","2011-05-22 17:03:21","1","1",(null),"false","seed_sally_id",0,30,"2012-01-01 06:00:00","2012-01-01 06:30:00","Accounts","Planned","Outbound","5406e66b-c910-d072-00f0-4dd94132e200",-1,(null)
"58ffe037-f330-171d-bb85-4dd9417ca9dc","Discuss review process","2011-05-22 17:03:21","2011-05-22 17:03:21","1","1",(null),"false","seed_chris_id",0,30,"2012-03-15 08:30:00","2012-03-15 09:00:00","Accounts","Planned","Outbound","57310503-6455-0490-6ebe-4dd941e160aa",-1,(null)
"5c322f1a-11b4-2394-32e0-4dd941af2c37","Discuss review process","2011-05-22 17:03:21","2011-05-22 17:03:21","1","1",(null),"false","seed_max_id",0,30,"2012-01-02 07:15:00","2012-01-02 07:45:00","Accounts","Planned","Outbound","5a691e8e-391b-cf65-5651-4dd941ab9d9a",-1,(null)
"5f69a6da-d7cb-9d95-8412-4dd941487c4f","Bad time, will call back","2011-05-22 17:03:21","2011-05-22 17:03:21","1","1",(null),"false","seed_max_id",0,30,"2011-07-03 18:15:00","2011-07-03 18:45:00","Accounts","Planned","Outbound","5da79147-7fd3-c12a-70f2-4dd9410c04d8",-1,(null)
"629718ad-ee75-f535-3a33-4dd941cd04e0","Discuss review process","2011-05-22 17:03:21","2011-05-22 17:03:21","1","1",(null),"false","seed_will_id",0,30,"2011-07-29 14:15:00","2011-07-29 14:45:00","Accounts","Planned","Outbound","60d45598-030d-069b-4d33-4dd94199d11a",-1,(null)
"65e2ee61-90c3-d438-2fc5-4dd941e40e0e","Discuss review process","2011-05-22 17:03:21","2011-05-22 17:03:21","1","1",(null),"false","seed_max_id",0,30,"2012-02-26 12:15:00","2012-02-26 12:45:00","Accounts","Planned","Outbound","6406ff29-2cd5-beb1-0745-4dd941ae8554",-1,(null)
"69242df8-a437-6a9b-3f86-4dd941104661","Bad time, will call back","2011-05-22 17:03:21","2011-05-22 17:03:21","1","1",(null),"false","seed_sarah_id",0,30,"2012-03-08 16:00:00","2012-03-08 16:30:00","Accounts","Planned","Outbound","675383dc-1c43-8e1b-e439-4dd94128de58",-1,(null)
"6c6133a4-d07e-1c87-44e6-4dd9411e7136","Left a message","2011-05-22 17:03:21","2011-05-22 17:03:21","1","1",(null),"false","seed_chris_id",0,30,"2011-10-03 14:15:00","2011-10-03 14:45:00","Accounts","Planned","Outbound","6a9025d7-e6f4-3c22-e1b5-4dd94188efdd",-1,(null)
"6faed50f-ef00-4464-2457-4dd9411b6b12","Discuss review process","2011-05-22 17:03:21","2011-05-22 17:03:21","1","1",(null),"false","seed_max_id",0,30,"2012-04-23 15:30:00","2012-04-23 16:00:00","Accounts","Planned","Outbound","6dd72268-ddbd-9277-7884-4dd941448222",-1,(null)
"72ea616a-80e6-2e74-0a9b-4dd941ac1da4","Get more information on the proposed deal","2011-05-22 17:03:21","2011-05-22 17:03:21","1","1",(null),"false","seed_sarah_id",0,30,"2011-06-05 14:45:00","2011-06-05 15:15:00","Accounts","Planned","Outbound","7120b696-ceaa-b911-da82-4dd941fa87a6",-1,(null)
"761f6daa-6496-d054-d872-4dd9414f629d","Left a message","2011-05-22 17:03:21","2011-05-22 17:03:21","1","1",(null),"false","seed_will_id",0,30,"2012-03-12 15:15:00","2012-03-12 15:45:00","Accounts","Planned","Outbound","7453c2fb-4e3f-fbc5-e861-4dd94110e692",-1,(null)
"796b5b09-54fc-2b72-f5df-4dd941ca6737","Get more information on the proposed deal","2011-05-22 17:03:21","2011-05-22 17:03:21","1","1",(null),"false","seed_sarah_id",0,30,"2011-06-21 10:00:00","2011-06-21 10:30:00","Accounts","Planned","Outbound","77974e34-eed6-f04f-6ec4-4dd94192db89",-1,(null)
"7cb95535-64ed-4744-7384-4dd941e0b8ea","Get more information on the proposed deal","2011-05-22 17:03:21","2011-05-22 17:03:21","1","1",(null),"false","seed_max_id",0,30,"2011-09-27 09:30:00","2011-09-27 10:00:00","Accounts","Planned","Outbound","7ad7f8c4-82d8-3c99-e9ce-4dd94170d469",-1,(null)
"800a0c28-8d17-3725-d636-4dd9410afc50","Left a message","2011-05-22 17:03:21","2011-05-22 17:03:21","1","1",(null),"false","seed_will_id",0,30,"2012-03-24 16:45:00","2012-03-24 17:15:00","Accounts","Planned","Outbound","7e2f1969-23fa-24ed-a42e-4dd9418567a7",-1,(null)
"834a7bb1-88ec-7d35-924a-4dd941a5c1b1","Bad time, will call back","2011-05-22 17:03:21","2011-05-22 17:03:21","1","1",(null),"false","seed_sarah_id",0,30,"2011-05-30 19:45:00","2011-05-30 20:15:00","Accounts","Planned","Outbound","81687761-cba3-91e9-a0be-4dd9414e1487",-1,(null)
"8694ad0a-9147-d430-2a9e-4dd9410d581e","Get more information on the proposed deal","2011-05-22 17:03:21","2011-05-22 17:03:21","1","1",(null),"false","seed_sally_id",0,30,"2011-12-06 06:45:00","2011-12-06 07:15:00","Accounts","Planned","Outbound","84bcbcf2-436c-c9af-3871-4dd9414e17a9",-1,(null)
"8a4a0157-6599-2a3b-3f1c-4dd9419e37ce","Left a message","2011-05-22 17:03:21","2011-05-22 17:03:21","1","1",(null),"false","seed_chris_id",0,30,"2012-03-14 14:15:00","2012-03-14 14:45:00","Accounts","Planned","Outbound","8806bccb-2546-0bca-ab2e-4dd94153e3db",-1,(null)
"8dd34694-97bf-6813-9faf-4dd941e8929e","Left a message","2011-05-22 17:03:21","2011-05-22 17:03:21","1","1",(null),"false","seed_sarah_id",0,30,"2011-06-14 16:15:00","2011-06-14 16:45:00","Accounts","Planned","Outbound","8c0b0354-a050-2e40-9aa6-4dd94156ab56",-1,(null)
"90f80c78-26c4-a0f7-53ed-4dd9418eac3d","Left a message","2011-05-22 17:03:21","2011-05-22 17:03:21","1","1",(null),"false","seed_sally_id",0,30,"2011-11-06 09:15:00","2011-11-06 09:45:00","Accounts","Planned","Outbound","8f34b214-43d4-12b4-4821-4dd9413dde6a",-1,(null)
"941bd258-1272-da0c-b318-4dd941b030d9","Discuss review process","2011-05-22 17:03:21","2011-05-22 17:03:21","1","1",(null),"false","seed_chris_id",0,30,"2011-07-22 15:30:00","2011-07-22 16:00:00","Accounts","Planned","Outbound","9259055e-a355-a29f-fb7e-4dd941f20350",-1,(null)
"9736c004-1e88-2733-a209-4dd941f3ce72","Bad time, will call back","2011-05-22 17:03:21","2011-05-22 17:03:21","1","1",(null),"false","seed_sarah_id",0,30,"2012-01-04 07:30:00","2012-01-04 08:00:00","Accounts","Planned","Outbound","9579d36c-cc96-4178-5adf-4dd9417e79e4",-1,(null)
"9a5fb889-1cb7-f8d3-fcf7-4dd941a69719","Left a message","2011-05-22 17:03:21","2011-05-22 17:03:21","1","1",(null),"false","seed_sally_id",0,30,"2011-12-27 12:45:00","2011-12-27 13:15:00","Accounts","Planned","Outbound","989d4528-0819-48f4-2889-4dd94184624d",-1,(null)
"9d868f44-6932-f7e9-78ca-4dd941a16ffa","Bad time, will call back","2011-05-22 17:03:21","2011-05-22 17:03:21","1","1",(null),"false","seed_chris_id",0,30,"2012-02-12 17:30:00","2012-02-12 18:00:00","Accounts","Planned","Outbound","9bc5df10-8ac7-5ffc-e994-4dd941cc8a76",-1,(null)
"a0a64a42-1249-012a-139b-4dd9412b0403","Get more information on the proposed deal","2011-05-22 17:03:21","2011-05-22 17:03:21","1","1",(null),"false","seed_max_id",0,30,"2011-07-23 18:45:00","2011-07-23 19:15:00","Accounts","Planned","Outbound","9ee78398-bf05-e0f8-1073-4dd9417b252a",-1,(null)
"a3c70955-c8e7-3dfb-deb8-4dd9414060b0","Left a message","2011-05-22 17:03:21","2011-05-22 17:03:21","1","1",(null),"false","seed_max_id",0,30,"2011-11-25 12:15:00","2011-11-25 12:45:00","Accounts","Planned","Outbound","a20589fd-c527-720f-b2f2-4dd94197248f",-1,(null)
"a70e9415-1f1d-ad0e-9ccb-4dd941df16c0","Discuss review process","2011-05-22 17:03:21","2011-05-22 17:03:21","1","1",(null),"false","seed_will_id",0,30,"2012-05-07 09:30:00","2012-05-07 10:00:00","Accounts","Planned","Outbound","a523d515-5a77-c2c7-ac3e-4dd941fb9a39",-1,(null)
"aa442894-e3e4-1314-fbab-4dd941cad6ed","Left a message","2011-05-22 17:03:21","2011-05-22 17:03:21","1","1",(null),"false","seed_sarah_id",0,30,"2011-10-29 13:45:00","2011-10-29 14:15:00","Accounts","Planned","Outbound","a87858df-1665-56d7-6ffa-4dd9414ef8d1",-1,(null)
"ad696c7a-9b48-15be-7ca6-4dd941285345","Get more information on the proposed deal","2011-05-22 17:03:21","2011-05-22 17:03:21","1","1",(null),"false","seed_sarah_id",0,30,"2011-08-20 14:15:00","2011-08-20 14:45:00","Accounts","Planned","Outbound","aba58686-7b42-c261-71f5-4dd94106035b",-1,(null)
"b08f2ea4-e337-5dc9-3358-4dd9412e6693","Bad time, will call back","2011-05-22 17:03:21","2011-05-22 17:03:21","1","1",(null),"false","seed_chris_id",0,30,"2012-01-20 07:00:00","2012-01-20 07:30:00","Accounts","Planned","Outbound","aecad1e3-f600-ae7e-34fd-4dd941be6f60",-1,(null)
"b3b73e0b-1738-75c8-ec1e-4dd9419207d7","Left a message","2011-05-22 17:03:21","2011-05-22 17:03:21","1","1",(null),"false","seed_sally_id",0,30,"2012-02-06 18:15:00","2012-02-06 18:45:00","Accounts","Planned","Outbound","b1ee3412-d2f3-9d24-0318-4dd941e17450",-1,(null)
"b7085a24-6b12-9def-6766-4dd941a8b8d1","Discuss review process","2011-05-22 17:03:21","2011-05-22 17:03:21","1","1",(null),"false","seed_sarah_id",0,30,"2011-11-05 08:45:00","2011-11-05 09:15:00","Accounts","Planned","Outbound","b514ccc7-7b22-081f-ea69-4dd941a6c546",-1,(null)
"ba82ed29-7ef8-4aa2-65af-4dd941e54822","Discuss review process","2011-05-22 17:03:21","2011-05-22 17:03:21","1","1",(null),"false","seed_will_id",0,30,"2011-10-09 16:15:00","2011-10-09 16:45:00","Accounts","Planned","Outbound","b88ee3f8-5908-b3ec-6143-4dd941501cbd",-1,(null)
"bdfa1082-15a0-79d6-37a8-4dd941a1dd1b","Bad time, will call back","2011-05-22 17:03:21","2011-05-22 17:03:21","1","1",(null),"false","seed_max_id",0,30,"2012-01-19 10:15:00","2012-01-19 10:45:00","Accounts","Planned","Outbound","bc0a8052-3c1c-1e3d-51c9-4dd9416bc742",-1,(null)
"c17dbd98-3bb5-9e81-9780-4dd941088e15","Bad time, will call back","2011-05-22 17:03:21","2011-05-22 17:03:21","1","1",(null),"false","seed_max_id",0,30,"2011-11-16 07:00:00","2011-11-16 07:30:00","Accounts","Planned","Outbound","bf863e49-fb4c-0e09-f837-4dd941ea5561",-1,(null)
"c4fc7b24-a904-5095-8345-4dd941bb07ea","Bad time, will call back","2011-05-22 17:03:21","2011-05-22 17:03:21","1","1",(null),"false","seed_chris_id",0,30,"2012-01-25 17:00:00","2012-01-25 17:30:00","Accounts","Planned","Outbound","c309aadc-6958-61fe-82c2-4dd94165fae2",-1,(null)
"c878963f-f36e-3311-61e0-4dd9417809e4","Left a message","2011-05-22 17:03:21","2011-05-22 17:03:21","1","1",(null),"false","seed_sally_id",0,30,"2011-07-07 13:00:00","2011-07-07 13:30:00","Accounts","Planned","Outbound","c67d8866-ea6c-017d-6cbd-4dd94198c032",-1,(null)
"cbec37aa-a225-f792-4656-4dd9417c2a7d","Discuss review process","2011-05-22 17:03:21","2011-05-22 17:03:21","1","1",(null),"false","seed_sarah_id",0,30,"2011-10-20 16:00:00","2011-10-20 16:30:00","Accounts","Planned","Outbound","c9fa7f0e-8778-2efb-5900-4dd941fea0fc",-1,(null)
"cf6151ad-8835-b970-ce8f-4dd941497b43","Left a message","2011-05-22 17:03:21","2011-05-22 17:03:21","1","1",(null),"false","seed_will_id",0,30,"2011-12-06 08:15:00","2011-12-06 08:45:00","Accounts","Planned","Outbound","cd6ebede-9c34-10b3-8570-4dd94179ac25",-1,(null)
"d2abcb25-8e8d-95da-3c73-4dd941b84d82","Get more information on the proposed deal","2011-05-22 17:03:21","2011-05-22 17:03:21","1","1",(null),"false","seed_sally_id",0,30,"2012-04-04 10:30:00","2012-04-04 11:00:00","Accounts","Planned","Outbound","d0d6a21c-328d-9d63-7f1e-4dd94161efd0",-1,(null)
"d5f46b2f-b2a8-206e-528d-4dd941225ea9","Discuss review process","2011-05-22 17:03:21","2011-05-22 17:03:21","1","1",(null),"false","seed_sarah_id",0,30,"2011-12-28 06:45:00","2011-12-28 07:15:00","Accounts","Planned","Outbound","d41b6191-1d4c-ab62-6243-4dd94181b29f",-1,(null)
"d941e8a0-3a07-1bf9-a07a-4dd9413379c8","Bad time, will call back","2011-05-22 17:03:21","2011-05-22 17:03:21","1","1",(null),"false","seed_chris_id",0,30,"2011-08-24 10:45:00","2011-08-24 11:15:00","Accounts","Planned","Outbound","d765c718-1f6a-625a-afb4-4dd94186b564",-1,(null)