id,name,date_entered,date_modified,modified_user_id,created_by,description,deleted,assigned_user_id,case_number,type,status,priority,resolution,work_log,account_id
"344fb49c-ee8b-d702-c180-4dd941359d6f","Having trouble adding new items","2011-05-22 17:03:21","2011-05-22 17:03:21","1","1",(null),"false","seed_max_id",1,(null),"Assigned","P1",(null),(null),"3399a78a-f4cc-ff64-8de0-4dd94119a56a"
"3b44120d-4883-165d-cd72-4dd9411b2b64","Need assistance with large customization","2011-05-22 17:03:21","2011-05-22 17:03:21","1","1",(null),"false","seed_will_id",2,(null),"Closed","P2",(null),(null),"3ab33718-82ed-b352-1d69-4dd94130c490"
"3e6f4025-771d-e159-87ed-4dd94152bc2c","Having trouble adding new items","2011-05-22 17:03:21","2011-05-22 17:03:21","1","1",(null),"false","seed_sally_id",3,(null),"New","P3",(null),(null),"3dde5cba-cd80-7515-155c-4dd941b5ae4a"
"419c49b4-8fb9-91a7-0bb0-4dd941dd659c","System not responding","2011-05-22 17:03:21","2011-05-22 17:03:21","1","1",(null),"false","seed_sarah_id",4,(null),"Pending Input","P1",(null),(null),"410d07b5-c3c7-1e78-bc21-4dd94190fac2"
"44dc1eee-4def-c9bb-7243-4dd941e2dc51","Need to purchase additional licenses","2011-05-22 17:03:21","2011-05-22 17:03:21","1","1",(null),"false","seed_will_id",5,(null),"Duplicate","P3",(null),(null),"44430031-cfc2-4f57-f5b5-4dd9414ad321"
"48071746-936f-bc1d-f767-4dd94114464f","System not responding","2011-05-22 17:03:21","2011-05-22 17:03:21","1","1",(null),"false","seed_max_id",6,(null),"Rejected","P1",(null),(null),"47709356-6d82-50de-cd54-4dd941a7293e"
"4b1edf38-580e-f736-f384-4dd941ab2ded","Need assistance with large customization","2011-05-22 17:03:21","2011-05-22 17:03:21","1","1",(null),"false","seed_sarah_id",7,(null),"Closed","P2",(null),(null),"4a8f698a-e01c-75de-f358-4dd941b88952"
"4e481ec2-35b5-665a-60fb-4dd9417aab57","Warning message when using the wrong browser","2011-05-22 17:03:21","2011-05-22 17:03:21","1","1",(null),"false","seed_will_id",8,(null),"Assigned","P2",(null),(null),"4db86941-288e-4fa7-dcdb-4dd941ac4be7"
"51749044-46ac-0fa1-9dae-4dd94190b870","Warning message when using the wrong browser","2011-05-22 17:03:21","2011-05-22 17:03:21","1","1",(null),"false","seed_sally_id",9,(null),"Closed","P2",(null),(null),"50d3bfe2-50a9-3435-b3fe-4dd941fefc47"
"549be8fd-0c48-0b23-34a7-4dd9412d42e3","Warning message when using the wrong browser","2011-05-22 17:03:21","2011-05-22 17:03:21","1","1",(null),"false","seed_sally_id",10,(null),"Duplicate","P1",(null),(null),"5406e66b-c910-d072-00f0-4dd94132e200"
"57ccc5db-92cd-7642-612f-4dd941864d1b","Warning message when using the wrong browser","2011-05-22 17:03:21","2011-05-22 17:03:21","1","1",(null),"false","seed_chris_id",11,(null),"Closed","P3",(null),(null),"57310503-6455-0490-6ebe-4dd941e160aa"
"5aff3956-4423-9d08-f4a8-4dd941e6bdfb","System not responding","2011-05-22 17:03:21","2011-05-22 17:03:21","1","1",(null),"false","seed_max_id",12,(null),"New","P3",(null),(null),"5a691e8e-391b-cf65-5651-4dd941ab9d9a"
"5e4012aa-087b-9289-6505-4dd9415e050e","System not responding","2011-05-22 17:03:21","2011-05-22 17:03:21","1","1",(null),"false","seed_max_id",13,(null),"New","P3",(null),(null),"5da79147-7fd3-c12a-70f2-4dd9410c04d8"
"6169b901-f971-4d33-217c-4dd9419470e6","Need to purchase additional licenses","2011-05-22 17:03:21","2011-05-22 17:03:21","1","1",(null),"false","seed_will_id",14,(null),"Assigned","P2",(null),(null),"60d45598-030d-069b-4d33-4dd94199d11a"
"64ae158e-6c82-ba3b-8342-4dd9417598a6","Warning message when using the wrong browser","2011-05-22 17:03:21","2011-05-22 17:03:21","1","1",(null),"false","seed_max_id",15,(null),"Rejected","P1",(null),(null),"6406ff29-2cd5-beb1-0745-4dd941ae8554"
"67f23cd9-17a5-471a-20c9-4dd94166905b","Need to purchase additional licenses","2011-05-22 17:03:21","2011-05-22 17:03:21","1","1",(null),"false","seed_sarah_id",16,(null),"Rejected","P2",(null),(null),"675383dc-1c43-8e1b-e439-4dd94128de58"
"6b21adf9-1a7b-d0e0-57fb-4dd9410daeda","Warning message when using the wrong browser","2011-05-22 17:03:21","2011-05-22 17:03:21","1","1",(null),"false","seed_chris_id",17,(null),"Assigned","P2",(null),(null),"6a9025d7-e6f4-3c22-e1b5-4dd94188efdd"
"6e7aec1d-e410-299b-fb5f-4dd941534d1f","Need to purchase additional licenses","2011-05-22 17:03:21","2011-05-22 17:03:21","1","1",(null),"false","seed_max_id",18,(null),"Duplicate","P1",(null),(null),"6dd72268-ddbd-9277-7884-4dd941448222"
"71b3f5c2-2190-b298-b6ca-4dd9411fe563","Need to purchase additional licenses","2011-05-22 17:03:21","2011-05-22 17:03:21","1","1",(null),"false","seed_sarah_id",19,(null),"Rejected","P1",(null),(null),"7120b696-ceaa-b911-da82-4dd941fa87a6"
"74ed11fc-7a46-3b59-2b9a-4dd9419af2a7","Need assistance with large customization","2011-05-22 17:03:21","2011-05-22 17:03:21","1","1",(null),"false","seed_will_id",20,(null),"Closed","P1",(null),(null),"7453c2fb-4e3f-fbc5-e861-4dd94110e692"
"783601a6-1064-f481-fb48-4dd9412b23e6","Need assistance with large customization","2011-05-22 17:03:21","2011-05-22 17:03:21","1","1",(null),"false","seed_sarah_id",21,(null),"Assigned","P2",(null),(null),"77974e34-eed6-f04f-6ec4-4dd94192db89"
"7b7d3b4c-4681-b7ca-6613-4dd941cbc2ff","Having trouble adding new items","2011-05-22 17:03:21","2011-05-22 17:03:21","1","1",(null),"false","seed_max_id",22,(null),"Assigned","P1",(null),(null),"7ad7f8c4-82d8-3c99-e9ce-4dd94170d469"
"7ed0936a-282e-c3f0-d98e-4dd94132408b","Having trouble adding new items","2011-05-22 17:03:21","2011-05-22 17:03:21","1","1",(null),"false","seed_will_id",23,(null),"Closed","P3",(null),(null),"7e2f1969-23fa-24ed-a42e-4dd9418567a7"
"820fa6aa-4468-9d95-0504-4dd9412aeb97","System not responding","2011-05-22 17:03:21","2011-05-22 17:03:21","1","1",(null),"false","seed_sarah_id",24,(null),"Rejected","P2",(null),(null),"81687761-cba3-91e9-a0be-4dd9414e1487"
"85663d2d-4762-ed4c-4aae-4dd9419f07da","Need to purchase additional licenses","2011-05-22 17:03:21","2011-05-22 17:03:21","1","1",(null),"false","seed_sally_id",25,(null),"Closed","P2",(null),(null),"84bcbcf2-436c-c9af-3871-4dd9414e17a9"
"88b83d38-80d4-d407-202d-4dd941cb5090","Having trouble adding new items","2011-05-22 17:03:21","2011-05-22 17:03:21","1","1",(null),"false","seed_chris_id",26,(null),"Assigned","P2",(null),(null),"8806bccb-2546-0bca-ab2e-4dd94153e3db"
"8ca6728f-098e-42e0-d6f2-4dd94197a7be","Warning message when using the wrong browser","2011-05-22 17:03:21","2011-05-22 17:03:21","1","1",(null),"false","seed_sarah_id",27,(null),"New","P3",(null),(null),"8c0b0354-a050-2e40-9aa6-4dd94156ab56"
"8fcb8ab0-1d44-c640-3444-4dd941a7fc4e","Warning message when using the wrong browser","2011-05-22 17:03:21","2011-05-22 17:03:21","1","1",(null),"false","seed_sally_id",28,(null),"Rejected","P2",(null),(null),"8f34b214-43d4-12b4-4821-4dd9413dde6a"
"92f124e3-5158-4e82-da67-4dd9410029ef","System not responding","2011-05-22 17:03:21","2011-05-22 17:03:21","1","1",(null),"false","seed_chris_id",29,(null),"Assigned","P2",(null),(null),"9259055e-a355-a29f-fb7e-4dd941f20350"
"960daa52-28fc-fae8-9b88-4dd94182a081","Warning message when using the wrong browser","2011-05-22 17:03:21","2011-05-22 17:03:21","1","1",(null),"false","seed_sarah_id",30,(null),"Rejected","P3",(null),(null),"9579d36c-cc96-4178-5adf-4dd9417e79e4"
"9933b720-6e36-f01a-5154-4dd94143c1d6","Warning message when using the wrong browser","2011-05-22 17:03:21","2011-05-22 17:03:21","1","1",(null),"false","seed_sally_id",31,(null),"Rejected","P1",(null),(null),"989d4528-0819-48f4-2889-4dd94184624d"
"9c5bd4e5-a8e8-d286-b63e-4dd941d31a3a","System not responding","2011-05-22 17:03:21","2011-05-22 17:03:21","1","1",(null),"false","seed_chris_id",32,(null),"Rejected","P1",(null),(null),"9bc5df10-8ac7-5ffc-e994-4dd941cc8a76"
"9f7b4a31-1f4e-fd2b-b14d-4dd9415b378c","Having trouble adding new items","2011-05-22 17:03:21","2011-05-22 17:03:21","1","1",(null),"false","seed_max_id",33,(null),"Rejected","P1",(null),(null),"9ee78398-bf05-e0f8-1073-4dd9417b252a"
"a29b7c45-9102-85e8-34b3-4dd94182237c","Warning message when using the wrong browser","2011-05-22 17:03:21","2011-05-22 17:03:21","1","1",(null),"false","seed_max_id",34,(null),"Duplicate","P2",(null),(null),"a20589fd-c527-720f-b2f2-4dd94197248f"
"a5bd21f8-ca92-c33f-bce3-4dd941807a70","Need assistance with large customization","2011-05-22 17:03:21","2011-05-22 17:03:21","1","1",(null),"false","seed_will_id",35,(null),"Duplicate","P1",(null),(null),"a523d515-5a77-c2c7-ac3e-4dd941fb9a39"
"a9178c34-5ee8-dc6e-f492-4dd941eb990e","Warning message when using the wrong browser","2011-05-22 17:03:21","2011-05-22 17:03:21","1","1",(null),"false","seed_sarah_id",36,(null),"Closed","P1",(null),(null),"a87858df-1665-56d7-6ffa-4dd9414ef8d1"
"ac3cc392-2e60-53f6-8064-4dd941cc7aa3","Having trouble adding new items","2011-05-22 17:03:21","2011-05-22 17:03:21","1","1",(null),"false","seed_sarah_id",37,(null),"New","P2",(null),(null),"aba58686-7b42-c261-71f5-4dd94106035b"
"af636048-85e9-3b42-8ca7-4dd9415ac90a","Need to purchase additional licenses","2011-05-22 17:03:21","2011-05-22 17:03:21","1","1",(null),"false","seed_chris_id",38,(null),"Rejected","P1",(null),(null),"aecad1e3-f600-ae7e-34fd-4dd941be6f60"
"b28aa62a-25f8-145f-5e70-4dd941df9c31","Warning message when using the wrong browser","2011-05-22 17:03:21","2011-05-22 17:03:21","1","1",(null),"false","seed_sally_id",39,(null),"Pending Input","P3",(null),(null),"b1ee3412-d2f3-9d24-0318-4dd941e17450"
"b5b92340-1cf4-604c-bdf2-4dd941761e85","Warning message when using the wrong browser","2011-05-22 17:03:21","2011-05-22 17:03:21","1","1",(null),"false","seed_sarah_id",40,(null),"Pending Input","P2",(null),(null),"b514ccc7-7b22-081f-ea69-4dd941a6c546"
"b92e69ef-2864-b9cb-d5e7-4dd941d6b969","Need to purchase additional licenses","2011-05-22 17:03:21","2011-05-22 17:03:21","1","1",(null),"false","seed_will_id",41,(null),"Closed","P3",(null),(null),"b88ee3f8-5908-b3ec-6143-4dd941501cbd"
"bca5db57-7943-37cc-6d47-4dd941d66854","Need assistance with large customization","2011-05-22 17:03:21","2011-05-22 17:03:21","1","1",(null),"false","seed_max_id",42,(null),"Closed","P3",(null),(null),"bc0a8052-3c1c-1e3d-51c9-4dd9416bc742"
"c02517b0-844a-58f2-7b20-4dd94124d73e","Need assistance with large customization","2011-05-22 17:03:21","2011-05-22 17:03:21","1","1",(null),"false","seed_max_id",43,(null),"Assigned","P3",(null),(null),"bf863e49-fb4c-0e09-f837-4dd941ea5561"
"c3a7406b-7939-bcec-6118-4dd94160a97e","Need to purchase additional licenses","2011-05-22 17:03:21","2011-05-22 17:03:21","1","1",(null),"false","seed_chris_id",44,(null),"New","P2",(null),(null),"c309aadc-6958-61fe-82c2-4dd94165fae2"
"c7223ea1-df70-765b-d2d0-4dd9414b7acd","Need to purchase additional licenses","2011-05-22 17:03:21","2011-05-22 17:03:21","1","1",(null),"false","seed_sally_id",45,(null),"New","P2",(null),(null),"c67d8866-ea6c-017d-6cbd-4dd94198c032"
"ca983a94-b8c3-cb36-47d8-4dd941a412ea","System not responding","2011-05-22 17:03:21","2011-05-22 17:03:21","1","1",(null),"false","seed_sarah_id",46,(null),"Closed","P1",(null),(null),"c9fa7f0e-8778-2efb-5900-4dd941fea0fc"
"ce0d5deb-2689-783d-1760-4dd941a2b580","Having trouble adding new items","2011-05-22 17:03:21","2011-05-22 17:03:21","1","1",(null),"false","seed_will_id",47,(null),"Closed","P2",(null),(null),"cd6ebede-9c34-10b3-8570-4dd94179ac25"
"d17011f5-a63b-e335-aaea-4dd9410649f9","Having trouble adding new items","2011-05-22 17:03:21","2011-05-22 17:03:21","1","1",(null),"false","seed_sally_id",48,(null),"Rejected","P1",(null),(null),"d0d6a21c-328d-9d63-7f1e-4dd94161efd0"
"d4b578e9-5175-9493-03c9-4dd941b85075","Having trouble adding new items","2011-05-22 17:03:21","2011-05-22 17:03:21","1","1",(null),"false","seed_sarah_id",49,(null),"Closed","P3",(null),(null),"d41b6191-1d4c-ab62-6243-4dd94181b29f"
"d804ca49-7d2b-3b5e-ea3d-4dd9418ac278","System not responding","2011-05-22 17:03:21","2011-05-22 17:03:21","1","1",(null),"false","seed_chris_id",50,(null),"Rejected","P3",(null),(null),"d765c718-1f6a-625a-afb4-4dd94186b564"