id,date_entered,date_modified,modified_user_id,created_by,description,deleted,assigned_user_id,salutation,first_name,last_name,title,department,do_not_call,phone_home,phone_mobile,phone_work,phone_other,phone_fax,primary_address_street,primary_address_city,primary_address_state,primary_address_postalcode,primary_address_country,alt_address_street,alt_address_city,alt_address_state,alt_address_postalcode,alt_address_country,assistant,assistant_phone,lead_source,reports_to_id,birthdate,campaign_id
"db23a7ba-390b-9d74-e85a-4dd941d5eca5","2011-05-22 17:03:21","2011-05-22 17:03:21","1","1",(null),"false","seed_max_id",(null),"Mina","Dixon","Mgr Operations",(null),"false","(073) 875-0101","(309) 901-9591","(244) 942-7010",(null),(null),"48920 San Carlos Ave","Santa Monica","CA","94375","USA",(null),(null),(null),(null),(null),(null),(null),"Cold Call",(null),(null),(null)
"def70cdd-dc6b-e446-8afa-4dd941dc1af4","2011-05-22 17:03:21","2011-05-22 17:03:21","1","1",(null),"false","seed_sally_id",(null),"Verna","Jacques","Senior Product Manager",(null),"false","(378) 469-5155","(693) 929-5888","(089) 880-5525",(null),(null),"9 IBM Path","St. Petersburg","CA","91921","USA",(null),(null),(null),(null),(null),(null),(null),(null),(null),(null),(null)
"e27095da-6f6b-f08a-9057-4dd94150a61d","2011-05-22 17:03:21","2011-05-22 17:03:21","1","1",(null),"false","seed_max_id",(null),"Pearl","Tsosie","Mgr Operations",(null),"false","(670) 933-7742","(680) 575-9986","(286) 702-8633",(null),(null),"9 IBM Path","Santa Fe","CA","37095","USA",(null),(null),(null),(null),(null),(null),(null),"Cold Call",(null),(null),(null)
"e5ede231-9dfb-2863-b357-4dd94112a732","2011-05-22 17:03:21","2011-05-22 17:03:21","1","1",(null),"false","seed_max_id",(null),"Geneva","Maclachlan","IT Developer",(null),"false","(890) 968-4578","(609) 898-6488","(728) 355-9647",(null),(null),"1715 Scott Dr","Los Angeles","CA","92132","USA",(null),(null),(null),(null),(null),(null),(null),"Public Relations",(null),(null),(null)
"e96d4468-f2c9-4c08-f513-4dd9410a313c","2011-05-22 17:03:21","2011-05-22 17:03:21","1","1",(null),"false","seed_max_id",(null),"Katrina","Egerton","Director Operations",(null),"false","(684) 263-6902","(994) 283-0538","(981) 204-8696",(null),(null),"123 Anywhere Street","Santa Fe","CA","83733","USA",(null),(null),(null),(null),(null),(null),(null),"Word of mouth",(null),(null),(null)
"eceed9a1-300a-73ef-3345-4dd941980108","2011-05-22 17:03:21","2011-05-22 17:03:21","1","1",(null),"false","seed_sally_id",(null),"Elliot","Sellner","Senior Product Manager",(null),"false","(871) 160-1323","(315) 059-2046","(021) 877-3903",(null),(null),"111 Silicon Valley Road","St. Petersburg","CA","28725","USA",(null),(null),(null),(null),(null),(null),(null),"Other",(null),(null),(null)
"f067b4d5-e714-47d2-bc18-4dd941e8f2be","2011-05-22 17:03:21","2011-05-22 17:03:21","1","1",(null),"false","seed_sarah_id",(null),"Sandy","Chamberlin","VP Operations",(null),"false","(620) 394-8957","(558) 134-0095","(382) 288-4782",(null),(null),"48920 San Carlos Ave","San Francisco","CA","52009","USA",(null),(null),(null),(null),(null),(null),(null),"Web Site",(null),(null),(null)
"f3e7c6b7-7bd6-5816-7af8-4dd941aebf16","2011-05-22 17:03:21","2011-05-22 17:03:21","1","1",(null),"false","seed_sally_id",(null),"Noah","Mayers","IT Developer",(null),"false","(764) 443-8123","(614) 113-9787","(870) 621-4345",(null),(null),"9 IBM Path","Persistance","CA","52683","USA",(null),(null),(null),(null),(null),(null),(null),"Employee",(null),(null),(null)
"33d20c7a-b923-15cc-2f62-4dd9415ee1e3","2011-05-22 17:03:21","2011-05-22 17:03:21","1","1",(null),"false","seed_will_id",(null),"Garfield","Hilbert","President",(null),"false","(498) 185-6382","(957) 212-4502","(720) 855-0156",(null),(null),"1715 Scott Dr","Alabama","NY","28720","USA",(null),(null),(null),(null),(null),(null),(null),"Self Generated",(null),(null),(null)
"6b4f0a12-ffb1-9817-b9c6-4dd941ffd295","2011-05-22 17:03:21","2011-05-22 17:03:21","1","1",(null),"false","seed_sally_id",(null),"Hobert","Joachim","Director Sales",(null),"false","(419) 591-1618","(415) 347-6459","(823) 306-4492",(null),(null),"48920 San Carlos Ave","Sunnyvale","CA","83600","USA",(null),(null),(null),(null),(null),(null),(null),"Direct Mail",(null),(null),(null)
"a2ab09a5-108a-5c83-4611-4dd9419f3923","2011-05-22 17:03:21","2011-05-22 17:03:21","1","1",(null),"false","seed_max_id",(null),"Fannie","Endres","President",(null),"false","(819) 676-0006","(931) 671-2261","(787) 760-3755",(null),(null),"777 West Filmore Ln","Sunnyvale","CA","64810","USA",(null),(null),(null),(null),(null),(null),(null),"Employee",(null),(null),(null)
"dc4d0141-df61-29bf-dd84-4dd94192c12f","2011-05-22 17:03:21","2011-05-22 17:03:21","1","1",(null),"false","seed_max_id",(null),"Fay","Sharer","President",(null),"false","(984) 548-1908","(217) 479-5189","(195) 820-3563",(null),(null),"9 IBM Path","Kansas City","CA","78616","USA",(null),(null),(null),(null),(null),(null),(null),"Campaign",(null),(null),(null)
"114da3a2-0519-7e00-2865-4dd94128b694","2011-05-22 17:03:21","2011-05-22 17:03:21","1","1",(null),"false","seed_sarah_id",(null),"Marquita","Odea","President",(null),"false","(857) 496-0954","(358) 685-7530","(047) 870-6911",(null),(null),"48920 San Carlos Ave","Kansas City","CA","43211","USA",(null),(null),(null),(null),(null),(null),(null),"Direct Mail",(null),(null),(null)
"15043921-6bb5-b92d-ba71-4dd94117ade6","2011-05-22 17:03:21","2011-05-22 17:03:21","1","1",(null),"false","seed_sally_id",(null),"Horace","Herdon","Mgr Operations",(null),"false","(974) 656-7040","(825) 652-7929","(089) 585-2480",(null),(null),"123 Anywhere Street","Alabama","CA","59472","USA",(null),(null),(null),(null),(null),(null),(null),"Existing Customer",(null),(null),(null)
"18aea283-7bbe-1701-ad1d-4dd941d600fe","2011-05-22 17:03:21","2011-05-22 17:03:21","1","1",(null),"false","seed_max_id",(null),"Del","Binns","Director Operations",(null),"false","(493) 942-5043","(563) 338-4326","(954) 986-9022",(null),(null),"111 Silicon Valley Road","San Jose","CA","92670","USA",(null),(null),(null),(null),(null),(null),(null),"Self Generated",(null),(null),(null)
"1c424349-1057-3995-9cdf-4dd9410c2dbf","2011-05-22 17:03:21","2011-05-22 17:03:21","1","1",(null),"false","seed_will_id",(null),"Dessie","Seidman","Director Sales",(null),"false","(741) 600-4082","(969) 937-5224","(311) 565-4817",(null),(null),"345 Sugar Blvd.","San Jose","NY","89748","USA",(null),(null),(null),(null),(null),(null),(null),"Public Relations",(null),(null),(null)
"1fbf57b1-924a-bc7d-d775-4dd9417a63f1","2011-05-22 17:03:21","2011-05-22 17:03:21","1","1",(null),"false","seed_sarah_id",(null),"Deangelo","Divers","President",(null),"false","(499) 949-0090","(893) 212-4723","(500) 389-7380",(null),(null),"321 University Ave.","Persistance","CA","86714","USA",(null),(null),(null),(null),(null),(null),(null),(null),(null),(null),(null)
"23693af7-1ea6-6fee-fb5b-4dd94132e4f6","2011-05-22 17:03:21","2011-05-22 17:03:21","1","1",(null),"false","seed_sarah_id",(null),"Johnnie","Epley","VP Sales",(null),"false","(597) 786-5636","(986) 216-7974","(743) 040-7010",(null),(null),"111 Silicon Valley Road","Cupertino","CA","51998","USA",(null),(null),(null),(null),(null),(null),(null),"Cold Call",(null),(null),(null)
"2716ff27-f6fe-5e55-445b-4dd941316ca5","2011-05-22 17:03:21","2011-05-22 17:03:21","1","1",(null),"false","seed_chris_id",(null),"Manual","Peabody","IT Developer",(null),"false","(566) 892-2006","(062) 852-0856","(556) 282-3527",(null),(null),"345 Sugar Blvd.","Santa Fe","NY","32013","USA",(null),(null),(null),(null),(null),(null),(null),"Partner",(null),(null),(null)
"2acbff03-a37d-208c-c20d-4dd941fefab1","2011-05-22 17:03:21","2011-05-22 17:03:21","1","1",(null),"false","seed_max_id",(null),"Deena","Macdonald","Director Operations",(null),"false","(477) 140-5761","(137) 915-5998","(685) 294-2626",(null),(null),"345 Sugar Blvd.","Los Angeles","CA","78027","USA",(null),(null),(null),(null),(null),(null),(null),"Partner",(null),(null),(null)
"2e6f8e3d-e119-f92c-3233-4dd94182d0c2","2011-05-22 17:03:21","2011-05-22 17:03:21","1","1",(null),"false","seed_max_id",(null),"Mamie","Hooks","VP Operations",(null),"false","(987) 687-1006","(663) 592-7709","(052) 288-5373",(null),(null),"9 IBM Path","Santa Fe","CA","70922","USA",(null),(null),(null),(null),(null),(null),(null),"Employee",(null),(null),(null)
"31fe2a77-b6fe-666b-dd9c-4dd94144bcf6","2011-05-22 17:03:21","2011-05-22 17:03:21","1","1",(null),"false","seed_chris_id",(null),"Dessie","Greenhaw","VP Sales",(null),"false","(096) 607-7302","(285) 778-6669","(707) 683-1207",(null),(null),"777 West Filmore Ln","Persistance","NY","34137","USA",(null),(null),(null),(null),(null),(null),(null),"Public Relations",(null),(null),(null)
"3586bb0b-0f4b-b3a2-b523-4dd9419382c7","2011-05-22 17:03:21","2011-05-22 17:03:21","1","1",(null),"false","seed_will_id",(null),"Belinda","Terhune","VP Sales",(null),"false","(188) 548-3236","(062) 148-6642","(969) 783-3696",(null),(null),"1715 Scott Dr","Alabama","NY","86265","USA",(null),(null),(null),(null),(null),(null),(null),"Web Site",(null),(null),(null)
"3928de64-ae95-0258-8c54-4dd94154c99c","2011-05-22 17:03:21","2011-05-22 17:03:21","1","1",(null),"false","seed_sarah_id",(null),"Lynnette","Nickols","Mgr Operations",(null),"false","(045) 519-4786","(559) 305-8957","(736) 507-0777",(null),(null),"321 University Ave.","San Jose","CA","64414","USA",(null),(null),(null),(null),(null),(null),(null),"Other",(null),(null),(null)
"3cc41e9b-3123-5f83-47cb-4dd941a65602","2011-05-22 17:03:21","2011-05-22 17:03:21","1","1",(null),"false","seed_chris_id",(null),"Lashonda","Stills","Senior Product Manager",(null),"false","(761) 027-0493","(943) 813-6993","(285) 262-2125",(null),(null),"48920 San Carlos Ave","Ohio","NY","59403","USA",(null),(null),(null),(null),(null),(null),(null),"Word of mouth",(null),(null),(null)
"40604e94-e085-f0bd-a4d3-4dd9416b465a","2011-05-22 17:03:21","2011-05-22 17:03:21","1","1",(null),"false","seed_sarah_id",(null),"Wes","Wiseman","Director Sales",(null),"false","(659) 460-2772","(303) 285-4895","(956) 955-5126",(null),(null),"123 Anywhere Street","Sunnyvale","CA","26569","USA",(null),(null),(null),(null),(null),(null),(null),"Conference",(null),(null),(null)
"43ed43eb-cc92-24b8-1678-4dd9411b2a69","2011-05-22 17:03:21","2011-05-22 17:03:21","1","1",(null),"false","seed_sarah_id",(null),"Shanna","Grund","Mgr Operations",(null),"false","(560) 186-6438","(491) 027-1636","(728) 555-0484",(null),(null),"48920 San Carlos Ave","Los Angeles","CA","40488","USA",(null),(null),(null),(null),(null),(null),(null),"Word of mouth",(null),(null),(null)
"47b463b6-b75d-a45c-8dbd-4dd941183a6b","2011-05-22 17:03:21","2011-05-22 17:03:21","1","1",(null),"false","seed_sally_id",(null),"Joshua","Knarr","IT Developer",(null),"false","(208) 425-0396","(180) 399-3347","(254) 470-4365",(null),(null),"999 Baker Way","Cupertino","CA","37824","USA",(null),(null),(null),(null),(null),(null),(null),"Public Relations",(null),(null),(null)
"4b43298a-0775-67ab-c67e-4dd94133a955","2011-05-22 17:03:21","2011-05-22 17:03:21","1","1",(null),"false","seed_chris_id",(null),"Oliver","Mcninch","VP Operations",(null),"false","(037) 886-7414","(906) 127-0210","(324) 075-8555",(null),(null),"999 Baker Way","Alabama","NY","11155","USA",(null),(null),(null),(null),(null),(null),(null),"Public Relations",(null),(null),(null)
"4ee732f5-61ae-98b7-1d8a-4dd9413a2f37","2011-05-22 17:03:21","2011-05-22 17:03:21","1","1",(null),"false","seed_sarah_id",(null),"Coleman","Prieto","VP Sales",(null),"false","(644) 862-2728","(413) 827-0566","(399) 549-4625",(null),(null),"345 Sugar Blvd.","Salt Lake City","CA","70780","USA",(null),(null),(null),(null),(null),(null),(null),"Word of mouth",(null),(null),(null)
"527a4591-bbb0-6e37-c731-4dd941e3d45d","2011-05-22 17:03:21","2011-05-22 17:03:21","1","1",(null),"false","seed_sally_id",(null),"Adele","Batista","President",(null),"false","(141) 291-7316","(025) 213-6861","(779) 143-6839",(null),(null),"345 Sugar Blvd.","St. Petersburg","CA","14585","USA",(null),(null),(null),(null),(null),(null),(null),"Partner",(null),(null),(null)
"600692f8-c847-5009-0244-4dd9418082cd","2011-05-22 17:03:21","2011-05-22 17:03:21","1","1",(null),"false","seed_max_id",(null),"Jillian","Currey","VP Operations",(null),"false","(861) 893-1738","(647) 042-1155","(126) 607-0109",(null),(null),"1715 Scott Dr","Denver","CA","65826","USA",(null),(null),(null),(null),(null),(null),(null),"Trade Show",(null),(null),(null)
"63dbaa6d-a272-73a1-cb42-4dd941d6f87e","2011-05-22 17:03:21","2011-05-22 17:03:21","1","1",(null),"false","seed_sally_id",(null),"Wendy","Guerra","Director Operations",(null),"false","(095) 806-6559","(620) 192-6180","(500) 267-4540",(null),(null),"1715 Scott Dr","Los Angeles","CA","28944","USA",(null),(null),(null),(null),(null),(null),(null),"Partner",(null),(null),(null)
"67807085-3460-a033-ad1a-4dd941f8a3df","2011-05-22 17:03:21","2011-05-22 17:03:21","1","1",(null),"false","seed_max_id",(null),"Irwin","Means","VP Sales",(null),"false","(153) 752-7822","(943) 805-7474","(155) 033-9521",(null),(null),"48920 San Carlos Ave","San Francisco","CA","13823","USA",(null),(null),(null),(null),(null),(null),(null),(null),(null),(null),(null)
"6b483bad-d24e-9b1f-bac8-4dd941c6dffc","2011-05-22 17:03:21","2011-05-22 17:03:21","1","1",(null),"false","seed_max_id",(null),"Toni","Tsang","President",(null),"false","(922) 251-1350","(632) 741-1001","(906) 514-7375",(null),(null),"999 Baker Way","Santa Monica","CA","54165","USA",(null),(null),(null),(null),(null),(null),(null),"Trade Show",(null),(null),(null)
"6f11ca3f-cc9c-965a-06fb-4dd941b98c83","2011-05-22 17:03:21","2011-05-22 17:03:21","1","1",(null),"false","seed_sally_id",(null),"Dominic","Conard","Director Operations",(null),"false","(847) 718-4204","(157) 166-9123","(342) 857-1122",(null),(null),"67321 West Siam St.","San Jose","CA","98312","USA",(null),(null),(null),(null),(null),(null),(null),"Email",(null),(null),(null)
"72d59b4a-f4e4-c5ec-90df-4dd941e1958c","2011-05-22 17:03:21","2011-05-22 17:03:21","1","1",(null),"false","seed_sally_id",(null),"Sadie","Weitzman","President",(null),"false","(884) 556-3866","(715) 305-6629","(489) 862-4944",(null),(null),"777 West Filmore Ln","Denver","CA","16154","USA",(null),(null),(null),(null),(null),(null),(null),"Web Site",(null),(null),(null)
"766ac826-0b64-e068-fe73-4dd941e8d1d2","2011-05-22 17:03:21","2011-05-22 17:03:21","1","1",(null),"false","seed_sarah_id",(null),"Lucy","Beazley","Director Sales",(null),"false","(099) 011-1635","(180) 354-4268","(609) 322-0569",(null),(null),"123 Anywhere Street","San Mateo","CA","12947","USA",(null),(null),(null),(null),(null),(null),(null),"Web Site",(null),(null),(null)
"7a2c80cf-a4a5-985b-aa7e-4dd941d0cc64","2011-05-22 17:03:21","2011-05-22 17:03:21","1","1",(null),"false","seed_will_id",(null),"Bobby","Fugate","Director Sales",(null),"false","(284) 849-1493","(232) 166-1719","(147) 839-4511",(null),(null),"9 IBM Path","Los Angeles","NY","68247","USA",(null),(null),(null),(null),(null),(null),(null),"Self Generated",(null),(null),(null)
"7dd3a660-6b41-19ef-fcd0-4dd941ef779f","2011-05-22 17:03:21","2011-05-22 17:03:21","1","1",(null),"false","seed_sarah_id",(null),"Kurtis","Lockman","VP Operations",(null),"false","(880) 247-9200","(865) 938-1858","(801) 804-1124",(null),(null),"48920 San Carlos Ave","Alabama","CA","78327","USA",(null),(null),(null),(null),(null),(null),(null),"Trade Show",(null),(null),(null)
"81924b0b-d562-997f-da55-4dd941c382f4","2011-05-22 17:03:21","2011-05-22 17:03:21","1","1",(null),"false","seed_sally_id",(null),"Cortney","Dority","IT Developer",(null),"false","(356) 078-4928","(455) 085-8596","(987) 692-0674",(null),(null),"123 Anywhere Street","Cupertino","CA","42517","USA",(null),(null),(null),(null),(null),(null),(null),"Web Site",(null),(null),(null)
"854d1378-0df8-edba-6a04-4dd941b1f5c0","2011-05-22 17:03:21","2011-05-22 17:03:21","1","1",(null),"false","seed_max_id",(null),"Kelley","Burgos","IT Developer",(null),"false","(517) 875-5560","(039) 173-9538","(677) 238-3279",(null),(null),"1715 Scott Dr","Persistance","CA","35888","USA",(null),(null),(null),(null),(null),(null),(null),"Self Generated",(null),(null),(null)
"89074471-64b2-6175-a925-4dd941d2c454","2011-05-22 17:03:21","2011-05-22 17:03:21","1","1",(null),"false","seed_max_id",(null),"Jacqueline","Sides","Mgr Operations",(null),"false","(332) 847-1069","(313) 016-0775","(328) 737-3321",(null),(null),"111 Silicon Valley Road","Santa Monica","CA","12376","USA",(null),(null),(null),(null),(null),(null),(null),"Trade Show",(null),(null),(null)
"8cadd563-efda-d7a2-472e-4dd941f5a666","2011-05-22 17:03:21","2011-05-22 17:03:21","1","1",(null),"false","seed_max_id",(null),"Elaine","Pinette","Director Sales",(null),"false","(603) 433-3572","(410) 071-5842","(293) 583-8158",(null),(null),"67321 West Siam St.","Denver","CA","25370","USA",(null),(null),(null),(null),(null),(null),(null),"Trade Show",(null),(null),(null)
"905a0b94-7065-b5e9-b7ff-4dd941847f13","2011-05-22 17:03:21","2011-05-22 17:03:21","1","1",(null),"false","seed_sarah_id",(null),"Liliana","Dockins","Director Sales",(null),"false","(276) 228-1422","(614) 969-9748","(317) 916-7959",(null),(null),"67321 West Siam St.","St. Petersburg","CA","56527","USA",(null),(null),(null),(null),(null),(null),(null),"Web Site",(null),(null),(null)
"94276cd0-0b80-69e4-4477-4dd941f3d9ed","2011-05-22 17:03:21","2011-05-22 17:03:21","1","1",(null),"false","seed_max_id",(null),"Bernie","Lacross","IT Developer",(null),"false","(060) 551-2815","(863) 569-2434","(808) 941-7027",(null),(null),"321 University Ave.","Kansas City","CA","12281","USA",(null),(null),(null),(null),(null),(null),(null),"Employee",(null),(null),(null)
"97d693b7-8411-887c-716f-4dd941657a77","2011-05-22 17:03:21","2011-05-22 17:03:21","1","1",(null),"false","seed_sarah_id",(null),"Gary","Ray","IT Developer",(null),"false","(651) 168-5096","(906) 847-1186","(673) 992-1359",(null),(null),"1715 Scott Dr","Sunnyvale","CA","76251","USA",(null),(null),(null),(null),(null),(null),(null),"Public Relations",(null),(null),(null)
"9b7e774a-0a4d-0d54-ff64-4dd941ae479f","2011-05-22 17:03:21","2011-05-22 17:03:21","1","1",(null),"false","seed_max_id",(null),"Ada","Macarthur","Senior Product Manager",(null),"false","(784) 608-2824","(178) 459-8153","(901) 480-2559",(null),(null),"67321 West Siam St.","Santa Fe","CA","37334","USA",(null),(null),(null),(null),(null),(null),(null),"Employee",(null),(null),(null)
"9f443011-b8d2-dc23-43ce-4dd94173e920","2011-05-22 17:03:21","2011-05-22 17:03:21","1","1",(null),"false","seed_sally_id",(null),"Nannie","Yingling","Mgr Operations",(null),"false","(550) 501-3527","(499) 885-1003","(252) 116-6236",(null),(null),"9 IBM Path","Los Angeles","CA","22721","USA",(null),(null),(null),(null),(null),(null),(null),"Trade Show",(null),(null),(null)
"a2f5c40e-9179-2763-70b1-4dd941e16996","2011-05-22 17:03:21","2011-05-22 17:03:21","1","1",(null),"false","seed_max_id",(null),"Marisa","Gish","President",(null),"false","(076) 954-8143","(771) 912-4129","(490) 352-9498",(null),(null),"999 Baker Way","Cupertino","CA","99743","USA",(null),(null),(null),(null),(null),(null),(null),"Web Site",(null),(null),(null)
"a6a0450c-60b3-c27c-6337-4dd9412ae83b","2011-05-22 17:03:21","2011-05-22 17:03:21","1","1",(null),"false","seed_will_id",(null),"Janice","Montoya","Director Operations",(null),"false","(940) 576-2328","(634) 152-3546","(218) 729-6550",(null),(null),"777 West Filmore Ln","Santa Fe","NY","89007","USA",(null),(null),(null),(null),(null),(null),(null),"Other",(null),(null),(null)
"aa6053a1-d718-daef-db82-4dd94102bf83","2011-05-22 17:03:21","2011-05-22 17:03:21","1","1",(null),"false","seed_sally_id",(null),"Wendi","Arend","Director Sales",(null),"false","(183) 179-2960","(201) 275-2988","(187) 700-4018",(null),(null),"48920 San Carlos Ave","San Francisco","CA","92160","USA",(null),(null),(null),(null),(null),(null),(null),"Email",(null),(null),(null)
"ae0c9934-14b8-8b7c-6138-4dd941200022","2011-05-22 17:03:21","2011-05-22 17:03:21","1","1",(null),"false","seed_sarah_id",(null),"Candy","Grimsley","VP Sales",(null),"false","(523) 300-4891","(168) 389-6580","(945) 824-4405",(null),(null),"123 Anywhere Street","Ohio","CA","98830","USA",(null),(null),(null),(null),(null),(null),(null),"Self Generated",(null),(null),(null)
"b19bcc00-fb4c-bf64-5cf7-4dd941b495d8","2011-05-22 17:03:21","2011-05-22 17:03:21","1","1",(null),"false","seed_max_id",(null),"Jenny","Carruth","VP Sales",(null),"false","(122) 424-6846","(031) 151-3796","(597) 434-4624",(null),(null),"111 Silicon Valley Road","Santa Fe","CA","11862","USA",(null),(null),(null),(null),(null),(null),(null),"Existing Customer",(null),(null),(null)
"b55b7652-5f66-2cb9-ff45-4dd941428406","2011-05-22 17:03:21","2011-05-22 17:03:21","1","1",(null),"false","seed_chris_id",(null),"Veronica","Forney","Director Sales",(null),"false","(905) 823-5479","(318) 868-9428","(695) 626-5460",(null),(null),"111 Silicon Valley Road","Alabama","NY","19646","USA",(null),(null),(null),(null),(null),(null),(null),"Email",(null),(null),(null)
"b9161cd4-3951-ca1f-96ea-4dd9411d4e79","2011-05-22 17:03:21","2011-05-22 17:03:21","1","1",(null),"false","seed_max_id",(null),"Cassandra","Lapoint","Mgr Operations",(null),"false","(882) 630-9732","(133) 277-1487","(624) 395-3734",(null),(null),"67321 West Siam St.","Ohio","CA","31250","USA",(null),(null),(null),(null),(null),(null),(null),"Other",(null),(null),(null)
"bcdde217-8363-aa16-f206-4dd9419fc153","2011-05-22 17:03:21","2011-05-22 17:03:21","1","1",(null),"false","seed_sarah_id",(null),"Stephanie","Stokley","VP Operations",(null),"false","(838) 467-7192","(964) 231-9060","(683) 096-9588",(null),(null),"67321 West Siam St.","San Mateo","CA","84211","USA",(null),(null),(null),(null),(null),(null),(null),"Direct Mail",(null),(null),(null)
"c0a713f7-b6e1-aa07-3ac7-4dd94122a71e","2011-05-22 17:03:21","2011-05-22 17:03:21","1","1",(null),"false","seed_sally_id",(null),"Darlene","Witter","Senior Product Manager",(null),"false","(928) 681-4492","(245) 633-3714","(161) 303-3126",(null),(null),"9 IBM Path","Salt Lake City","CA","69390","USA",(null),(null),(null),(null),(null),(null),(null),"Web Site",(null),(null),(null)
"c466cad5-2509-12bd-16ee-4dd941fe282d","2011-05-22 17:03:21","2011-05-22 17:03:21","1","1",(null),"false","seed_max_id",(null),"Carole","Solberg","Mgr Operations",(null),"false","(975) 392-7845","(298) 500-3951","(068) 853-2571",(null),(null),"48920 San Carlos Ave","Santa Fe","CA","58418","USA",(null),(null),(null),(null),(null),(null),(null),"Partner",(null),(null),(null)
"c82e408e-d894-eb6e-a011-4dd941c9405b","2011-05-22 17:03:21","2011-05-22 17:03:21","1","1",(null),"false","seed_chris_id",(null),"Jeremy","Beringer","President",(null),"false","(662) 570-7579","(752) 200-6947","(458) 404-5798",(null),(null),"345 Sugar Blvd.","San Mateo","NY","36022","USA",(null),(null),(null),(null),(null),(null),(null),"Self Generated",(null),(null),(null)
"cbeeb6e7-0042-a9f7-2bc7-4dd94172dbc0","2011-05-22 17:03:21","2011-05-22 17:03:21","1","1",(null),"false","seed_sally_id",(null),"Addie","Keever","VP Sales",(null),"false","(773) 340-3306","(901) 177-3680","(727) 883-9582",(null),(null),"777 West Filmore Ln","San Francisco","CA","86411","USA",(null),(null),(null),(null),(null),(null),(null),"Conference",(null),(null),(null)
"cfaba403-3d23-62de-b931-4dd9411b9024","2011-05-22 17:03:21","2011-05-22 17:03:21","1","1",(null),"false","seed_max_id",(null),"Andrea","Echols","Director Sales",(null),"false","(684) 058-1701","(978) 356-7978","(821) 857-1534",(null),(null),"9 IBM Path","Santa Monica","CA","19440","USA",(null),(null),(null),(null),(null),(null),(null),"Self Generated",(null),(null),(null)
"d35341c2-ca9d-f349-9032-4dd94195d180","2011-05-22 17:03:21","2011-05-22 17:03:21","1","1",(null),"false","seed_will_id",(null),"Celeste","Gorton","Mgr Operations",(null),"false","(509) 255-8810","(243) 084-1463","(662) 942-0170",(null),(null),"9 IBM Path","Salt Lake City","NY","21589","USA",(null),(null),(null),(null),(null),(null),(null),"Campaign",(null),(null),(null)
"d702128f-5776-954e-0820-4dd941dde9b1","2011-05-22 17:03:21","2011-05-22 17:03:21","1","1",(null),"false","seed_max_id",(null),"Lilia","Garett","VP Operations",(null),"false","(563) 382-0010","(892) 479-3493","(755) 337-0862",(null),(null),"345 Sugar Blvd.","Salt Lake City","CA","65049","USA",(null),(null),(null),(null),(null),(null),(null),(null),(null),(null),(null)
"daa22954-87c8-9813-9b61-4dd9416c295b","2011-05-22 17:03:21","2011-05-22 17:03:21","1","1",(null),"false","seed_max_id",(null),"Todd","Sheeley","Mgr Operations",(null),"false","(424) 391-8417","(124) 883-0837","(333) 036-0685",(null),(null),"999 Baker Way","Sunnyvale","CA","62456","USA",(null),(null),(null),(null),(null),(null),(null),"Direct Mail",(null),(null),(null)
"de439c40-5bda-db99-22b7-4dd941229ede","2011-05-22 17:03:21","2011-05-22 17:03:21","1","1",(null),"false","seed_will_id",(null),"Emilia","Cowden","VP Sales",(null),"false","(758) 779-9375","(467) 061-4657","(349) 988-6814",(null),(null),"1715 Scott Dr","Santa Monica","NY","27953","USA",(null),(null),(null),(null),(null),(null),(null),"Email",(null),(null),(null)
"e1dc6b50-c78a-0b64-05e7-4dd941da07ea","2011-05-22 17:03:21","2011-05-22 17:03:21","1","1",(null),"false","seed_sarah_id",(null),"Lisa","Cheney","Director Sales",(null),"false","(592) 187-1868","(248) 844-4347","(150) 239-4186",(null),(null),"345 Sugar Blvd.","Los Angeles","CA","54177","USA",(null),(null),(null),(null),(null),(null),(null),"Cold Call",(null),(null),(null)
"e5709314-363a-b101-cb9e-4dd9419ebdd7","2011-05-22 17:03:21","2011-05-22 17:03:21","1","1",(null),"false","seed_sarah_id",(null),"Samuel","Willems","IT Developer",(null),"false","(237) 386-1499","(267) 590-3272","(617) 070-6148",(null),(null),"345 Sugar Blvd.","Cupertino","CA","19240","USA",(null),(null),(null),(null),(null),(null),(null),"Employee",(null),(null),(null)
"e9019023-d2d2-8a7b-938b-4dd941e53a84","2011-05-22 17:03:21","2011-05-22 17:03:21","1","1",(null),"false","seed_sally_id",(null),"Reid","Hayden","IT Developer",(null),"false","(011) 273-3510","(296) 231-1911","(655) 390-3737",(null),(null),"9 IBM Path","Cupertino","CA","73826","USA",(null),(null),(null),(null),(null),(null),(null),"Direct Mail",(null),(null),(null)
"eca2a73a-81f3-4ad4-e88b-4dd94131eca0","2011-05-22 17:03:21","2011-05-22 17:03:21","1","1",(null),"false","seed_sarah_id",(null),"Eunice","Caplinger","Mgr Operations",(null),"false","(976) 018-2769","(381) 838-4523","(450) 648-3693",(null),(null),"321 University Ave.","Sunnyvale","CA","52191","USA",(null),(null),(null),(null),(null),(null),(null),"Trade Show",(null),(null),(null)
"f0380e5b-ac61-d053-8705-4dd941002aa8","2011-05-22 17:03:21","2011-05-22 17:03:21","1","1",(null),"false","seed_will_id",(null),"Deidre","Seiler","Director Sales",(null),"false","(579) 799-2417","(011) 410-9443","(128) 716-2085",(null),(null),"345 Sugar Blvd.","San Jose","NY","70049","USA",(null),(null),(null),(null),(null),(null),(null),"Other",(null),(null),(null)
"f3cc6cc8-4b3d-1c15-346f-4dd941a4404a","2011-05-22 17:03:21","2011-05-22 17:03:21","1","1",(null),"false","seed_sarah_id",(null),"Hobert","Grimshaw","Mgr Operations",(null),"false","(190) 763-3062","(160) 391-3391","(528) 619-7116",(null),(null),"48920 San Carlos Ave","San Francisco","CA","54649","USA",(null),(null),(null),(null),(null),(null),(null),"Other",(null),(null),(null)
"33e809db-53a8-c185-d772-4dd941ad4820","2011-05-22 17:03:21","2011-05-22 17:03:21","1","1",(null),"false","seed_sarah_id",(null),"Harriet","Cunha","Mgr Operations",(null),"false","(390) 257-1363","(174) 315-5101","(464) 820-2853",(null),(null),"48920 San Carlos Ave","Sunnyvale","CA","12756","USA",(null),(null),(null),(null),(null),(null),(null),"Campaign",(null),(null),(null)
"6c6b029a-c071-9856-1080-4dd9419a5c39","2011-05-22 17:03:21","2011-05-22 17:03:21","1","1",(null),"false","seed_will_id",(null),"Wilmer","Miesner","President",(null),"false","(890) 283-7154","(840) 954-3829","(287) 625-9174",(null),(null),"777 West Filmore Ln","Los Angeles","NY","56436","USA",(null),(null),(null),(null),(null),(null),(null),"Conference",(null),(null),(null)
"a61f09a5-ac1d-e763-fc4e-4dd94163bf77","2011-05-22 17:03:21","2011-05-22 17:03:21","1","1",(null),"false","seed_chris_id",(null),"Carolyn","Motz","VP Operations",(null),"false","(256) 922-4334","(714) 661-0622","(270) 421-0232",(null),(null),"48920 San Carlos Ave","Kansas City","NY","13703","USA",(null),(null),(null),(null),(null),(null),(null),(null),(null),(null),(null)
"df170723-f406-873c-ccfc-4dd941531097","2011-05-22 17:03:21","2011-05-22 17:03:21","1","1",(null),"false","seed_max_id",(null),"Althea","Willette","Director Operations",(null),"false","(290) 169-4451","(191) 893-7124","(866) 203-1980",(null),(null),"9 IBM Path","Denver","CA","73442","USA",(null),(null),(null),(null),(null),(null),(null),"Email",(null),(null),(null)
"11850368-a411-a27d-6b93-4dd941bc9d45","2011-05-22 17:03:21","2011-05-22 17:03:21","1","1",(null),"false","seed_sally_id",(null),"Therese","Hockenberry","Mgr Operations",(null),"false","(209) 664-7818","(593) 079-9770","(586) 183-1111",(null),(null),"1715 Scott Dr","San Mateo","CA","39659","USA",(null),(null),(null),(null),(null),(null),(null),"Trade Show",(null),(null),(null)
"152d983e-e751-f311-29d9-4dd9417aa213","2011-05-22 17:03:21","2011-05-22 17:03:21","1","1",(null),"false","seed_sarah_id",(null),"Robbie","Libbey","VP Operations",(null),"false","(210) 623-4179","(721) 521-7736","(339) 192-0037",(null),(null),"67321 West Siam St.","San Jose","CA","86866","USA",(null),(null),(null),(null),(null),(null),(null),"Self Generated",(null),(null),(null)
"18e879f7-99ea-0ca0-0e31-4dd9413134ae","2011-05-22 17:03:21","2011-05-22 17:03:21","1","1",(null),"false","seed_max_id",(null),"Lynda","Furguson","Director Sales",(null),"false","(292) 943-0907","(592) 476-6647","(944) 990-5087",(null),(null),"1715 Scott Dr","Denver","CA","42180","USA",(null),(null),(null),(null),(null),(null),(null),"Conference",(null),(null),(null)
"1c931f08-c5ab-2649-f81d-4dd941c773b8","2011-05-22 17:03:21","2011-05-22 17:03:21","1","1",(null),"false","seed_chris_id",(null),"Roosevelt","Guse","President",(null),"false","(223) 036-4595","(106) 657-8377","(673) 410-8437",(null),(null),"999 Baker Way","San Mateo","NY","91555","USA",(null),(null),(null),(null),(null),(null),(null),"Trade Show",(null),(null),(null)
"203a9ed7-d866-b443-8f02-4dd941bbad6b","2011-05-22 17:03:21","2011-05-22 17:03:21","1","1",(null),"false","seed_will_id",(null),"Antwan","Ring","VP Sales",(null),"false","(626) 429-2227","(380) 210-8848","(701) 831-5307",(null),(null),"999 Baker Way","Santa Monica","NY","70624","USA",(null),(null),(null),(null),(null),(null),(null),"Other",(null),(null),(null)
"23fe4087-91cc-3c41-a6fb-4dd941cbcf1a","2011-05-22 17:03:21","2011-05-22 17:03:21","1","1",(null),"false","seed_max_id",(null),"May","Vidrine","VP Operations",(null),"false","(634) 219-8062","(648) 186-9708","(796) 245-4171",(null),(null),"777 West Filmore Ln","Los Angeles","CA","30853","USA",(null),(null),(null),(null),(null),(null),(null),(null),(null),(null),(null)
"27adc936-8af9-d8ef-c44f-4dd941ad635b","2011-05-22 17:03:21","2011-05-22 17:03:21","1","1",(null),"false","seed_max_id",(null),"Kristina","Ethridge","President",(null),"false","(178) 369-9233","(340) 964-4118","(174) 200-9957",(null),(null),"999 Baker Way","Persistance","CA","15843","USA",(null),(null),(null),(null),(null),(null),(null),(null),(null),(null),(null)
"2b550b89-8be3-3e4e-c22c-4dd941fe7671","2011-05-22 17:03:21","2011-05-22 17:03:21","1","1",(null),"false","seed_sarah_id",(null),"Alisa","Billips","VP Sales",(null),"false","(721) 371-9364","(270) 502-7667","(148) 214-1551",(null),(null),"1715 Scott Dr","Cupertino","CA","70693","USA",(null),(null),(null),(null),(null),(null),(null),"Self Generated",(null),(null),(null)
"2f1b474f-0f66-f638-3309-4dd94133b82e","2011-05-22 17:03:21","2011-05-22 17:03:21","1","1",(null),"false","seed_max_id",(null),"Ernie","Pape","Director Sales",(null),"false","(333) 375-1615","(481) 657-9884","(573) 041-4278",(null),(null),"321 University Ave.","Cupertino","CA","90997","USA",(null),(null),(null),(null),(null),(null),(null),"Campaign",(null),(null),(null)
"32c98764-defe-c393-c851-4dd941e7a0f8","2011-05-22 17:03:21","2011-05-22 17:03:21","1","1",(null),"false","seed_max_id",(null),"Cleo","Hardeman","President",(null),"false","(765) 749-6329","(965) 047-9701","(003) 110-8579",(null),(null),"777 West Filmore Ln","Santa Fe","CA","10415","USA",(null),(null),(null),(null),(null),(null),(null),"Self Generated",(null),(null),(null)
"366f2678-cff5-5b64-da0a-4dd9413ae2de","2011-05-22 17:03:21","2011-05-22 17:03:21","1","1",(null),"false","seed_chris_id",(null),"James","Eisenhower","VP Sales",(null),"false","(894) 754-8497","(139) 830-1332","(590) 123-1961",(null),(null),"123 Anywhere Street","St. Petersburg","NY","89722","USA",(null),(null),(null),(null),(null),(null),(null),(null),(null),(null),(null)
"3a0e3148-6c1f-b470-9025-4dd94152230b","2011-05-22 17:03:21","2011-05-22 17:03:21","1","1",(null),"false","seed_chris_id",(null),"Odis","Larock","Senior Product Manager",(null),"false","(335) 971-6478","(957) 274-8363","(877) 480-9691",(null),(null),"345 Sugar Blvd.","Ohio","NY","75492","USA",(null),(null),(null),(null),(null),(null),(null),"Email",(null),(null),(null)
"3d95dd63-f3d9-599e-a428-4dd94128eace","2011-05-22 17:03:21","2011-05-22 17:03:21","1","1",(null),"false","seed_max_id",(null),"Mack","Burrow","IT Developer",(null),"false","(654) 781-5599","(072) 151-3916","(762) 278-6211",(null),(null),"9 IBM Path","Kansas City","CA","51924","USA",(null),(null),(null),(null),(null),(null),(null),"Campaign",(null),(null),(null)
"4120a4ad-18f9-4b78-45a2-4dd941dd538a","2011-05-22 17:03:21","2011-05-22 17:03:21","1","1",(null),"false","seed_max_id",(null),"Lelia","Keese","President",(null),"false","(777) 553-4080","(763) 414-6785","(509) 358-8660",(null),(null),"48920 San Carlos Ave","Kansas City","CA","52901","USA",(null),(null),(null),(null),(null),(null),(null),"Existing Customer",(null),(null),(null)
"44c201a1-a1ac-3ee4-080c-4dd94142e13f","2011-05-22 17:03:21","2011-05-22 17:03:21","1","1",(null),"false","seed_sarah_id",(null),"Bart","Douglass","VP Operations",(null),"false","(999) 847-7618","(155) 996-4376","(466) 695-6061",(null),(null),"67321 West Siam St.","Cupertino","CA","87743","USA",(null),(null),(null),(null),(null),(null),(null),"Direct Mail",(null),(null),(null)
"487aa072-b764-8bf5-2477-4dd941c0364d","2011-05-22 17:03:21","2011-05-22 17:03:21","1","1",(null),"false","seed_max_id",(null),"Lavern","Hathorn","VP Operations",(null),"false","(331) 028-7555","(677) 455-8498","(403) 211-6287",(null),(null),"321 University Ave.","San Jose","CA","42692","USA",(null),(null),(null),(null),(null),(null),(null),"Partner",(null),(null),(null)
"4c1e2398-42e8-482f-d0a5-4dd941d428ee","2011-05-22 17:03:21","2011-05-22 17:03:21","1","1",(null),"false","seed_will_id",(null),"Lela","Wilmoth","President",(null),"false","(843) 091-6726","(372) 289-2005","(971) 712-9045",(null),(null),"123 Anywhere Street","Santa Fe","NY","13484","USA",(null),(null),(null),(null),(null),(null),(null),"Word of mouth",(null),(null),(null)
"4fda9d1f-a886-680c-5c5d-4dd9414f3a68","2011-05-22 17:03:21","2011-05-22 17:03:21","1","1",(null),"false","seed_sarah_id",(null),"Gerry","Behrends","Director Operations",(null),"false","(327) 642-8961","(333) 966-1315","(750) 938-6593",(null),(null),"67321 West Siam St.","Sunnyvale","CA","42005","USA",(null),(null),(null),(null),(null),(null),(null),"Web Site",(null),(null),(null)
"537b095f-aaa3-ff34-26f4-4dd94188643a","2011-05-22 17:03:21","2011-05-22 17:03:21","1","1",(null),"false","seed_max_id",(null),"Gerald","Macha","VP Sales",(null),"false","(364) 111-6433","(411) 977-1289","(944) 305-2378",(null),(null),"9 IBM Path","San Francisco","CA","88343","USA",(null),(null),(null),(null),(null),(null),(null),"Direct Mail",(null),(null),(null)
"570c63a7-e233-2b45-14d3-4dd94190461f","2011-05-22 17:03:21","2011-05-22 17:03:21","1","1",(null),"false","seed_sally_id",(null),"Jewel","Carreon","Director Operations",(null),"false","(984) 587-7374","(669) 857-1381","(530) 302-9333",(null),(null),"1715 Scott Dr","San Mateo","CA","43588","USA",(null),(null),(null),(null),(null),(null),(null),"Public Relations",(null),(null),(null)
"5ab8ab43-13df-23a0-1ebe-4dd9417d5c6d","2011-05-22 17:03:21","2011-05-22 17:03:21","1","1",(null),"false","seed_sally_id",(null),"Matthew","Fleet","VP Sales",(null),"false","(989) 904-7454","(221) 607-5423","(595) 676-0978",(null),(null),"111 Silicon Valley Road","Persistance","CA","44564","USA",(null),(null),(null),(null),(null),(null),(null),"Employee",(null),(null),(null)
"5e5fe18b-8d16-f006-56a9-4dd9418bb972","2011-05-22 17:03:21","2011-05-22 17:03:21","1","1",(null),"false","seed_sarah_id",(null),"Bianca","Bandy","Senior Product Manager",(null),"false","(827) 584-3889","(591) 268-6202","(232) 139-3505",(null),(null),"111 Silicon Valley Road","St. Petersburg","CA","50344","USA",(null),(null),(null),(null),(null),(null),(null),"Trade Show",(null),(null),(null)
"620362c8-8c7d-d898-1585-4dd941c5cd4a","2011-05-22 17:03:21","2011-05-22 17:03:21","1","1",(null),"false","seed_will_id",(null),"Kraig","Harland","VP Operations",(null),"false","(734) 020-4444","(585) 008-4272","(279) 106-0453",(null),(null),"321 University Ave.","Sunnyvale","NY","32151","USA",(null),(null),(null),(null),(null),(null),(null),"Employee",(null),(null),(null)
"65b18f24-0d8b-5048-c0f5-4dd941ba90df","2011-05-22 17:03:21","2011-05-22 17:03:21","1","1",(null),"false","seed_max_id",(null),"Miriam","Whisman","Director Sales",(null),"false","(469) 038-4827","(859) 738-2562","(605) 229-3722",(null),(null),"777 West Filmore Ln","San Mateo","CA","55704","USA",(null),(null),(null),(null),(null),(null),(null),"Trade Show",(null),(null),(null)
"6970f555-af2d-93d6-ae21-4dd941ed8bc3","2011-05-22 17:03:21","2011-05-22 17:03:21","1","1",(null),"false","seed_sarah_id",(null),"Matt","Wilks","Senior Product Manager",(null),"false","(360) 699-9782","(115) 583-1667","(949) 354-6670",(null),(null),"123 Anywhere Street","St. Petersburg","CA","24107","USA",(null),(null),(null),(null),(null),(null),(null),"Conference",(null),(null),(null)
"6d237e10-7a4b-45bf-555d-4dd94106e139","2011-05-22 17:03:21","2011-05-22 17:03:21","1","1",(null),"false","seed_sally_id",(null),"Kendrick","Honore","VP Sales",(null),"false","(122) 448-9786","(092) 694-4238","(734) 133-2315",(null),(null),"67321 West Siam St.","Cupertino","CA","68889","USA",(null),(null),(null),(null),(null),(null),(null),"Partner",(null),(null),(null)
"70e4bf46-1047-9326-e9f7-4dd94137fc10","2011-05-22 17:03:21","2011-05-22 17:03:21","1","1",(null),"false","seed_sarah_id",(null),"Emilio","Matt","Mgr Operations",(null),"false","(982) 172-3434","(739) 924-7470","(393) 733-7494",(null),(null),"321 University Ave.","Denver","CA","75917","USA",(null),(null),(null),(null),(null),(null),(null),"Direct Mail",(null),(null),(null)
"748c5a40-6231-6767-26a7-4dd9419f7a5b","2011-05-22 17:03:21","2011-05-22 17:03:21","1","1",(null),"false","seed_sarah_id",(null),"Deanne","Eyman","VP Operations",(null),"false","(733) 717-6956","(359) 789-2304","(287) 976-1148",(null),(null),"345 Sugar Blvd.","San Mateo","CA","14504","USA",(null),(null),(null),(null),(null),(null),(null),"Employee",(null),(null),(null)
"78486594-a70c-5c7a-7c1a-4dd9410488ea","2011-05-22 17:03:21","2011-05-22 17:03:21","1","1",(null),"false","seed_max_id",(null),"Phoebe","Lando","Director Sales",(null),"false","(960) 792-2860","(953) 817-3615","(749) 679-9818",(null),(null),"999 Baker Way","Cupertino","CA","44114","USA",(null),(null),(null),(null),(null),(null),(null),"Partner",(null),(null),(null)
"7c008251-ea88-ddfb-116a-4dd9417ce4d8","2011-05-22 17:03:21","2011-05-22 17:03:21","1","1",(null),"false","seed_sally_id",(null),"Trina","Carrasco","VP Operations",(null),"false","(554) 980-1500","(605) 626-2152","(172) 260-5433",(null),(null),"777 West Filmore Ln","St. Petersburg","CA","35955","USA",(null),(null),(null),(null),(null),(null),(null),"Employee",(null),(null),(null)
"7feef4c3-ec0a-08ca-90ac-4dd9417ca4df","2011-05-22 17:03:21","2011-05-22 17:03:21","1","1",(null),"false","seed_will_id",(null),"Dessie","Rundle","Senior Product Manager",(null),"false","(226) 672-6798","(182) 437-2328","(804) 616-5191",(null),(null),"9 IBM Path","Alabama","NY","60993","USA",(null),(null),(null),(null),(null),(null),(null),"Public Relations",(null),(null),(null)
"83a485c0-81ef-3812-096a-4dd94135e50d","2011-05-22 17:03:21","2011-05-22 17:03:21","1","1",(null),"false","seed_chris_id",(null),"Kelly","Resendiz","Mgr Operations",(null),"false","(052) 952-6425","(176) 776-1695","(541) 902-3008",(null),(null),"321 University Ave.","Alabama","NY","79661","USA",(null),(null),(null),(null),(null),(null),(null),"Self Generated",(null),(null),(null)
"875a7af8-82f6-b932-0b9f-4dd941fafc2b","2011-05-22 17:03:21","2011-05-22 17:03:21","1","1",(null),"false","seed_will_id",(null),"Jeramy","Steinbeck","VP Operations",(null),"false","(248) 830-0954","(158) 920-1197","(725) 079-7287",(null),(null),"48920 San Carlos Ave","Salt Lake City","NY","26485","USA",(null),(null),(null),(null),(null),(null),(null),"Web Site",(null),(null),(null)
"8b6ed4ed-0ba2-d88d-7521-4dd94142f1ca","2011-05-22 17:03:21","2011-05-22 17:03:21","1","1",(null),"false","seed_max_id",(null),"Rodrigo","Hirth","Senior Product Manager",(null),"false","(833) 444-8601","(206) 134-9406","(224) 996-0395",(null),(null),"777 West Filmore Ln","San Jose","CA","22080","USA",(null),(null),(null),(null),(null),(null),(null),"Campaign",(null),(null),(null)
"8f5a611f-924b-347b-3159-4dd941290851","2011-05-22 17:03:21","2011-05-22 17:03:21","1","1",(null),"false","seed_chris_id",(null),"Jim","Burmeister","VP Sales",(null),"false","(085) 616-3122","(428) 495-5175","(517) 709-8139",(null),(null),"345 Sugar Blvd.","Salt Lake City","NY","56021","USA",(null),(null),(null),(null),(null),(null),(null),"Employee",(null),(null),(null)
"93466e9a-7945-e7f3-8cf7-4dd9413fca0c","2011-05-22 17:03:21","2011-05-22 17:03:21","1","1",(null),"false","seed_sarah_id",(null),"Ismael","Samuel","Mgr Operations",(null),"false","(217) 877-9874","(499) 665-0677","(581) 935-3269",(null),(null),"345 Sugar Blvd.","San Francisco","CA","17981","USA",(null),(null),(null),(null),(null),(null),(null),"Self Generated",(null),(null),(null)
"97533b93-ded8-b5d9-7049-4dd941b75f25","2011-05-22 17:03:21","2011-05-22 17:03:21","1","1",(null),"false","seed_sarah_id",(null),"Greg","Fiorentino","Director Sales",(null),"false","(750) 255-4939","(660) 301-5784","(897) 036-4676",(null),(null),"1715 Scott Dr","San Mateo","CA","40146","USA",(null),(null),(null),(null),(null),(null),(null),"Trade Show",(null),(null),(null)
"9b39ae6a-03f8-7be3-3349-4dd941fc0d96","2011-05-22 17:03:21","2011-05-22 17:03:21","1","1",(null),"false","seed_will_id",(null),"Williams","Romanowski","President",(null),"false","(401) 341-9497","(550) 508-1613","(097) 454-2350",(null),(null),"9 IBM Path","St. Petersburg","NY","58947","USA",(null),(null),(null),(null),(null),(null),(null),"Existing Customer",(null),(null),(null)
"9f2ee383-9e35-0293-c75b-4dd94122f5f7","2011-05-22 17:03:21","2011-05-22 17:03:21","1","1",(null),"false","seed_max_id",(null),"Jessie","Pifer","Mgr Operations",(null),"false","(227) 280-4313","(838) 502-7983","(056) 097-7162",(null),(null),"9 IBM Path","San Jose","CA","46226","USA",(null),(null),(null),(null),(null),(null),(null),"Web Site",(null),(null),(null)
"a32bc69b-b11b-1229-8770-4dd941666389","2011-05-22 17:03:21","2011-05-22 17:03:21","1","1",(null),"false","seed_sarah_id",(null),"Leonardo","Rapoza","VP Sales",(null),"false","(061) 341-0570","(173) 689-2359","(253) 975-3449",(null),(null),"111 Silicon Valley Road","Santa Monica","CA","87233","USA",(null),(null),(null),(null),(null),(null),(null),"Public Relations",(null),(null),(null)
"a71511b7-ff40-4b10-3492-4dd9415310d8","2011-05-22 17:03:21","2011-05-22 17:03:21","1","1",(null),"false","seed_max_id",(null),"Roslyn","Mcgraw","IT Developer",(null),"false","(946) 234-2439","(954) 723-8196","(837) 645-7163",(null),(null),"321 University Ave.","San Mateo","CA","64463","USA",(null),(null),(null),(null),(null),(null),(null),"Other",(null),(null),(null)
"ab0d78f8-bcd5-fb2b-1ff7-4dd9416f9f3c","2011-05-22 17:03:21","2011-05-22 17:03:21","1","1",(null),"false","seed_sarah_id",(null),"Mitch","Hartz","President",(null),"false","(385) 032-5712","(356) 239-5549","(772) 208-8049",(null),(null),"9 IBM Path","Santa Monica","CA","42610","USA",(null),(null),(null),(null),(null),(null),(null),"Campaign",(null),(null),(null)
"aef6f475-3dc1-320e-823c-4dd941cff194","2011-05-22 17:03:21","2011-05-22 17:03:21","1","1",(null),"false","seed_chris_id",(null),"Pam","Klock","Director Sales",(null),"false","(394) 225-1763","(080) 293-1165","(091) 991-1161",(null),(null),"345 Sugar Blvd.","Salt Lake City","NY","30976","USA",(null),(null),(null),(null),(null),(null),(null),"Self Generated",(null),(null),(null)
"b3117075-0dc2-ee3c-01ce-4dd941a6ad69","2011-05-22 17:03:21","2011-05-22 17:03:21","1","1",(null),"false","seed_chris_id",(null),"Greg","Kirkman","Senior Product Manager",(null),"false","(344) 431-0050","(629) 219-1411","(042) 960-5438",(null),(null),"67321 West Siam St.","Santa Monica","NY","45474","USA",(null),(null),(null),(null),(null),(null),(null),"Public Relations",(null),(null),(null)
"b703d6ef-7fff-a43a-de32-4dd9411ed868","2011-05-22 17:03:21","2011-05-22 17:03:21","1","1",(null),"false","seed_chris_id",(null),"Kermit","Carrion","VP Sales",(null),"false","(345) 470-7923","(928) 128-7973","(027) 873-7936",(null),(null),"345 Sugar Blvd.","Cupertino","NY","89323","USA",(null),(null),(null),(null),(null),(null),(null),"Email",(null),(null),(null)
"bb0120ea-6aa6-8d7f-11b7-4dd9415f8fe5","2011-05-22 17:03:21","2011-05-22 17:03:21","1","1",(null),"false","seed_will_id",(null),"Walker","Smithson","President",(null),"false","(888) 489-6630","(278) 701-2376","(104) 624-4547",(null),(null),"67321 West Siam St.","Cupertino","NY","21248","USA",(null),(null),(null),(null),(null),(null),(null),"Word of mouth",(null),(null),(null)
"bf12e0b2-00aa-5815-4f8d-4dd941e90961","2011-05-22 17:03:21","2011-05-22 17:03:21","1","1",(null),"false","seed_chris_id",(null),"Eddie","Kellam","Director Sales",(null),"false","(401) 416-3929","(629) 446-4941","(636) 378-3166",(null),(null),"999 Baker Way","St. Petersburg","NY","40306","USA",(null),(null),(null),(null),(null),(null),(null),"Employee",(null),(null),(null)
"c31b2647-5ba0-2f08-c245-4dd941b9faf6","2011-05-22 17:03:21","2011-05-22 17:03:21","1","1",(null),"false","seed_sarah_id",(null),"Kristopher","Wills","Director Sales",(null),"false","(866) 196-7862","(288) 740-4765","(231) 298-1857",(null),(null),"777 West Filmore Ln","St. Petersburg","CA","34743","USA",(null),(null),(null),(null),(null),(null),(null),"Public Relations",(null),(null),(null)
"c72ae3ce-6ff5-e8a9-ac3f-4dd94101a037","2011-05-22 17:03:21","2011-05-22 17:03:21","1","1",(null),"false","seed_sally_id",(null),"Carl","Derby","Mgr Operations",(null),"false","(150) 279-1326","(564) 401-8694","(139) 116-3857",(null),(null),"9 IBM Path","San Francisco","CA","21856","USA",(null),(null),(null),(null),(null),(null),(null),"Other",(null),(null),(null)
"cbf091fc-6e04-7a9c-1355-4dd9418147f0","2011-05-22 17:03:21","2011-05-22 17:03:21","1","1",(null),"false","seed_sally_id",(null),"Darell","Irons","VP Sales",(null),"false","(565) 074-2622","(007) 087-4143","(067) 513-3171",(null),(null),"777 West Filmore Ln","Santa Monica","CA","80496","USA",(null),(null),(null),(null),(null),(null),(null),(null),(null),(null),(null)
"cfc20bea-3510-2d00-66bd-4dd9412acb43","2011-05-22 17:03:21","2011-05-22 17:03:21","1","1",(null),"false","seed_sarah_id",(null),"Chase","Hodgin","President",(null),"false","(585) 320-1013","(378) 370-9333","(299) 877-5713",(null),(null),"1715 Scott Dr","Ohio","CA","54172","USA",(null),(null),(null),(null),(null),(null),(null),"Other",(null),(null),(null)
"d3b9a9df-4bb5-4acc-b3f1-4dd941371662","2011-05-22 17:03:21","2011-05-22 17:03:21","1","1",(null),"false","seed_sally_id",(null),"Maureen","Hollinger","VP Operations",(null),"false","(833) 884-7501","(545) 338-6453","(201) 386-4067",(null),(null),"9 IBM Path","San Mateo","CA","61644","USA",(null),(null),(null),(null),(null),(null),(null),"Conference",(null),(null),(null)
"d7db912a-03c3-ce65-fbc7-4dd941ca6270","2011-05-22 17:03:21","2011-05-22 17:03:21","1","1",(null),"false","seed_sally_id",(null),"Abdul","Hamblen","Mgr Operations",(null),"false","(785) 704-3041","(181) 056-9123","(756) 820-8036",(null),(null),"321 University Ave.","Kansas City","CA","39245","USA",(null),(null),(null),(null),(null),(null),(null),"Employee",(null),(null),(null)
"dc0cdbd9-b96b-9d02-4b33-4dd941d93d11","2011-05-22 17:03:21","2011-05-22 17:03:21","1","1",(null),"false","seed_sally_id",(null),"Jeff","Riddle","Mgr Operations",(null),"false","(170) 639-0285","(254) 124-2091","(488) 477-7381",(null),(null),"999 Baker Way","Kansas City","CA","83041","USA",(null),(null),(null),(null),(null),(null),(null),"Web Site",(null),(null),(null)
"e03a3d9f-7563-31fb-33b6-4dd94183b8e4","2011-05-22 17:03:21","2011-05-22 17:03:21","1","1",(null),"false","seed_sarah_id",(null),"Joe","Carey","IT Developer",(null),"false","(110) 635-8943","(318) 252-4336","(900) 660-9734",(null),(null),"9 IBM Path","Persistance","CA","32148","USA",(null),(null),(null),(null),(null),(null),(null),"Public Relations",(null),(null),(null)
"e4808a72-82d9-b1b2-f02b-4dd9416579b2","2011-05-22 17:03:21","2011-05-22 17:03:21","1","1",(null),"false","seed_sally_id",(null),"Faye","Nesbit","VP Sales",(null),"false","(481) 459-0143","(903) 655-4051","(753) 744-6874",(null),(null),"1715 Scott Dr","Kansas City","CA","92750","USA",(null),(null),(null),(null),(null),(null),(null),"Existing Customer",(null),(null),(null)
"e8a82748-499e-2d13-c933-4dd9417444aa","2011-05-22 17:03:21","2011-05-22 17:03:21","1","1",(null),"false","seed_sally_id",(null),"Tad","Patillo","VP Operations",(null),"false","(430) 122-0005","(848) 046-2982","(154) 058-9640",(null),(null),"111 Silicon Valley Road","St. Petersburg","CA","92630","USA",(null),(null),(null),(null),(null),(null),(null),"Existing Customer",(null),(null),(null)
"ecce35dd-2a15-a46b-c0a7-4dd9413d51ba","2011-05-22 17:03:21","2011-05-22 17:03:21","1","1",(null),"false","seed_will_id",(null),"Milan","Beesley","VP Sales",(null),"false","(997) 818-7975","(991) 928-3651","(355) 577-2369",(null),(null),"345 Sugar Blvd.","Cupertino","NY","71105","USA",(null),(null),(null),(null),(null),(null),(null),"Web Site",(null),(null),(null)
"f108299d-10a9-aa95-7d2a-4dd9410ea2cf","2011-05-22 17:03:21","2011-05-22 17:03:21","1","1",(null),"false","seed_will_id",(null),"Herminia","Karcher","Director Sales",(null),"false","(350) 619-0271","(009) 159-9849","(550) 385-1599",(null),(null),"999 Baker Way","Denver","NY","38011","USA",(null),(null),(null),(null),(null),(null),(null),"Trade Show",(null),(null),(null)
"12520fb7-1eec-abe2-572b-4dd941bed91f","2011-05-22 17:03:21","2011-05-22 17:03:21","1","1",(null),"false","seed_max_id",(null),"Dolly","Maki","Director Sales",(null),"false","(509) 786-8790","(130) 196-0492","(663) 843-3448",(null),(null),"345 Sugar Blvd.","Alabama","CA","98020","USA",(null),(null),(null),(null),(null),(null),(null),"Campaign",(null),(null),(null)
"542d0349-4776-6b70-e4cb-4dd941f7f825","2011-05-22 17:03:21","2011-05-22 17:03:21","1","1",(null),"false","seed_max_id",(null),"Paige","Trussell","President",(null),"false","(411) 215-8085","(236) 750-9320","(136) 351-2626",(null),(null),"1715 Scott Dr","Santa Fe","CA","87321","USA",(null),(null),(null),(null),(null),(null),(null),"Existing Customer",(null),(null),(null)
"97a305f3-b558-7b9b-693f-4dd94156080c","2011-05-22 17:03:21","2011-05-22 17:03:21","1","1",(null),"false","seed_will_id",(null),"Robin","Kidd","Mgr Operations",(null),"false","(270) 692-2793","(815) 771-1448","(221) 441-2023",(null),(null),"1715 Scott Dr","Ohio","NY","58088","USA",(null),(null),(null),(null),(null),(null),(null),"Employee",(null),(null),(null)
"dc6703e2-805b-2417-5f81-4dd941565011","2011-05-22 17:03:21","2011-05-22 17:03:21","1","1",(null),"false","seed_sarah_id",(null),"Meghan","Griffis","IT Developer",(null),"false","(358) 986-5811","(302) 753-7838","(236) 540-8680",(null),(null),"123 Anywhere Street","Persistance","CA","97935","USA",(null),(null),(null),(null),(null),(null),(null),(null),(null),(null),(null)
"21d1f9fa-96de-a4f0-dbe5-4dd941f62e86","2011-05-22 17:03:21","2011-05-22 17:03:21","1","1",(null),"false","seed_chris_id",(null),"Perry","Grable","Senior Product Manager",(null),"false","(125) 528-6357","(711) 939-3341","(266) 808-5633",(null),(null),"123 Anywhere Street","San Francisco","NY","44129","USA",(null),(null),(null),(null),(null),(null),(null),"Direct Mail",(null),(null),(null)
"25f0ccaf-2a9e-2469-0b45-4dd94173df9e","2011-05-22 17:03:21","2011-05-22 17:03:21","1","1",(null),"false","seed_sarah_id",(null),"Cara","Dimattia","VP Operations",(null),"false","(240) 592-1742","(978) 944-2895","(584) 641-4656",(null),(null),"999 Baker Way","Ohio","CA","97475","USA",(null),(null),(null),(null),(null),(null),(null),"Email",(null),(null),(null)
"29fc8c57-2718-dec1-d98b-4dd9415308fc","2011-05-22 17:03:21","2011-05-22 17:03:21","1","1",(null),"false","seed_chris_id",(null),"Dirk","Sipos","VP Operations",(null),"false","(489) 458-5139","(849) 733-1751","(693) 232-7318",(null),(null),"321 University Ave.","Ohio","NY","76252","USA",(null),(null),(null),(null),(null),(null),(null),"Word of mouth",(null),(null),(null)
"2e9a3240-af0c-b877-144f-4dd9412997c7","2011-05-22 17:03:21","2011-05-22 17:03:21","1","1",(null),"false","seed_sally_id",(null),"Desiree","Quick","Director Sales",(null),"false","(129) 025-7062","(143) 728-8298","(516) 874-7064",(null),(null),"111 Silicon Valley Road","Ohio","CA","55532","USA",(null),(null),(null),(null),(null),(null),(null),"Web Site",(null),(null),(null)
"33159f15-e218-5325-8371-4dd9419f5c27","2011-05-22 17:03:21","2011-05-22 17:03:21","1","1",(null),"false","seed_will_id",(null),"Doris","Bester","Senior Product Manager",(null),"false","(402) 906-1730","(811) 366-9704","(188) 619-3483",(null),(null),"321 University Ave.","Santa Monica","NY","85867","USA",(null),(null),(null),(null),(null),(null),(null),(null),(null),(null),(null)
"37d7509a-0b20-cc45-29f0-4dd9413966f5","2011-05-22 17:03:21","2011-05-22 17:03:21","1","1",(null),"false","seed_chris_id",(null),"Ezequiel","Shankle","IT Developer",(null),"false","(848) 066-8583","(650) 971-1432","(207) 767-4174",(null),(null),"67321 West Siam St.","St. Petersburg","NY","34924","USA",(null),(null),(null),(null),(null),(null),(null),"Trade Show",(null),(null),(null)
"3c6d71c1-0fda-ddc7-9550-4dd941434c89","2011-05-22 17:03:21","2011-05-22 17:03:21","1","1",(null),"false","seed_max_id",(null),"Rogelio","Kovar","Director Sales",(null),"false","(788) 330-6853","(055) 624-4313","(818) 715-5834",(null),(null),"777 West Filmore Ln","Denver","CA","92004","USA",(null),(null),(null),(null),(null),(null),(null),"Other",(null),(null),(null)
"414f9d21-7eb6-ce72-02f6-4dd9414355b4","2011-05-22 17:03:21","2011-05-22 17:03:21","1","1",(null),"false","seed_will_id",(null),"Jc","Pavone","President",(null),"false","(749) 241-1975","(588) 671-2502","(975) 659-0567",(null),(null),"999 Baker Way","Persistance","NY","31036","USA",(null),(null),(null),(null),(null),(null),(null),"Partner",(null),(null),(null)
"46524023-eb4a-f479-1c3f-4dd941700a0c","2011-05-22 17:03:21","2011-05-22 17:03:21","1","1",(null),"false","seed_chris_id",(null),"Emile","Trahan","President",(null),"false","(789) 738-6846","(309) 877-5901","(909) 823-5642",(null),(null),"67321 West Siam St.","Santa Fe","NY","28771","USA",(null),(null),(null),(null),(null),(null),(null),"Employee",(null),(null),(null)
"4b198aa7-1713-f23a-bf28-4dd94122e3d0","2011-05-22 17:03:21","2011-05-22 17:03:21","1","1",(null),"false","seed_sarah_id",(null),"Olen","Moshier","Director Operations",(null),"false","(386) 896-1646","(762) 418-1902","(304) 399-4294",(null),(null),"321 University Ave.","Persistance","CA","75353","USA",(null),(null),(null),(null),(null),(null),(null),"Other",(null),(null),(null)
"4fc2f49a-3eef-5ac4-fdb2-4dd94134eb7b","2011-05-22 17:03:21","2011-05-22 17:03:21","1","1",(null),"false","seed_sarah_id",(null),"Lionel","Amico","Director Sales",(null),"false","(538) 311-6668","(280) 403-1057","(731) 862-2892",(null),(null),"9 IBM Path","Alabama","CA","99183","USA",(null),(null),(null),(null),(null),(null),(null),"Conference",(null),(null),(null)
"546e89f2-0585-81de-1d87-4dd941d858e1","2011-05-22 17:03:21","2011-05-22 17:03:21","1","1",(null),"false","seed_sarah_id",(null),"Columbus","Pursell","IT Developer",(null),"false","(157) 394-4873","(798) 644-0355","(791) 378-6751",(null),(null),"321 University Ave.","San Jose","CA","66078","USA",(null),(null),(null),(null),(null),(null),(null),"Email",(null),(null),(null)
"59563ff6-f5f1-fe4e-57ce-4dd94186c69b","2011-05-22 17:03:21","2011-05-22 17:03:21","1","1",(null),"false","seed_sally_id",(null),"Emmett","Ulrey","Director Operations",(null),"false","(212) 427-9982","(657) 082-0211","(235) 849-9029",(null),(null),"345 Sugar Blvd.","San Jose","CA","76053","USA",(null),(null),(null),(null),(null),(null),(null),"Public Relations",(null),(null),(null)
"5e60864f-665c-e426-0a22-4dd9415dde41","2011-05-22 17:03:21","2011-05-22 17:03:21","1","1",(null),"false","seed_max_id",(null),"Kurtis","Millard","VP Operations",(null),"false","(449) 935-6919","(758) 752-0104","(101) 807-0967",(null),(null),"48920 San Carlos Ave","Salt Lake City","CA","43814","USA",(null),(null),(null),(null),(null),(null),(null),"Web Site",(null),(null),(null)
"62fd922d-efa8-d9f1-5c78-4dd941f5ca5f","2011-05-22 17:03:21","2011-05-22 17:03:21","1","1",(null),"false","seed_sally_id",(null),"Kaye","Monier","Director Operations",(null),"false","(041) 603-0426","(361) 551-8858","(896) 875-8289",(null),(null),"48920 San Carlos Ave","St. Petersburg","CA","58744","USA",(null),(null),(null),(null),(null),(null),(null),"Direct Mail",(null),(null),(null)
"68126334-453b-d3cf-cde6-4dd9418cf5d9","2011-05-22 17:03:21","2011-05-22 17:03:21","1","1",(null),"false","seed_max_id",(null),"Homer","Benz","Mgr Operations",(null),"false","(585) 925-6862","(171) 683-0709","(182) 371-1008",(null),(null),"9 IBM Path","San Jose","CA","47006","USA",(null),(null),(null),(null),(null),(null),(null),"Cold Call",(null),(null),(null)
"6cf99c3e-ae36-ddf4-574e-4dd9412f7fe7","2011-05-22 17:03:21","2011-05-22 17:03:21","1","1",(null),"false","seed_sally_id",(null),"Antonia","Schacht","Senior Product Manager",(null),"false","(932) 014-9804","(505) 276-7852","(833) 735-8093",(null),(null),"111 Silicon Valley Road","Alabama","CA","91470","USA",(null),(null),(null),(null),(null),(null),(null),"Cold Call",(null),(null),(null)
"71f442ab-1e5b-5f40-1a97-4dd94198491f","2011-05-22 17:03:21","2011-05-22 17:03:21","1","1",(null),"false","seed_sally_id",(null),"Cecilia","Madison","Mgr Operations",(null),"false","(799) 476-9585","(550) 252-8515","(002) 682-8005",(null),(null),"777 West Filmore Ln","Cupertino","CA","88479","USA",(null),(null),(null),(null),(null),(null),(null),"Web Site",(null),(null),(null)
"76a6b9ec-ef4e-82f5-7f06-4dd9410783bc","2011-05-22 17:03:21","2011-05-22 17:03:21","1","1",(null),"false","seed_sally_id",(null),"Leopoldo","Varley","President",(null),"false","(545) 410-9263","(373) 842-4983","(392) 141-4020",(null),(null),"9 IBM Path","Ohio","CA","11507","USA",(null),(null),(null),(null),(null),(null),(null),"Existing Customer",(null),(null),(null)
"7b2f011c-b078-1cb4-2c50-4dd9416ebe5f","2011-05-22 17:03:21","2011-05-22 17:03:21","1","1",(null),"false","seed_max_id",(null),"Christina","Lockhart","Director Operations",(null),"false","(188) 868-7386","(810) 254-0165","(989) 837-1057",(null),(null),"777 West Filmore Ln","Santa Fe","CA","67800","USA",(null),(null),(null),(null),(null),(null),(null),"Self Generated",(null),(null),(null)
"7faf9ca1-317c-0b5f-9fe4-4dd941ec1ae0","2011-05-22 17:03:21","2011-05-22 17:03:21","1","1",(null),"false","seed_sarah_id",(null),"Rubin","Greenough","Senior Product Manager",(null),"false","(150) 755-7251","(516) 196-5966","(371) 698-8858",(null),(null),"1715 Scott Dr","Salt Lake City","CA","36529","USA",(null),(null),(null),(null),(null),(null),(null),"Campaign",(null),(null),(null)
"84797548-22c6-3987-e647-4dd9419295f0","2011-05-22 17:03:21","2011-05-22 17:03:21","1","1",(null),"false","seed_sarah_id",(null),"Anibal","Geisler","Mgr Operations",(null),"false","(900) 718-7509","(020) 969-6775","(275) 158-5227",(null),(null),"123 Anywhere Street","Santa Monica","CA","81726","USA",(null),(null),(null),(null),(null),(null),(null),"Self Generated",(null),(null),(null)
"8911e7f0-4ec3-bca2-54c5-4dd941014c03","2011-05-22 17:03:21","2011-05-22 17:03:21","1","1",(null),"false","seed_sarah_id",(null),"Esperanza","Warnke","IT Developer",(null),"false","(739) 781-7153","(643) 610-1319","(904) 411-7572",(null),(null),"111 Silicon Valley Road","Alabama","CA","49987","USA",(null),(null),(null),(null),(null),(null),(null),"Direct Mail",(null),(null),(null)
"8dbbf5d9-4adf-260d-178a-4dd94183af57","2011-05-22 17:03:21","2011-05-22 17:03:21","1","1",(null),"false","seed_sarah_id",(null),"Sebastian","Sirois","Mgr Operations",(null),"false","(975) 955-5387","(037) 733-8431","(902) 053-3344",(null),(null),"777 West Filmore Ln","Kansas City","CA","48490","USA",(null),(null),(null),(null),(null),(null),(null),"Self Generated",(null),(null),(null)
"92613601-6868-08e4-20c3-4dd9414c448f","2011-05-22 17:03:21","2011-05-22 17:03:21","1","1",(null),"false","seed_sarah_id",(null),"Lesley","Paton","IT Developer",(null),"false","(619) 390-2693","(041) 296-4322","(325) 420-6328",(null),(null),"48920 San Carlos Ave","Kansas City","CA","29935","USA",(null),(null),(null),(null),(null),(null),(null),"Trade Show",(null),(null),(null)
"972d6ba6-c216-bd3e-758c-4dd9419aa213","2011-05-22 17:03:21","2011-05-22 17:03:21","1","1",(null),"false","seed_chris_id",(null),"Jane","Costas","VP Sales",(null),"false","(366) 295-6983","(395) 120-0495","(597) 725-2936",(null),(null),"123 Anywhere Street","Denver","NY","43497","USA",(null),(null),(null),(null),(null),(null),(null),"Conference",(null),(null),(null)
"9bf1693c-dc65-8446-ce89-4dd941a4d3c1","2011-05-22 17:03:21","2011-05-22 17:03:21","1","1",(null),"false","seed_chris_id",(null),"Henrietta","Earley","President",(null),"false","(178) 361-9367","(501) 272-2224","(460) 666-7196",(null),(null),"999 Baker Way","San Francisco","NY","66883","USA",(null),(null),(null),(null),(null),(null),(null),"Email",(null),(null),(null)
"a080ad24-8b09-88da-b9da-4dd941da2866","2011-05-22 17:03:21","2011-05-22 17:03:21","1","1",(null),"false","seed_max_id",(null),"Antonia","Chappelle","President",(null),"false","(018) 035-8988","(994) 814-6880","(338) 731-2399",(null),(null),"123 Anywhere Street","Salt Lake City","CA","83511","USA",(null),(null),(null),(null),(null),(null),(null),"Web Site",(null),(null),(null)
"a53f578c-471e-3dca-78d7-4dd941709fcc","2011-05-22 17:03:21","2011-05-22 17:03:21","1","1",(null),"false","seed_sarah_id",(null),"Michell","Alex","IT Developer",(null),"false","(240) 335-5191","(307) 415-9905","(714) 734-5243",(null),(null),"777 West Filmore Ln","Salt Lake City","CA","32124","USA",(null),(null),(null),(null),(null),(null),(null),(null),(null),(null),(null)
"a9ca3faf-9beb-a1ff-0ea2-4dd9411352c2","2011-05-22 17:03:21","2011-05-22 17:03:21","1","1",(null),"false","seed_sally_id",(null),"Isabel","Elkins","President",(null),"false","(576) 796-9258","(682) 871-1757","(116) 268-4432",(null),(null),"67321 West Siam St.","Persistance","CA","14082","USA",(null),(null),(null),(null),(null),(null),(null),"Conference",(null),(null),(null)
"ae3e1b45-967e-e3c3-4f41-4dd941369dff","2011-05-22 17:03:21","2011-05-22 17:03:21","1","1",(null),"false","seed_sarah_id",(null),"Jewel","Minyard","IT Developer",(null),"false","(647) 040-7459","(482) 148-9636","(654) 355-1924",(null),(null),"321 University Ave.","Cupertino","CA","88939","USA",(null),(null),(null),(null),(null),(null),(null),"Email",(null),(null),(null)
"b2a07942-849d-b2cb-268c-4dd9417a0aa9","2011-05-22 17:03:21","2011-05-22 17:03:21","1","1",(null),"false","seed_sarah_id",(null),"Lane","Philbrick","Senior Product Manager",(null),"false","(229) 236-2397","(301) 006-9403","(496) 175-0757",(null),(null),"999 Baker Way","Denver","CA","95689","USA",(null),(null),(null),(null),(null),(null),(null),"Cold Call",(null),(null),(null)
"b736c11a-29e3-803b-9c50-4dd94128c710","2011-05-22 17:03:21","2011-05-22 17:03:21","1","1",(null),"false","seed_will_id",(null),"Mikel","Frew","President",(null),"false","(315) 785-5313","(304) 824-4107","(014) 620-4549",(null),(null),"1715 Scott Dr","Kansas City","NY","50205","USA",(null),(null),(null),(null),(null),(null),(null),"Word of mouth",(null),(null),(null)
"bbb52e5c-81dc-c112-0525-4dd9419ff57e","2011-05-22 17:03:21","2011-05-22 17:03:21","1","1",(null),"false","seed_chris_id",(null),"Bobbie","Bice","Director Sales",(null),"false","(977) 605-4954","(074) 623-2286","(820) 075-0215",(null),(null),"1715 Scott Dr","San Jose","NY","67118","USA",(null),(null),(null),(null),(null),(null),(null),"Public Relations",(null),(null),(null)
"c0401e2a-d850-7051-8dc2-4dd941a51dbf","2011-05-22 17:03:21","2011-05-22 17:03:21","1","1",(null),"false","seed_sarah_id",(null),"Patrica","Corby","IT Developer",(null),"false","(240) 111-4327","(325) 983-3292","(988) 637-3368",(null),(null),"67321 West Siam St.","San Mateo","CA","39186","USA",(null),(null),(null),(null),(null),(null),(null),"Public Relations",(null),(null),(null)
"c4d9c2a8-188f-ce10-c020-4dd94116f634","2011-05-22 17:03:21","2011-05-22 17:03:21","1","1",(null),"false","seed_sally_id",(null),"Leif","Pegg","Senior Product Manager",(null),"false","(963) 156-0473","(618) 123-3417","(060) 036-9297",(null),(null),"1715 Scott Dr","Los Angeles","CA","94618","USA",(null),(null),(null),(null),(null),(null),(null),"Word of mouth",(null),(null),(null)
"c951c188-90bb-8d37-0596-4dd9413582e1","2011-05-22 17:03:21","2011-05-22 17:03:21","1","1",(null),"false","seed_max_id",(null),"Jere","Copper","Director Operations",(null),"false","(978) 865-5146","(984) 118-5313","(319) 860-8466",(null),(null),"9 IBM Path","Sunnyvale","CA","11636","USA",(null),(null),(null),(null),(null),(null),(null),"Word of mouth",(null),(null),(null)
"cdc7b183-948b-9369-2135-4dd941f2ea82","2011-05-22 17:03:21","2011-05-22 17:03:21","1","1",(null),"false","seed_will_id",(null),"Derek","Waites","President",(null),"false","(111) 178-9385","(485) 932-6122","(933) 384-1362",(null),(null),"111 Silicon Valley Road","Santa Monica","NY","63909","USA",(null),(null),(null),(null),(null),(null),(null),"Direct Mail",(null),(null),(null)
"d2395465-3952-d5c6-56a5-4dd9410b8cad","2011-05-22 17:03:21","2011-05-22 17:03:21","1","1",(null),"false","seed_max_id",(null),"Marty","Franklin","IT Developer",(null),"false","(862) 941-5762","(139) 435-8569","(459) 242-4755",(null),(null),"123 Anywhere Street","San Jose","CA","13061","USA",(null),(null),(null),(null),(null),(null),(null),"Conference",(null),(null),(null)
"d6b4e7f9-8d31-b19d-7478-4dd941fab36e","2011-05-22 17:03:21","2011-05-22 17:03:21","1","1",(null),"false","seed_will_id",(null),"Noel","Carruthers","IT Developer",(null),"false","(065) 489-0584","(930) 367-7816","(128) 304-1566",(null),(null),"111 Silicon Valley Road","Salt Lake City","NY","24047","USA",(null),(null),(null),(null),(null),(null),(null),"Word of mouth",(null),(null),(null)
"db25fc1b-37ce-6b16-086b-4dd941b5c5f1","2011-05-22 17:03:21","2011-05-22 17:03:21","1","1",(null),"false","seed_chris_id",(null),"Nanette","Murph","Director Operations",(null),"false","(443) 841-4589","(952) 451-9170","(543) 722-6162",(null),(null),"123 Anywhere Street","Santa Fe","NY","28752","USA",(null),(null),(null),(null),(null),(null),(null),"Direct Mail",(null),(null),(null)
"df7fda49-267a-2c80-c570-4dd9411c2775","2011-05-22 17:03:21","2011-05-22 17:03:21","1","1",(null),"false","seed_sarah_id",(null),"Logan","Henline","VP Operations",(null),"false","(029) 564-1540","(745) 040-0723","(301) 412-0840",(null),(null),"48920 San Carlos Ave","San Jose","CA","10276","USA",(null),(null),(null),(null),(null),(null),(null),"Other",(null),(null),(null)
"e3d91729-c3ca-1ed6-53dd-4dd941b432bc","2011-05-22 17:03:21","2011-05-22 17:03:21","1","1",(null),"false","seed_sarah_id",(null),"Russ","Chitty","Director Operations",(null),"false","(306) 519-7009","(326) 825-7562","(018) 694-4544",(null),(null),"777 West Filmore Ln","Ohio","CA","60190","USA",(null),(null),(null),(null),(null),(null),(null),"Conference",(null),(null),(null)
"e839e106-ac5c-a7ce-c9fa-4dd941230e92","2011-05-22 17:03:21","2011-05-22 17:03:21","1","1",(null),"false","seed_sally_id",(null),"Michele","Bartlow","Director Sales",(null),"false","(166) 315-0100","(920) 205-8720","(200) 163-7177",(null),(null),"777 West Filmore Ln","San Jose","CA","71590","USA",(null),(null),(null),(null),(null),(null),(null),"Campaign",(null),(null),(null)
"ec6dbc17-1969-aecf-d258-4dd941de4d13","2011-05-22 17:03:21","2011-05-22 17:03:21","1","1",(null),"false","seed_sarah_id",(null),"Summer","Pilon","VP Operations",(null),"false","(438) 286-9550","(924) 493-3648","(455) 628-1630",(null),(null),"345 Sugar Blvd.","San Jose","CA","30766","USA",(null),(null),(null),(null),(null),(null),(null),"Employee",(null),(null),(null)
"f0c634e8-fb89-4a62-719d-4dd94104bcc0","2011-05-22 17:03:21","2011-05-22 17:03:21","1","1",(null),"false","seed_will_id",(null),"Titus","Attaway","Senior Product Manager",(null),"false","(386) 350-2301","(894) 760-8520","(081) 001-8163",(null),(null),"67321 West Siam St.","Santa Fe","NY","24903","USA",(null),(null),(null),(null),(null),(null),(null),"Web Site",(null),(null),(null)
"f3d00fcd-d268-be68-3330-4dd94197af08","2011-05-22 17:03:21","2011-05-22 17:03:21","1","1",(null),"false","seed_will_id",(null),"Alison","Mcmanis","VP Operations",(null),"false","(517) 882-3157","(764) 355-1007","(454) 097-1406",(null),(null),"999 Baker Way","Kansas City","NY","73355","USA",(null),(null),(null),(null),(null),(null),(null),"Self Generated",(null),(null),(null)
"5424012d-dabf-87b4-7311-4dd94119d000","2011-05-22 17:03:21","2011-05-22 17:03:21","1","1",(null),"false","seed_chris_id",(null),"Kasey","Dunlap","Director Operations",(null),"false","(059) 368-3408","(626) 776-0566","(609) 178-5331",(null),(null),"777 West Filmore Ln","Alabama","NY","31936","USA",(null),(null),(null),(null),(null),(null),(null),"Campaign",(null),(null),(null)
"9884052e-084a-624d-ce36-4dd941d2f5dc","2011-05-22 17:03:21","2011-05-22 17:03:21","1","1",(null),"false","seed_sarah_id",(null),"Owen","Lindner","President",(null),"false","(599) 511-1029","(311) 121-3957","(828) 805-2724",(null),(null),"321 University Ave.","Sunnyvale","CA","89526","USA",(null),(null),(null),(null),(null),(null),(null),"Public Relations",(null),(null),(null)
"dbd20977-31e6-2e7b-0653-4dd9410e19e2","2011-05-22 17:03:21","2011-05-22 17:03:21","1","1",(null),"false","seed_sarah_id",(null),"Melody","Milewski","VP Operations",(null),"false","(091) 998-1215","(088) 901-8861","(035) 839-8114",(null),(null),"123 Anywhere Street","Ohio","CA","18234","USA",(null),(null),(null),(null),(null),(null),(null),"Campaign",(null),(null),(null)
"122da141-a5ba-f731-1b13-4dd941ad084d","2011-05-22 17:03:21","2011-05-22 17:03:21","1","1",(null),"false","seed_sarah_id",(null),"Kaitlin","Borges","VP Sales",(null),"false","(078) 391-0995","(022) 401-6811","(186) 454-0853",(null),(null),"48920 San Carlos Ave","Santa Monica","CA","68837","USA",(null),(null),(null),(null),(null),(null),(null),"Cold Call",(null),(null),(null)
"16a09114-0e35-13e4-be64-4dd94153d7b9","2011-05-22 17:03:21","2011-05-22 17:03:21","1","1",(null),"false","seed_will_id",(null),"Judith","Whited","Director Operations",(null),"false","(499) 408-7436","(256) 766-5260","(106) 476-0821",(null),(null),"777 West Filmore Ln","Ohio","NY","35511","USA",(null),(null),(null),(null),(null),(null),(null),"Campaign",(null),(null),(null)
"1b49cf2a-4f5f-2948-f2d9-4dd941752545","2011-05-22 17:03:21","2011-05-22 17:03:21","1","1",(null),"false","seed_chris_id",(null),"Mandy","Rosenberger","IT Developer",(null),"false","(361) 553-9270","(490) 081-2310","(726) 526-6608",(null),(null),"9 IBM Path","Kansas City","NY","50889","USA",(null),(null),(null),(null),(null),(null),(null),"Trade Show",(null),(null),(null)
"1fda1478-8636-ddea-98c4-4dd941c0f1ed","2011-05-22 17:03:21","2011-05-22 17:03:21","1","1",(null),"false","seed_sally_id",(null),"Delores","Mcbroom","Mgr Operations",(null),"false","(932) 826-5877","(821) 902-6898","(903) 242-5159",(null),(null),"111 Silicon Valley Road","Salt Lake City","CA","39085","USA",(null),(null),(null),(null),(null),(null),(null),"Partner",(null),(null),(null)
"24a0669f-17ec-decf-f8f4-4dd9416d225f","2011-05-22 17:03:21","2011-05-22 17:03:21","1","1",(null),"false","seed_sarah_id",(null),"Anne","Lecroy","VP Sales",(null),"false","(506) 861-0003","(407) 810-2958","(117) 576-7958",(null),(null),"67321 West Siam St.","Kansas City","CA","34248","USA",(null),(null),(null),(null),(null),(null),(null),"Existing Customer",(null),(null),(null)
"2962fc22-73c4-f255-c066-4dd941c8f18b","2011-05-22 17:03:21","2011-05-22 17:03:21","1","1",(null),"false","seed_sarah_id",(null),"Matthew","Child","Mgr Operations",(null),"false","(243) 079-3690","(478) 008-5768","(364) 252-0457",(null),(null),"777 West Filmore Ln","San Jose","CA","62363","USA",(null),(null),(null),(null),(null),(null),(null),"Email",(null),(null),(null)
"2e6b91b3-8741-b32f-d340-4dd941cc9952","2011-05-22 17:03:21","2011-05-22 17:03:21","1","1",(null),"false","seed_sarah_id",(null),"Clint","Maysonet","President",(null),"false","(164) 428-3260","(811) 511-0958","(604) 882-0857",(null),(null),"345 Sugar Blvd.","Santa Fe","CA","78268","USA",(null),(null),(null),(null),(null),(null),(null),"Other",(null),(null),(null)
"33083483-c0e4-686e-3776-4dd94187a11b","2011-05-22 17:03:21","2011-05-22 17:03:21","1","1",(null),"false","seed_sarah_id",(null),"Ronald","Munden","Senior Product Manager",(null),"false","(537) 910-3502","(383) 931-9524","(352) 165-1049",(null),(null),"123 Anywhere Street","Sunnyvale","CA","91749","USA",(null),(null),(null),(null),(null),(null),(null),"Employee",(null),(null),(null)
"37d544c2-50f4-8331-0238-4dd941691070","2011-05-22 17:03:21","2011-05-22 17:03:21","1","1",(null),"false","seed_chris_id",(null),"Otis","Soriano","Director Sales",(null),"false","(037) 495-2976","(034) 069-6540","(262) 569-6279",(null),(null),"48920 San Carlos Ave","Santa Monica","NY","71567","USA",(null),(null),(null),(null),(null),(null),(null),(null),(null),(null),(null)
"3cba4329-9a3a-0131-eff1-4dd9414cadf2","2011-05-22 17:03:21","2011-05-22 17:03:21","1","1",(null),"false","seed_will_id",(null),"Ervin","Roberts","VP Operations",(null),"false","(050) 869-2080","(017) 114-7231","(887) 902-6245",(null),(null),"9 IBM Path","St. Petersburg","NY","56323","USA",(null),(null),(null),(null),(null),(null),(null),"Trade Show",(null),(null),(null)
"418f0c60-386b-06cf-4b2d-4dd9417e0455","2011-05-22 17:03:21","2011-05-22 17:03:21","1","1",(null),"false","seed_sally_id",(null),"Claude","Newbury","Director Sales",(null),"false","(064) 818-7242","(022) 591-5030","(888) 738-2355",(null),(null),"111 Silicon Valley Road","Salt Lake City","CA","82265","USA",(null),(null),(null),(null),(null),(null),(null),"Web Site",(null),(null),(null)
"e4702017-b00b-be62-7327-4e1d915fa92e","2011-07-13 12:39:02","2011-07-13 12:39:02","1","1",(null),"false","1",(null),"Andrea","Testfrau",(null),(null),"false",(null),(null),"9999999",(null),(null),"Schlesierstrasse 15","Muhr am See","Bayern","91735",(null),(null),(null),(null),(null),(null),(null),(null),(null),(null),(null),(null)
"9c624b60-9ad9-b4b7-1356-4e1d91d54000","2011-07-13 12:38:21","2011-07-13 12:38:21","1","1",(null),"false","1",(null),"Herbert","Mayer",(null),(null),"false",(null),"0122444","9999999",(null),(null),"Schlesierstrasse 15","Muhr am See","Bayern","91735",(null),(null),(null),(null),(null),(null),(null),(null),(null),(null),(null),(null)