id,name,date_entered,date_modified,modified_user_id,created_by,description,deleted,assigned_user_id,location,password,join_url,host_url,displayed_url,creator,external_id,duration_hours,duration_minutes,date_start,date_end,parent_type,status,type,parent_id,reminder_time,outlook_id
"dc803cff-326c-51ad-ab23-4dd941d7fb27","Introduce all players","2011-05-22 17:03:21","2011-05-22 17:03:21","1","1","Meeting to discuss project plan and hash out the details of implementation","false","seed_max_id",(null),(null),(null),(null),(null),(null),(null),3,0,"2011-10-08 10:45:00","2011-10-08 13:45:00","Accounts","Held","Sugar","6dd72268-ddbd-9277-7884-4dd941448222",-1,(null)
"e02a454d-07b8-974a-787f-4dd941c24658","Follow-up on proposal","2011-05-22 17:03:21","2011-05-22 17:03:21","1","1","Meeting to discuss project plan and hash out the details of implementation","false","seed_sally_id",(null),(null),(null),(null),(null),(null),(null),0,45,"2011-07-08 11:30:00","2011-07-08 12:15:00","Accounts","Held","Sugar","5406e66b-c910-d072-00f0-4dd94132e200",-1,(null)
"e3a1dd8c-57a0-9f5e-97af-4dd94131fa4f","Initial discussion","2011-05-22 17:03:21","2011-05-22 17:03:21","1","1","Meeting to discuss project plan and hash out the details of implementation","false","seed_max_id",(null),(null),(null),(null),(null),(null),(null),1,45,"2011-07-13 12:00:00","2011-07-13 13:45:00","Accounts","Not Held","Sugar","bf863e49-fb4c-0e09-f837-4dd941ea5561",-1,(null)
"e721f674-9e46-9ee0-964c-4dd941c8e1c9","Introduce all players","2011-05-22 17:03:21","2011-05-22 17:03:21","1","1","Meeting to discuss project plan and hash out the details of implementation","false","seed_max_id",(null),(null),(null),(null),(null),(null),(null),1,45,"2011-12-11 12:00:00","2011-12-11 13:45:00","Accounts","Planned","Sugar","6dd72268-ddbd-9277-7884-4dd941448222",-1,(null)
"eaa3aed4-7a31-89ad-7f8a-4dd941782c53","Review needs","2011-05-22 17:03:21","2011-05-22 17:03:21","1","1","Meeting to discuss project plan and hash out the details of implementation","false","seed_max_id",(null),(null),(null),(null),(null),(null),(null),2,30,"2012-03-28 08:30:00","2012-03-28 11:00:00","Accounts","Planned","Sugar","3399a78a-f4cc-ff64-8de0-4dd94119a56a",-1,(null)
"ee1ee7c9-90bb-5533-1457-4dd941fab4e1","Follow-up on proposal","2011-05-22 17:03:21","2011-05-22 17:03:21","1","1","Meeting to discuss project plan and hash out the details of implementation","false","seed_sally_id",(null),(null),(null),(null),(null),(null),(null),2,45,"2011-09-06 09:30:00","2011-09-06 12:15:00","Accounts","Planned","Sugar","84bcbcf2-436c-c9af-3871-4dd9414e17a9",-1,(null)
"f19bd27f-a1f7-8dc3-a6cf-4dd941c5e128","Discuss pricing","2011-05-22 17:03:21","2011-05-22 17:03:21","1","1","Meeting to discuss project plan and hash out the details of implementation","false","seed_sarah_id",(null),(null),(null),(null),(null),(null),(null),0,30,"2011-08-22 19:00:00","2011-08-22 19:30:00","Accounts","Planned","Sugar","a87858df-1665-56d7-6ffa-4dd9414ef8d1",-1,(null)
"f5300ae8-bd96-b02c-5c61-4dd94140c2bf","Demo","2011-05-22 17:03:21","2011-05-22 17:03:21","1","1","Meeting to discuss project plan and hash out the details of implementation","false","seed_sally_id",(null),(null),(null),(null),(null),(null),(null),0,45,"2012-04-02 06:45:00","2012-04-02 07:30:00","Accounts","Held","Sugar","8f34b214-43d4-12b4-4821-4dd9413dde6a",-1,(null)
"46cc046e-ebbd-0f45-40c3-4dd9419602c4","Demo","2011-05-22 17:03:21","2011-05-22 17:03:21","1","1","Meeting to discuss project plan and hash out the details of implementation","false","seed_will_id",(null),(null),(null),(null),(null),(null),(null),0,15,"2011-12-21 13:15:00","2011-12-21 13:30:00","Accounts","Not Held","Sugar","b88ee3f8-5908-b3ec-6143-4dd941501cbd",-1,(null)
"7e330798-6cbd-6278-3611-4dd9416dca5b","Initial discussion","2011-05-22 17:03:21","2011-05-22 17:03:21","1","1","Meeting to discuss project plan and hash out the details of implementation","false","seed_sally_id",(null),(null),(null),(null),(null),(null),(null),0,15,"2011-05-24 06:45:00","2011-05-24 07:00:00","Accounts","Not Held","Sugar","50d3bfe2-50a9-3435-b3fe-4dd941fefc47",-1,(null)
"b5830fe8-e5af-5dd4-68f2-4dd9419ff195","Demo","2011-05-22 17:03:21","2011-05-22 17:03:21","1","1","Meeting to discuss project plan and hash out the details of implementation","false","seed_max_id",(null),(null),(null),(null),(null),(null),(null),0,15,"2011-10-13 12:45:00","2011-10-13 13:00:00","Accounts","Planned","Sugar","47709356-6d82-50de-cd54-4dd941a7293e",-1,(null)
"ef780607-bd72-6d9f-1f28-4dd9415743b1","Demo","2011-05-22 17:03:21","2011-05-22 17:03:21","1","1","Meeting to discuss project plan and hash out the details of implementation","false","seed_max_id",(null),(null),(null),(null),(null),(null),(null),3,15,"2011-08-23 16:00:00","2011-08-23 19:15:00","Accounts","Not Held","Sugar","47709356-6d82-50de-cd54-4dd941a7293e",-1,(null)
"128f9576-5721-4b21-22dc-4dd94186b0d5","Follow-up on proposal","2011-05-22 17:03:21","2011-05-22 17:03:21","1","1","Meeting to discuss project plan and hash out the details of implementation","false","seed_sarah_id",(null),(null),(null),(null),(null),(null),(null),3,15,"2011-08-07 09:45:00","2011-08-07 13:00:00","Accounts","Planned","Sugar","7120b696-ceaa-b911-da82-4dd941fa87a6",-1,(null)
"163b06e6-dd30-3874-6c2c-4dd941bb85c9","Review needs","2011-05-22 17:03:21","2011-05-22 17:03:21","1","1","Meeting to discuss project plan and hash out the details of implementation","false","seed_sally_id",(null),(null),(null),(null),(null),(null),(null),0,30,"2011-05-25 08:00:00","2011-05-25 08:30:00","Accounts","Held","Sugar","c67d8866-ea6c-017d-6cbd-4dd94198c032",-1,(null)
"19f0c456-26a4-e161-b6a8-4dd941b83357","Demo","2011-05-22 17:03:21","2011-05-22 17:03:21","1","1","Meeting to discuss project plan and hash out the details of implementation","false","seed_max_id",(null),(null),(null),(null),(null),(null),(null),0,45,"2011-06-21 12:15:00","2011-06-21 13:00:00","Accounts","Not Held","Sugar","5a691e8e-391b-cf65-5651-4dd941ab9d9a",-1,(null)
"1d782687-6878-d1af-ca56-4dd941bda313","Discuss pricing","2011-05-22 17:03:21","2011-05-22 17:03:21","1","1","Meeting to discuss project plan and hash out the details of implementation","false","seed_will_id",(null),(null),(null),(null),(null),(null),(null),2,45,"2011-10-22 16:30:00","2011-10-22 19:15:00","Accounts","Not Held","Sugar","7453c2fb-4e3f-fbc5-e861-4dd94110e692",-1,(null)
"20f74e66-fe7b-0079-1c8e-4dd94115d87c","Discuss pricing","2011-05-22 17:03:21","2011-05-22 17:03:21","1","1","Meeting to discuss project plan and hash out the details of implementation","false","seed_sarah_id",(null),(null),(null),(null),(null),(null),(null),0,30,"2011-12-19 17:30:00","2011-12-19 18:00:00","Accounts","Held","Sugar","9579d36c-cc96-4178-5adf-4dd9417e79e4",-1,(null)
"24a1c95d-78c1-2203-d580-4dd941c7727b","Review needs","2011-05-22 17:03:21","2011-05-22 17:03:21","1","1","Meeting to discuss project plan and hash out the details of implementation","false","seed_sarah_id",(null),(null),(null),(null),(null),(null),(null),1,45,"2011-10-05 12:15:00","2011-10-05 14:00:00","Accounts","Held","Sugar","a87858df-1665-56d7-6ffa-4dd9414ef8d1",-1,(null)
"2856d903-f949-9f6e-5065-4dd941554762","Introduce all players","2011-05-22 17:03:21","2011-05-22 17:03:21","1","1","Meeting to discuss project plan and hash out the details of implementation","false","seed_chris_id",(null),(null),(null),(null),(null),(null),(null),1,15,"2011-08-27 15:30:00","2011-08-27 16:45:00","Accounts","Not Held","Sugar","9bc5df10-8ac7-5ffc-e994-4dd941cc8a76",-1,(null)
"2c122535-5f72-c17d-ca4a-4dd9416583fc","Initial discussion","2011-05-22 17:03:21","2011-05-22 17:03:21","1","1","Meeting to discuss project plan and hash out the details of implementation","false","seed_max_id",(null),(null),(null),(null),(null),(null),(null),1,0,"2011-11-23 12:00:00","2011-11-23 13:00:00","Accounts","Not Held","Sugar","bc0a8052-3c1c-1e3d-51c9-4dd9416bc742",-1,(null)
"2fb7f8e7-fa9b-3bd6-e20a-4dd94159d225","Introduce all players","2011-05-22 17:03:21","2011-05-22 17:03:21","1","1","Meeting to discuss project plan and hash out the details of implementation","false","seed_max_id",(null),(null),(null),(null),(null),(null),(null),3,30,"2011-09-27 06:15:00","2011-09-27 09:45:00","Accounts","Not Held","Sugar","9ee78398-bf05-e0f8-1073-4dd9417b252a",-1,(null)
"332e2721-7ea4-bbdd-d51e-4dd9419a6fc0","Discuss pricing","2011-05-22 17:03:21","2011-05-22 17:03:21","1","1","Meeting to discuss project plan and hash out the details of implementation","false","seed_chris_id",(null),(null),(null),(null),(null),(null),(null),0,30,"2011-07-02 18:30:00","2011-07-02 19:00:00","Accounts","Not Held","Sugar","c309aadc-6958-61fe-82c2-4dd94165fae2",-1,(null)
"36cb6c5a-566f-45c5-a4a6-4dd941c4f47e","Discuss pricing","2011-05-22 17:03:21","2011-05-22 17:03:21","1","1","Meeting to discuss project plan and hash out the details of implementation","false","seed_will_id",(null),(null),(null),(null),(null),(null),(null),3,15,"2012-03-19 11:45:00","2012-03-19 15:00:00","Accounts","Not Held","Sugar","a523d515-5a77-c2c7-ac3e-4dd941fb9a39",-1,(null)
"3a622531-cad1-2d0b-0f86-4dd9413fba48","Initial discussion","2011-05-22 17:03:21","2011-05-22 17:03:21","1","1","Meeting to discuss project plan and hash out the details of implementation","false","seed_sarah_id",(null),(null),(null),(null),(null),(null),(null),1,0,"2012-03-06 11:45:00","2012-03-06 12:45:00","Accounts","Not Held","Sugar","9579d36c-cc96-4178-5adf-4dd9417e79e4",-1,(null)
"3df88529-20f0-f270-c02e-4dd9410f7eca","Demo","2011-05-22 17:03:21","2011-05-22 17:03:21","1","1","Meeting to discuss project plan and hash out the details of implementation","false","seed_chris_id",(null),(null),(null),(null),(null),(null),(null),0,0,"2011-10-20 17:45:00","2011-10-20 17:45:00","Accounts","Not Held","Sugar","aecad1e3-f600-ae7e-34fd-4dd941be6f60",-1,(null)
"418dd244-a9f3-a9e2-0f7d-4dd941169b45","Follow-up on proposal","2011-05-22 17:03:21","2011-05-22 17:03:21","1","1","Meeting to discuss project plan and hash out the details of implementation","false","seed_sarah_id",(null),(null),(null),(null),(null),(null),(null),3,30,"2011-09-17 17:30:00","2011-09-17 21:00:00","Accounts","Planned","Sugar","c9fa7f0e-8778-2efb-5900-4dd941fea0fc",-1,(null)
"452bf55d-fc76-d25b-1b32-4dd941a961b3","Follow-up on proposal","2011-05-22 17:03:21","2011-05-22 17:03:21","1","1","Meeting to discuss project plan and hash out the details of implementation","false","seed_sarah_id",(null),(null),(null),(null),(null),(null),(null),0,0,"2011-11-06 11:30:00","2011-11-06 11:30:00","Accounts","Planned","Sugar","410d07b5-c3c7-1e78-bc21-4dd94190fac2",-1,(null)
"48e55882-dc02-b5be-ff93-4dd9411c9ff0","Discuss pricing","2011-05-22 17:03:21","2011-05-22 17:03:21","1","1","Meeting to discuss project plan and hash out the details of implementation","false","seed_sally_id",(null),(null),(null),(null),(null),(null),(null),2,0,"2011-11-04 06:15:00","2011-11-04 08:15:00","Accounts","Not Held","Sugar","8f34b214-43d4-12b4-4821-4dd9413dde6a",-1,(null)
"4c7d344c-2ee8-a412-e412-4dd941a0c8d7","Demo","2011-05-22 17:03:21","2011-05-22 17:03:21","1","1","Meeting to discuss project plan and hash out the details of implementation","false","seed_chris_id",(null),(null),(null),(null),(null),(null),(null),1,30,"2012-04-22 18:00:00","2012-04-22 19:30:00","Accounts","Planned","Sugar","d765c718-1f6a-625a-afb4-4dd94186b564",-1,(null)
"501afc99-6064-0343-d4a1-4dd941f279ae","Initial discussion","2011-05-22 17:03:21","2011-05-22 17:03:21","1","1","Meeting to discuss project plan and hash out the details of implementation","false","seed_sarah_id",(null),(null),(null),(null),(null),(null),(null),3,0,"2012-02-17 17:15:00","2012-02-17 20:15:00","Accounts","Held","Sugar","7120b696-ceaa-b911-da82-4dd941fa87a6",-1,(null)
"53b42027-ea4a-bbac-c1cd-4dd9419d050a","Introduce all players","2011-05-22 17:03:21","2011-05-22 17:03:21","1","1","Meeting to discuss project plan and hash out the details of implementation","false","seed_sally_id",(null),(null),(null),(null),(null),(null),(null),0,0,"2011-08-18 17:00:00","2011-08-18 17:00:00","Accounts","Planned","Sugar","989d4528-0819-48f4-2889-4dd94184624d",-1,(null)
"615f66af-bc1a-0865-84e0-4dd941f3e405","Introduce all players","2011-05-22 17:03:21","2011-05-22 17:03:21","1","1","Meeting to discuss project plan and hash out the details of implementation","false","seed_max_id",(null),(null),(null),(null),(null),(null),(null),1,15,"2012-04-30 07:15:00","2012-04-30 08:30:00","Accounts","Held","Sugar","bf863e49-fb4c-0e09-f837-4dd941ea5561",-1,(null)
"65185cac-1b5d-ee3f-1fb2-4dd9413a9f14","Introduce all players","2011-05-22 17:03:21","2011-05-22 17:03:21","1","1","Meeting to discuss project plan and hash out the details of implementation","false","seed_sally_id",(null),(null),(null),(null),(null),(null),(null),1,0,"2011-12-02 08:15:00","2011-12-02 09:15:00","Accounts","Not Held","Sugar","d0d6a21c-328d-9d63-7f1e-4dd94161efd0",-1,(null)
"68cfcf40-84b7-0059-708c-4dd94110897e","Discuss pricing","2011-05-22 17:03:21","2011-05-22 17:03:21","1","1","Meeting to discuss project plan and hash out the details of implementation","false","seed_max_id",(null),(null),(null),(null),(null),(null),(null),2,45,"2012-01-31 17:15:00","2012-01-31 20:00:00","Accounts","Held","Sugar","9ee78398-bf05-e0f8-1073-4dd9417b252a",-1,(null)
"6c9a1704-a134-ba9c-eff4-4dd941c9916c","Introduce all players","2011-05-22 17:03:21","2011-05-22 17:03:21","1","1","Meeting to discuss project plan and hash out the details of implementation","false","seed_max_id",(null),(null),(null),(null),(null),(null),(null),1,0,"2011-11-10 11:15:00","2011-11-10 12:15:00","Accounts","Planned","Sugar","7ad7f8c4-82d8-3c99-e9ce-4dd94170d469",-1,(null)
"705f01a8-c713-d2c3-a08d-4dd941b0306a","Follow-up on proposal","2011-05-22 17:03:21","2011-05-22 17:03:21","1","1","Meeting to discuss project plan and hash out the details of implementation","false","seed_sally_id",(null),(null),(null),(null),(null),(null),(null),2,30,"2011-08-21 16:15:00","2011-08-21 18:45:00","Accounts","Not Held","Sugar","989d4528-0819-48f4-2889-4dd94184624d",-1,(null)
"74136c00-224b-8b79-5fcc-4dd9410900ff","Review needs","2011-05-22 17:03:21","2011-05-22 17:03:21","1","1","Meeting to discuss project plan and hash out the details of implementation","false","seed_sally_id",(null),(null),(null),(null),(null),(null),(null),2,0,"2012-03-11 07:45:00","2012-03-11 09:45:00","Accounts","Not Held","Sugar","b1ee3412-d2f3-9d24-0318-4dd941e17450",-1,(null)
"77b269ea-8f11-4658-a8a1-4dd941af1df4","Review needs","2011-05-22 17:03:21","2011-05-22 17:03:21","1","1","Meeting to discuss project plan and hash out the details of implementation","false","seed_sarah_id",(null),(null),(null),(null),(null),(null),(null),0,45,"2011-12-12 08:15:00","2011-12-12 09:00:00","Accounts","Held","Sugar","77974e34-eed6-f04f-6ec4-4dd94192db89",-1,(null)
"7b7642d6-e407-6ce3-a584-4dd941c52d9a","Review needs","2011-05-22 17:03:21","2011-05-22 17:03:21","1","1","Meeting to discuss project plan and hash out the details of implementation","false","seed_will_id",(null),(null),(null),(null),(null),(null),(null),0,45,"2011-06-08 11:45:00","2011-06-08 12:30:00","Accounts","Held","Sugar","4db86941-288e-4fa7-dcdb-4dd941ac4be7",-1,(null)
"7f1b096e-a647-8fbc-b760-4dd941633bdf","Demo","2011-05-22 17:03:21","2011-05-22 17:03:21","1","1","Meeting to discuss project plan and hash out the details of implementation","false","seed_sarah_id",(null),(null),(null),(null),(null),(null),(null),1,30,"2011-09-06 07:00:00","2011-09-06 08:30:00","Accounts","Planned","Sugar","410d07b5-c3c7-1e78-bc21-4dd94190fac2",-1,(null)
"82d95ac0-2324-73b5-42c9-4dd941f748a0","Follow-up on proposal","2011-05-22 17:03:21","2011-05-22 17:03:21","1","1","Meeting to discuss project plan and hash out the details of implementation","false","seed_sally_id",(null),(null),(null),(null),(null),(null),(null),2,45,"2012-01-02 13:30:00","2012-01-02 16:15:00","Accounts","Not Held","Sugar","3dde5cba-cd80-7515-155c-4dd941b5ae4a",-1,(null)
"868b38f4-7b81-9406-6296-4dd9418c4e3b","Follow-up on proposal","2011-05-22 17:03:21","2011-05-22 17:03:21","1","1","Meeting to discuss project plan and hash out the details of implementation","false","seed_max_id",(null),(null),(null),(null),(null),(null),(null),3,15,"2012-04-27 09:45:00","2012-04-27 13:00:00","Accounts","Not Held","Sugar","6406ff29-2cd5-beb1-0745-4dd941ae8554",-1,(null)
"8a533470-ff16-cea7-8e15-4dd94110a17e","Initial discussion","2011-05-22 17:03:21","2011-05-22 17:03:21","1","1","Meeting to discuss project plan and hash out the details of implementation","false","seed_max_id",(null),(null),(null),(null),(null),(null),(null),0,15,"2012-03-23 07:15:00","2012-03-23 07:30:00","Accounts","Planned","Sugar","5da79147-7fd3-c12a-70f2-4dd9410c04d8",-1,(null)
"8df45f6f-094c-558b-b057-4dd941896d67","Review needs","2011-05-22 17:03:21","2011-05-22 17:03:21","1","1","Meeting to discuss project plan and hash out the details of implementation","false","seed_max_id",(null),(null),(null),(null),(null),(null),(null),0,0,"2011-12-28 06:00:00","2011-12-28 06:00:00","Accounts","Held","Sugar","bf863e49-fb4c-0e09-f837-4dd941ea5561",-1,(null)
"91af58c2-f81b-e41a-47da-4dd9416aa64e","Demo","2011-05-22 17:03:21","2011-05-22 17:03:21","1","1","Meeting to discuss project plan and hash out the details of implementation","false","seed_sarah_id",(null),(null),(null),(null),(null),(null),(null),3,30,"2011-05-23 15:30:00","2011-05-23 19:00:00","Accounts","Not Held","Sugar","aba58686-7b42-c261-71f5-4dd94106035b",-1,(null)
"9564b324-7250-fabe-24de-4dd941882d54","Demo","2011-05-22 17:03:21","2011-05-22 17:03:21","1","1","Meeting to discuss project plan and hash out the details of implementation","false","seed_max_id",(null),(null),(null),(null),(null),(null),(null),1,45,"2012-03-02 17:45:00","2012-03-02 19:30:00","Accounts","Planned","Sugar","bc0a8052-3c1c-1e3d-51c9-4dd9416bc742",-1,(null)
"991f9bc2-ad0f-b3a6-4028-4dd941775216","Initial discussion","2011-05-22 17:03:21","2011-05-22 17:03:21","1","1","Meeting to discuss project plan and hash out the details of implementation","false","seed_sarah_id",(null),(null),(null),(null),(null),(null),(null),2,45,"2011-09-11 06:45:00","2011-09-11 09:30:00","Accounts","Not Held","Sugar","b514ccc7-7b22-081f-ea69-4dd941a6c546",-1,(null)
"9cdb0dd3-0f7b-497d-42d9-4dd9412ea86c","Initial discussion","2011-05-22 17:03:21","2011-05-22 17:03:21","1","1","Meeting to discuss project plan and hash out the details of implementation","false","seed_max_id",(null),(null),(null),(null),(null),(null),(null),3,0,"2011-09-07 13:30:00","2011-09-07 16:30:00","Accounts","Planned","Sugar","bf863e49-fb4c-0e09-f837-4dd941ea5561",-1,(null)
"a0975fce-68cb-ca55-1919-4dd941e36d5c","Follow-up on proposal","2011-05-22 17:03:21","2011-05-22 17:03:21","1","1","Meeting to discuss project plan and hash out the details of implementation","false","seed_sally_id",(null),(null),(null),(null),(null),(null),(null),2,45,"2012-04-04 12:00:00","2012-04-04 14:45:00","Accounts","Held","Sugar","c67d8866-ea6c-017d-6cbd-4dd94198c032",-1,(null)
"a43716a3-0a92-7926-2b76-4dd941f9418f","Initial discussion","2011-05-22 17:03:21","2011-05-22 17:03:21","1","1","Meeting to discuss project plan and hash out the details of implementation","false","seed_max_id",(null),(null),(null),(null),(null),(null),(null),3,0,"2012-05-12 13:00:00","2012-05-12 16:00:00","Accounts","Planned","Sugar","5da79147-7fd3-c12a-70f2-4dd9410c04d8",-1,(null)
"a7ef36c8-7c4d-3046-71a1-4dd94185fe52","Introduce all players","2011-05-22 17:03:21","2011-05-22 17:03:21","1","1","Meeting to discuss project plan and hash out the details of implementation","false","seed_will_id",(null),(null),(null),(null),(null),(null),(null),1,30,"2011-09-22 14:30:00","2011-09-22 16:00:00","Accounts","Held","Sugar","7453c2fb-4e3f-fbc5-e861-4dd94110e692",-1,(null)
"ab9c2623-186e-6069-2078-4dd9419e49a0","Discuss pricing","2011-05-22 17:03:21","2011-05-22 17:03:21","1","1","Meeting to discuss project plan and hash out the details of implementation","false","seed_sally_id",(null),(null),(null),(null),(null),(null),(null),0,45,"2011-10-13 15:30:00","2011-10-13 16:15:00","Accounts","Planned","Sugar","d0d6a21c-328d-9d63-7f1e-4dd94161efd0",-1,(null)
"af431a4f-8a7f-9cfe-f115-4dd94114edad","Discuss pricing","2011-05-22 17:03:21","2011-05-22 17:03:21","1","1","Meeting to discuss project plan and hash out the details of implementation","false","seed_sarah_id",(null),(null),(null),(null),(null),(null),(null),0,15,"2012-05-15 08:00:00","2012-05-15 08:15:00","Accounts","Planned","Sugar","d41b6191-1d4c-ab62-6243-4dd94181b29f",-1,(null)
"b2ec58e9-759c-0d41-5068-4dd941861354","Demo","2011-05-22 17:03:21","2011-05-22 17:03:21","1","1","Meeting to discuss project plan and hash out the details of implementation","false","seed_max_id",(null),(null),(null),(null),(null),(null),(null),0,0,"2011-10-21 16:30:00","2011-10-21 16:30:00","Accounts","Not Held","Sugar","a20589fd-c527-720f-b2f2-4dd94197248f",-1,(null)
"b69c6d97-9536-ece6-a81e-4dd941c1c741","Introduce all players","2011-05-22 17:03:21","2011-05-22 17:03:21","1","1","Meeting to discuss project plan and hash out the details of implementation","false","seed_chris_id",(null),(null),(null),(null),(null),(null),(null),2,45,"2011-10-28 13:00:00","2011-10-28 15:45:00","Accounts","Planned","Sugar","aecad1e3-f600-ae7e-34fd-4dd941be6f60",-1,(null)
"ba63252e-9585-bf2f-1f24-4dd941b76b91","Discuss pricing","2011-05-22 17:03:21","2011-05-22 17:03:21","1","1","Meeting to discuss project plan and hash out the details of implementation","false","seed_max_id",(null),(null),(null),(null),(null),(null),(null),3,30,"2012-05-18 06:45:00","2012-05-18 10:15:00","Accounts","Planned","Sugar","5a691e8e-391b-cf65-5651-4dd941ab9d9a",-1,(null)
"be29d9b5-0a65-7dd6-7d1d-4dd941742e25","Follow-up on proposal","2011-05-22 17:03:21","2011-05-22 17:03:21","1","1","Meeting to discuss project plan and hash out the details of implementation","false","seed_sarah_id",(null),(null),(null),(null),(null),(null),(null),0,15,"2012-03-28 11:30:00","2012-03-28 11:45:00","Accounts","Not Held","Sugar","b514ccc7-7b22-081f-ea69-4dd941a6c546",-1,(null)
"c1f40306-761f-a95f-4c62-4dd941277225","Discuss pricing","2011-05-22 17:03:21","2011-05-22 17:03:21","1","1","Meeting to discuss project plan and hash out the details of implementation","false","seed_sally_id",(null),(null),(null),(null),(null),(null),(null),1,15,"2011-10-11 09:15:00","2011-10-11 10:30:00","Accounts","Held","Sugar","8f34b214-43d4-12b4-4821-4dd9413dde6a",-1,(null)
"c5b3e43d-3844-ac63-f209-4dd941994e78","Introduce all players","2011-05-22 17:03:21","2011-05-22 17:03:21","1","1","Meeting to discuss project plan and hash out the details of implementation","false","seed_max_id",(null),(null),(null),(null),(null),(null),(null),0,30,"2011-06-22 19:30:00","2011-06-22 20:00:00","Accounts","Held","Sugar","bf863e49-fb4c-0e09-f837-4dd941ea5561",-1,(null)
"c9781e1f-7a87-06cd-11e9-4dd941515947","Introduce all players","2011-05-22 17:03:21","2011-05-22 17:03:21","1","1","Meeting to discuss project plan and hash out the details of implementation","false","seed_chris_id",(null),(null),(null),(null),(null),(null),(null),2,15,"2011-08-14 15:15:00","2011-08-14 17:30:00","Accounts","Not Held","Sugar","8806bccb-2546-0bca-ab2e-4dd94153e3db",-1,(null)
"cd319e10-c29f-a868-ab4c-4dd9411eb144","Review needs","2011-05-22 17:03:21","2011-05-22 17:03:21","1","1","Meeting to discuss project plan and hash out the details of implementation","false","seed_sally_id",(null),(null),(null),(null),(null),(null),(null),3,15,"2011-06-26 14:30:00","2011-06-26 17:45:00","Accounts","Held","Sugar","b1ee3412-d2f3-9d24-0318-4dd941e17450",-1,(null)
"d0e9449f-e9be-f025-12ee-4dd9418bf335","Introduce all players","2011-05-22 17:03:21","2011-05-22 17:03:21","1","1","Meeting to discuss project plan and hash out the details of implementation","false","seed_max_id",(null),(null),(null),(null),(null),(null),(null),1,15,"2011-10-30 06:30:00","2011-10-30 07:45:00","Accounts","Not Held","Sugar","7ad7f8c4-82d8-3c99-e9ce-4dd94170d469",-1,(null)
"d49802b2-b5e0-f31f-f6d0-4dd941b64f62","Demo","2011-05-22 17:03:21","2011-05-22 17:03:21","1","1","Meeting to discuss project plan and hash out the details of implementation","false","seed_will_id",(null),(null),(null),(null),(null),(null),(null),1,0,"2011-06-21 08:45:00","2011-06-21 09:45:00","Accounts","Planned","Sugar","60d45598-030d-069b-4d33-4dd94199d11a",-1,(null)
"d83b1805-a01a-f175-a4fb-4dd941e7c794","Review needs","2011-05-22 17:03:21","2011-05-22 17:03:21","1","1","Meeting to discuss project plan and hash out the details of implementation","false","seed_max_id",(null),(null),(null),(null),(null),(null),(null),2,45,"2011-10-12 06:45:00","2011-10-12 09:30:00","Accounts","Held","Sugar","6406ff29-2cd5-beb1-0745-4dd941ae8554",-1,(null)
"dbddff5b-b670-d1b9-cf90-4dd941dc996f","Follow-up on proposal","2011-05-22 17:03:21","2011-05-22 17:03:21","1","1","Meeting to discuss project plan and hash out the details of implementation","false","seed_max_id",(null),(null),(null),(null),(null),(null),(null),1,30,"2012-05-15 10:00:00","2012-05-15 11:30:00","Accounts","Not Held","Sugar","bc0a8052-3c1c-1e3d-51c9-4dd9416bc742",-1,(null)
"df7a8393-ea9b-004b-d15f-4dd9418b1faa","Initial discussion","2011-05-22 17:03:21","2011-05-22 17:03:21","1","1","Meeting to discuss project plan and hash out the details of implementation","false","seed_will_id",(null),(null),(null),(null),(null),(null),(null),1,45,"2012-04-06 13:30:00","2012-04-06 15:15:00","Accounts","Not Held","Sugar","44430031-cfc2-4f57-f5b5-4dd9414ad321",-1,(null)
"e312a493-d8a2-f388-cf22-4dd941468bbc","Discuss pricing","2011-05-22 17:03:21","2011-05-22 17:03:21","1","1","Meeting to discuss project plan and hash out the details of implementation","false","seed_sarah_id",(null),(null),(null),(null),(null),(null),(null),2,30,"2011-06-03 12:30:00","2011-06-03 15:00:00","Accounts","Planned","Sugar","4a8f698a-e01c-75de-f358-4dd941b88952",-1,(null)
"e6a8a8c4-522d-e922-4db6-4dd9414b5c79","Introduce all players","2011-05-22 17:03:21","2011-05-22 17:03:21","1","1","Meeting to discuss project plan and hash out the details of implementation","false","seed_sarah_id",(null),(null),(null),(null),(null),(null),(null),3,45,"2012-05-09 07:00:00","2012-05-09 10:45:00","Accounts","Held","Sugar","9579d36c-cc96-4178-5adf-4dd9417e79e4",-1,(null)
"ea3c98eb-d7b2-8736-e7ee-4dd941d3b83e","Discuss pricing","2011-05-22 17:03:21","2011-05-22 17:03:21","1","1","Meeting to discuss project plan and hash out the details of implementation","false","seed_sally_id",(null),(null),(null),(null),(null),(null),(null),0,45,"2011-11-29 07:45:00","2011-11-29 08:30:00","Accounts","Not Held","Sugar","989d4528-0819-48f4-2889-4dd94184624d",-1,(null)
"eddc58ab-ddcb-9124-3622-4dd941e0a346","Demo","2011-05-22 17:03:21","2011-05-22 17:03:21","1","1","Meeting to discuss project plan and hash out the details of implementation","false","seed_sarah_id",(null),(null),(null),(null),(null),(null),(null),1,15,"2011-07-22 19:15:00","2011-07-22 20:30:00","Accounts","Planned","Sugar","7120b696-ceaa-b911-da82-4dd941fa87a6",-1,(null)
"f171cb56-5659-aef3-a82b-4dd941303033","Review needs","2011-05-22 17:03:21","2011-05-22 17:03:21","1","1","Meeting to discuss project plan and hash out the details of implementation","false","seed_will_id",(null),(null),(null),(null),(null),(null),(null),0,0,"2012-02-09 06:00:00","2012-02-09 06:00:00","Accounts","Not Held","Sugar","a523d515-5a77-c2c7-ac3e-4dd941fb9a39",-1,(null)
"e7f007f3-eefc-1b0e-ccfd-4dd941835e5f","Initial discussion","2011-05-22 17:03:21","2011-05-22 17:03:21","1","1","Meeting to discuss project plan and hash out the details of implementation","false","seed_sarah_id",(null),(null),(null),(null),(null),(null),(null),1,0,"2012-01-30 14:45:00","2012-01-30 15:45:00","Accounts","Not Held","Sugar","410d07b5-c3c7-1e78-bc21-4dd94190fac2",-1,(null)
"470e0cf1-4157-327a-e66f-4dd9419c9046","Discuss pricing","2011-05-22 17:03:21","2011-05-22 17:03:21","1","1","Meeting to discuss project plan and hash out the details of implementation","false","seed_sarah_id",(null),(null),(null),(null),(null),(null),(null),3,15,"2011-09-25 19:45:00","2011-09-25 23:00:00","Accounts","Not Held","Sugar","a87858df-1665-56d7-6ffa-4dd9414ef8d1",-1,(null)
"7fc601bb-ce1d-3e40-5c46-4dd9412f7386","Demo","2011-05-22 17:03:21","2011-05-22 17:03:21","1","1","Meeting to discuss project plan and hash out the details of implementation","false","seed_will_id",(null),(null),(null),(null),(null),(null),(null),3,30,"2011-12-21 06:45:00","2011-12-21 10:15:00","Accounts","Planned","Sugar","60d45598-030d-069b-4d33-4dd94199d11a",-1,(null)
"b9bc0cd2-db65-5ae3-8525-4dd94189433b","Follow-up on proposal","2011-05-22 17:03:21","2011-05-22 17:03:21","1","1","Meeting to discuss project plan and hash out the details of implementation","false","seed_chris_id",(null),(null),(null),(null),(null),(null),(null),0,15,"2011-11-09 15:15:00","2011-11-09 15:30:00","Accounts","Held","Sugar","57310503-6455-0490-6ebe-4dd941e160aa",-1,(null)
"f2b60103-ef6c-10cf-1d90-4dd941ae3c7e","Introduce all players","2011-05-22 17:03:21","2011-05-22 17:03:21","1","1","Meeting to discuss project plan and hash out the details of implementation","false","seed_max_id",(null),(null),(null),(null),(null),(null),(null),2,0,"2011-09-21 17:45:00","2011-09-21 19:45:00","Accounts","Held","Sugar","bf863e49-fb4c-0e09-f837-4dd941ea5561",-1,(null)
"12c1127f-ad7c-1936-3cf4-4dd941cd90bb","Demo","2011-05-22 17:03:21","2011-05-22 17:03:21","1","1","Meeting to discuss project plan and hash out the details of implementation","false","seed_sally_id",(null),(null),(null),(null),(null),(null),(null),2,45,"2011-10-01 17:45:00","2011-10-01 20:30:00","Accounts","Planned","Sugar","5406e66b-c910-d072-00f0-4dd94132e200",-1,(null)
"1671560c-da7b-c4de-5e32-4dd941dc9c84","Follow-up on proposal","2011-05-22 17:03:21","2011-05-22 17:03:21","1","1","Meeting to discuss project plan and hash out the details of implementation","false","seed_sarah_id",(null),(null),(null),(null),(null),(null),(null),2,15,"2012-01-15 10:45:00","2012-01-15 13:00:00","Accounts","Not Held","Sugar","77974e34-eed6-f04f-6ec4-4dd94192db89",-1,(null)
"1a2b5b3a-8516-b1e2-d9db-4dd9414e4e72","Review needs","2011-05-22 17:03:21","2011-05-22 17:03:21","1","1","Meeting to discuss project plan and hash out the details of implementation","false","seed_max_id",(null),(null),(null),(null),(null),(null),(null),1,45,"2012-04-12 17:00:00","2012-04-12 18:45:00","Accounts","Held","Sugar","9ee78398-bf05-e0f8-1073-4dd9417b252a",-1,(null)
"1dcaa817-bad9-e23d-3abc-4dd9415b5c32","Follow-up on proposal","2011-05-22 17:03:21","2011-05-22 17:03:21","1","1","Meeting to discuss project plan and hash out the details of implementation","false","seed_chris_id",(null),(null),(null),(null),(null),(null),(null),3,45,"2011-07-23 09:15:00","2011-07-23 13:00:00","Accounts","Not Held","Sugar","8806bccb-2546-0bca-ab2e-4dd94153e3db",-1,(null)
"2170c9ea-86a3-ef9b-dd7d-4dd94185f9cf","Review needs","2011-05-22 17:03:21","2011-05-22 17:03:21","1","1","Meeting to discuss project plan and hash out the details of implementation","false","seed_will_id",(null),(null),(null),(null),(null),(null),(null),0,15,"2011-09-08 11:00:00","2011-09-08 11:15:00","Accounts","Not Held","Sugar","3ab33718-82ed-b352-1d69-4dd94130c490",-1,(null)
"2546dcd2-eff2-8945-aece-4dd9419e6590","Discuss pricing","2011-05-22 17:03:21","2011-05-22 17:03:21","1","1","Meeting to discuss project plan and hash out the details of implementation","false","seed_max_id",(null),(null),(null),(null),(null),(null),(null),1,0,"2011-12-23 19:30:00","2011-12-23 20:30:00","Accounts","Not Held","Sugar","7ad7f8c4-82d8-3c99-e9ce-4dd94170d469",-1,(null)
"28e52352-d59e-0fd9-c6d9-4dd941436b54","Demo","2011-05-22 17:03:21","2011-05-22 17:03:21","1","1","Meeting to discuss project plan and hash out the details of implementation","false","seed_max_id",(null),(null),(null),(null),(null),(null),(null),3,45,"2011-08-08 07:15:00","2011-08-08 11:00:00","Accounts","Held","Sugar","47709356-6d82-50de-cd54-4dd941a7293e",-1,(null)
"2c9b8e1f-533a-64d7-76d0-4dd941c0e686","Follow-up on proposal","2011-05-22 17:03:21","2011-05-22 17:03:21","1","1","Meeting to discuss project plan and hash out the details of implementation","false","seed_sarah_id",(null),(null),(null),(null),(null),(null),(null),2,15,"2011-12-30 11:30:00","2011-12-30 13:45:00","Accounts","Not Held","Sugar","9579d36c-cc96-4178-5adf-4dd9417e79e4",-1,(null)
"304ec86a-4a7e-b2c5-035b-4dd941483707","Initial discussion","2011-05-22 17:03:21","2011-05-22 17:03:21","1","1","Meeting to discuss project plan and hash out the details of implementation","false","seed_max_id",(null),(null),(null),(null),(null),(null),(null),3,30,"2012-03-31 18:45:00","2012-03-31 22:15:00","Accounts","Held","Sugar","7ad7f8c4-82d8-3c99-e9ce-4dd94170d469",-1,(null)
"340c5718-a8f5-c1a2-131d-4dd941eb8f5e","Discuss pricing","2011-05-22 17:03:21","2011-05-22 17:03:21","1","1","Meeting to discuss project plan and hash out the details of implementation","false","seed_max_id",(null),(null),(null),(null),(null),(null),(null),3,45,"2011-09-19 17:45:00","2011-09-19 21:30:00","Accounts","Planned","Sugar","5a691e8e-391b-cf65-5651-4dd941ab9d9a",-1,(null)
"37a9d10f-83ab-4a79-2a7c-4dd94106b8a6","Introduce all players","2011-05-22 17:03:21","2011-05-22 17:03:21","1","1","Meeting to discuss project plan and hash out the details of implementation","false","seed_chris_id",(null),(null),(null),(null),(null),(null),(null),2,0,"2011-10-15 10:45:00","2011-10-15 12:45:00","Accounts","Held","Sugar","8806bccb-2546-0bca-ab2e-4dd94153e3db",-1,(null)
"3b3d7c19-a10f-aee5-94cc-4dd941df9832","Demo","2011-05-22 17:03:21","2011-05-22 17:03:21","1","1","Meeting to discuss project plan and hash out the details of implementation","false","seed_chris_id",(null),(null),(null),(null),(null),(null),(null),2,30,"2011-09-14 17:15:00","2011-09-14 19:45:00","Accounts","Not Held","Sugar","d765c718-1f6a-625a-afb4-4dd94186b564",-1,(null)
"3ece161e-df4c-f585-527b-4dd941072c51","Discuss pricing","2011-05-22 17:03:21","2011-05-22 17:03:21","1","1","Meeting to discuss project plan and hash out the details of implementation","false","seed_max_id",(null),(null),(null),(null),(null),(null),(null),1,15,"2011-06-28 06:00:00","2011-06-28 07:15:00","Accounts","Held","Sugar","5a691e8e-391b-cf65-5651-4dd941ab9d9a",-1,(null)
"4262e94e-3b1a-f055-1f14-4dd9419ac34d","Review needs","2011-05-22 17:03:21","2011-05-22 17:03:21","1","1","Meeting to discuss project plan and hash out the details of implementation","false","seed_max_id",(null),(null),(null),(null),(null),(null),(null),3,30,"2012-02-21 11:45:00","2012-02-21 15:15:00","Accounts","Held","Sugar","47709356-6d82-50de-cd54-4dd941a7293e",-1,(null)
"45f6aaed-f627-2cbd-3bfc-4dd9418cb0f7","Demo","2011-05-22 17:03:21","2011-05-22 17:03:21","1","1","Meeting to discuss project plan and hash out the details of implementation","false","seed_sarah_id",(null),(null),(null),(null),(null),(null),(null),1,45,"2012-03-29 12:45:00","2012-03-29 14:30:00","Accounts","Planned","Sugar","81687761-cba3-91e9-a0be-4dd9414e1487",-1,(null)
"49bdeaf4-50d6-a444-9eb1-4dd941e9dbc6","Demo","2011-05-22 17:03:21","2011-05-22 17:03:21","1","1","Meeting to discuss project plan and hash out the details of implementation","false","seed_max_id",(null),(null),(null),(null),(null),(null),(null),3,45,"2012-05-08 06:30:00","2012-05-08 10:15:00","Accounts","Not Held","Sugar","7ad7f8c4-82d8-3c99-e9ce-4dd94170d469",-1,(null)
"4d63110d-ffd7-47d9-b93a-4dd941a870cf","Introduce all players","2011-05-22 17:03:21","2011-05-22 17:03:21","1","1","Meeting to discuss project plan and hash out the details of implementation","false","seed_will_id",(null),(null),(null),(null),(null),(null),(null),2,15,"2011-10-20 06:15:00","2011-10-20 08:30:00","Accounts","Held","Sugar","cd6ebede-9c34-10b3-8570-4dd94179ac25",-1,(null)
"5119b469-8ab4-f567-501a-4dd94101d437","Discuss pricing","2011-05-22 17:03:21","2011-05-22 17:03:21","1","1","Meeting to discuss project plan and hash out the details of implementation","false","seed_sarah_id",(null),(null),(null),(null),(null),(null),(null),3,0,"2012-04-22 18:45:00","2012-04-22 21:45:00","Accounts","Held","Sugar","410d07b5-c3c7-1e78-bc21-4dd94190fac2",-1,(null)
"54ae335a-4717-2394-5a14-4dd94196da30","Review needs","2011-05-22 17:03:21","2011-05-22 17:03:21","1","1","Meeting to discuss project plan and hash out the details of implementation","false","seed_max_id",(null),(null),(null),(null),(null),(null),(null),2,15,"2011-08-04 16:45:00","2011-08-04 19:00:00","Accounts","Not Held","Sugar","7ad7f8c4-82d8-3c99-e9ce-4dd94170d469",-1,(null)
"5852d17a-bf75-7b2d-1888-4dd94180972e","Follow-up on proposal","2011-05-22 17:03:21","2011-05-22 17:03:21","1","1","Meeting to discuss project plan and hash out the details of implementation","false","seed_sally_id",(null),(null),(null),(null),(null),(null),(null),1,15,"2011-07-04 14:45:00","2011-07-04 16:00:00","Accounts","Planned","Sugar","5406e66b-c910-d072-00f0-4dd94132e200",-1,(null)
"5bec65ad-62c7-5579-914d-4dd941d39228","Discuss pricing","2011-05-22 17:03:21","2011-05-22 17:03:21","1","1","Meeting to discuss project plan and hash out the details of implementation","false","seed_sally_id",(null),(null),(null),(null),(null),(null),(null),3,45,"2011-11-29 18:00:00","2011-11-29 21:45:00","Accounts","Not Held","Sugar","50d3bfe2-50a9-3435-b3fe-4dd941fefc47",-1,(null)
"5f9dc026-6275-6a5d-3911-4dd941cb83ff","Discuss pricing","2011-05-22 17:03:21","2011-05-22 17:03:21","1","1","Meeting to discuss project plan and hash out the details of implementation","false","seed_sarah_id",(null),(null),(null),(null),(null),(null),(null),1,45,"2011-08-29 15:45:00","2011-08-29 17:30:00","Accounts","Planned","Sugar","d41b6191-1d4c-ab62-6243-4dd94181b29f",-1,(null)
"6345da99-8246-b32a-c726-4dd941028e84","Initial discussion","2011-05-22 17:03:21","2011-05-22 17:03:21","1","1","Meeting to discuss project plan and hash out the details of implementation","false","seed_will_id",(null),(null),(null),(null),(null),(null),(null),2,45,"2011-11-20 11:30:00","2011-11-20 14:15:00","Accounts","Planned","Sugar","60d45598-030d-069b-4d33-4dd94199d11a",-1,(null)
"66f7d24a-49eb-8eec-18a2-4dd941043db7","Introduce all players","2011-05-22 17:03:21","2011-05-22 17:03:21","1","1","Meeting to discuss project plan and hash out the details of implementation","false","seed_max_id",(null),(null),(null),(null),(null),(null),(null),3,45,"2011-07-07 12:15:00","2011-07-07 16:00:00","Accounts","Planned","Sugar","9ee78398-bf05-e0f8-1073-4dd9417b252a",-1,(null)
"6aafd96a-83ed-e85e-c246-4dd941da2fc6","Follow-up on proposal","2011-05-22 17:03:21","2011-05-22 17:03:21","1","1","Meeting to discuss project plan and hash out the details of implementation","false","seed_sarah_id",(null),(null),(null),(null),(null),(null),(null),0,45,"2012-04-22 18:00:00","2012-04-22 18:45:00","Accounts","Planned","Sugar","675383dc-1c43-8e1b-e439-4dd94128de58",-1,(null)
"6e6e4d94-8dfe-cebb-781a-4dd9410d2a83","Demo","2011-05-22 17:03:21","2011-05-22 17:03:21","1","1","Meeting to discuss project plan and hash out the details of implementation","false","seed_sally_id",(null),(null),(null),(null),(null),(null),(null),3,0,"2011-12-21 17:45:00","2011-12-21 20:45:00","Accounts","Planned","Sugar","5406e66b-c910-d072-00f0-4dd94132e200",-1,(null)
"723030b5-f05f-d970-9bfc-4dd941f1584f","Demo","2011-05-22 17:03:21","2011-05-22 17:03:21","1","1","Meeting to discuss project plan and hash out the details of implementation","false","seed_sarah_id",(null),(null),(null),(null),(null),(null),(null),3,45,"2011-06-17 09:00:00","2011-06-17 12:45:00","Accounts","Planned","Sugar","7120b696-ceaa-b911-da82-4dd941fa87a6",-1,(null)
"75d4d296-f28d-efdf-9a6b-4dd941c76184","Introduce all players","2011-05-22 17:03:21","2011-05-22 17:03:21","1","1","Meeting to discuss project plan and hash out the details of implementation","false","seed_sarah_id",(null),(null),(null),(null),(null),(null),(null),1,45,"2011-06-24 14:45:00","2011-06-24 16:30:00","Accounts","Planned","Sugar","b514ccc7-7b22-081f-ea69-4dd941a6c546",-1,(null)
"7991c30f-05cf-f81b-33b6-4dd94152f810","Demo","2011-05-22 17:03:21","2011-05-22 17:03:21","1","1","Meeting to discuss project plan and hash out the details of implementation","false","seed_max_id",(null),(null),(null),(null),(null),(null),(null),1,0,"2012-02-20 11:00:00","2012-02-20 12:00:00","Accounts","Held","Sugar","47709356-6d82-50de-cd54-4dd941a7293e",-1,(null)
"7d50b46e-df72-3ddb-4e4a-4dd941669f83","Follow-up on proposal","2011-05-22 17:03:21","2011-05-22 17:03:21","1","1","Meeting to discuss project plan and hash out the details of implementation","false","seed_sally_id",(null),(null),(null),(null),(null),(null),(null),2,45,"2011-10-26 07:30:00","2011-10-26 10:15:00","Accounts","Not Held","Sugar","3dde5cba-cd80-7515-155c-4dd941b5ae4a",-1,(null)
"8129f988-abec-106d-66eb-4dd9417a803e","Introduce all players","2011-05-22 17:03:21","2011-05-22 17:03:21","1","1","Meeting to discuss project plan and hash out the details of implementation","false","seed_will_id",(null),(null),(null),(null),(null),(null),(null),3,45,"2012-02-14 15:00:00","2012-02-14 18:45:00","Accounts","Not Held","Sugar","cd6ebede-9c34-10b3-8570-4dd94179ac25",-1,(null)
"84e7ce05-920a-dfcb-c7b7-4dd9410c1174","Initial discussion","2011-05-22 17:03:21","2011-05-22 17:03:21","1","1","Meeting to discuss project plan and hash out the details of implementation","false","seed_chris_id",(null),(null),(null),(null),(null),(null),(null),0,30,"2011-10-09 15:45:00","2011-10-09 16:15:00","Accounts","Planned","Sugar","9259055e-a355-a29f-fb7e-4dd941f20350",-1,(null)
"88bb0b46-55ad-8eeb-2a94-4dd941e26f68","Demo","2011-05-22 17:03:21","2011-05-22 17:03:21","1","1","Meeting to discuss project plan and hash out the details of implementation","false","seed_will_id",(null),(null),(null),(null),(null),(null),(null),2,0,"2011-11-03 18:45:00","2011-11-03 20:45:00","Accounts","Planned","Sugar","a523d515-5a77-c2c7-ac3e-4dd941fb9a39",-1,(null)
"8cb5764e-d1df-f0d5-eafc-4dd941907220","Discuss pricing","2011-05-22 17:03:21","2011-05-22 17:03:21","1","1","Meeting to discuss project plan and hash out the details of implementation","false","seed_max_id",(null),(null),(null),(null),(null),(null),(null),1,45,"2012-02-25 15:00:00","2012-02-25 16:45:00","Accounts","Held","Sugar","47709356-6d82-50de-cd54-4dd941a7293e",-1,(null)
"90ab0ad1-ec64-427b-a6f1-4dd941a83718","Demo","2011-05-22 17:03:21","2011-05-22 17:03:21","1","1","Meeting to discuss project plan and hash out the details of implementation","false","seed_chris_id",(null),(null),(null),(null),(null),(null),(null),0,0,"2012-02-07 09:00:00","2012-02-07 09:00:00","Accounts","Held","Sugar","d765c718-1f6a-625a-afb4-4dd94186b564",-1,(null)
"94a8650e-fdd0-6c91-03cc-4dd941ea2877","Introduce all players","2011-05-22 17:03:21","2011-05-22 17:03:21","1","1","Meeting to discuss project plan and hash out the details of implementation","false","seed_sarah_id",(null),(null),(null),(null),(null),(null),(null),3,15,"2011-10-08 14:15:00","2011-10-08 17:30:00","Accounts","Not Held","Sugar","675383dc-1c43-8e1b-e439-4dd94128de58",-1,(null)
"98b0d49c-7339-0c95-26d1-4dd94187b1e7","Introduce all players","2011-05-22 17:03:21","2011-05-22 17:03:21","1","1","Meeting to discuss project plan and hash out the details of implementation","false","seed_sarah_id",(null),(null),(null),(null),(null),(null),(null),1,30,"2011-09-27 08:15:00","2011-09-27 09:45:00","Accounts","Planned","Sugar","4a8f698a-e01c-75de-f358-4dd941b88952",-1,(null)
"9c8000d3-5892-b123-881d-4dd94128571e","Demo","2011-05-22 17:03:21","2011-05-22 17:03:21","1","1","Meeting to discuss project plan and hash out the details of implementation","false","seed_will_id",(null),(null),(null),(null),(null),(null),(null),2,30,"2011-05-23 14:45:00","2011-05-23 17:15:00","Accounts","Held","Sugar","3ab33718-82ed-b352-1d69-4dd94130c490",-1,(null)
"a0918757-df26-bc54-c245-4dd9416e9831","Follow-up on proposal","2011-05-22 17:03:21","2011-05-22 17:03:21","1","1","Meeting to discuss project plan and hash out the details of implementation","false","seed_max_id",(null),(null),(null),(null),(null),(null),(null),2,0,"2011-12-20 09:15:00","2011-12-20 11:15:00","Accounts","Planned","Sugar","47709356-6d82-50de-cd54-4dd941a7293e",-1,(null)
"a47f9f91-0938-238c-a0fe-4dd941f200ca","Introduce all players","2011-05-22 17:03:21","2011-05-22 17:03:21","1","1","Meeting to discuss project plan and hash out the details of implementation","false","seed_sarah_id",(null),(null),(null),(null),(null),(null),(null),3,0,"2011-08-26 06:30:00","2011-08-26 09:30:00","Accounts","Not Held","Sugar","aba58686-7b42-c261-71f5-4dd94106035b",-1,(null)
"a86c69d3-56e8-2f53-978d-4dd9415efb12","Initial discussion","2011-05-22 17:03:21","2011-05-22 17:03:21","1","1","Meeting to discuss project plan and hash out the details of implementation","false","seed_max_id",(null),(null),(null),(null),(null),(null),(null),2,15,"2012-02-14 13:00:00","2012-02-14 15:15:00","Accounts","Not Held","Sugar","7ad7f8c4-82d8-3c99-e9ce-4dd94170d469",-1,(null)
"ac65a81a-db72-97ee-2c9a-4dd9416ac2fb","Demo","2011-05-22 17:03:21","2011-05-22 17:03:21","1","1","Meeting to discuss project plan and hash out the details of implementation","false","seed_sarah_id",(null),(null),(null),(null),(null),(null),(null),0,45,"2011-09-06 08:15:00","2011-09-06 09:00:00","Accounts","Planned","Sugar","c9fa7f0e-8778-2efb-5900-4dd941fea0fc",-1,(null)
"b0565c89-517c-3f84-f2fd-4dd941f6926d","Introduce all players","2011-05-22 17:03:21","2011-05-22 17:03:21","1","1","Meeting to discuss project plan and hash out the details of implementation","false","seed_chris_id",(null),(null),(null),(null),(null),(null),(null),3,0,"2011-08-19 07:30:00","2011-08-19 10:30:00","Accounts","Held","Sugar","aecad1e3-f600-ae7e-34fd-4dd941be6f60",-1,(null)
"b45eec9d-2967-9e3f-ca60-4dd941849abc","Initial discussion","2011-05-22 17:03:21","2011-05-22 17:03:21","1","1","Meeting to discuss project plan and hash out the details of implementation","false","seed_chris_id",(null),(null),(null),(null),(null),(null),(null),3,45,"2011-10-06 12:00:00","2011-10-06 15:45:00","Accounts","Held","Sugar","d765c718-1f6a-625a-afb4-4dd94186b564",-1,(null)
"b85ac764-7ed9-9451-4ae6-4dd941adaadc","Initial discussion","2011-05-22 17:03:21","2011-05-22 17:03:21","1","1","Meeting to discuss project plan and hash out the details of implementation","false","seed_chris_id",(null),(null),(null),(null),(null),(null),(null),0,45,"2012-05-06 12:45:00","2012-05-06 13:30:00","Accounts","Held","Sugar","c309aadc-6958-61fe-82c2-4dd94165fae2",-1,(null)
"bc638932-9b5f-5d0d-8430-4dd941f1e901","Review needs","2011-05-22 17:03:21","2011-05-22 17:03:21","1","1","Meeting to discuss project plan and hash out the details of implementation","false","seed_will_id",(null),(null),(null),(null),(null),(null),(null),3,45,"2011-11-17 07:30:00","2011-11-17 11:15:00","Accounts","Planned","Sugar","7453c2fb-4e3f-fbc5-e861-4dd94110e692",-1,(null)
"c070f548-1024-7c2d-8e47-4dd941a0d17f","Demo","2011-05-22 17:03:21","2011-05-22 17:03:21","1","1","Meeting to discuss project plan and hash out the details of implementation","false","seed_chris_id",(null),(null),(null),(null),(null),(null),(null),2,0,"2011-06-06 17:45:00","2011-06-06 19:45:00","Accounts","Not Held","Sugar","c309aadc-6958-61fe-82c2-4dd94165fae2",-1,(null)
"c481aede-7289-d133-45b8-4dd9415c2d02","Introduce all players","2011-05-22 17:03:21","2011-05-22 17:03:21","1","1","Meeting to discuss project plan and hash out the details of implementation","false","seed_sarah_id",(null),(null),(null),(null),(null),(null),(null),2,15,"2011-10-28 13:45:00","2011-10-28 16:00:00","Accounts","Held","Sugar","aba58686-7b42-c261-71f5-4dd94106035b",-1,(null)
"c8c2fbc9-c599-fccb-ba66-4dd9418fa29e","Review needs","2011-05-22 17:03:21","2011-05-22 17:03:21","1","1","Meeting to discuss project plan and hash out the details of implementation","false","seed_sally_id",(null),(null),(null),(null),(null),(null),(null),1,15,"2012-05-14 06:15:00","2012-05-14 07:30:00","Accounts","Planned","Sugar","d0d6a21c-328d-9d63-7f1e-4dd94161efd0",-1,(null)
"cd41bb4b-1045-a4e0-d3c8-4dd94171ea27","Review needs","2011-05-22 17:03:21","2011-05-22 17:03:21","1","1","Meeting to discuss project plan and hash out the details of implementation","false","seed_sally_id",(null),(null),(null),(null),(null),(null),(null),1,0,"2012-03-16 16:45:00","2012-03-16 17:45:00","Accounts","Planned","Sugar","989d4528-0819-48f4-2889-4dd94184624d",-1,(null)
"d10f4070-4cc0-60eb-a46b-4dd94184e46a","Discuss pricing","2011-05-22 17:03:21","2011-05-22 17:03:21","1","1","Meeting to discuss project plan and hash out the details of implementation","false","seed_sarah_id",(null),(null),(null),(null),(null),(null),(null),1,30,"2011-11-10 14:00:00","2011-11-10 15:30:00","Accounts","Not Held","Sugar","81687761-cba3-91e9-a0be-4dd9414e1487",-1,(null)
"d5258f09-016b-7b96-5abe-4dd941d766a8","Discuss pricing","2011-05-22 17:03:21","2011-05-22 17:03:21","1","1","Meeting to discuss project plan and hash out the details of implementation","false","seed_sally_id",(null),(null),(null),(null),(null),(null),(null),0,15,"2011-08-24 12:30:00","2011-08-24 12:45:00","Accounts","Not Held","Sugar","989d4528-0819-48f4-2889-4dd94184624d",-1,(null)
"d952b02d-a898-a8f4-3be9-4dd941e226cf","Review needs","2011-05-22 17:03:21","2011-05-22 17:03:21","1","1","Meeting to discuss project plan and hash out the details of implementation","false","seed_sally_id",(null),(null),(null),(null),(null),(null),(null),0,30,"2012-03-24 19:15:00","2012-03-24 19:45:00","Accounts","Not Held","Sugar","b1ee3412-d2f3-9d24-0318-4dd941e17450",-1,(null)
"dd7aa528-6ada-9784-9815-4dd94188e8b1","Discuss pricing","2011-05-22 17:03:21","2011-05-22 17:03:21","1","1","Meeting to discuss project plan and hash out the details of implementation","false","seed_sally_id",(null),(null),(null),(null),(null),(null),(null),0,15,"2011-12-16 10:00:00","2011-12-16 10:15:00","Accounts","Planned","Sugar","3dde5cba-cd80-7515-155c-4dd941b5ae4a",-1,(null)
"e1b7a609-c3b1-5030-a094-4dd94144c870","Review needs","2011-05-22 17:03:21","2011-05-22 17:03:21","1","1","Meeting to discuss project plan and hash out the details of implementation","false","seed_sarah_id",(null),(null),(null),(null),(null),(null),(null),1,0,"2012-02-09 06:30:00","2012-02-09 07:30:00","Accounts","Not Held","Sugar","675383dc-1c43-8e1b-e439-4dd94128de58",-1,(null)
"e5ee8149-9073-57df-97dd-4dd9416e7abb","Discuss pricing","2011-05-22 17:03:21","2011-05-22 17:03:21","1","1","Meeting to discuss project plan and hash out the details of implementation","false","seed_sally_id",(null),(null),(null),(null),(null),(null),(null),1,0,"2012-04-13 13:00:00","2012-04-13 14:00:00","Accounts","Held","Sugar","50d3bfe2-50a9-3435-b3fe-4dd941fefc47",-1,(null)
"ea1c960d-eeff-f219-2ae2-4dd941b7d400","Follow-up on proposal","2011-05-22 17:03:21","2011-05-22 17:03:21","1","1","Meeting to discuss project plan and hash out the details of implementation","false","seed_sally_id",(null),(null),(null),(null),(null),(null),(null),0,30,"2011-10-01 09:45:00","2011-10-01 10:15:00","Accounts","Planned","Sugar","d0d6a21c-328d-9d63-7f1e-4dd94161efd0",-1,(null)
"ee4489f3-6fb1-c186-59c8-4dd941f27e0c","Follow-up on proposal","2011-05-22 17:03:21","2011-05-22 17:03:21","1","1","Meeting to discuss project plan and hash out the details of implementation","false","seed_will_id",(null),(null),(null),(null),(null),(null),(null),3,15,"2011-12-15 07:00:00","2011-12-15 10:15:00","Accounts","Planned","Sugar","44430031-cfc2-4f57-f5b5-4dd9414ad321",-1,(null)
"f27a03fd-9c76-1c92-cc66-4dd941c15f26","Initial discussion","2011-05-22 17:03:21","2011-05-22 17:03:21","1","1","Meeting to discuss project plan and hash out the details of implementation","false","seed_will_id",(null),(null),(null),(null),(null),(null),(null),1,45,"2012-05-10 08:00:00","2012-05-10 09:45:00","Accounts","Held","Sugar","b88ee3f8-5908-b3ec-6143-4dd941501cbd",-1,(null)
"28720c38-13c7-7153-3754-4dd9414cbdbc","Demo","2011-05-22 17:03:21","2011-05-22 17:03:21","1","1","Meeting to discuss project plan and hash out the details of implementation","false","seed_max_id",(null),(null),(null),(null),(null),(null),(null),2,0,"2012-02-01 16:30:00","2012-02-01 18:30:00","Accounts","Not Held","Sugar","9ee78398-bf05-e0f8-1073-4dd9417b252a",-1,(null)
"6b460b7b-2e5d-9279-d8b6-4dd941f9c00f","Follow-up on proposal","2011-05-22 17:03:21","2011-05-22 17:03:21","1","1","Meeting to discuss project plan and hash out the details of implementation","false","seed_max_id",(null),(null),(null),(null),(null),(null),(null),1,0,"2011-05-24 10:15:00","2011-05-24 11:15:00","Accounts","Held","Sugar","bc0a8052-3c1c-1e3d-51c9-4dd9416bc742",-1,(null)
"ae850a0e-19da-e2d8-917d-4dd94179fb0d","Follow-up on proposal","2011-05-22 17:03:21","2011-05-22 17:03:21","1","1","Meeting to discuss project plan and hash out the details of implementation","false","seed_will_id",(null),(null),(null),(null),(null),(null),(null),3,0,"2011-05-29 18:45:00","2011-05-29 21:45:00","Accounts","Held","Sugar","7e2f1969-23fa-24ed-a42e-4dd9418567a7",-1,(null)
"f39f0f77-4b27-8684-27e2-4dd941dbce63","Demo","2011-05-22 17:03:21","2011-05-22 17:03:21","1","1","Meeting to discuss project plan and hash out the details of implementation","false","seed_sarah_id",(null),(null),(null),(null),(null),(null),(null),1,15,"2012-05-20 10:45:00","2012-05-20 12:00:00","Accounts","Planned","Sugar","410d07b5-c3c7-1e78-bc21-4dd94190fac2",-1,(null)
"234ff46d-eb1b-a13a-4458-4dd9414b6c8a","Follow-up on proposal","2011-05-22 17:03:21","2011-05-22 17:03:21","1","1","Meeting to discuss project plan and hash out the details of implementation","false","seed_chris_id",(null),(null),(null),(null),(null),(null),(null),3,0,"2011-11-14 18:15:00","2011-11-14 21:15:00","Accounts","Not Held","Sugar","57310503-6455-0490-6ebe-4dd941e160aa",-1,(null)
"27471b24-e28f-3378-9b56-4dd94106bb38","Follow-up on proposal","2011-05-22 17:03:21","2011-05-22 17:03:21","1","1","Meeting to discuss project plan and hash out the details of implementation","false","seed_sarah_id",(null),(null),(null),(null),(null),(null),(null),3,15,"2012-03-07 09:45:00","2012-03-07 13:00:00","Accounts","Planned","Sugar","81687761-cba3-91e9-a0be-4dd9414e1487",-1,(null)
"2b971e48-6ce5-30b0-b1f1-4dd941121680","Follow-up on proposal","2011-05-22 17:03:21","2011-05-22 17:03:21","1","1","Meeting to discuss project plan and hash out the details of implementation","false","seed_chris_id",(null),(null),(null),(null),(null),(null),(null),3,15,"2012-02-02 15:45:00","2012-02-02 19:00:00","Accounts","Not Held","Sugar","57310503-6455-0490-6ebe-4dd941e160aa",-1,(null)
"301db4c5-05cd-31fc-e578-4dd941407303","Introduce all players","2011-05-22 17:03:21","2011-05-22 17:03:21","1","1","Meeting to discuss project plan and hash out the details of implementation","false","seed_sally_id",(null),(null),(null),(null),(null),(null),(null),0,0,"2012-01-10 17:30:00","2012-01-10 17:30:00","Accounts","Held","Sugar","5406e66b-c910-d072-00f0-4dd94132e200",-1,(null)
"34ba251f-e953-137e-0133-4dd941a4b458","Review needs","2011-05-22 17:03:21","2011-05-22 17:03:21","1","1","Meeting to discuss project plan and hash out the details of implementation","false","seed_will_id",(null),(null),(null),(null),(null),(null),(null),1,45,"2012-05-19 15:15:00","2012-05-19 17:00:00","Accounts","Planned","Sugar","b88ee3f8-5908-b3ec-6143-4dd941501cbd",-1,(null)
"39813bc7-e3e0-f1de-6b60-4dd9415fa6a6","Discuss pricing","2011-05-22 17:03:21","2011-05-22 17:03:21","1","1","Meeting to discuss project plan and hash out the details of implementation","false","seed_chris_id",(null),(null),(null),(null),(null),(null),(null),3,0,"2011-10-21 12:00:00","2011-10-21 15:00:00","Accounts","Planned","Sugar","9259055e-a355-a29f-fb7e-4dd941f20350",-1,(null)
"3e18f634-4196-86da-6a83-4dd94128020f","Initial discussion","2011-05-22 17:03:21","2011-05-22 17:03:21","1","1","Meeting to discuss project plan and hash out the details of implementation","false","seed_max_id",(null),(null),(null),(null),(null),(null),(null),1,45,"2011-10-04 12:15:00","2011-10-04 14:00:00","Accounts","Held","Sugar","9ee78398-bf05-e0f8-1073-4dd9417b252a",-1,(null)
"4305b6b0-c795-c7ef-f204-4dd9411bebbe","Review needs","2011-05-22 17:03:21","2011-05-22 17:03:21","1","1","Meeting to discuss project plan and hash out the details of implementation","false","seed_will_id",(null),(null),(null),(null),(null),(null),(null),3,30,"2012-02-24 12:00:00","2012-02-24 15:30:00","Accounts","Held","Sugar","3ab33718-82ed-b352-1d69-4dd94130c490",-1,(null)
"47f7c801-775d-5cb9-3d32-4dd94169fe63","Initial discussion","2011-05-22 17:03:21","2011-05-22 17:03:21","1","1","Meeting to discuss project plan and hash out the details of implementation","false","seed_chris_id",(null),(null),(null),(null),(null),(null),(null),2,30,"2012-04-22 12:45:00","2012-04-22 15:15:00","Accounts","Held","Sugar","aecad1e3-f600-ae7e-34fd-4dd941be6f60",-1,(null)
"4caf0e1d-65fd-7d3e-9cfd-4dd941e4a1f7","Introduce all players","2011-05-22 17:03:21","2011-05-22 17:03:21","1","1","Meeting to discuss project plan and hash out the details of implementation","false","seed_sarah_id",(null),(null),(null),(null),(null),(null),(null),2,45,"2011-10-03 11:45:00","2011-10-03 14:30:00","Accounts","Not Held","Sugar","4a8f698a-e01c-75de-f358-4dd941b88952",-1,(null)
"51568d28-a7ee-d9ba-091b-4dd9419582a2","Discuss pricing","2011-05-22 17:03:21","2011-05-22 17:03:21","1","1","Meeting to discuss project plan and hash out the details of implementation","false","seed_sarah_id",(null),(null),(null),(null),(null),(null),(null),0,15,"2011-11-19 06:45:00","2011-11-19 07:00:00","Accounts","Held","Sugar","aba58686-7b42-c261-71f5-4dd94106035b",-1,(null)
"560a9641-c037-5a0f-6f1e-4dd941e1f30f","Introduce all players","2011-05-22 17:03:21","2011-05-22 17:03:21","1","1","Meeting to discuss project plan and hash out the details of implementation","false","seed_sarah_id",(null),(null),(null),(null),(null),(null),(null),3,30,"2011-12-13 10:45:00","2011-12-13 14:15:00","Accounts","Held","Sugar","81687761-cba3-91e9-a0be-4dd9414e1487",-1,(null)
"5b0a7616-e2b4-f9fd-71ad-4dd941fe997b","Discuss pricing","2011-05-22 17:03:21","2011-05-22 17:03:21","1","1","Meeting to discuss project plan and hash out the details of implementation","false","seed_sally_id",(null),(null),(null),(null),(null),(null),(null),0,0,"2011-08-12 09:30:00","2011-08-12 09:30:00","Accounts","Planned","Sugar","8f34b214-43d4-12b4-4821-4dd9413dde6a",-1,(null)
"5fff2e94-c629-e253-fdb5-4dd9419e9266","Demo","2011-05-22 17:03:21","2011-05-22 17:03:21","1","1","Meeting to discuss project plan and hash out the details of implementation","false","seed_max_id",(null),(null),(null),(null),(null),(null),(null),2,0,"2011-09-13 17:45:00","2011-09-13 19:45:00","Accounts","Not Held","Sugar","bc0a8052-3c1c-1e3d-51c9-4dd9416bc742",-1,(null)
"64ae909c-2593-0d82-1cb2-4dd941dfdc81","Introduce all players","2011-05-22 17:03:21","2011-05-22 17:03:21","1","1","Meeting to discuss project plan and hash out the details of implementation","false","seed_sally_id",(null),(null),(null),(null),(null),(null),(null),1,45,"2012-04-27 07:00:00","2012-04-27 08:45:00","Accounts","Held","Sugar","5406e66b-c910-d072-00f0-4dd94132e200",-1,(null)
"69b4a7db-25f1-0ddb-05e2-4dd941472a64","Discuss pricing","2011-05-22 17:03:21","2011-05-22 17:03:21","1","1","Meeting to discuss project plan and hash out the details of implementation","false","seed_max_id",(null),(null),(null),(null),(null),(null),(null),2,15,"2011-12-09 08:00:00","2011-12-09 10:15:00","Accounts","Held","Sugar","5a691e8e-391b-cf65-5651-4dd941ab9d9a",-1,(null)
"6eb45fb0-680f-422e-072a-4dd941de7cd9","Introduce all players","2011-05-22 17:03:21","2011-05-22 17:03:21","1","1","Meeting to discuss project plan and hash out the details of implementation","false","seed_sally_id",(null),(null),(null),(null),(null),(null),(null),0,15,"2011-07-05 10:15:00","2011-07-05 10:30:00","Accounts","Planned","Sugar","8f34b214-43d4-12b4-4821-4dd9413dde6a",-1,(null)
"737e99bf-ce4c-0515-bc28-4dd941e61f5f","Initial discussion","2011-05-22 17:03:21","2011-05-22 17:03:21","1","1","Meeting to discuss project plan and hash out the details of implementation","false","seed_sally_id",(null),(null),(null),(null),(null),(null),(null),0,45,"2012-05-18 19:00:00","2012-05-18 19:45:00","Accounts","Held","Sugar","5406e66b-c910-d072-00f0-4dd94132e200",-1,(null)
"782adadc-39fb-d141-f791-4dd941631393","Review needs","2011-05-22 17:03:21","2011-05-22 17:03:21","1","1","Meeting to discuss project plan and hash out the details of implementation","false","seed_sally_id",(null),(null),(null),(null),(null),(null),(null),2,45,"2011-06-02 11:30:00","2011-06-02 14:15:00","Accounts","Held","Sugar","8f34b214-43d4-12b4-4821-4dd9413dde6a",-1,(null)
"7cbbba59-c139-5234-924e-4dd9410087e8","Introduce all players","2011-05-22 17:03:21","2011-05-22 17:03:21","1","1","Meeting to discuss project plan and hash out the details of implementation","false","seed_max_id",(null),(null),(null),(null),(null),(null),(null),1,30,"2011-06-18 12:15:00","2011-06-18 13:45:00","Accounts","Planned","Sugar","bc0a8052-3c1c-1e3d-51c9-4dd9416bc742",-1,(null)
"814ae304-9773-4c88-e974-4dd941f2af1e","Initial discussion","2011-05-22 17:03:21","2011-05-22 17:03:21","1","1","Meeting to discuss project plan and hash out the details of implementation","false","seed_sarah_id",(null),(null),(null),(null),(null),(null),(null),1,15,"2011-10-28 12:45:00","2011-10-28 14:00:00","Accounts","Held","Sugar","81687761-cba3-91e9-a0be-4dd9414e1487",-1,(null)
"85f5ef03-a5fc-cbe4-49be-4dd941295370","Follow-up on proposal","2011-05-22 17:03:21","2011-05-22 17:03:21","1","1","Meeting to discuss project plan and hash out the details of implementation","false","seed_sarah_id",(null),(null),(null),(null),(null),(null),(null),0,30,"2011-09-24 07:15:00","2011-09-24 07:45:00","Accounts","Planned","Sugar","410d07b5-c3c7-1e78-bc21-4dd94190fac2",-1,(null)
"8abe7ad7-d0aa-d16b-0ee9-4dd941be4d79","Review needs","2011-05-22 17:03:21","2011-05-22 17:03:21","1","1","Meeting to discuss project plan and hash out the details of implementation","false","seed_sarah_id",(null),(null),(null),(null),(null),(null),(null),2,0,"2011-12-17 12:30:00","2011-12-17 14:30:00","Accounts","Planned","Sugar","a87858df-1665-56d7-6ffa-4dd9414ef8d1",-1,(null)
"8f59cf57-7c2e-2620-6898-4dd941fa62a4","Demo","2011-05-22 17:03:21","2011-05-22 17:03:21","1","1","Meeting to discuss project plan and hash out the details of implementation","false","seed_sarah_id",(null),(null),(null),(null),(null),(null),(null),2,0,"2011-06-23 10:45:00","2011-06-23 12:45:00","Accounts","Not Held","Sugar","7120b696-ceaa-b911-da82-4dd941fa87a6",-1,(null)
"94010321-f2f2-140d-bd30-4dd941847bbf","Initial discussion","2011-05-22 17:03:21","2011-05-22 17:03:21","1","1","Meeting to discuss project plan and hash out the details of implementation","false","seed_sarah_id",(null),(null),(null),(null),(null),(null),(null),3,15,"2011-10-21 08:30:00","2011-10-21 11:45:00","Accounts","Held","Sugar","81687761-cba3-91e9-a0be-4dd9414e1487",-1,(null)
"98cabd6a-e7ea-a04b-4cb9-4dd941761bb8","Follow-up on proposal","2011-05-22 17:03:21","2011-05-22 17:03:21","1","1","Meeting to discuss project plan and hash out the details of implementation","false","seed_chris_id",(null),(null),(null),(null),(null),(null),(null),1,0,"2011-07-29 11:30:00","2011-07-29 12:30:00","Accounts","Not Held","Sugar","d765c718-1f6a-625a-afb4-4dd94186b564",-1,(null)
"9d7aa8cb-8eca-761f-0d0e-4dd941077623","Introduce all players","2011-05-22 17:03:21","2011-05-22 17:03:21","1","1","Meeting to discuss project plan and hash out the details of implementation","false","seed_chris_id",(null),(null),(null),(null),(null),(null),(null),1,45,"2011-12-07 18:15:00","2011-12-07 20:00:00","Accounts","Not Held","Sugar","8806bccb-2546-0bca-ab2e-4dd94153e3db",-1,(null)
"a2205b80-0c13-3156-ee4c-4dd941681637","Demo","2011-05-22 17:03:21","2011-05-22 17:03:21","1","1","Meeting to discuss project plan and hash out the details of implementation","false","seed_max_id",(null),(null),(null),(null),(null),(null),(null),1,30,"2012-02-08 13:15:00","2012-02-08 14:45:00","Accounts","Planned","Sugar","a20589fd-c527-720f-b2f2-4dd94197248f",-1,(null)
"a6c6faaa-64cf-92dd-df21-4dd941e6605e","Initial discussion","2011-05-22 17:03:21","2011-05-22 17:03:21","1","1","Meeting to discuss project plan and hash out the details of implementation","false","seed_sarah_id",(null),(null),(null),(null),(null),(null),(null),1,45,"2011-08-08 19:30:00","2011-08-08 21:15:00","Accounts","Not Held","Sugar","9579d36c-cc96-4178-5adf-4dd9417e79e4",-1,(null)
"ab55dff6-a008-64f9-2ac8-4dd9411ae5c2","Introduce all players","2011-05-22 17:03:21","2011-05-22 17:03:21","1","1","Meeting to discuss project plan and hash out the details of implementation","false","seed_sally_id",(null),(null),(null),(null),(null),(null),(null),1,15,"2012-04-19 06:00:00","2012-04-19 07:15:00","Accounts","Not Held","Sugar","b1ee3412-d2f3-9d24-0318-4dd941e17450",-1,(null)
"afc3fccb-2c5b-e81e-c13b-4dd9416b2f07","Discuss pricing","2011-05-22 17:03:21","2011-05-22 17:03:21","1","1","Meeting to discuss project plan and hash out the details of implementation","false","seed_sarah_id",(null),(null),(null),(null),(null),(null),(null),2,30,"2011-10-25 13:00:00","2011-10-25 15:30:00","Accounts","Not Held","Sugar","b514ccc7-7b22-081f-ea69-4dd941a6c546",-1,(null)
"b44800bd-6896-9d8e-65e1-4dd941fe75f8","Review needs","2011-05-22 17:03:21","2011-05-22 17:03:21","1","1","Meeting to discuss project plan and hash out the details of implementation","false","seed_sarah_id",(null),(null),(null),(null),(null),(null),(null),1,45,"2012-02-09 14:15:00","2012-02-09 16:00:00","Accounts","Held","Sugar","9579d36c-cc96-4178-5adf-4dd9417e79e4",-1,(null)
"b8bff578-65c7-ceb6-cc64-4dd9418f0820","Introduce all players","2011-05-22 17:03:21","2011-05-22 17:03:21","1","1","Meeting to discuss project plan and hash out the details of implementation","false","seed_will_id",(null),(null),(null),(null),(null),(null),(null),2,15,"2011-10-20 07:30:00","2011-10-20 09:45:00","Accounts","Not Held","Sugar","44430031-cfc2-4f57-f5b5-4dd9414ad321",-1,(null)
"bd50abfc-054b-7150-e22e-4dd94191cbb3","Demo","2011-05-22 17:03:21","2011-05-22 17:03:21","1","1","Meeting to discuss project plan and hash out the details of implementation","false","seed_chris_id",(null),(null),(null),(null),(null),(null),(null),3,15,"2012-05-03 07:30:00","2012-05-03 10:45:00","Accounts","Planned","Sugar","57310503-6455-0490-6ebe-4dd941e160aa",-1,(null)
"c1d91b2e-f813-6e94-3fc4-4dd94153b3b0","Introduce all players","2011-05-22 17:03:21","2011-05-22 17:03:21","1","1","Meeting to discuss project plan and hash out the details of implementation","false","seed_sarah_id",(null),(null),(null),(null),(null),(null),(null),2,30,"2011-10-02 15:15:00","2011-10-02 17:45:00","Accounts","Held","Sugar","b514ccc7-7b22-081f-ea69-4dd941a6c546",-1,(null)
"c6667641-b057-180d-3353-4dd94116c90d","Discuss pricing","2011-05-22 17:03:21","2011-05-22 17:03:21","1","1","Meeting to discuss project plan and hash out the details of implementation","false","seed_sally_id",(null),(null),(null),(null),(null),(null),(null),0,30,"2011-06-08 18:45:00","2011-06-08 19:15:00","Accounts","Not Held","Sugar","3dde5cba-cd80-7515-155c-4dd941b5ae4a",-1,(null)
"cadad193-de58-6f56-5be4-4dd94127e7a8","Follow-up on proposal","2011-05-22 17:03:21","2011-05-22 17:03:21","1","1","Meeting to discuss project plan and hash out the details of implementation","false","seed_max_id",(null),(null),(null),(null),(null),(null),(null),2,15,"2011-08-31 17:00:00","2011-08-31 19:15:00","Accounts","Held","Sugar","3399a78a-f4cc-ff64-8de0-4dd94119a56a",-1,(null)
"cf4f2b41-0bc9-3944-afca-4dd9414bc493","Follow-up on proposal","2011-05-22 17:03:21","2011-05-22 17:03:21","1","1","Meeting to discuss project plan and hash out the details of implementation","false","seed_will_id",(null),(null),(null),(null),(null),(null),(null),3,45,"2012-02-13 14:15:00","2012-02-13 18:00:00","Accounts","Held","Sugar","3ab33718-82ed-b352-1d69-4dd94130c490",-1,(null)
"d3bd0a22-8ba5-2f3c-74d4-4dd941d3c850","Follow-up on proposal","2011-05-22 17:03:21","2011-05-22 17:03:21","1","1","Meeting to discuss project plan and hash out the details of implementation","false","seed_max_id",(null),(null),(null),(null),(null),(null),(null),3,45,"2012-01-23 15:15:00","2012-01-23 19:00:00","Accounts","Planned","Sugar","47709356-6d82-50de-cd54-4dd941a7293e",-1,(null)
"d83af46f-0a54-f08e-43b3-4dd941a586c9","Initial discussion","2011-05-22 17:03:21","2011-05-22 17:03:21","1","1","Meeting to discuss project plan and hash out the details of implementation","false","seed_will_id",(null),(null),(null),(null),(null),(null),(null),2,0,"2011-12-13 14:45:00","2011-12-13 16:45:00","Accounts","Not Held","Sugar","7e2f1969-23fa-24ed-a42e-4dd9418567a7",-1,(null)
"dca2bef6-a4f7-b5b7-d442-4dd941c9aca8","Discuss pricing","2011-05-22 17:03:21","2011-05-22 17:03:21","1","1","Meeting to discuss project plan and hash out the details of implementation","false","seed_chris_id",(null),(null),(null),(null),(null),(null),(null),2,45,"2012-01-01 08:30:00","2012-01-01 11:15:00","Accounts","Not Held","Sugar","9bc5df10-8ac7-5ffc-e994-4dd941cc8a76",-1,(null)
"e0f71960-d75f-97a3-3960-4dd94146a014","Initial discussion","2011-05-22 17:03:21","2011-05-22 17:03:21","1","1","Meeting to discuss project plan and hash out the details of implementation","false","seed_sarah_id",(null),(null),(null),(null),(null),(null),(null),1,15,"2011-10-11 15:30:00","2011-10-11 16:45:00","Accounts","Held","Sugar","9579d36c-cc96-4178-5adf-4dd9417e79e4",-1,(null)
"e547f47a-59e1-ab98-51a7-4dd9419e5830","Follow-up on proposal","2011-05-22 17:03:21","2011-05-22 17:03:21","1","1","Meeting to discuss project plan and hash out the details of implementation","false","seed_sarah_id",(null),(null),(null),(null),(null),(null),(null),0,45,"2011-06-29 09:30:00","2011-06-29 10:15:00","Accounts","Held","Sugar","a87858df-1665-56d7-6ffa-4dd9414ef8d1",-1,(null)
"e9ad7f31-4fd0-6947-c257-4dd9417fee5c","Initial discussion","2011-05-22 17:03:21","2011-05-22 17:03:21","1","1","Meeting to discuss project plan and hash out the details of implementation","false","seed_sally_id",(null),(null),(null),(null),(null),(null),(null),1,45,"2011-09-05 11:00:00","2011-09-05 12:45:00","Accounts","Not Held","Sugar","b1ee3412-d2f3-9d24-0318-4dd941e17450",-1,(null)
"ede66ca1-50b5-6e9c-97ff-4dd9413246cb","Initial discussion","2011-05-22 17:03:21","2011-05-22 17:03:21","1","1","Meeting to discuss project plan and hash out the details of implementation","false","seed_sarah_id",(null),(null),(null),(null),(null),(null),(null),3,15,"2012-01-12 15:45:00","2012-01-12 19:00:00","Accounts","Held","Sugar","aba58686-7b42-c261-71f5-4dd94106035b",-1,(null)
"f236264a-c46e-b098-c03d-4dd9413e5424","Initial discussion","2011-05-22 17:03:21","2011-05-22 17:03:21","1","1","Meeting to discuss project plan and hash out the details of implementation","false","seed_will_id",(null),(null),(null),(null),(null),(null),(null),0,45,"2011-12-22 11:15:00","2011-12-22 12:00:00","Accounts","Planned","Sugar","a523d515-5a77-c2c7-ac3e-4dd941fb9a39",-1,(null)
"26e60dc1-ebd3-bbc0-3469-4dd941482d6c","Introduce all players","2011-05-22 17:03:21","2011-05-22 17:03:21","1","1","Meeting to discuss project plan and hash out the details of implementation","false","seed_will_id",(null),(null),(null),(null),(null),(null),(null),0,15,"2011-09-23 06:30:00","2011-09-23 06:45:00","Accounts","Planned","Sugar","60d45598-030d-069b-4d33-4dd94199d11a",-1,(null)
"6bb905b9-42d8-77f4-1523-4dd941afa933","Follow-up on proposal","2011-05-22 17:03:21","2011-05-22 17:03:21","1","1","Meeting to discuss project plan and hash out the details of implementation","false","seed_chris_id",(null),(null),(null),(null),(null),(null),(null),3,0,"2012-04-03 13:15:00","2012-04-03 16:15:00","Accounts","Planned","Sugar","57310503-6455-0490-6ebe-4dd941e160aa",-1,(null)
"b00c0ced-53ca-49b7-2f4e-4dd9410ad7d0","Demo","2011-05-22 17:03:21","2011-05-22 17:03:21","1","1","Meeting to discuss project plan and hash out the details of implementation","false","seed_sarah_id",(null),(null),(null),(null),(null),(null),(null),2,15,"2011-07-10 15:15:00","2011-07-10 17:30:00","Accounts","Not Held","Sugar","c9fa7f0e-8778-2efb-5900-4dd941fea0fc",-1,(null)
"f37e02e1-55b9-41b9-24a6-4dd9417efb5c","Initial discussion","2011-05-22 17:03:21","2011-05-22 17:03:21","1","1","Meeting to discuss project plan and hash out the details of implementation","false","seed_sarah_id",(null),(null),(null),(null),(null),(null),(null),2,0,"2012-01-13 14:30:00","2012-01-13 16:30:00","Accounts","Not Held","Sugar","4a8f698a-e01c-75de-f358-4dd941b88952",-1,(null)
"13ae4fd4-f2b2-70e8-78f7-4dd94143851a","Demo","2011-05-22 17:03:21","2011-05-22 17:03:21","1","1","Meeting to discuss project plan and hash out the details of implementation","false","seed_sarah_id",(null),(null),(null),(null),(null),(null),(null),2,15,"2011-11-28 07:00:00","2011-11-28 09:15:00","Accounts","Planned","Sugar","77974e34-eed6-f04f-6ec4-4dd94192db89",-1,(null)
"182d9cbf-98b6-cf4f-e6b5-4dd941099837","Initial discussion","2011-05-22 17:03:21","2011-05-22 17:03:21","1","1","Meeting to discuss project plan and hash out the details of implementation","false","seed_will_id",(null),(null),(null),(null),(null),(null),(null),3,45,"2012-04-15 19:45:00","2012-04-15 23:30:00","Accounts","Planned","Sugar","44430031-cfc2-4f57-f5b5-4dd9414ad321",-1,(null)
"1cf0d0b5-4295-bc58-904e-4dd941e216e9","Demo","2011-05-22 17:03:21","2011-05-22 17:03:21","1","1","Meeting to discuss project plan and hash out the details of implementation","false","seed_chris_id",(null),(null),(null),(null),(null),(null),(null),3,30,"2012-02-15 13:00:00","2012-02-15 16:30:00","Accounts","Not Held","Sugar","d765c718-1f6a-625a-afb4-4dd94186b564",-1,(null)
"21621a88-9f86-b412-4f43-4dd941858cc0","Introduce all players","2011-05-22 17:03:21","2011-05-22 17:03:21","1","1","Meeting to discuss project plan and hash out the details of implementation","false","seed_sally_id",(null),(null),(null),(null),(null),(null),(null),3,30,"2012-01-20 07:45:00","2012-01-20 11:15:00","Accounts","Not Held","Sugar","d0d6a21c-328d-9d63-7f1e-4dd94161efd0",-1,(null)
"263c2772-6dbb-75b4-288e-4dd941bfcfe2","Review needs","2011-05-22 17:03:21","2011-05-22 17:03:21","1","1","Meeting to discuss project plan and hash out the details of implementation","false","seed_sarah_id",(null),(null),(null),(null),(null),(null),(null),0,45,"2012-02-09 19:45:00","2012-02-09 20:30:00","Accounts","Held","Sugar","410d07b5-c3c7-1e78-bc21-4dd94190fac2",-1,(null)
"2b0ae9c1-0522-b5f1-c3ff-4dd941ea2ada","Introduce all players","2011-05-22 17:03:21","2011-05-22 17:03:21","1","1","Meeting to discuss project plan and hash out the details of implementation","false","seed_sarah_id",(null),(null),(null),(null),(null),(null),(null),2,15,"2012-01-04 17:00:00","2012-01-04 19:15:00","Accounts","Not Held","Sugar","d41b6191-1d4c-ab62-6243-4dd94181b29f",-1,(null)
"3010c5f7-33c3-3fd7-bd91-4dd941b9103a","Review needs","2011-05-22 17:03:21","2011-05-22 17:03:21","1","1","Meeting to discuss project plan and hash out the details of implementation","false","seed_sarah_id",(null),(null),(null),(null),(null),(null),(null),2,30,"2011-09-27 15:00:00","2011-09-27 17:30:00","Accounts","Held","Sugar","81687761-cba3-91e9-a0be-4dd9414e1487",-1,(null)
"349bd825-ca59-ea9c-4a8b-4dd9410d0b15","Discuss pricing","2011-05-22 17:03:21","2011-05-22 17:03:21","1","1","Meeting to discuss project plan and hash out the details of implementation","false","seed_sarah_id",(null),(null),(null),(null),(null),(null),(null),1,45,"2011-05-27 11:30:00","2011-05-27 13:15:00","Accounts","Not Held","Sugar","c9fa7f0e-8778-2efb-5900-4dd941fea0fc",-1,(null)
"3986a56c-a94c-ef90-7e1e-4dd941d4896c","Introduce all players","2011-05-22 17:03:21","2011-05-22 17:03:21","1","1","Meeting to discuss project plan and hash out the details of implementation","false","seed_chris_id",(null),(null),(null),(null),(null),(null),(null),1,30,"2011-12-19 14:15:00","2011-12-19 15:45:00","Accounts","Not Held","Sugar","d765c718-1f6a-625a-afb4-4dd94186b564",-1,(null)
"3e7e1ecd-af0f-b8e8-bff3-4dd941fcd066","Introduce all players","2011-05-22 17:03:21","2011-05-22 17:03:21","1","1","Meeting to discuss project plan and hash out the details of implementation","false","seed_will_id",(null),(null),(null),(null),(null),(null),(null),3,30,"2011-10-11 07:30:00","2011-10-11 11:00:00","Accounts","Not Held","Sugar","60d45598-030d-069b-4d33-4dd94199d11a",-1,(null)
"4327d44f-6495-5365-f7ca-4dd941cb7fcb","Discuss pricing","2011-05-22 17:03:21","2011-05-22 17:03:21","1","1","Meeting to discuss project plan and hash out the details of implementation","false","seed_sally_id",(null),(null),(null),(null),(null),(null),(null),0,15,"2011-08-19 18:15:00","2011-08-19 18:30:00","Accounts","Held","Sugar","50d3bfe2-50a9-3435-b3fe-4dd941fefc47",-1,(null)