assigned_user_id,id,date_entered,date_modified,modified_user_id,created_by,name,file_mime_type,filename,parent_type,parent_id,contact_id,portal_flag,embed_flag,description,deleted
"seed_max_id","38b4f1b8-385b-cfc1-6337-4dd941da2dc0","2011-05-22 17:03:21","2011-05-22 17:03:21","1","1","More Account Information",(null),(null),"Accounts","3399a78a-f4cc-ff64-8de0-4dd94119a56a",(null),"false","false","This account could turn into a 3,000-user opportunity.","false"
"seed_will_id","3c3caef3-9627-d0ed-acf4-4dd941bfff74","2011-05-22 17:03:21","2011-05-22 17:03:21","1","1","Call Information",(null),(null),"Accounts","3ab33718-82ed-b352-1d69-4dd94130c490",(null),"false","false","The initial sales call went well. Will follow up with contact in 3 days.","false"
"seed_sally_id","3f665bc4-8da7-9a68-6b5e-4dd941919f29","2011-05-22 17:03:21","2011-05-22 17:03:21","1","1","Met at SugarCon 2010",(null),(null),"Accounts","3dde5cba-cd80-7515-155c-4dd941b5ae4a",(null),"false","false","Contact expressed interest in becoming a partner.","false"
"seed_sarah_id","4293e4fc-315a-25f7-775d-4dd9419b2db9","2011-05-22 17:03:21","2011-05-22 17:03:21","1","1","Call Information",(null),(null),"Accounts","410d07b5-c3c7-1e78-bc21-4dd94190fac2",(null),"false","false","The initial sales call went well. Will follow up with contact in 3 days.","false"
"seed_will_id","45c72f6b-ce5b-de6e-f672-4dd941462958","2011-05-22 17:03:21","2011-05-22 17:03:21","1","1","Call Information",(null),(null),"Accounts","44430031-cfc2-4f57-f5b5-4dd9414ad321",(null),"false","false","The initial sales call went well. Will follow up with contact in 3 days.","false"
"seed_max_id","48f22cf7-0749-cb48-cda1-4dd941fbbeae","2011-05-22 17:03:21","2011-05-22 17:03:21","1","1","Met at SugarCon 2010",(null),(null),"Accounts","47709356-6d82-50de-cd54-4dd941a7293e",(null),"false","false","Contact expressed interest in becoming a partner.","false"
"seed_sarah_id","4c128fde-2d20-d11d-27c6-4dd941aa428d","2011-05-22 17:03:21","2011-05-22 17:03:21","1","1","More Account Information",(null),(null),"Accounts","4a8f698a-e01c-75de-f358-4dd941b88952",(null),"false","false","This account could turn into a 3,000-user opportunity.","false"
"seed_will_id","4f3b31b9-fb38-8675-0c09-4dd941ce239e","2011-05-22 17:03:21","2011-05-22 17:03:21","1","1","More Account Information",(null),(null),"Accounts","4db86941-288e-4fa7-dcdb-4dd941ac4be7",(null),"false","false","This account could turn into a 3,000-user opportunity.","false"
"seed_sally_id","52687ffc-2d55-1855-b547-4dd94128d4db","2011-05-22 17:03:21","2011-05-22 17:03:21","1","1","More Account Information",(null),(null),"Accounts","50d3bfe2-50a9-3435-b3fe-4dd941fefc47",(null),"false","false","This account could turn into a 3,000-user opportunity.","false"
"seed_sally_id","558e2466-d902-959e-8cbb-4dd9411b8ded","2011-05-22 17:03:21","2011-05-22 17:03:21","1","1","Met at SugarCon 2010",(null),(null),"Accounts","5406e66b-c910-d072-00f0-4dd94132e200",(null),"false","false","Contact expressed interest in becoming a partner.","false"
"seed_chris_id","58c5d743-da10-9446-3aa0-4dd9416726d6","2011-05-22 17:03:21","2011-05-22 17:03:21","1","1","More Account Information",(null),(null),"Accounts","57310503-6455-0490-6ebe-4dd941e160aa",(null),"false","false","This account could turn into a 3,000-user opportunity.","false"
"seed_max_id","5bf81feb-277b-5d8b-6ebf-4dd941f7c320","2011-05-22 17:03:21","2011-05-22 17:03:21","1","1","More Account Information",(null),(null),"Accounts","5a691e8e-391b-cf65-5651-4dd941ab9d9a",(null),"false","false","This account could turn into a 3,000-user opportunity.","false"
"seed_max_id","5f2f2ca4-ab38-3c50-6de8-4dd94189b945","2011-05-22 17:03:21","2011-05-22 17:03:21","1","1","More Account Information",(null),(null),"Accounts","5da79147-7fd3-c12a-70f2-4dd9410c04d8",(null),"false","false","This account could turn into a 3,000-user opportunity.","false"
"seed_will_id","625ce134-e273-8925-8cb2-4dd94152738b","2011-05-22 17:03:21","2011-05-22 17:03:21","1","1","Met at SugarCon 2010",(null),(null),"Accounts","60d45598-030d-069b-4d33-4dd94199d11a",(null),"false","false","Contact expressed interest in becoming a partner.","false"
"seed_max_id","65a72d35-94a6-117f-5148-4dd941c011bb","2011-05-22 17:03:21","2011-05-22 17:03:21","1","1","More Account Information",(null),(null),"Accounts","6406ff29-2cd5-beb1-0745-4dd941ae8554",(null),"false","false","This account could turn into a 3,000-user opportunity.","false"
"seed_sarah_id","68e9ed25-87d6-627a-cc73-4dd941285543","2011-05-22 17:03:21","2011-05-22 17:03:21","1","1","More Account Information",(null),(null),"Accounts","675383dc-1c43-8e1b-e439-4dd94128de58",(null),"false","false","This account could turn into a 3,000-user opportunity.","false"
"seed_chris_id","6c271005-b7dc-f2bb-1de3-4dd941c7d90b","2011-05-22 17:03:21","2011-05-22 17:03:21","1","1","Met at SugarCon 2010",(null),(null),"Accounts","6a9025d7-e6f4-3c22-e1b5-4dd94188efdd",(null),"false","false","Contact expressed interest in becoming a partner.","false"
"seed_max_id","6f754eeb-3436-2d66-2df4-4dd9418c5035","2011-05-22 17:03:21","2011-05-22 17:03:21","1","1","Attended CRM Exceleration Event in Asia",(null),(null),"Accounts","6dd72268-ddbd-9277-7884-4dd941448222",(null),"false","false","Contact's event registration fee was comped.","false"
"seed_sarah_id","72afd9e9-a29b-27ac-456c-4dd94151725a","2011-05-22 17:03:21","2011-05-22 17:03:21","1","1","Attended CRM Exceleration Event in Asia",(null),(null),"Accounts","7120b696-ceaa-b911-da82-4dd941fa87a6",(null),"false","false","Contact's event registration fee was comped.","false"
"seed_will_id","75e44673-7725-a5fc-dcfd-4dd941a74d34","2011-05-22 17:03:21","2011-05-22 17:03:21","1","1","Attended CRM Exceleration Event in Asia",(null),(null),"Accounts","7453c2fb-4e3f-fbc5-e861-4dd94110e692",(null),"false","false","Contact's event registration fee was comped.","false"
"seed_sarah_id","792f6469-7cfe-a346-e44f-4dd9413c8343","2011-05-22 17:03:21","2011-05-22 17:03:21","1","1","Call Information",(null),(null),"Accounts","77974e34-eed6-f04f-6ec4-4dd94192db89",(null),"false","false","The initial sales call went well. Will follow up with contact in 3 days.","false"
"seed_max_id","7c7e7190-ee78-4a04-00d4-4dd9412cc882","2011-05-22 17:03:21","2011-05-22 17:03:21","1","1","Call Information",(null),(null),"Accounts","7ad7f8c4-82d8-3c99-e9ce-4dd94170d469",(null),"false","false","The initial sales call went well. Will follow up with contact in 3 days.","false"
"seed_will_id","7fcfe93e-f614-586e-160b-4dd9411eda3f","2011-05-22 17:03:21","2011-05-22 17:03:21","1","1","Call Information",(null),(null),"Accounts","7e2f1969-23fa-24ed-a42e-4dd9418567a7",(null),"false","false","The initial sales call went well. Will follow up with contact in 3 days.","false"
"seed_sarah_id","830c636c-f8d7-912b-7238-4dd94119d712","2011-05-22 17:03:21","2011-05-22 17:03:21","1","1","More Account Information",(null),(null),"Accounts","81687761-cba3-91e9-a0be-4dd9414e1487",(null),"false","false","This account could turn into a 3,000-user opportunity.","false"
"seed_sally_id","8659c1d7-53a4-cf55-bc4f-4dd941001c08","2011-05-22 17:03:21","2011-05-22 17:03:21","1","1","More Account Information",(null),(null),"Accounts","84bcbcf2-436c-c9af-3871-4dd9414e17a9",(null),"false","false","This account could turn into a 3,000-user opportunity.","false"
"seed_chris_id","8a0466ef-89df-90e2-6bbe-4dd94147391e","2011-05-22 17:03:21","2011-05-22 17:03:21","1","1","Met at SugarCon 2010",(null),(null),"Accounts","8806bccb-2546-0bca-ab2e-4dd94153e3db",(null),"false","false","Contact expressed interest in becoming a partner.","false"
"seed_sarah_id","8d982366-c885-9c3c-acb7-4dd941fc0da7","2011-05-22 17:03:21","2011-05-22 17:03:21","1","1","Call Information",(null),(null),"Accounts","8c0b0354-a050-2e40-9aa6-4dd94156ab56",(null),"false","false","The initial sales call went well. Will follow up with contact in 3 days.","false"
"seed_sally_id","90bcc256-1c5d-c7e2-8fa7-4dd9411ec9cd","2011-05-22 17:03:21","2011-05-22 17:03:21","1","1","More Account Information",(null),(null),"Accounts","8f34b214-43d4-12b4-4821-4dd9413dde6a",(null),"false","false","This account could turn into a 3,000-user opportunity.","false"
"seed_chris_id","93e145a2-1671-236f-4653-4dd9411652da","2011-05-22 17:03:21","2011-05-22 17:03:21","1","1","Call Information",(null),(null),"Accounts","9259055e-a355-a29f-fb7e-4dd941f20350",(null),"false","false","The initial sales call went well. Will follow up with contact in 3 days.","false"
"seed_sarah_id","96fcb715-030e-85d0-8a47-4dd94112f34a","2011-05-22 17:03:21","2011-05-22 17:03:21","1","1","Call Information",(null),(null),"Accounts","9579d36c-cc96-4178-5adf-4dd9417e79e4",(null),"false","false","The initial sales call went well. Will follow up with contact in 3 days.","false"
"seed_sally_id","9a258599-b90b-3b18-74da-4dd94135ab08","2011-05-22 17:03:21","2011-05-22 17:03:21","1","1","More Account Information",(null),(null),"Accounts","989d4528-0819-48f4-2889-4dd94184624d",(null),"false","false","This account could turn into a 3,000-user opportunity.","false"
"seed_chris_id","9d4b9524-5150-d8d9-37c9-4dd941399956","2011-05-22 17:03:21","2011-05-22 17:03:21","1","1","Call Information",(null),(null),"Accounts","9bc5df10-8ac7-5ffc-e994-4dd941cc8a76",(null),"false","false","The initial sales call went well. Will follow up with contact in 3 days.","false"
"seed_max_id","a06b8566-917d-04b5-b766-4dd941468c0c","2011-05-22 17:03:21","2011-05-22 17:03:21","1","1","Call Information",(null),(null),"Accounts","9ee78398-bf05-e0f8-1073-4dd9417b252a",(null),"false","false","The initial sales call went well. Will follow up with contact in 3 days.","false"
"seed_max_id","a38c757e-84e5-3b95-4e5b-4dd94163f116","2011-05-22 17:03:21","2011-05-22 17:03:21","1","1","Call Information",(null),(null),"Accounts","a20589fd-c527-720f-b2f2-4dd94197248f",(null),"false","false","The initial sales call went well. Will follow up with contact in 3 days.","false"
"seed_will_id","a6bdf87d-6320-3c3a-498a-4dd94184afca","2011-05-22 17:03:21","2011-05-22 17:03:21","1","1","Attended CRM Exceleration Event in Asia",(null),(null),"Accounts","a523d515-5a77-c2c7-ac3e-4dd941fb9a39",(null),"false","false","Contact's event registration fee was comped.","false"
"seed_sarah_id","aa09ce07-f42c-33c1-cf74-4dd941462812","2011-05-22 17:03:21","2011-05-22 17:03:21","1","1","Attended CRM Exceleration Event in Asia",(null),(null),"Accounts","a87858df-1665-56d7-6ffa-4dd9414ef8d1",(null),"false","false","Contact's event registration fee was comped.","false"
"seed_sarah_id","ad2e14ba-7d66-fc8d-7f79-4dd941218b19","2011-05-22 17:03:21","2011-05-22 17:03:21","1","1","Met at SugarCon 2010",(null),(null),"Accounts","aba58686-7b42-c261-71f5-4dd94106035b",(null),"false","false","Contact expressed interest in becoming a partner.","false"
"seed_chris_id","b0540c07-8f18-0f15-326e-4dd941b4c29d","2011-05-22 17:03:21","2011-05-22 17:03:21","1","1","Call Information",(null),(null),"Accounts","aecad1e3-f600-ae7e-34fd-4dd941be6f60",(null),"false","false","The initial sales call went well. Will follow up with contact in 3 days.","false"
"seed_sally_id","b37b90c5-14d0-c0b8-aa83-4dd941dd8573","2011-05-22 17:03:21","2011-05-22 17:03:21","1","1","Met at SugarCon 2010",(null),(null),"Accounts","b1ee3412-d2f3-9d24-0318-4dd941e17450",(null),"false","false","Contact expressed interest in becoming a partner.","false"
"seed_sarah_id","b6c6f39f-dfa5-8b49-b6df-4dd941f743b1","2011-05-22 17:03:21","2011-05-22 17:03:21","1","1","Attended CRM Exceleration Event in Asia",(null),(null),"Accounts","b514ccc7-7b22-081f-ea69-4dd941a6c546",(null),"false","false","Contact's event registration fee was comped.","false"
"seed_will_id","ba4124c0-0263-9fe6-f8b7-4dd941497f97","2011-05-22 17:03:21","2011-05-22 17:03:21","1","1","Attended CRM Exceleration Event in Asia",(null),(null),"Accounts","b88ee3f8-5908-b3ec-6143-4dd941501cbd",(null),"false","false","Contact's event registration fee was comped.","false"
"seed_max_id","bdb7cd35-3561-0407-2e4f-4dd941a60f8b","2011-05-22 17:03:21","2011-05-22 17:03:21","1","1","Call Information",(null),(null),"Accounts","bc0a8052-3c1c-1e3d-51c9-4dd9416bc742",(null),"false","false","The initial sales call went well. Will follow up with contact in 3 days.","false"
"seed_max_id","c13d2de4-0a78-a55a-6da1-4dd94178a7f5","2011-05-22 17:03:21","2011-05-22 17:03:21","1","1","More Account Information",(null),(null),"Accounts","bf863e49-fb4c-0e09-f837-4dd941ea5561",(null),"false","false","This account could turn into a 3,000-user opportunity.","false"
"seed_chris_id","c4baecf1-e3a5-9e5e-1d78-4dd941394903","2011-05-22 17:03:21","2011-05-22 17:03:21","1","1","Met at SugarCon 2010",(null),(null),"Accounts","c309aadc-6958-61fe-82c2-4dd94165fae2",(null),"false","false","Contact expressed interest in becoming a partner.","false"
"seed_sally_id","c83743ea-b209-38fc-443a-4dd941f09ab3","2011-05-22 17:03:21","2011-05-22 17:03:21","1","1","Call Information",(null),(null),"Accounts","c67d8866-ea6c-017d-6cbd-4dd94198c032",(null),"false","false","The initial sales call went well. Will follow up with contact in 3 days.","false"
"seed_sarah_id","cbab9a5c-4174-34fc-ca9d-4dd941874940","2011-05-22 17:03:21","2011-05-22 17:03:21","1","1","More Account Information",(null),(null),"Accounts","c9fa7f0e-8778-2efb-5900-4dd941fea0fc",(null),"false","false","This account could turn into a 3,000-user opportunity.","false"
"seed_will_id","cf2021b4-a093-790d-63d1-4dd94154decf","2011-05-22 17:03:21","2011-05-22 17:03:21","1","1","Attended CRM Exceleration Event in Asia",(null),(null),"Accounts","cd6ebede-9c34-10b3-8570-4dd94179ac25",(null),"false","false","Contact's event registration fee was comped.","false"
"seed_sally_id","d26e60ca-0700-2317-c0d3-4dd941996e0d","2011-05-22 17:03:21","2011-05-22 17:03:21","1","1","Met at SugarCon 2010",(null),(null),"Accounts","d0d6a21c-328d-9d63-7f1e-4dd94161efd0",(null),"false","false","Contact expressed interest in becoming a partner.","false"
"seed_sarah_id","d5b6b7ec-55cb-0a70-1e81-4dd9419f0b76","2011-05-22 17:03:21","2011-05-22 17:03:21","1","1","Attended CRM Exceleration Event in Asia",(null),(null),"Accounts","d41b6191-1d4c-ab62-6243-4dd94181b29f",(null),"false","false","Contact's event registration fee was comped.","false"
"seed_chris_id","d903ad8d-6eee-41e3-ef74-4dd9414c9ad1","2011-05-22 17:03:21","2011-05-22 17:03:21","1","1","Call Information",(null),(null),"Accounts","d765c718-1f6a-625a-afb4-4dd94186b564",(null),"false","false","The initial sales call went well. Will follow up with contact in 3 days.","false"