id,name,date_entered,date_modified,modified_user_id,created_by,description,deleted,assigned_user_id,opportunity_type,campaign_id,lead_source,amount,amount_usdollar,currency_id,date_closed,next_step,sales_stage,probability
"3a078c1c-81f8-3e62-5a12-4dd94140a6e9","B.H. Edwards Inc - 1000 units","2011-05-22 17:03:21","2011-05-22 17:03:21","1","1",(null),"false","seed_max_id","New Business",(null),"Self Generated",10000.0,10000.0,"-99","2011-03-21",(null),"Closed Won",70.0
"3d3f7bd2-684c-5bc3-234b-4dd9410f378e","Mississippi Bank Group - 1000 units","2011-05-22 17:03:21","2011-05-22 17:03:21","1","1",(null),"false","seed_will_id",(null),(null),"Partner",75000.0,75000.0,"-99","2012-03-11",(null),"Qualification",10.0
"406aebf1-bcbc-09a0-fd0c-4dd941779c34","Nelson Inc - 1000 units","2011-05-22 17:03:21","2011-05-22 17:03:21","1","1",(null),"false","seed_sally_id","Existing Business",(null),"Public Relations",25000.0,25000.0,"-99","2010-11-02",(null),"Closed Won",10.0
"43a11258-f074-b983-0aa7-4dd941e03176","Gifted Holdings AG - 1000 units","2011-05-22 17:03:21","2011-05-22 17:03:21","1","1",(null),"false","seed_sarah_id","Existing Business",(null),"Word of mouth",50000.0,50000.0,"-99","2010-08-08",(null),"Closed Lost",10.0
"46cf68a3-e130-e19c-8dda-4dd941fdde79","NW Capital Corp - 1000 units","2011-05-22 17:03:21","2011-05-22 17:03:21","1","1",(null),"false","seed_will_id","Existing Business",(null),"Existing Customer",10000.0,10000.0,"-99","2010-10-07",(null),"Closed Won",70.0
"49f1dac5-6240-9a85-baa8-4dd9415ed8c2","AB Drivers Limited - 1000 units","2011-05-22 17:03:21","2011-05-22 17:03:21","1","1",(null),"false","seed_max_id",(null),(null),"Employee",10000.0,10000.0,"-99","2011-12-31",(null),"Proposal/Price Quote",70.0
"4d166f0d-956b-0c7d-6c7c-4dd941f242fe","Income Free Investing LP - 1000 units","2011-05-22 17:03:21","2011-05-22 17:03:21","1","1",(null),"false","seed_sarah_id","Existing Business",(null),"Email",25000.0,25000.0,"-99","2011-10-14",(null),"Id. Decision Makers",40.0
"5039de7f-7306-b143-c955-4dd941c214ac","RR. Talker Co - 1000 units","2011-05-22 17:03:21","2011-05-22 17:03:21","1","1",(null),"false","seed_will_id","Existing Business",(null),"Cold Call",25000.0,25000.0,"-99","2011-10-16",(null),"Prospecting",70.0
"536d5794-c55b-01a7-01fd-4dd941f2902c","Davenport Investing - 1000 units","2011-05-22 17:03:21","2011-05-22 17:03:21","1","1",(null),"false","seed_sally_id","Existing Business",(null),"Email",75000.0,75000.0,"-99","2011-07-21",(null),"Proposal/Price Quote",60.0
"569767c6-4023-31a1-18b3-4dd94112acde","Aim Capital Inc - 1000 units","2011-05-22 17:03:21","2011-05-22 17:03:21","1","1",(null),"false","seed_sally_id","New Business",(null),"Partner",50000.0,50000.0,"-99","2012-02-19",(null),"Proposal/Price Quote",10.0
"59c983e5-878e-407e-264b-4dd941df62eb","Anytime Air Support Inc - 1000 units","2011-05-22 17:03:21","2011-05-22 17:03:21","1","1",(null),"false","seed_chris_id","New Business",(null),"Other",50000.0,50000.0,"-99","2011-10-27",(null),"Value Proposition",40.0
"5d036c9b-111f-565a-b755-4dd941da890b","Max Holdings Ltd - 1000 units","2011-05-22 17:03:21","2011-05-22 17:03:21","1","1",(null),"false","seed_max_id","Existing Business",(null),(null),25000.0,25000.0,"-99","2010-12-30",(null),"Closed Won",10.0
"6030e854-ec19-5a6b-bb70-4dd9413e76f9","Smallville Resources Inc - 1000 units","2011-05-22 17:03:21","2011-05-22 17:03:21","1","1",(null),"false","seed_max_id",(null),(null),"Web Site",25000.0,25000.0,"-99","2012-04-16",(null),"Proposal/Price Quote",60.0
"63677e35-8bfd-0319-2cd5-4dd941c19cf7","Mississippi Bank Group - 1000 units","2011-05-22 17:03:21","2011-05-22 17:03:21","1","1",(null),"false","seed_will_id","New Business",(null),"Email",75000.0,75000.0,"-99","2012-04-30",(null),"Negotiation/Review",40.0
"66b585df-9294-1a50-81b5-4dd941c36f11","Calm Sailing Inc - 1000 units","2011-05-22 17:03:21","2011-05-22 17:03:21","1","1",(null),"false","seed_max_id","New Business",(null),"Conference",50000.0,50000.0,"-99","2012-04-24",(null),"Perception Analysis",60.0
"69edccd9-0075-dfa2-1fce-4dd941a72d85","South Sea Plumbing Products - 1000 units","2011-05-22 17:03:21","2011-05-22 17:03:21","1","1",(null),"false","seed_sarah_id",(null),(null),"Email",75000.0,75000.0,"-99","2012-01-05",(null),"Qualification",70.0
"6d372d99-d238-e615-2bd6-4dd94124cfc7","Insight Marketing Inc - 1000 units","2011-05-22 17:03:21","2011-05-22 17:03:21","1","1",(null),"false","seed_chris_id","Existing Business",(null),"Word of mouth",10000.0,10000.0,"-99","2012-01-03",(null),"Needs Analysis",40.0
"707be970-b34c-cfe6-38a7-4dd9411c6987","Q3 ARVRO III PR - 1000 units","2011-05-22 17:03:21","2011-05-22 17:03:21","1","1",(null),"false","seed_max_id","Existing Business",(null),"Email",75000.0,75000.0,"-99","2010-11-20",(null),"Closed Won",10.0
"73b415e4-5c86-9f7d-d539-4dd9418fd548","King Software Inc - 1000 units","2011-05-22 17:03:21","2011-05-22 17:03:21","1","1",(null),"false","seed_sarah_id","New Business",(null),"Cold Call",25000.0,25000.0,"-99","2011-09-30",(null),"Negotiation/Review",40.0
"76f53f4c-b8df-a3cc-9964-4dd941d92fb1","EEE Endowments LTD - 1000 units","2011-05-22 17:03:21","2011-05-22 17:03:21","1","1",(null),"false","seed_will_id","New Business",(null),"Campaign",10000.0,10000.0,"-99","2010-10-09",(null),"Closed Lost",40.0
"7a3e033e-37f3-664d-27ee-4dd9411a4380","A.D. Importing Company Inc - 1000 units","2011-05-22 17:03:21","2011-05-22 17:03:21","1","1",(null),"false","seed_sarah_id","Existing Business",(null),"Email",75000.0,75000.0,"-99","2012-05-18",(null),"Qualification",60.0
"7d9487ad-1eb0-876b-cffa-4dd941619b7d","Mississippi Bank Group - 1000 units","2011-05-22 17:03:21","2011-05-22 17:03:21","1","1",(null),"false","seed_max_id",(null),(null),"Partner",50000.0,50000.0,"-99","2010-12-07",(null),"Closed Lost",60.0
"80cdf2b8-5115-54bd-9538-4dd941618d6c","Spindle Broadcast Corp. - 1000 units","2011-05-22 17:03:21","2011-05-22 17:03:21","1","1",(null),"false","seed_will_id",(null),(null),"Word of mouth",25000.0,25000.0,"-99","2011-07-23",(null),"Qualification",60.0
"841c99c4-6cdb-9c55-f34a-4dd941588c2f","Sea Region Inc - 1000 units","2011-05-22 17:03:21","2011-05-22 17:03:21","1","1",(null),"false","seed_sarah_id","Existing Business",(null),"Email",10000.0,10000.0,"-99","2011-11-10",(null),"Qualification",10.0
"876b06e1-626b-95ab-d03e-4dd9416caa7f","360 Vacations - 1000 units","2011-05-22 17:03:21","2011-05-22 17:03:21","1","1",(null),"false","seed_sally_id","Existing Business",(null),"Partner",10000.0,10000.0,"-99","2012-02-18",(null),"Qualification",60.0
"8b5415aa-2ec6-6066-676c-4dd9418d1f18","Complete Holding - 1000 units","2011-05-22 17:03:21","2011-05-22 17:03:21","1","1",(null),"false","seed_chris_id","New Business",(null),"Conference",10000.0,10000.0,"-99","2012-05-19",(null),"Id. Decision Makers",40.0
"8e98b012-53be-34b5-47ab-4dd9417b3029","5D Investments - 1000 units","2011-05-22 17:03:21","2011-05-22 17:03:21","1","1",(null),"false","seed_sarah_id","New Business",(null),"Conference",10000.0,10000.0,"-99","2011-08-01",(null),"Prospecting",10.0
"91be5dcb-094c-1be6-f7b5-4dd94123bd74","JBC Banking Inc - 1000 units","2011-05-22 17:03:21","2011-05-22 17:03:21","1","1",(null),"false","seed_sally_id","New Business",(null),"Partner",25000.0,25000.0,"-99","2012-04-30",(null),"Value Proposition",70.0
"94df3eca-4a79-6dc1-ce6c-4dd941c041b6","Anytime Air Support Inc - 1000 units","2011-05-22 17:03:21","2011-05-22 17:03:21","1","1",(null),"false","seed_chris_id",(null),(null),(null),10000.0,10000.0,"-99","2011-08-09",(null),"Negotiation/Review",60.0
"9802cd8a-40be-90cb-7ad1-4dd941fc14f3","T-Cat Media Group Inc - 1000 units","2011-05-22 17:03:21","2011-05-22 17:03:21","1","1",(null),"false","seed_sarah_id",(null),(null),"Email",75000.0,75000.0,"-99","2011-03-08",(null),"Closed Lost",60.0
"9b2aa512-ddbe-7cfa-82b0-4dd9419f98a7","Avery Software Co - 1000 units","2011-05-22 17:03:21","2011-05-22 17:03:21","1","1",(null),"false","seed_sally_id",(null),(null),"Trade Show",25000.0,25000.0,"-99","2011-02-21",(null),"Closed Won",60.0
"9e4c4e65-ef1f-c1b5-b1f4-4dd9412dd231","Spindle Broadcast Corp. - 1000 units","2011-05-22 17:03:21","2011-05-22 17:03:21","1","1",(null),"false","seed_chris_id","Existing Business",(null),"Email",10000.0,10000.0,"-99","2011-12-12",(null),"Id. Decision Makers",10.0
"a16a92cc-e118-480f-7aaa-4dd9414cba6b","Powder Suppliers - 1000 units","2011-05-22 17:03:21","2011-05-22 17:03:21","1","1",(null),"false","seed_max_id",(null),(null),"Web Site",10000.0,10000.0,"-99","2011-07-04",(null),"Id. Decision Makers",40.0
"a489c86d-ed3e-4889-31d2-4dd9414c6776","Rubble Group Inc - 1000 units","2011-05-22 17:03:21","2011-05-22 17:03:21","1","1",(null),"false","seed_max_id","New Business",(null),(null),25000.0,25000.0,"-99","2011-07-07",(null),"Needs Analysis",70.0
"a7dc4a30-ced6-2066-fb1d-4dd94172f6ae","RR. Talker Co - 1000 units","2011-05-22 17:03:21","2011-05-22 17:03:21","1","1",(null),"false","seed_will_id",(null),(null),(null),25000.0,25000.0,"-99","2010-09-21",(null),"Closed Lost",10.0
"ab0a3761-2d3b-62fd-959e-4dd94157a8f4","Mississippi Bank Group - 1000 units","2011-05-22 17:03:21","2011-05-22 17:03:21","1","1",(null),"false","seed_sarah_id","New Business",(null),"Email",75000.0,75000.0,"-99","2012-05-20",(null),"Proposal/Price Quote",10.0
"ae2ed3a5-0f61-3349-08bf-4dd941805157","Rubble Group Inc - 1000 units","2011-05-22 17:03:21","2011-05-22 17:03:21","1","1",(null),"false","seed_sarah_id","New Business",(null),"Email",25000.0,25000.0,"-99","2012-03-20",(null),"Value Proposition",60.0
"b154e206-b874-0165-cbc9-4dd94194f50d","Overhead & Underfoot Ltd. - 1000 units","2011-05-22 17:03:21","2011-05-22 17:03:21","1","1",(null),"false","seed_chris_id","New Business",(null),"Word of mouth",10000.0,10000.0,"-99","2012-01-02",(null),"Value Proposition",40.0
"b47a2fa5-ef97-deb2-f338-4dd9418df3e8","360 Vacations - 1000 units","2011-05-22 17:03:21","2011-05-22 17:03:21","1","1",(null),"false","seed_sally_id",(null),(null),"Employee",10000.0,10000.0,"-99","2011-08-01",(null),"Needs Analysis",10.0
"b7e26b36-88d7-1c6d-92fd-4dd9418c9fd5","Q3 ARVRO III PR - 1000 units","2011-05-22 17:03:21","2011-05-22 17:03:21","1","1",(null),"false","seed_sarah_id",(null),(null),"Web Site",10000.0,10000.0,"-99","2011-11-17",(null),"Qualification",40.0
"bb5cb9f9-061d-6953-4a2a-4dd9410dcb44","Income Free Investing LP - 1000 units","2011-05-22 17:03:21","2011-05-22 17:03:21","1","1",(null),"false","seed_will_id","Existing Business",(null),"Self Generated",25000.0,25000.0,"-99","2012-01-13",(null),"Qualification",60.0
"bed986c6-bb36-7e2f-1e1f-4dd941575ae6","RR. Talker Co - 1000 units","2011-05-22 17:03:21","2011-05-22 17:03:21","1","1",(null),"false","seed_max_id",(null),(null),"Cold Call",10000.0,10000.0,"-99","2010-09-24",(null),"Closed Won",60.0
"c25e18ec-4704-5d64-d6b8-4dd941bb4805","Kings Royalty Trust - 1000 units","2011-05-22 17:03:21","2011-05-22 17:03:21","1","1",(null),"false","seed_max_id",(null),(null),"Cold Call",10000.0,10000.0,"-99","2011-01-20",(null),"Closed Won",10.0
"c5d2d71e-fa14-2811-34c3-4dd9414140cb","Coolview Net Ltd - 1000 units","2011-05-22 17:03:21","2011-05-22 17:03:21","1","1",(null),"false","seed_chris_id",(null),(null),"Trade Show",25000.0,25000.0,"-99","2012-03-08",(null),"Qualification",70.0
"c9504219-6cdc-23e1-0a8c-4dd941863f3d","Smallville Resources Inc - 1000 units","2011-05-22 17:03:21","2011-05-22 17:03:21","1","1",(null),"false","seed_sally_id",(null),(null),"Self Generated",50000.0,50000.0,"-99","2011-07-18",(null),"Negotiation/Review",10.0
"ccc28735-1032-7421-0507-4dd941166ca6","Coolview Net Ltd - 1000 units","2011-05-22 17:03:21","2011-05-22 17:03:21","1","1",(null),"false","seed_sarah_id",(null),(null),"Web Site",10000.0,10000.0,"-99","2011-07-09",(null),"Prospecting",10.0
"d0350a0c-09d3-e3a0-dfe5-4dd9410247c6","Kringle Bell IncK.A. Tower & Co - 1000 units","2011-05-22 17:03:21","2011-05-22 17:03:21","1","1",(null),"false","seed_will_id",(null),(null),"Conference",10000.0,10000.0,"-99","2012-03-19",(null),"Id. Decision Makers",70.0
"d3794bd8-7db7-614d-ab86-4dd94194ea16","Insight Marketing Inc - 1000 units","2011-05-22 17:03:21","2011-05-22 17:03:21","1","1",(null),"false","seed_sally_id","Existing Business",(null),"Conference",25000.0,25000.0,"-99","2011-12-14",(null),"Perception Analysis",70.0
"d6c1cf06-37ce-f797-f5f3-4dd9410ee081","Avery Software Co - 1000 units","2011-05-22 17:03:21","2011-05-22 17:03:21","1","1",(null),"false","seed_sarah_id",(null),(null),"Trade Show",50000.0,50000.0,"-99","2012-03-22",(null),"Perception Analysis",10.0
"da0ddfba-47e4-9a8c-0774-4dd941c6aac9","Sea Region Inc - 1000 units","2011-05-22 17:03:21","2011-05-22 17:03:21","1","1",(null),"false","seed_chris_id",(null),(null),"Existing Customer",25000.0,25000.0,"-99","2011-07-28",(null),"Perception Analysis",40.0