id,contact_id,opportunity_id,contact_role,date_modified,deleted
"dc12dcd7-f366-792d-53c7-4dd9418a91c1","db23a7ba-390b-9d74-e85a-4dd941d5eca5","bed986c6-bb36-7e2f-1e1f-4dd941575ae6","Primary Decision Maker","2011-05-22 17:03:21","false"
"dfcdbddc-28df-df2a-fe8c-4dd941adcf9c","def70cdd-dc6b-e446-8afa-4dd941dc1af4","46cf68a3-e130-e19c-8dda-4dd941fdde79","Primary Decision Maker","2011-05-22 17:03:21","false"
"e34644dc-33bd-5246-562c-4dd941e77104","e27095da-6f6b-f08a-9057-4dd94150a61d","7d9487ad-1eb0-876b-cffa-4dd941619b7d","Primary Decision Maker","2011-05-22 17:03:21","false"
"e6c69b6d-0b0f-33c9-c131-4dd941b6773d","e5ede231-9dfb-2863-b357-4dd94112a732","c5d2d71e-fa14-2811-34c3-4dd9414140cb","Primary Decision Maker","2011-05-22 17:03:21","false"
"ea47a4dc-c67b-2fa2-5874-4dd9410138a7","e96d4468-f2c9-4c08-f513-4dd9410a313c","da0ddfba-47e4-9a8c-0774-4dd941c6aac9","Primary Decision Maker","2011-05-22 17:03:21","false"
"edc2b5dd-cfa5-558b-29a4-4dd941b8f06b","eceed9a1-300a-73ef-3345-4dd941980108","bed986c6-bb36-7e2f-1e1f-4dd941575ae6","Primary Decision Maker","2011-05-22 17:03:21","false"
"f13f27ee-4241-873c-2ba5-4dd9410a6170","f067b4d5-e714-47d2-bc18-4dd941e8f2be","bb5cb9f9-061d-6953-4a2a-4dd9410dcb44","Primary Decision Maker","2011-05-22 17:03:21","false"
"99100525-31d9-1434-32f5-4dd941063dc0","f3e7c6b7-7bd6-5816-7af8-4dd941aebf16","d3794bd8-7db7-614d-ab86-4dd94194ea16","Primary Decision Maker","2011-05-22 17:03:21","false"
"41160f2f-1570-04d0-90da-4dd941e3b6c6","33d20c7a-b923-15cc-2f62-4dd9415ee1e3","b154e206-b874-0165-cbc9-4dd94194f50d","Primary Decision Maker","2011-05-22 17:03:21","false"
"788b0b17-3574-c726-66c8-4dd941a152cb","6b4f0a12-ffb1-9817-b9c6-4dd941ffd295","4d166f0d-956b-0c7d-6c7c-4dd941f242fe","Primary Decision Maker","2011-05-22 17:03:21","false"
"afdd0fef-5a2a-23d3-c10b-4dd94143f4e9","a2ab09a5-108a-5c83-4611-4dd9419f3923","8e98b012-53be-34b5-47ab-4dd9417b3029","Primary Decision Maker","2011-05-22 17:03:21","false"
"e9ae05c3-c584-df24-d902-4dd941ce7dbf","dc4d0141-df61-29bf-dd84-4dd94192c12f","49f1dac5-6240-9a85-baa8-4dd9415ed8c2","Primary Decision Maker","2011-05-22 17:03:21","false"
"1226f284-e154-8312-a892-4dd94138f3f5","114da3a2-0519-7e00-2865-4dd94128b694","5d036c9b-111f-565a-b755-4dd941da890b","Primary Decision Maker","2011-05-22 17:03:21","false"
"15e17131-bd32-0dd6-7b87-4dd9413be2da","15043921-6bb5-b92d-ba71-4dd94117ade6","91be5dcb-094c-1be6-f7b5-4dd94123bd74","Primary Decision Maker","2011-05-22 17:03:21","false"
"1993e010-fdcf-d034-b91c-4dd941351a9a","18aea283-7bbe-1701-ad1d-4dd941d600fe","a7dc4a30-ced6-2066-fb1d-4dd94172f6ae","Primary Decision Maker","2011-05-22 17:03:21","false"
"1d1e320f-593a-bc33-0d9f-4dd94119f45c","1c424349-1057-3995-9cdf-4dd9410c2dbf","49f1dac5-6240-9a85-baa8-4dd9415ed8c2","Primary Decision Maker","2011-05-22 17:03:21","false"
"209b06eb-b27d-4468-bf6f-4dd941c1c0b3","1fbf57b1-924a-bc7d-d775-4dd9417a63f1","6030e854-ec19-5a6b-bb70-4dd9413e76f9","Primary Decision Maker","2011-05-22 17:03:21","false"
"2446ec96-ac81-6ec8-eef0-4dd941208ea6","23693af7-1ea6-6fee-fb5b-4dd94132e4f6","da0ddfba-47e4-9a8c-0774-4dd941c6aac9","Primary Decision Maker","2011-05-22 17:03:21","false"
"27f64c01-d810-ce3d-8146-4dd941fa066a","2716ff27-f6fe-5e55-445b-4dd941316ca5","59c983e5-878e-407e-264b-4dd941df62eb","Primary Decision Maker","2011-05-22 17:03:21","false"
"2bb5cda8-1c8a-709b-25ac-4dd94151f201","2acbff03-a37d-208c-c20d-4dd941fefab1","9e4c4e65-ef1f-c1b5-b1f4-4dd9412dd231","Primary Decision Maker","2011-05-22 17:03:21","false"
"2f58fc2e-bbee-36fc-fde7-4dd94105b2a6","2e6f8e3d-e119-f92c-3233-4dd94182d0c2","406aebf1-bcbc-09a0-fd0c-4dd941779c34","Primary Decision Maker","2011-05-22 17:03:21","false"
"32d4b2f6-2577-bb08-4e9e-4dd941ff1c05","31fe2a77-b6fe-666b-dd9c-4dd94144bcf6","bb5cb9f9-061d-6953-4a2a-4dd9410dcb44","Primary Decision Maker","2011-05-22 17:03:21","false"
"366b247a-d9c3-2f8f-16de-4dd941435244","3586bb0b-0f4b-b3a2-b523-4dd9419382c7","da0ddfba-47e4-9a8c-0774-4dd941c6aac9","Primary Decision Maker","2011-05-22 17:03:21","false"
"3a077212-0978-0c40-ea27-4dd941756eac","3928de64-ae95-0258-8c54-4dd94154c99c","406aebf1-bcbc-09a0-fd0c-4dd941779c34","Primary Decision Maker","2011-05-22 17:03:21","false"
"3d9c3b14-0174-5944-b147-4dd9414dfa27","3cc41e9b-3123-5f83-47cb-4dd941a65602","a7dc4a30-ced6-2066-fb1d-4dd94172f6ae","Primary Decision Maker","2011-05-22 17:03:21","false"
"4134b60a-378b-3efa-9e6f-4dd941b65d73","40604e94-e085-f0bd-a4d3-4dd9416b465a","a16a92cc-e118-480f-7aaa-4dd9414cba6b","Primary Decision Maker","2011-05-22 17:03:21","false"
"44d29bef-2a6c-261e-5fca-4dd941fbb635","43ed43eb-cc92-24b8-1678-4dd9411b2a69","94df3eca-4a79-6dc1-ce6c-4dd941c041b6","Primary Decision Maker","2011-05-22 17:03:21","false"
"488b60d2-0d1a-fc3b-d831-4dd9411c9623","47b463b6-b75d-a45c-8dbd-4dd941183a6b","69edccd9-0075-dfa2-1fce-4dd941a72d85","Primary Decision Maker","2011-05-22 17:03:21","false"
"4c23faec-5817-0639-100e-4dd9415bd2df","4b43298a-0775-67ab-c67e-4dd94133a955","a16a92cc-e118-480f-7aaa-4dd9414cba6b","Primary Decision Maker","2011-05-22 17:03:21","false"
"4fbf6b3d-1cc1-a35e-d1c6-4dd941b9a263","4ee732f5-61ae-98b7-1d8a-4dd9413a2f37","b154e206-b874-0165-cbc9-4dd94194f50d","Primary Decision Maker","2011-05-22 17:03:21","false"
"5358fa68-2c1d-8a09-06e0-4dd941dc322f","527a4591-bbb0-6e37-c731-4dd941e3d45d","a16a92cc-e118-480f-7aaa-4dd9414cba6b","Primary Decision Maker","2011-05-22 17:03:21","false"
"60ff1708-1ae8-1025-6baa-4dd941c23b95","600692f8-c847-5009-0244-4dd9418082cd","8e98b012-53be-34b5-47ab-4dd9417b3029","Primary Decision Maker","2011-05-22 17:03:21","false"
"64bc6110-1ce7-9b50-a80b-4dd94189370a","63dbaa6d-a272-73a1-cb42-4dd941d6f87e","63677e35-8bfd-0319-2cd5-4dd941c19cf7","Primary Decision Maker","2011-05-22 17:03:21","false"
"68702075-40e9-d41e-af01-4dd941f5bdf5","67807085-3460-a033-ad1a-4dd941f8a3df","ccc28735-1032-7421-0507-4dd941166ca6","Primary Decision Maker","2011-05-22 17:03:21","false"
"6c3c5018-5791-3a22-1afd-4dd9418402b0","6b483bad-d24e-9b1f-bac8-4dd941c6dffc","8b5415aa-2ec6-6066-676c-4dd9418d1f18","Primary Decision Maker","2011-05-22 17:03:21","false"
"6ffb3241-a72f-982e-39bd-4dd9411b5757","6f11ca3f-cc9c-965a-06fb-4dd941b98c83","5d036c9b-111f-565a-b755-4dd941da890b","Primary Decision Maker","2011-05-22 17:03:21","false"
"73b6e1b2-77d5-c668-4f7e-4dd94177a47f","72d59b4a-f4e4-c5ec-90df-4dd941e1958c","43a11258-f074-b983-0aa7-4dd941e03176","Primary Decision Maker","2011-05-22 17:03:21","false"
"77506b44-8b92-270d-d17c-4dd94198a709","766ac826-0b64-e068-fe73-4dd941e8d1d2","ccc28735-1032-7421-0507-4dd941166ca6","Primary Decision Maker","2011-05-22 17:03:21","false"
"7b1a5fa1-4b94-435e-5d40-4dd941eeeac8","7a2c80cf-a4a5-985b-aa7e-4dd941d0cc64","da0ddfba-47e4-9a8c-0774-4dd941c6aac9","Primary Decision Maker","2011-05-22 17:03:21","false"
"7ebe7e3d-ad9c-e2df-1a1a-4dd941479da4","7dd3a660-6b41-19ef-fcd0-4dd941ef779f","94df3eca-4a79-6dc1-ce6c-4dd941c041b6","Primary Decision Maker","2011-05-22 17:03:21","false"
"82799547-76fe-24ac-c992-4dd9411880f8","81924b0b-d562-997f-da55-4dd941c382f4","4d166f0d-956b-0c7d-6c7c-4dd941f242fe","Primary Decision Maker","2011-05-22 17:03:21","false"
"862fe11b-c696-14ce-b638-4dd941763d4d","854d1378-0df8-edba-6a04-4dd941b1f5c0","6030e854-ec19-5a6b-bb70-4dd9413e76f9","Primary Decision Maker","2011-05-22 17:03:21","false"
"89f11834-4615-3528-e559-4dd9416ebff4","89074471-64b2-6175-a925-4dd941d2c454","80cdf2b8-5115-54bd-9538-4dd941618d6c","Primary Decision Maker","2011-05-22 17:03:21","false"
"8d98f153-823a-ac67-5823-4dd94114c2f3","8cadd563-efda-d7a2-472e-4dd941f5a666","d0350a0c-09d3-e3a0-dfe5-4dd9410247c6","Primary Decision Maker","2011-05-22 17:03:21","false"
"9153fbd1-6b6f-324b-0cc6-4dd941b6b487","905a0b94-7065-b5e9-b7ff-4dd941847f13","5d036c9b-111f-565a-b755-4dd941da890b","Primary Decision Maker","2011-05-22 17:03:21","false"
"950995db-2feb-2a3a-f892-4dd941fc0bc0","94276cd0-0b80-69e4-4477-4dd941f3d9ed","66b585df-9294-1a50-81b5-4dd941c36f11","Primary Decision Maker","2011-05-22 17:03:21","false"
"98c4fced-0883-3df8-320d-4dd941b58b7c","97d693b7-8411-887c-716f-4dd941657a77","69edccd9-0075-dfa2-1fce-4dd941a72d85","Primary Decision Maker","2011-05-22 17:03:21","false"
"9c8100ff-3a87-4574-4981-4dd9411e49f4","9b7e774a-0a4d-0d54-ff64-4dd941ae479f","d6c1cf06-37ce-f797-f5f3-4dd9410ee081","Primary Decision Maker","2011-05-22 17:03:21","false"
"a0396374-34d1-5fd7-58c8-4dd9414bcde5","9f443011-b8d2-dc23-43ce-4dd94173e920","c9504219-6cdc-23e1-0a8c-4dd941863f3d","Primary Decision Maker","2011-05-22 17:03:21","false"
"a3dce29e-addd-b508-ab3b-4dd9417a5a21","a2f5c40e-9179-2763-70b1-4dd941e16996","6d372d99-d238-e615-2bd6-4dd94124cfc7","Primary Decision Maker","2011-05-22 17:03:21","false"
"a78eaa6c-e4b8-bc59-448e-4dd9411faa70","a6a0450c-60b3-c27c-6337-4dd9412ae83b","536d5794-c55b-01a7-01fd-4dd941f2902c","Primary Decision Maker","2011-05-22 17:03:21","false"
"ab405c37-1d96-5d8e-43e9-4dd9414d2eda","aa6053a1-d718-daef-db82-4dd94102bf83","b47a2fa5-ef97-deb2-f338-4dd9418df3e8","Primary Decision Maker","2011-05-22 17:03:21","false"
"aee7de3d-5466-145e-a990-4dd941d719ce","ae0c9934-14b8-8b7c-6138-4dd941200022","d0350a0c-09d3-e3a0-dfe5-4dd9410247c6","Primary Decision Maker","2011-05-22 17:03:21","false"
"b290a3d0-aca7-5d6a-d855-4dd94166f81d","b19bcc00-fb4c-bf64-5cf7-4dd941b495d8","7a3e033e-37f3-664d-27ee-4dd9411a4380","Primary Decision Maker","2011-05-22 17:03:21","false"
"b63b8090-5aa4-411b-ab74-4dd94107e65b","b55b7652-5f66-2cb9-ff45-4dd941428406","da0ddfba-47e4-9a8c-0774-4dd941c6aac9","Primary Decision Maker","2011-05-22 17:03:21","false"
"ba017ee7-5096-0b05-b1fd-4dd941e034e7","b9161cd4-3951-ca1f-96ea-4dd9411d4e79","7a3e033e-37f3-664d-27ee-4dd9411a4380","Primary Decision Maker","2011-05-22 17:03:21","false"
"bdc5639c-ceed-c8d6-b530-4dd9417ce94d","bcdde217-8363-aa16-f206-4dd9419fc153","3d3f7bd2-684c-5bc3-234b-4dd9410f378e","Primary Decision Maker","2011-05-22 17:03:21","false"
"c19333ec-e72e-f190-1ff8-4dd941f62ec1","c0a713f7-b6e1-aa07-3ac7-4dd94122a71e","bed986c6-bb36-7e2f-1e1f-4dd941575ae6","Primary Decision Maker","2011-05-22 17:03:21","false"
"c551a5b3-5012-564f-53f6-4dd941751de6","c466cad5-2509-12bd-16ee-4dd941fe282d","5d036c9b-111f-565a-b755-4dd941da890b","Primary Decision Maker","2011-05-22 17:03:21","false"
"c91375d3-fa6c-086d-c2b5-4dd9418930c3","c82e408e-d894-eb6e-a011-4dd941c9405b","7a3e033e-37f3-664d-27ee-4dd9411a4380","Primary Decision Maker","2011-05-22 17:03:21","false"
"ccd05d6e-f5bb-306d-c65d-4dd941dbb959","cbeeb6e7-0042-a9f7-2bc7-4dd94172dbc0","406aebf1-bcbc-09a0-fd0c-4dd941779c34","Primary Decision Maker","2011-05-22 17:03:21","false"
"d089a82f-823c-7f65-7eed-4dd94134c8da","cfaba403-3d23-62de-b931-4dd9411b9024","9e4c4e65-ef1f-c1b5-b1f4-4dd9412dd231","Primary Decision Maker","2011-05-22 17:03:21","false"
"d4358be7-b9e4-c009-f0a8-4dd94164bcdd","d35341c2-ca9d-f349-9032-4dd94195d180","76f53f4c-b8df-a3cc-9964-4dd941d92fb1","Primary Decision Maker","2011-05-22 17:03:21","false"
"d7db7885-639e-7427-c0fc-4dd9419409d7","d702128f-5776-954e-0820-4dd941dde9b1","b47a2fa5-ef97-deb2-f338-4dd9418df3e8","Primary Decision Maker","2011-05-22 17:03:21","false"
"db7f17bd-95f2-72bd-f416-4dd941a23a33","daa22954-87c8-9813-9b61-4dd9416c295b","876b06e1-626b-95ab-d03e-4dd9416caa7f","Primary Decision Maker","2011-05-22 17:03:21","false"
"df1cd569-cc8b-f0ab-e05a-4dd941e24cca","de439c40-5bda-db99-22b7-4dd941229ede","c5d2d71e-fa14-2811-34c3-4dd9414140cb","Primary Decision Maker","2011-05-22 17:03:21","false"
"e2b4adb2-7b5b-0d85-d996-4dd941dba37b","e1dc6b50-c78a-0b64-05e7-4dd941da07ea","94df3eca-4a79-6dc1-ce6c-4dd941c041b6","Primary Decision Maker","2011-05-22 17:03:21","false"
"e64a288a-0c64-5470-8386-4dd94121e3b4","e5709314-363a-b101-cb9e-4dd9419ebdd7","ccc28735-1032-7421-0507-4dd941166ca6","Primary Decision Maker","2011-05-22 17:03:21","false"
"e9decf5c-b02d-629d-aa76-4dd94100ff2b","e9019023-d2d2-8a7b-938b-4dd941e53a84","d3794bd8-7db7-614d-ab86-4dd94194ea16","Primary Decision Maker","2011-05-22 17:03:21","false"
"ed7e09f3-bd56-6613-21ef-4dd941da22fa","eca2a73a-81f3-4ad4-e88b-4dd94131eca0","6030e854-ec19-5a6b-bb70-4dd9413e76f9","Primary Decision Maker","2011-05-22 17:03:21","false"
"f112dbb4-9160-58b1-c844-4dd941cc74bc","f0380e5b-ac61-d053-8705-4dd941002aa8","876b06e1-626b-95ab-d03e-4dd9416caa7f","Primary Decision Maker","2011-05-22 17:03:21","false"
"8a700a21-8db6-30b8-8ed8-4dd9419fab3b","f3cc6cc8-4b3d-1c15-346f-4dd941a4404a","b7e26b36-88d7-1c6d-92fd-4dd9418c9fd5","Primary Decision Maker","2011-05-22 17:03:21","false"
"41500f42-040e-05df-7d38-4dd941d6a5ac","33e809db-53a8-c185-d772-4dd941ad4820","d3794bd8-7db7-614d-ab86-4dd94194ea16","Primary Decision Maker","2011-05-22 17:03:21","false"
"7a060c31-4519-523b-d5f2-4dd94148d716","6c6b029a-c071-9856-1080-4dd9419a5c39","94df3eca-4a79-6dc1-ce6c-4dd941c041b6","Primary Decision Maker","2011-05-22 17:03:21","false"
"b3f90240-7f4b-b19a-0546-4dd94121d5a8","a61f09a5-ac1d-e763-fc4e-4dd94163bf77","66b585df-9294-1a50-81b5-4dd941c36f11","Primary Decision Maker","2011-05-22 17:03:21","false"
"ecc90ca6-0bad-44a7-34da-4dd9415918c9","df170723-f406-873c-ccfc-4dd941531097","91be5dcb-094c-1be6-f7b5-4dd94123bd74","Primary Decision Maker","2011-05-22 17:03:21","false"
"126378ed-a18f-b236-929e-4dd941b82044","11850368-a411-a27d-6b93-4dd941bc9d45","bed986c6-bb36-7e2f-1e1f-4dd941575ae6","Primary Decision Maker","2011-05-22 17:03:21","false"
"16142e8a-c346-15e5-dafa-4dd941395f14","152d983e-e751-f311-29d9-4dd9417aa213","a7dc4a30-ced6-2066-fb1d-4dd94172f6ae","Primary Decision Maker","2011-05-22 17:03:21","false"
"19ccb8fe-7017-b0d1-1e08-4dd9412cd05f","18e879f7-99ea-0ca0-0e31-4dd9413134ae","76f53f4c-b8df-a3cc-9964-4dd941d92fb1","Primary Decision Maker","2011-05-22 17:03:21","false"
"1d6e081c-7e0c-830e-2da6-4dd9411a1250","1c931f08-c5ab-2649-f81d-4dd941c773b8","6030e854-ec19-5a6b-bb70-4dd9413e76f9","Primary Decision Maker","2011-05-22 17:03:21","false"
"21160e60-7746-ac4e-3f6d-4dd94141d8cc","203a9ed7-d866-b443-8f02-4dd941bbad6b","9b2aa512-ddbe-7cfa-82b0-4dd9419f98a7","Primary Decision Maker","2011-05-22 17:03:21","false"
"24eabed6-f5ff-41d8-23a4-4dd9415cc380","23fe4087-91cc-3c41-a6fb-4dd941cbcf1a","46cf68a3-e130-e19c-8dda-4dd941fdde79","Primary Decision Maker","2011-05-22 17:03:21","false"
"288a4dca-afa3-96d3-4b53-4dd94187b947","27adc936-8af9-d8ef-c44f-4dd941ad635b","69edccd9-0075-dfa2-1fce-4dd941a72d85","Primary Decision Maker","2011-05-22 17:03:21","false"
"2c3f0b46-12fd-1f50-bd36-4dd9412e3a07","2b550b89-8be3-3e4e-c22c-4dd941fe7671","6d372d99-d238-e615-2bd6-4dd94124cfc7","Primary Decision Maker","2011-05-22 17:03:21","false"
"2ff34ed2-e9b0-3f9a-4d90-4dd941f63e81","2f1b474f-0f66-f638-3309-4dd94133b82e","a7dc4a30-ced6-2066-fb1d-4dd94172f6ae","Primary Decision Maker","2011-05-22 17:03:21","false"
"33b1d68c-2961-f826-d692-4dd94141dac5","32c98764-defe-c393-c851-4dd941e7a0f8","a489c86d-ed3e-4889-31d2-4dd9414c6776","Primary Decision Maker","2011-05-22 17:03:21","false"
"37502341-6724-0d94-6fb0-4dd941a99256","366f2678-cff5-5b64-da0a-4dd9413ae2de","d6c1cf06-37ce-f797-f5f3-4dd9410ee081","Primary Decision Maker","2011-05-22 17:03:21","false"
"3ae42878-9d0f-04ee-9c95-4dd941de81b4","3a0e3148-6c1f-b470-9025-4dd94152230b","73b415e4-5c86-9f7d-d539-4dd9418fd548","Primary Decision Maker","2011-05-22 17:03:21","false"
"3e746319-26ae-2908-c351-4dd941485ebb","3d95dd63-f3d9-599e-a428-4dd94128eace","569767c6-4023-31a1-18b3-4dd94112acde","Primary Decision Maker","2011-05-22 17:03:21","false"
"4208d54e-df54-367d-2ade-4dd941431485","4120a4ad-18f9-4b78-45a2-4dd941dd538a","6030e854-ec19-5a6b-bb70-4dd9413e76f9","Primary Decision Maker","2011-05-22 17:03:21","false"
"459c37bb-0d4c-6123-5b90-4dd941be5e94","44c201a1-a1ac-3ee4-080c-4dd94142e13f","bb5cb9f9-061d-6953-4a2a-4dd9410dcb44","Primary Decision Maker","2011-05-22 17:03:21","false"
"496258b3-f4d7-c123-aa4a-4dd9414ca3e6","487aa072-b764-8bf5-2477-4dd941c0364d","c5d2d71e-fa14-2811-34c3-4dd9414140cb","Primary Decision Maker","2011-05-22 17:03:21","false"
"4d094a5f-cef5-47d6-fd15-4dd9419ef7b2","4c1e2398-42e8-482f-d0a5-4dd941d428ee","a16a92cc-e118-480f-7aaa-4dd9414cba6b","Primary Decision Maker","2011-05-22 17:03:21","false"
"50be417f-3818-44af-9ed0-4dd9416f90de","4fda9d1f-a886-680c-5c5d-4dd9414f3a68","bed986c6-bb36-7e2f-1e1f-4dd941575ae6","Primary Decision Maker","2011-05-22 17:03:21","false"
"5453f9ef-b9f2-7b05-7643-4dd941687723","537b095f-aaa3-ff34-26f4-4dd94188643a","ae2ed3a5-0f61-3349-08bf-4dd941805157","Primary Decision Maker","2011-05-22 17:03:21","false"
"57f5f124-90b1-c7b8-76e9-4dd941670127","570c63a7-e233-2b45-14d3-4dd94190461f","a489c86d-ed3e-4889-31d2-4dd9414c6776","Primary Decision Maker","2011-05-22 17:03:21","false"
"5b906007-e2c9-c1f4-cefe-4dd941703569","5ab8ab43-13df-23a0-1ebe-4dd9417d5c6d","76f53f4c-b8df-a3cc-9964-4dd941d92fb1","Primary Decision Maker","2011-05-22 17:03:21","false"
"5f3bd845-fa11-2aca-472e-4dd941abedd6","5e5fe18b-8d16-f006-56a9-4dd9418bb972","ccc28735-1032-7421-0507-4dd941166ca6","Primary Decision Maker","2011-05-22 17:03:21","false"
"62e99f83-8aa5-b3c5-6e7e-4dd941cfe7bb","620362c8-8c7d-d898-1585-4dd941c5cd4a","5039de7f-7306-b143-c955-4dd941c214ac","Primary Decision Maker","2011-05-22 17:03:21","false"
"66983183-1201-3ad8-78ec-4dd94109d1e4","65b18f24-0d8b-5048-c0f5-4dd941ba90df","4d166f0d-956b-0c7d-6c7c-4dd941f242fe","Primary Decision Maker","2011-05-22 17:03:21","false"
"6a54ce7e-d65d-fe9d-c18f-4dd94117780f","6970f555-af2d-93d6-ae21-4dd941ed8bc3","a7dc4a30-ced6-2066-fb1d-4dd94172f6ae","Primary Decision Maker","2011-05-22 17:03:21","false"
"6e0cfd5d-faa5-7c43-d742-4dd94158fd28","6d237e10-7a4b-45bf-555d-4dd94106e139","59c983e5-878e-407e-264b-4dd941df62eb","Primary Decision Maker","2011-05-22 17:03:21","false"
"71d4d522-50a7-ca53-9ca1-4dd941346efd","70e4bf46-1047-9326-e9f7-4dd94137fc10","707be970-b34c-cfe6-38a7-4dd9411c6987","Primary Decision Maker","2011-05-22 17:03:21","false"
"7576a32e-4996-c170-fcbe-4dd941c3fbf2","748c5a40-6231-6767-26a7-4dd9419f7a5b","49f1dac5-6240-9a85-baa8-4dd9415ed8c2","Primary Decision Maker","2011-05-22 17:03:21","false"
"79333604-5d96-b465-8d19-4dd94175aa41","78486594-a70c-5c7a-7c1a-4dd9410488ea","6d372d99-d238-e615-2bd6-4dd94124cfc7","Primary Decision Maker","2011-05-22 17:03:21","false"
"7ceee930-f5be-c970-4450-4dd941f86ac5","7c008251-ea88-ddfb-116a-4dd9417ce4d8","5039de7f-7306-b143-c955-4dd941c214ac","Primary Decision Maker","2011-05-22 17:03:21","false"
"80cc2f68-7958-f342-7e1a-4dd94158db66","7feef4c3-ec0a-08ca-90ac-4dd9417ca4df","b47a2fa5-ef97-deb2-f338-4dd9418df3e8","Primary Decision Maker","2011-05-22 17:03:21","false"
"848892b0-7fae-0b25-012f-4dd941cf6478","83a485c0-81ef-3812-096a-4dd94135e50d","73b415e4-5c86-9f7d-d539-4dd9418fd548","Primary Decision Maker","2011-05-22 17:03:21","false"
"885a38aa-b9f6-7c12-4e7f-4dd941df333a","875a7af8-82f6-b932-0b9f-4dd941fafc2b","9e4c4e65-ef1f-c1b5-b1f4-4dd9412dd231","Primary Decision Maker","2011-05-22 17:03:21","false"
"8c4e2184-36d2-db17-0136-4dd941293a92","8b6ed4ed-0ba2-d88d-7521-4dd94142f1ca","d0350a0c-09d3-e3a0-dfe5-4dd9410247c6","Primary Decision Maker","2011-05-22 17:03:21","false"
"90496a50-b349-35ec-5bc8-4dd9415b49c7","8f5a611f-924b-347b-3159-4dd941290851","bb5cb9f9-061d-6953-4a2a-4dd9410dcb44","Primary Decision Maker","2011-05-22 17:03:21","false"
"944431d3-d19e-5707-9bb1-4dd941fb45df","93466e9a-7945-e7f3-8cf7-4dd9413fca0c","73b415e4-5c86-9f7d-d539-4dd9418fd548","Primary Decision Maker","2011-05-22 17:03:21","false"
"98449046-48be-3527-f094-4dd941aa4b4b","97533b93-ded8-b5d9-7049-4dd941b75f25","b7e26b36-88d7-1c6d-92fd-4dd9418c9fd5","Primary Decision Maker","2011-05-22 17:03:21","false"
"9c1b65b3-0ad7-8c83-8c75-4dd94166cd7a","9b39ae6a-03f8-7be3-3349-4dd941fc0d96","43a11258-f074-b983-0aa7-4dd941e03176","Primary Decision Maker","2011-05-22 17:03:21","false"
"a02b834e-9d29-947a-c4a9-4dd941499261","9f2ee383-9e35-0293-c75b-4dd94122f5f7","ab0a3761-2d3b-62fd-959e-4dd94157a8f4","Primary Decision Maker","2011-05-22 17:03:21","false"
"a41a7daf-1e6b-7fdb-56a2-4dd9419d6a35","a32bc69b-b11b-1229-8770-4dd941666389","6030e854-ec19-5a6b-bb70-4dd9413e76f9","Primary Decision Maker","2011-05-22 17:03:21","false"
"a8031a5c-0ae1-c4a1-6df1-4dd941e07bb6","a71511b7-ff40-4b10-3492-4dd9415310d8","9802cd8a-40be-90cb-7ad1-4dd941fc14f3","Primary Decision Maker","2011-05-22 17:03:21","false"
"ac00afd0-39a2-e079-1f0d-4dd941185b5e","ab0d78f8-bcd5-fb2b-1ff7-4dd9416f9f3c","569767c6-4023-31a1-18b3-4dd94112acde","Primary Decision Maker","2011-05-22 17:03:21","false"
"afea5f70-a927-f96b-fb48-4dd941906f65","aef6f475-3dc1-320e-823c-4dd941cff194","8b5415aa-2ec6-6066-676c-4dd9418d1f18","Primary Decision Maker","2011-05-22 17:03:21","false"
"b3f9fee2-f62d-4fda-85c3-4dd9410d2221","b3117075-0dc2-ee3c-01ce-4dd941a6ad69","91be5dcb-094c-1be6-f7b5-4dd94123bd74","Primary Decision Maker","2011-05-22 17:03:21","false"
"b7f11191-7ac7-96ef-0684-4dd941118a7f","b703d6ef-7fff-a43a-de32-4dd9411ed868","91be5dcb-094c-1be6-f7b5-4dd94123bd74","Primary Decision Maker","2011-05-22 17:03:21","false"
"bbf63c7a-9ec8-5714-1b90-4dd941be1291","bb0120ea-6aa6-8d7f-11b7-4dd9415f8fe5","569767c6-4023-31a1-18b3-4dd94112acde","Primary Decision Maker","2011-05-22 17:03:21","false"
"c005c319-48e8-c65f-f655-4dd94123837a","bf12e0b2-00aa-5815-4f8d-4dd941e90961","9e4c4e65-ef1f-c1b5-b1f4-4dd9412dd231","Primary Decision Maker","2011-05-22 17:03:21","false"
"c415c29b-fe8e-5e22-d01f-4dd941cb1ddc","c31b2647-5ba0-2f08-c245-4dd941b9faf6","3a078c1c-81f8-3e62-5a12-4dd94140a6e9","Primary Decision Maker","2011-05-22 17:03:21","false"
"c8458020-c924-7a9b-0ca3-4dd941eac932","c72ae3ce-6ff5-e8a9-ac3f-4dd94101a037","a7dc4a30-ced6-2066-fb1d-4dd94172f6ae","Primary Decision Maker","2011-05-22 17:03:21","false"
"ccd58522-5f2b-ed5f-1eda-4dd941564147","cbf091fc-6e04-7a9c-1355-4dd9418147f0","406aebf1-bcbc-09a0-fd0c-4dd941779c34","Primary Decision Maker","2011-05-22 17:03:21","false"
"d0ab3d15-ad85-a2cc-99b6-4dd9419dc7b9","cfc20bea-3510-2d00-66bd-4dd9412acb43","6030e854-ec19-5a6b-bb70-4dd9413e76f9","Primary Decision Maker","2011-05-22 17:03:21","false"
"d4ba1595-58b1-5877-9393-4dd9410aa584","d3b9a9df-4bb5-4acc-b3f1-4dd941371662","707be970-b34c-cfe6-38a7-4dd9411c6987","Primary Decision Maker","2011-05-22 17:03:21","false"
"d8ea01f8-5903-7543-eecd-4dd9410540c5","d7db912a-03c3-ce65-fbc7-4dd941ca6270","91be5dcb-094c-1be6-f7b5-4dd94123bd74","Primary Decision Maker","2011-05-22 17:03:21","false"
"dd147a4b-4517-607a-a29f-4dd9415c180f","dc0cdbd9-b96b-9d02-4b33-4dd941d93d11","bed986c6-bb36-7e2f-1e1f-4dd941575ae6","Primary Decision Maker","2011-05-22 17:03:21","false"
"e1474414-5f6e-3f65-3f67-4dd9416cf51c","e03a3d9f-7563-31fb-33b6-4dd94183b8e4","406aebf1-bcbc-09a0-fd0c-4dd941779c34","Primary Decision Maker","2011-05-22 17:03:21","false"
"e588f278-fbc0-0f37-de77-4dd941e20db4","e4808a72-82d9-b1b2-f02b-4dd9416579b2","707be970-b34c-cfe6-38a7-4dd9411c6987","Primary Decision Maker","2011-05-22 17:03:21","false"
"e9b12a51-2b3c-1d0f-70ef-4dd941f16254","e8a82748-499e-2d13-c933-4dd9417444aa","8b5415aa-2ec6-6066-676c-4dd9418d1f18","Primary Decision Maker","2011-05-22 17:03:21","false"
"eddc2618-ee65-5258-e4d6-4dd9419e6da4","ecce35dd-2a15-a46b-c0a7-4dd9413d51ba","a16a92cc-e118-480f-7aaa-4dd9414cba6b","Primary Decision Maker","2011-05-22 17:03:21","false"
"f20b3210-9ddc-638b-8873-4dd94187f2f0","f108299d-10a9-aa95-7d2a-4dd9410ea2cf","8b5415aa-2ec6-6066-676c-4dd9418d1f18","Primary Decision Maker","2011-05-22 17:03:21","false"
"21dc006b-7395-a713-0f3c-4dd941dd08d4","12520fb7-1eec-abe2-572b-4dd941bed91f","5d036c9b-111f-565a-b755-4dd941da890b","Primary Decision Maker","2011-05-22 17:03:21","false"
"645f0229-be5e-1782-af8c-4dd941db133e","542d0349-4776-6b70-e4cb-4dd941f7f825","569767c6-4023-31a1-18b3-4dd94112acde","Primary Decision Maker","2011-05-22 17:03:21","false"
"a8010ccd-2126-371d-ab6f-4dd9413898c1","97a305f3-b558-7b9b-693f-4dd94156080c","d3794bd8-7db7-614d-ab86-4dd94194ea16","Primary Decision Maker","2011-05-22 17:03:21","false"
"ecbe0b07-fac4-fb7d-416c-4dd941bf1482","dc6703e2-805b-2417-5f81-4dd941565011","536d5794-c55b-01a7-01fd-4dd941f2902c","Primary Decision Maker","2011-05-22 17:03:21","false"
"22e3ae7c-1765-e0bb-50f1-4dd9411203d4","21d1f9fa-96de-a4f0-dbe5-4dd941f62e86","bed986c6-bb36-7e2f-1e1f-4dd941575ae6","Primary Decision Maker","2011-05-22 17:03:21","false"
"26ea02a3-9d59-af8e-76da-4dd94189b690","25f0ccaf-2a9e-2469-0b45-4dd94173df9e","91be5dcb-094c-1be6-f7b5-4dd94123bd74","Primary Decision Maker","2011-05-22 17:03:21","false"
"2b283801-974c-47b9-4cd8-4dd941fbcad7","29fc8c57-2718-dec1-d98b-4dd9415308fc","3a078c1c-81f8-3e62-5a12-4dd94140a6e9","Primary Decision Maker","2011-05-22 17:03:21","false"
"2fbb0ccb-35c2-c72d-8f4f-4dd941d5d576","2e9a3240-af0c-b877-144f-4dd9412997c7","46cf68a3-e130-e19c-8dda-4dd941fdde79","Primary Decision Maker","2011-05-22 17:03:21","false"
"3450573f-67e8-e71c-3b62-4dd9417e4cc7","33159f15-e218-5325-8371-4dd9419f5c27","7d9487ad-1eb0-876b-cffa-4dd941619b7d","Primary Decision Maker","2011-05-22 17:03:21","false"
"391511bf-3c78-e04e-8410-4dd94148003d","37d7509a-0b20-cc45-29f0-4dd9413966f5","8e98b012-53be-34b5-47ab-4dd9417b3029","Primary Decision Maker","2011-05-22 17:03:21","false"
"3da7900b-cbdd-3c42-b369-4dd941b5873e","3c6d71c1-0fda-ddc7-9550-4dd941434c89","49f1dac5-6240-9a85-baa8-4dd9415ed8c2","Primary Decision Maker","2011-05-22 17:03:21","false"
"4295dee1-d40b-d1d3-c291-4dd941aad5b8","414f9d21-7eb6-ce72-02f6-4dd9414355b4","63677e35-8bfd-0319-2cd5-4dd941c19cf7","Primary Decision Maker","2011-05-22 17:03:21","false"
"4786015d-eafa-c9bc-1088-4dd941e543e6","46524023-eb4a-f479-1c3f-4dd941700a0c","b47a2fa5-ef97-deb2-f338-4dd9418df3e8","Primary Decision Maker","2011-05-22 17:03:21","false"
"4c446a4c-02c8-491f-e2c3-4dd941bbad74","4b198aa7-1713-f23a-bf28-4dd94122e3d0","59c983e5-878e-407e-264b-4dd941df62eb","Primary Decision Maker","2011-05-22 17:03:21","false"
"50ecaaa6-4e53-f5df-0428-4dd941f5c07a","4fc2f49a-3eef-5ac4-fdb2-4dd94134eb7b","3d3f7bd2-684c-5bc3-234b-4dd9410f378e","Primary Decision Maker","2011-05-22 17:03:21","false"
"559b9927-8fe6-740a-9ca2-4dd941f4badf","546e89f2-0585-81de-1d87-4dd941d858e1","4d166f0d-956b-0c7d-6c7c-4dd941f242fe","Primary Decision Maker","2011-05-22 17:03:21","false"
"5a8ca19f-10e7-f446-e131-4dd9418fead4","59563ff6-f5f1-fe4e-57ce-4dd94186c69b","7a3e033e-37f3-664d-27ee-4dd9411a4380","Primary Decision Maker","2011-05-22 17:03:21","false"
"5f943829-4bf2-920c-9cab-4dd9417a176a","5e60864f-665c-e426-0a22-4dd9415dde41","d3794bd8-7db7-614d-ab86-4dd94194ea16","Primary Decision Maker","2011-05-22 17:03:21","false"
"643a3048-dfa1-b642-0abd-4dd9418ea181","62fd922d-efa8-d9f1-5c78-4dd941f5ca5f","9b2aa512-ddbe-7cfa-82b0-4dd9419f98a7","Primary Decision Maker","2011-05-22 17:03:21","false"
"694ba796-d919-7d86-e426-4dd941e38670","68126334-453b-d3cf-cde6-4dd9418cf5d9","4d166f0d-956b-0c7d-6c7c-4dd941f242fe","Primary Decision Maker","2011-05-22 17:03:21","false"
"6e385d05-1d65-574e-23ce-4dd941677999","6cf99c3e-ae36-ddf4-574e-4dd9412f7fe7","6030e854-ec19-5a6b-bb70-4dd9413e76f9","Primary Decision Maker","2011-05-22 17:03:21","false"
"731a6e04-2523-cf55-3420-4dd941195f9b","71f442ab-1e5b-5f40-1a97-4dd94198491f","76f53f4c-b8df-a3cc-9964-4dd941d92fb1","Primary Decision Maker","2011-05-22 17:03:21","false"
"77c571c4-7fd8-b753-0b6c-4dd9412a0bbc","76a6b9ec-ef4e-82f5-7f06-4dd9410783bc","73b415e4-5c86-9f7d-d539-4dd9418fd548","Primary Decision Maker","2011-05-22 17:03:21","false"
"7c581da5-c875-f7ae-a6d0-4dd94177e16d","7b2f011c-b078-1cb4-2c50-4dd9416ebe5f","a489c86d-ed3e-4889-31d2-4dd9414c6776","Primary Decision Maker","2011-05-22 17:03:21","false"
"80e38fcc-80c2-6a4e-8efd-4dd941c42f62","7faf9ca1-317c-0b5f-9fe4-4dd941ec1ae0","63677e35-8bfd-0319-2cd5-4dd941c19cf7","Primary Decision Maker","2011-05-22 17:03:21","false"
"858f428e-cba9-5568-f2c7-4dd9415e14f4","84797548-22c6-3987-e647-4dd9419295f0","94df3eca-4a79-6dc1-ce6c-4dd941c041b6","Primary Decision Maker","2011-05-22 17:03:21","false"
"8a4826d5-edf5-dc14-7564-4dd941ffffe0","8911e7f0-4ec3-bca2-54c5-4dd941014c03","3a078c1c-81f8-3e62-5a12-4dd94140a6e9","Primary Decision Maker","2011-05-22 17:03:21","false"
"8ef20476-c5f5-dc0d-ea0f-4dd94164b6be","8dbbf5d9-4adf-260d-178a-4dd94183af57","876b06e1-626b-95ab-d03e-4dd9416caa7f","Primary Decision Maker","2011-05-22 17:03:21","false"
"938f3d69-991b-29c7-e40b-4dd941f48362","92613601-6868-08e4-20c3-4dd9414c448f","43a11258-f074-b983-0aa7-4dd941e03176","Primary Decision Maker","2011-05-22 17:03:21","false"
"98641c21-c8cb-3cab-fba5-4dd941d0e436","972d6ba6-c216-bd3e-758c-4dd9419aa213","b47a2fa5-ef97-deb2-f338-4dd9418df3e8","Primary Decision Maker","2011-05-22 17:03:21","false"
"9d184bbc-5fc0-2f93-4e6e-4dd9419aae2c","9bf1693c-dc65-8446-ce89-4dd941a4d3c1","c25e18ec-4704-5d64-d6b8-4dd941bb4805","Primary Decision Maker","2011-05-22 17:03:21","false"
"a1bd110a-5290-4303-6e06-4dd941007e99","a080ad24-8b09-88da-b9da-4dd941da2866","3d3f7bd2-684c-5bc3-234b-4dd9410f378e","Primary Decision Maker","2011-05-22 17:03:21","false"
"a661c7ca-b0e3-c140-9bad-4dd941a45467","a53f578c-471e-3dca-78d7-4dd941709fcc","46cf68a3-e130-e19c-8dda-4dd941fdde79","Primary Decision Maker","2011-05-22 17:03:21","false"
"aaef0ad9-29f0-8c13-6524-4dd941643165","a9ca3faf-9beb-a1ff-0ea2-4dd9411352c2","43a11258-f074-b983-0aa7-4dd941e03176","Primary Decision Maker","2011-05-22 17:03:21","false"
"af5ef3b3-d3fa-3a4a-b092-4dd941c40ca9","ae3e1b45-967e-e3c3-4f41-4dd941369dff","43a11258-f074-b983-0aa7-4dd941e03176","Primary Decision Maker","2011-05-22 17:03:21","false"
"b3d3428c-7cf1-4977-78da-4dd9416caeee","b2a07942-849d-b2cb-268c-4dd9417a0aa9","8e98b012-53be-34b5-47ab-4dd9417b3029","Primary Decision Maker","2011-05-22 17:03:21","false"
"b84a8322-8704-ed98-54ec-4dd941de37a8","b736c11a-29e3-803b-9c50-4dd94128c710","b7e26b36-88d7-1c6d-92fd-4dd9418c9fd5","Primary Decision Maker","2011-05-22 17:03:21","false"
"bce2421d-295b-192d-029c-4dd9412bb72c","bbb52e5c-81dc-c112-0525-4dd9419ff57e","c25e18ec-4704-5d64-d6b8-4dd941bb4805","Primary Decision Maker","2011-05-22 17:03:21","false"
"c1627df8-ce2b-436d-f912-4dd941233a7c","c0401e2a-d850-7051-8dc2-4dd941a51dbf","b154e206-b874-0165-cbc9-4dd94194f50d","Primary Decision Maker","2011-05-22 17:03:21","false"
"c5f6f7b5-5a1b-869a-c18c-4dd941325b30","c4d9c2a8-188f-ce10-c020-4dd94116f634","c25e18ec-4704-5d64-d6b8-4dd941bb4805","Primary Decision Maker","2011-05-22 17:03:21","false"
"ca6ae926-a98a-e3a3-4acc-4dd941aeb14a","c951c188-90bb-8d37-0596-4dd9413582e1","b154e206-b874-0165-cbc9-4dd94194f50d","Primary Decision Maker","2011-05-22 17:03:21","false"
"cee4971f-44b1-f81c-d8f1-4dd94128dc66","cdc7b183-948b-9369-2135-4dd941f2ea82","c5d2d71e-fa14-2811-34c3-4dd9414140cb","Primary Decision Maker","2011-05-22 17:03:21","false"
"d34c00b5-181c-48b1-10df-4dd941a35d60","d2395465-3952-d5c6-56a5-4dd9410b8cad","406aebf1-bcbc-09a0-fd0c-4dd941779c34","Primary Decision Maker","2011-05-22 17:03:21","false"
"d7c73cc6-4a84-7c23-f07d-4dd941a332ef","d6b4e7f9-8d31-b19d-7478-4dd941fab36e","3a078c1c-81f8-3e62-5a12-4dd94140a6e9","Primary Decision Maker","2011-05-22 17:03:21","false"
"dc336963-1ab8-ffb5-0e98-4dd941bf5ee5","db25fc1b-37ce-6b16-086b-4dd941b5c5f1","841c99c4-6cdb-9c55-f34a-4dd941588c2f","Primary Decision Maker","2011-05-22 17:03:21","false"
"e087a354-a12f-b323-f566-4dd941c85129","df7fda49-267a-2c80-c570-4dd9411c2775","6030e854-ec19-5a6b-bb70-4dd9413e76f9","Primary Decision Maker","2011-05-22 17:03:21","false"
"e4df2c19-b5dc-fc24-d46d-4dd94137edfa","e3d91729-c3ca-1ed6-53dd-4dd941b432bc","b7e26b36-88d7-1c6d-92fd-4dd9418c9fd5","Primary Decision Maker","2011-05-22 17:03:21","false"
"e9446d60-cf30-1784-79cd-4dd941ce78bd","e839e106-ac5c-a7ce-c9fa-4dd941230e92","d0350a0c-09d3-e3a0-dfe5-4dd9410247c6","Primary Decision Maker","2011-05-22 17:03:21","false"
"ed79b7c0-d463-e9f9-75ed-4dd9417e690c","ec6dbc17-1969-aecf-d258-4dd941de4d13","63677e35-8bfd-0319-2cd5-4dd941c19cf7","Primary Decision Maker","2011-05-22 17:03:21","false"
"f1cc33e2-6dba-4e54-05a3-4dd941aab41f","f0c634e8-fb89-4a62-719d-4dd94104bcc0","9b2aa512-ddbe-7cfa-82b0-4dd9419f98a7","Primary Decision Maker","2011-05-22 17:03:21","false"
"200a0228-c9f2-9ac8-9b6d-4dd94170760f","f3d00fcd-d268-be68-3330-4dd94197af08","73b415e4-5c86-9f7d-d539-4dd9418fd548","Primary Decision Maker","2011-05-22 17:03:21","false"
"64b30301-d437-4a0f-a921-4dd9411a0e06","5424012d-dabf-87b4-7311-4dd94119d000","ae2ed3a5-0f61-3349-08bf-4dd941805157","Primary Decision Maker","2011-05-22 17:03:21","false"
"a95d0ca9-5e01-5704-62b8-4dd94112b92a","9884052e-084a-624d-ce36-4dd941d2f5dc","46cf68a3-e130-e19c-8dda-4dd941fdde79","Primary Decision Maker","2011-05-22 17:03:21","false"
"ec950df8-0b3c-4156-9652-4dd94133bf7e","dbd20977-31e6-2e7b-0653-4dd9410e19e2","3d3f7bd2-684c-5bc3-234b-4dd9410f378e","Primary Decision Maker","2011-05-22 17:03:21","false"
"1342a8f1-3a7e-2317-6456-4dd941faca39","122da141-a5ba-f731-1b13-4dd941ad084d","c9504219-6cdc-23e1-0a8c-4dd941863f3d","Primary Decision Maker","2011-05-22 17:03:21","false"
"17c6d8c0-ab8c-1527-7173-4dd9411862f5","16a09114-0e35-13e4-be64-4dd94153d7b9","6d372d99-d238-e615-2bd6-4dd94124cfc7","Primary Decision Maker","2011-05-22 17:03:21","false"
"1c819bf8-dc0a-74dc-7c04-4dd9418cc730","1b49cf2a-4f5f-2948-f2d9-4dd941752545","5039de7f-7306-b143-c955-4dd941c214ac","Primary Decision Maker","2011-05-22 17:03:21","false"
"20fa7048-bb9d-dbbc-2a04-4dd941fe2f81","1fda1478-8636-ddea-98c4-4dd941c0f1ed","9b2aa512-ddbe-7cfa-82b0-4dd9419f98a7","Primary Decision Maker","2011-05-22 17:03:21","false"
"25d6ec51-7dbd-55e8-8f0f-4dd94129934a","24a0669f-17ec-decf-f8f4-4dd9416d225f","c5d2d71e-fa14-2811-34c3-4dd9414140cb","Primary Decision Maker","2011-05-22 17:03:21","false"
"2a969477-aa3e-d964-19c1-4dd9419d947d","2962fc22-73c4-f255-c066-4dd941c8f18b","80cdf2b8-5115-54bd-9538-4dd941618d6c","Primary Decision Maker","2011-05-22 17:03:21","false"
"2fa7747c-1acd-7b55-0e43-4dd94139be16","2e6b91b3-8741-b32f-d340-4dd941cc9952","7a3e033e-37f3-664d-27ee-4dd9411a4380","Primary Decision Maker","2011-05-22 17:03:21","false"
"342e276f-809d-783f-557e-4dd94174a80c","33083483-c0e4-686e-3776-4dd94187a11b","69edccd9-0075-dfa2-1fce-4dd941a72d85","Primary Decision Maker","2011-05-22 17:03:21","false"
"3911413e-e82a-f1bf-0562-4dd9413716b3","37d544c2-50f4-8331-0238-4dd941691070","59c983e5-878e-407e-264b-4dd941df62eb","Primary Decision Maker","2011-05-22 17:03:21","false"
"3e00e06e-d46d-77af-d8b3-4dd941e89d8c","3cba4329-9a3a-0131-eff1-4dd9414cadf2","b154e206-b874-0165-cbc9-4dd94194f50d","Primary Decision Maker","2011-05-22 17:03:21","false"
"42c4c425-ea61-a388-1daf-4dd9411386fe","418f0c60-386b-06cf-4b2d-4dd9417e0455","d6c1cf06-37ce-f797-f5f3-4dd9410ee081","Primary Decision Maker","2011-05-22 17:03:21","false"