id,date_entered,date_modified,project_id,project_task_id,name,status,description,predecessors,date_start,time_start,time_finish,date_finish,duration,duration_unit,actual_duration,percent_complete,parent_task_id,assigned_user_id,modified_user_id,priority,created_by,milestone_flag,order_number,task_number,estimated_effort,actual_effort,deleted,utilization
"1d975885-823e-846c-1b1c-4dd941caf5d2","2011-05-22 17:03:21","2011-05-22 17:03:21","1d4be55c-ad78-1fee-7bca-4dd941302df7",1,"Communicate with internal stakeholders",(null),"Schedule individual meetings with Will, Max, and Sarah.",(null),(null),(null),(null),(null),6,"Days",(null),100,(null),"1","1",(null),"1","false",1,(null),(null),(null),"false",100
"1dde8306-7d67-c7a0-a5fc-4dd9417b1ed5","2011-05-22 17:03:21","2011-05-22 17:03:21","1d4be55c-ad78-1fee-7bca-4dd941302df7",1,"Create draft of the plan",(null),"Start new plan document, including all of the information from the initial discussion meetings.",(null),(null),(null),(null),"2010-11-20",12,"Days",(null),38,(null),"1","1",(null),"1","false",1,(null),(null),(null),"false",100
"1e1e41a2-2d19-30e0-ab1b-4dd9417802b2","2011-05-22 17:03:21","2011-05-22 17:03:21","1d4be55c-ad78-1fee-7bca-4dd941302df7",1,"Perform field studies to collect data",(null),"Obtain approval from all stakeholders of the plan.",(null),(null),(null),(null),"2010-11-13",17,"Days",(null),75,(null),"1","1",(null),"1","false",1,(null),(null),(null),"false",100
"1e5b3bb6-44a3-acaa-cf04-4dd941f74cfe","2011-05-22 17:03:21","2011-05-22 17:03:21","1d4be55c-ad78-1fee-7bca-4dd941302df7",1,"Update draft of the plan",(null),"Schedule a meeting with the heads of the business units to review the plan.",(null),"2010-11-12",(null),(null),"2010-11-19",6,"Days",(null),0,(null),"1","1",(null),"1","false",1,(null),(null),(null),"false",100
"1e97767e-8903-1401-5bce-4dd941d5d21c","2011-05-22 17:03:21","2011-05-22 17:03:21","1d4be55c-ad78-1fee-7bca-4dd941302df7",1,"Gather data from meetings",(null),"Need to organize the data and create charts to represent the data.",(null),"2010-11-20",(null),(null),"2010-11-20",1,"Days",(null),0,(null),"1","1",(null),"1","false",1,(null),(null),(null),"false",100