id,name,date_entered,date_modified,modified_user_id,created_by,description,deleted,assigned_user_id,status,date_due_flag,date_due,date_start_flag,date_start,parent_type,parent_id,contact_id,priority
"dc3766ad-f962-e3f5-0549-4dd941a0b06b","Send proposal","2011-05-22 17:03:21","2011-05-22 17:03:21","1","1",(null),"false","seed_max_id","Completed","false","2011-10-17 15:00:00","false",(null),(null),(null),"db23a7ba-390b-9d74-e85a-4dd941d5eca5","High"
"dfea7e13-a801-738c-7aed-4dd9418f9379","Send a follow-up letter","2011-05-22 17:03:21","2011-05-22 17:03:21","1","1",(null),"false","seed_sally_id","Not Started","false","2011-11-18 15:30:00","false",(null),(null),(null),"def70cdd-dc6b-e446-8afa-4dd941dc1af4","High"
"e3624b66-0db9-2502-5827-4dd941f07848","Setup evaluation","2011-05-22 17:03:21","2011-05-22 17:03:21","1","1",(null),"false","seed_max_id","Deferred","false","2011-12-08 19:15:00","false",(null),(null),(null),"e27095da-6f6b-f08a-9057-4dd94150a61d","Low"
"e6e2893f-1c3f-3297-4899-4dd94148bed1","Send contract","2011-05-22 17:03:21","2011-05-22 17:03:21","1","1",(null),"false","seed_max_id","Not Started","false","2012-05-20 07:45:00","false",(null),(null),(null),"e5ede231-9dfb-2863-b357-4dd94112a732","Medium"
"ea644b9f-13da-a89f-f9c0-4dd941d5866d","Ship product","2011-05-22 17:03:21","2011-05-22 17:03:21","1","1",(null),"false","seed_max_id","Deferred","false","2011-08-02 10:15:00","false",(null),(null),(null),"e96d4468-f2c9-4c08-f513-4dd9410a313c","High"
"eddf1f74-8730-281c-1d4a-4dd9415721ca","Close out support request","2011-05-22 17:03:21","2011-05-22 17:03:21","1","1",(null),"false","seed_sally_id","Completed","false","2012-02-07 17:15:00","false",(null),(null),(null),"eceed9a1-300a-73ef-3345-4dd941980108","Medium"
"f15b8468-9ea1-4a5d-23bf-4dd941bb2b22","Arrange introduction","2011-05-22 17:03:21","2011-05-22 17:03:21","1","1",(null),"false","seed_sarah_id","Deferred","false","2011-09-19 09:30:00","false",(null),(null),(null),"f067b4d5-e714-47d2-bc18-4dd941e8f2be","Medium"
"b6000f30-cc02-d347-067b-4dd94114e896","Arrange introduction","2011-05-22 17:03:21","2011-05-22 17:03:21","1","1",(null),"false","seed_sally_id","Completed","false","2011-11-13 16:00:00","false",(null),(null),(null),"f3e7c6b7-7bd6-5816-7af8-4dd941aebf16","Low"
"42e203be-d28d-e4c9-bd56-4dd94100d376","Send fax","2011-05-22 17:03:21","2011-05-22 17:03:21","1","1",(null),"false","seed_will_id","Completed","false","2011-11-20 16:15:00","false",(null),(null),(null),"33d20c7a-b923-15cc-2f62-4dd9415ee1e3","High"
"7a4a08e1-2da8-3c15-f5c8-4dd9417ddd2a","Get demo feedback","2011-05-22 17:03:21","2011-05-22 17:03:21","1","1",(null),"false","seed_sally_id","Deferred","false","2011-09-17 17:00:00","false",(null),(null),(null),"6b4f0a12-ffb1-9817-b9c6-4dd941ffd295","Medium"
"b19708dc-a266-2cda-767a-4dd9418fa8ee","Get demo feedback","2011-05-22 17:03:21","2011-05-22 17:03:21","1","1",(null),"false","seed_max_id","Pending Input","false","2012-02-23 16:30:00","false",(null),(null),(null),"a2ab09a5-108a-5c83-4611-4dd9419f3923","Low"
"eb780ee0-be63-675e-d7a7-4dd9414e61c3","Call to schedule meeting","2011-05-22 17:03:21","2011-05-22 17:03:21","1","1",(null),"false","seed_max_id","Deferred","false","2011-09-10 14:00:00","false",(null),(null),(null),"dc4d0141-df61-29bf-dd84-4dd94192c12f","High"
"12496631-882e-4c5d-2200-4dd941b41d13","Send contract","2011-05-22 17:03:21","2011-05-22 17:03:21","1","1",(null),"false","seed_sarah_id","Completed","false","2011-06-13 08:45:00","false",(null),(null),(null),"114da3a2-0519-7e00-2865-4dd94128b694","High"
"15fe1702-0371-c33b-4efb-4dd941bf544d","Escalate support request","2011-05-22 17:03:21","2011-05-22 17:03:21","1","1",(null),"false","seed_sally_id","Completed","false","2012-01-15 13:45:00","false",(null),(null),(null),"15043921-6bb5-b92d-ba71-4dd94117ade6","Low"
"19b3c208-af5e-c36b-32b6-4dd94167b9ea","Send contract","2011-05-22 17:03:21","2011-05-22 17:03:21","1","1",(null),"false","seed_max_id","Completed","false","2012-03-18 18:45:00","false",(null),(null),(null),"18aea283-7bbe-1701-ad1d-4dd941d600fe","Low"
"1d3adda7-0327-7d50-3604-4dd9415fb36a","Call to schedule meeting","2011-05-22 17:03:21","2011-05-22 17:03:21","1","1",(null),"false","seed_will_id","Deferred","false","2012-01-13 07:45:00","false",(null),(null),(null),"1c424349-1057-3995-9cdf-4dd9410c2dbf","Low"
"20b743ba-9995-e713-3933-4dd9412dfb66","Close out support request","2011-05-22 17:03:21","2011-05-22 17:03:21","1","1",(null),"false","seed_sarah_id","In Progress","false","2012-04-06 06:30:00","false",(null),(null),(null),"1fbf57b1-924a-bc7d-d775-4dd9417a63f1","High"
"24632e6a-d36a-2b55-09ce-4dd94165a78a","Get demo feedback","2011-05-22 17:03:21","2011-05-22 17:03:21","1","1",(null),"false","seed_sarah_id","Pending Input","false","2012-05-09 06:45:00","false",(null),(null),(null),"23693af7-1ea6-6fee-fb5b-4dd94132e4f6","Medium"
"281447fe-aab5-532f-577a-4dd94158dd7d","Send fax","2011-05-22 17:03:21","2011-05-22 17:03:21","1","1",(null),"false","seed_chris_id","Completed","false","2011-12-15 10:15:00","false",(null),(null),(null),"2716ff27-f6fe-5e55-445b-4dd941316ca5","High"
"2bd1a4f3-f3fb-7e3a-53ff-4dd941ffb16c","Send a follow-up letter","2011-05-22 17:03:21","2011-05-22 17:03:21","1","1",(null),"false","seed_max_id","Deferred","false","2012-04-18 19:30:00","false",(null),(null),(null),"2acbff03-a37d-208c-c20d-4dd941fefab1","Medium"
"2f78e997-6517-0328-f4db-4dd9411cbc60","Call to schedule meeting","2011-05-22 17:03:21","2011-05-22 17:03:21","1","1",(null),"false","seed_max_id","Completed","false","2011-09-21 16:30:00","false",(null),(null),(null),"2e6f8e3d-e119-f92c-3233-4dd94182d0c2","Low"
"32f0a8c8-67c8-6f60-c6e7-4dd941c1920e","Send a letter","2011-05-22 17:03:21","2011-05-22 17:03:21","1","1",(null),"false","seed_chris_id","Completed","false","2011-12-12 14:15:00","false",(null),(null),(null),"31fe2a77-b6fe-666b-dd9c-4dd94144bcf6","High"
"368a2ef4-8e4b-9055-a4e2-4dd941475717","Escalate support request","2011-05-22 17:03:21","2011-05-22 17:03:21","1","1",(null),"false","seed_will_id","Deferred","false","2011-09-13 17:15:00","false",(null),(null),(null),"3586bb0b-0f4b-b3a2-b523-4dd9419382c7","Medium"
"3a23a993-1ba1-3a37-98c1-4dd941e66460","Add to mailing list","2011-05-22 17:03:21","2011-05-22 17:03:21","1","1",(null),"false","seed_sarah_id","Pending Input","false","2012-05-19 14:00:00","false",(null),(null),(null),"3928de64-ae95-0258-8c54-4dd94154c99c","Medium"
"3dba059f-b782-b48a-cc99-4dd94102a867","Send literature","2011-05-22 17:03:21","2011-05-22 17:03:21","1","1",(null),"false","seed_chris_id","Pending Input","false","2012-05-14 14:15:00","false",(null),(null),(null),"3cc41e9b-3123-5f83-47cb-4dd941a65602","High"
"41501a4a-d988-29e1-092a-4dd9417c1afa","Send fax","2011-05-22 17:03:21","2011-05-22 17:03:21","1","1",(null),"false","seed_sarah_id","Not Started","false","2011-05-25 11:00:00","false",(null),(null),(null),"40604e94-e085-f0bd-a4d3-4dd9416b465a","Low"
"44ee4882-0acb-3ae9-81a2-4dd94136353e","Add to mailing list","2011-05-22 17:03:21","2011-05-22 17:03:21","1","1",(null),"false","seed_sarah_id","Completed","false","2011-09-25 10:30:00","false",(null),(null),(null),"43ed43eb-cc92-24b8-1678-4dd9411b2a69","High"
"48a74b01-07e5-1122-0c55-4dd941eaa0a0","Escalate support request","2011-05-22 17:03:21","2011-05-22 17:03:21","1","1",(null),"false","seed_sally_id","Pending Input","false","2012-02-14 10:00:00","false",(null),(null),(null),"47b463b6-b75d-a45c-8dbd-4dd941183a6b","Medium"
"4c404b85-a03d-2e20-57da-4dd941669b12","Make travel arrangements","2011-05-22 17:03:21","2011-05-22 17:03:21","1","1",(null),"false","seed_chris_id","Not Started","false","2012-01-29 09:15:00","false",(null),(null),(null),"4b43298a-0775-67ab-c67e-4dd94133a955","Medium"
"4fdb49c9-ea4f-d289-a49a-4dd9414386d7","Add to mailing list","2011-05-22 17:03:21","2011-05-22 17:03:21","1","1",(null),"false","seed_sarah_id","In Progress","false","2011-12-03 08:45:00","false",(null),(null),(null),"4ee732f5-61ae-98b7-1d8a-4dd9413a2f37","Low"
"5375e0e5-d351-f41c-347b-4dd941bdf941","Send a follow-up letter","2011-05-22 17:03:21","2011-05-22 17:03:21","1","1",(null),"false","seed_sally_id","Completed","false","2012-04-30 18:15:00","false",(null),(null),(null),"527a4591-bbb0-6e37-c731-4dd941e3d45d","High"
"611df339-7e80-737f-dcf3-4dd941d6c0a4","Arrange introduction","2011-05-22 17:03:21","2011-05-22 17:03:21","1","1",(null),"false","seed_max_id","Completed","false","2011-10-28 07:00:00","false",(null),(null),(null),"600692f8-c847-5009-0244-4dd9418082cd","Low"
"64d8e900-58e8-03f4-410e-4dd94190ab39","Arrange reference call","2011-05-22 17:03:21","2011-05-22 17:03:21","1","1",(null),"false","seed_sally_id","Completed","false","2011-11-23 13:45:00","false",(null),(null),(null),"63dbaa6d-a272-73a1-cb42-4dd941d6f87e","Medium"
"689184cb-dff6-3699-d2a2-4dd941c79b8c","Escalate support request","2011-05-22 17:03:21","2011-05-22 17:03:21","1","1",(null),"false","seed_max_id","In Progress","false","2012-04-13 16:15:00","false",(null),(null),(null),"67807085-3460-a033-ad1a-4dd941f8a3df","High"
"6c5ac58a-161e-a59d-5021-4dd941fda230","Ship product","2011-05-22 17:03:21","2011-05-22 17:03:21","1","1",(null),"false","seed_max_id","Deferred","false","2012-04-04 11:45:00","false",(null),(null),(null),"6b483bad-d24e-9b1f-bac8-4dd941c6dffc","Low"
"701aa39e-6a1b-fea7-2d7c-4dd941b88442","Send proposal","2011-05-22 17:03:21","2011-05-22 17:03:21","1","1",(null),"false","seed_sally_id","In Progress","false","2011-09-02 13:30:00","false",(null),(null),(null),"6f11ca3f-cc9c-965a-06fb-4dd941b98c83","High"
"73d34145-dd17-9812-98a0-4dd9410a6e25","Ship product","2011-05-22 17:03:21","2011-05-22 17:03:21","1","1",(null),"false","seed_sally_id","Pending Input","false","2011-10-04 11:45:00","false",(null),(null),(null),"72d59b4a-f4e4-c5ec-90df-4dd941e1958c","High"
"777202d2-2cb3-cb84-6453-4dd9412e4771","Escalate support request","2011-05-22 17:03:21","2011-05-22 17:03:21","1","1",(null),"false","seed_sarah_id","In Progress","false","2011-09-01 13:30:00","false",(null),"Accounts","77974e34-eed6-f04f-6ec4-4dd94192db89","766ac826-0b64-e068-fe73-4dd941e8d1d2","High"
"7b3747d7-6969-15ef-dbcd-4dd94111058e","Send fax","2011-05-22 17:03:21","2011-05-22 17:03:21","1","1",(null),"false","seed_will_id","In Progress","false","2011-10-22 08:15:00","false",(null),(null),(null),"7a2c80cf-a4a5-985b-aa7e-4dd941d0cc64","High"
"7edbb241-2e19-c83e-48c2-4dd941f784ec","Get demo feedback","2011-05-22 17:03:21","2011-05-22 17:03:21","1","1",(null),"false","seed_sarah_id","Completed","false","2011-07-31 06:00:00","false",(null),(null),(null),"7dd3a660-6b41-19ef-fcd0-4dd941ef779f","High"
"829b1509-f40a-18f7-c673-4dd9417837eb","Send quote","2011-05-22 17:03:21","2011-05-22 17:03:21","1","1",(null),"false","seed_sally_id","Pending Input","false","2011-06-09 08:30:00","false",(null),(null),(null),"81924b0b-d562-997f-da55-4dd941c382f4","Medium"
"864bbb01-10e0-e9f3-8129-4dd941df9edc","Escalate support request","2011-05-22 17:03:21","2011-05-22 17:03:21","1","1",(null),"false","seed_max_id","Completed","false","2011-07-30 15:45:00","false",(null),(null),(null),"854d1378-0df8-edba-6a04-4dd941b1f5c0","High"
"8a110004-415b-9a11-6f43-4dd941c7a106","Send contract","2011-05-22 17:03:21","2011-05-22 17:03:21","1","1",(null),"false","seed_max_id","Completed","false","2011-06-11 15:45:00","false",(null),(null),(null),"89074471-64b2-6175-a925-4dd941d2c454","High"
"8db4d1e3-12f0-d800-7c9d-4dd9417f5944","Send quote","2011-05-22 17:03:21","2011-05-22 17:03:21","1","1",(null),"false","seed_max_id","Deferred","false","2011-06-17 10:00:00","false",(null),(null),(null),"8cadd563-efda-d7a2-472e-4dd941f5a666","High"
"9170af16-2b3c-fc7e-13c4-4dd941cc2901","Send proposal","2011-05-22 17:03:21","2011-05-22 17:03:21","1","1",(null),"false","seed_sarah_id","Pending Input","false","2011-12-19 06:00:00","false",(null),(null),(null),"905a0b94-7065-b5e9-b7ff-4dd941847f13","Low"
"95269618-6fca-88c8-20c1-4dd9417e2b53","Escalate support request","2011-05-22 17:03:21","2011-05-22 17:03:21","1","1",(null),"false","seed_max_id","Deferred","false","2011-06-17 12:00:00","false",(null),(null),(null),"94276cd0-0b80-69e4-4477-4dd941f3d9ed","Low"
"98e14946-aae3-1f30-b3ae-4dd94122552d","Send quote","2011-05-22 17:03:21","2011-05-22 17:03:21","1","1",(null),"false","seed_sarah_id","Deferred","false","2012-02-06 11:00:00","false",(null),(null),(null),"97d693b7-8411-887c-716f-4dd941657a77","Medium"
"9c9d0981-b89e-81b0-ef7f-4dd941c2ad98","Schedule training","2011-05-22 17:03:21","2011-05-22 17:03:21","1","1",(null),"false","seed_max_id","Pending Input","false","2012-05-11 15:45:00","false",(null),(null),(null),"9b7e774a-0a4d-0d54-ff64-4dd941ae479f","High"
"a0550334-fae5-57a9-f4ee-4dd941564210","Send contract","2011-05-22 17:03:21","2011-05-22 17:03:21","1","1",(null),"false","seed_sally_id","Not Started","false","2011-10-29 13:00:00","false",(null),(null),(null),"9f443011-b8d2-dc23-43ce-4dd94173e920","High"
"a3f8a5b0-4897-fe51-961e-4dd9418aed71","Escalate support request","2011-05-22 17:03:21","2011-05-22 17:03:21","1","1",(null),"false","seed_max_id","Not Started","false","2012-01-11 15:45:00","false",(null),(null),(null),"a2f5c40e-9179-2763-70b1-4dd941e16996","High"
"a7af41fa-7849-f4bf-8887-4dd94130e915","Send a letter","2011-05-22 17:03:21","2011-05-22 17:03:21","1","1",(null),"false","seed_will_id","Not Started","false","2011-11-21 12:30:00","false",(null),(null),(null),"a6a0450c-60b3-c27c-6337-4dd9412ae83b","Medium"
"ab5d436c-cb99-e133-91dd-4dd941200edd","Get demo feedback","2011-05-22 17:03:21","2011-05-22 17:03:21","1","1",(null),"false","seed_sally_id","Pending Input","false","2011-08-08 19:30:00","false",(null),(null),(null),"aa6053a1-d718-daef-db82-4dd94102bf83","High"
"af052084-2b75-5b00-fab3-4dd941031285","Arrange introduction","2011-05-22 17:03:21","2011-05-22 17:03:21","1","1",(null),"false","seed_sarah_id","Completed","false","2011-08-17 16:15:00","false",(null),(null),(null),"ae0c9934-14b8-8b7c-6138-4dd941200022","Low"
"b2add202-29cf-53ef-bee2-4dd941edcd7a","Escalate support request","2011-05-22 17:03:21","2011-05-22 17:03:21","1","1",(null),"false","seed_max_id","In Progress","false","2011-09-21 17:45:00","false",(null),(null),(null),"b19bcc00-fb4c-bf64-5cf7-4dd941b495d8","High"
"b65988a9-f9f8-93c7-bd42-4dd9416d47c1","Get demo feedback","2011-05-22 17:03:21","2011-05-22 17:03:21","1","1",(null),"false","seed_chris_id","Completed","false","2012-03-18 11:00:00","false",(null),(null),(null),"b55b7652-5f66-2cb9-ff45-4dd941428406","Medium"
"ba1f33a1-9fee-ac59-ee11-4dd941444506","Ship product","2011-05-22 17:03:21","2011-05-22 17:03:21","1","1",(null),"false","seed_max_id","Not Started","false","2012-02-03 14:45:00","false",(null),(null),(null),"b9161cd4-3951-ca1f-96ea-4dd9411d4e79","Medium"
"bde42342-8964-6b71-6994-4dd941d1209d","Call to schedule meeting","2011-05-22 17:03:21","2011-05-22 17:03:21","1","1",(null),"false","seed_sarah_id","Pending Input","false","2012-03-25 06:45:00","false",(null),"Accounts","b514ccc7-7b22-081f-ea69-4dd941a6c546","bcdde217-8363-aa16-f206-4dd9419fc153","Low"
"c1b01cd7-dff1-2c46-1c14-4dd941900418","Schedule training","2011-05-22 17:03:21","2011-05-22 17:03:21","1","1",(null),"false","seed_sally_id","Deferred","false","2012-03-26 06:00:00","false",(null),(null),(null),"c0a713f7-b6e1-aa07-3ac7-4dd94122a71e","Low"
"c56e9d5d-eec2-f825-76e5-4dd9410f8bb3","Send a follow-up letter","2011-05-22 17:03:21","2011-05-22 17:03:21","1","1",(null),"false","seed_max_id","Deferred","false","2011-09-21 14:00:00","false",(null),(null),(null),"c466cad5-2509-12bd-16ee-4dd941fe282d","Low"
"c9328fa4-3f6f-ba82-61ea-4dd9418eec5a","Add to mailing list","2011-05-22 17:03:21","2011-05-22 17:03:21","1","1",(null),"false","seed_chris_id","Completed","false","2012-02-07 13:15:00","false",(null),"Accounts","8806bccb-2546-0bca-ab2e-4dd94153e3db","c82e408e-d894-eb6e-a011-4dd941c9405b","Low"
"cced1fd9-e7f9-dcce-152b-4dd941b67e35","Call to schedule meeting","2011-05-22 17:03:21","2011-05-22 17:03:21","1","1",(null),"false","seed_sally_id","Completed","false","2011-09-26 06:15:00","false",(null),(null),(null),"cbeeb6e7-0042-a9f7-2bc7-4dd94172dbc0","High"
"d0a732f7-0cc8-b01d-2329-4dd94112d26d","Get demo feedback","2011-05-22 17:03:21","2011-05-22 17:03:21","1","1",(null),"false","seed_max_id","Not Started","false","2012-05-18 18:15:00","false",(null),(null),(null),"cfaba403-3d23-62de-b931-4dd9411b9024","Medium"
"d453fac8-ef0e-54aa-dd8c-4dd9418edf11","Ship product","2011-05-22 17:03:21","2011-05-22 17:03:21","1","1",(null),"false","seed_will_id","In Progress","false","2012-02-04 10:00:00","false",(null),(null),(null),"d35341c2-ca9d-f349-9032-4dd94195d180","Medium"
"d7f957d7-fc50-35ed-d6a7-4dd941cf9d2e","Make travel arrangements","2011-05-22 17:03:21","2011-05-22 17:03:21","1","1",(null),"false","seed_max_id","Pending Input","false","2012-03-23 10:45:00","false",(null),(null),(null),"d702128f-5776-954e-0820-4dd941dde9b1","High"
"db9bcd32-0278-1f41-a3eb-4dd9410c8064","Setup evaluation","2011-05-22 17:03:21","2011-05-22 17:03:21","1","1",(null),"false","seed_max_id","Deferred","false","2012-02-03 06:30:00","false",(null),(null),(null),"daa22954-87c8-9813-9b61-4dd9416c295b","Low"
"df39fcc2-2eac-46c9-5ed1-4dd941241084","Escalate support request","2011-05-22 17:03:21","2011-05-22 17:03:21","1","1",(null),"false","seed_will_id","Deferred","false","2012-01-19 19:15:00","false",(null),(null),(null),"de439c40-5bda-db99-22b7-4dd941229ede","Medium"
"e2d13626-c3db-88aa-9a7b-4dd94146c120","Add to mailing list","2011-05-22 17:03:21","2011-05-22 17:03:21","1","1",(null),"false","seed_sarah_id","Completed","false","2011-09-05 14:30:00","false",(null),(null),(null),"e1dc6b50-c78a-0b64-05e7-4dd941da07ea","Low"
"e666fce6-d7d7-e0bb-f6fb-4dd9416eba73","Ship product","2011-05-22 17:03:21","2011-05-22 17:03:21","1","1",(null),"false","seed_sarah_id","Pending Input","false","2012-05-01 19:30:00","false",(null),(null),(null),"e5709314-363a-b101-cb9e-4dd9419ebdd7","Low"
"e9fb2c1d-2789-924f-b984-4dd941dccc06","Escalate support request","2011-05-22 17:03:21","2011-05-22 17:03:21","1","1",(null),"false","seed_sally_id","Pending Input","false","2012-03-27 19:00:00","false",(null),(null),(null),"e9019023-d2d2-8a7b-938b-4dd941e53a84","Medium"
"ed9b07aa-e11c-d413-2bdd-4dd94150c398","Send a follow-up letter","2011-05-22 17:03:21","2011-05-22 17:03:21","1","1",(null),"false","seed_sarah_id","Pending Input","false","2011-10-17 11:00:00","false",(null),(null),(null),"eca2a73a-81f3-4ad4-e88b-4dd94131eca0","High"
"f13048d9-d67e-dfaa-7634-4dd9413768bc","Send literature","2011-05-22 17:03:21","2011-05-22 17:03:21","1","1",(null),"false","seed_will_id","In Progress","false","2012-04-28 19:15:00","false",(null),(null),(null),"f0380e5b-ac61-d053-8705-4dd941002aa8","High"
"a6a00378-af5e-24a1-e46d-4dd9418c3a67","Close out support request","2011-05-22 17:03:21","2011-05-22 17:03:21","1","1",(null),"false","seed_sarah_id","Not Started","false","2012-04-20 17:45:00","false",(null),(null),(null),"f3cc6cc8-4b3d-1c15-346f-4dd941a4404a","High"
"4312005e-1318-6c91-eaa0-4dd9414f477b","Escalate support request","2011-05-22 17:03:21","2011-05-22 17:03:21","1","1",(null),"false","seed_sarah_id","Completed","false","2011-11-06 07:30:00","false",(null),(null),(null),"33e809db-53a8-c185-d772-4dd941ad4820","Medium"
"7bc40e0d-e9a1-6864-18b3-4dd9412f66e0","Call to schedule meeting","2011-05-22 17:03:21","2011-05-22 17:03:21","1","1",(null),"false","seed_will_id","In Progress","false","2011-11-15 17:15:00","false",(null),(null),(null),"6c6b029a-c071-9856-1080-4dd9419a5c39","High"
"b5b80d12-a598-25c2-7daa-4dd941e48f3f","Send literature","2011-05-22 17:03:21","2011-05-22 17:03:21","1","1",(null),"false","seed_chris_id","Pending Input","false","2011-09-24 08:30:00","false",(null),(null),(null),"a61f09a5-ac1d-e763-fc4e-4dd94163bf77","High"
"ee9d06ec-13b7-a0dd-3e47-4dd941287b38","Send quote","2011-05-22 17:03:21","2011-05-22 17:03:21","1","1",(null),"false","seed_max_id","Completed","false","2012-02-17 18:15:00","false",(null),(null),(null),"df170723-f406-873c-ccfc-4dd941531097","Medium"
"1281605f-698e-ebc9-dc7a-4dd9414575e1","Send literature","2011-05-22 17:03:21","2011-05-22 17:03:21","1","1",(null),"false","seed_sally_id","In Progress","false","2011-07-19 18:15:00","false",(null),"Accounts","5406e66b-c910-d072-00f0-4dd94132e200","11850368-a411-a27d-6b93-4dd941bc9d45","Medium"
"16322ddd-851d-ed6c-aee8-4dd941263787","Escalate support request","2011-05-22 17:03:21","2011-05-22 17:03:21","1","1",(null),"false","seed_sarah_id","Deferred","false","2012-03-01 18:45:00","false",(null),(null),(null),"152d983e-e751-f311-29d9-4dd9417aa213","Low"
"19ea9753-01dd-4ab6-e774-4dd9418cdd5d","Send quote","2011-05-22 17:03:21","2011-05-22 17:03:21","1","1",(null),"false","seed_max_id","Not Started","false","2011-08-07 10:30:00","false",(null),(null),(null),"18e879f7-99ea-0ca0-0e31-4dd9413134ae","High"
"1d8bc490-7ed8-759f-2060-4dd9419007cb","Call to schedule meeting","2011-05-22 17:03:21","2011-05-22 17:03:21","1","1",(null),"false","seed_chris_id","Deferred","false","2011-07-15 10:15:00","false",(null),"Accounts","8806bccb-2546-0bca-ab2e-4dd94153e3db","1c931f08-c5ab-2649-f81d-4dd941c773b8","Low"
"213207b7-0bd3-3af8-196d-4dd9418c993c","Send literature","2011-05-22 17:03:21","2011-05-22 17:03:21","1","1",(null),"false","seed_will_id","Pending Input","false","2011-08-09 10:00:00","false",(null),(null),(null),"203a9ed7-d866-b443-8f02-4dd941bbad6b","Medium"
"25071046-4c58-ec21-bec2-4dd941b6b56e","Send proposal","2011-05-22 17:03:21","2011-05-22 17:03:21","1","1",(null),"false","seed_max_id","In Progress","false","2011-12-07 14:45:00","false",(null),(null),(null),"23fe4087-91cc-3c41-a6fb-4dd941cbcf1a","Medium"
"28a67466-307e-c56a-6495-4dd9418a0baf","Ship product","2011-05-22 17:03:21","2011-05-22 17:03:21","1","1",(null),"false","seed_max_id","In Progress","false","2011-11-22 16:00:00","false",(null),(null),(null),"27adc936-8af9-d8ef-c44f-4dd941ad635b","Low"
"2c5c78c6-1b1d-7e51-1e9b-4dd941908710","Send fax","2011-05-22 17:03:21","2011-05-22 17:03:21","1","1",(null),"false","seed_sarah_id","Deferred","false","2012-04-14 06:45:00","false",(null),(null),(null),"2b550b89-8be3-3e4e-c22c-4dd941fe7671","High"
"30103d93-ab69-cf3a-6e12-4dd9413f560e","Schedule training","2011-05-22 17:03:21","2011-05-22 17:03:21","1","1",(null),"false","seed_max_id","Pending Input","false","2011-11-29 14:30:00","false",(null),(null),(null),"2f1b474f-0f66-f638-3309-4dd94133b82e","Medium"
"33cdbea1-c655-4a65-98cb-4dd9414495cc","Call to schedule meeting","2011-05-22 17:03:21","2011-05-22 17:03:21","1","1",(null),"false","seed_max_id","In Progress","false","2011-06-12 12:00:00","false",(null),(null),(null),"32c98764-defe-c393-c851-4dd941e7a0f8","Medium"
"376bd4d6-180d-d81a-16fa-4dd941912645","Escalate support request","2011-05-22 17:03:21","2011-05-22 17:03:21","1","1",(null),"false","seed_chris_id","Completed","false","2011-11-28 08:00:00","false",(null),(null),(null),"366f2678-cff5-5b64-da0a-4dd9413ae2de","Medium"
"3b003a31-0382-4fbf-9369-4dd94132e579","Send local user group information","2011-05-22 17:03:21","2011-05-22 17:03:21","1","1",(null),"false","seed_chris_id","Completed","false","2011-06-20 16:00:00","false",(null),(null),(null),"3a0e3148-6c1f-b470-9025-4dd94152230b","Medium"
"3e90c76f-1e68-5ccb-4885-4dd94144e5c4","Setup evaluation","2011-05-22 17:03:21","2011-05-22 17:03:21","1","1",(null),"false","seed_max_id","Not Started","false","2012-05-02 11:00:00","false",(null),(null),(null),"3d95dd63-f3d9-599e-a428-4dd94128eace","Low"
"4224ab21-a893-d667-d184-4dd941342773","Close out support request","2011-05-22 17:03:21","2011-05-22 17:03:21","1","1",(null),"false","seed_max_id","In Progress","false","2011-12-24 15:15:00","false",(null),(null),(null),"4120a4ad-18f9-4b78-45a2-4dd941dd538a","High"
"45b86984-a1db-cd0c-628a-4dd941693915","Ship product","2011-05-22 17:03:21","2011-05-22 17:03:21","1","1",(null),"false","seed_sarah_id","Not Started","false","2011-09-18 11:15:00","false",(null),(null),(null),"44c201a1-a1ac-3ee4-080c-4dd94142e13f","High"
"49806369-a5ba-efd4-4ebf-4dd941134c17","Add to mailing list","2011-05-22 17:03:21","2011-05-22 17:03:21","1","1",(null),"false","seed_max_id","Deferred","false","2012-05-10 15:00:00","false",(null),(null),(null),"487aa072-b764-8bf5-2477-4dd941c0364d","High"
"4d24e225-ec78-6749-2b35-4dd9413d323e","Send a follow-up letter","2011-05-22 17:03:21","2011-05-22 17:03:21","1","1",(null),"false","seed_will_id","Pending Input","false","2012-01-09 12:45:00","false",(null),(null),(null),"4c1e2398-42e8-482f-d0a5-4dd941d428ee","Medium"
"50d9f501-4a05-86c2-ba1a-4dd9414f1794","Send fax","2011-05-22 17:03:21","2011-05-22 17:03:21","1","1",(null),"false","seed_sarah_id","Completed","false","2011-12-19 06:30:00","false",(null),(null),(null),"4fda9d1f-a886-680c-5c5d-4dd9414f3a68","Low"
"546fbc63-8b05-ab38-b50c-4dd9411dbc15","Setup evaluation","2011-05-22 17:03:21","2011-05-22 17:03:21","1","1",(null),"false","seed_max_id","In Progress","false","2011-05-24 08:30:00","false",(null),(null),(null),"537b095f-aaa3-ff34-26f4-4dd94188643a","Low"
"5813e2b1-82ae-2602-2846-4dd941f31fe4","Assemble catalogs","2011-05-22 17:03:21","2011-05-22 17:03:21","1","1",(null),"false","seed_sally_id","Pending Input","false","2011-11-26 07:00:00","false",(null),"Accounts","5406e66b-c910-d072-00f0-4dd94132e200","570c63a7-e233-2b45-14d3-4dd94190461f","Medium"
"5bacc5d5-5d31-142d-c517-4dd941a98262","Send local user group information","2011-05-22 17:03:21","2011-05-22 17:03:21","1","1",(null),"false","seed_sally_id","In Progress","false","2011-10-15 18:15:00","false",(null),(null),(null),"5ab8ab43-13df-23a0-1ebe-4dd9417d5c6d","Medium"
"5f5de858-e9fa-6c51-116c-4dd9410d58f3","Close out support request","2011-05-22 17:03:21","2011-05-22 17:03:21","1","1",(null),"false","seed_sarah_id","Not Started","false","2012-03-02 11:45:00","false",(null),(null),(null),"5e5fe18b-8d16-f006-56a9-4dd9418bb972","High"
"630676ef-28be-7df1-ec8a-4dd94133c3ab","Get demo feedback","2011-05-22 17:03:21","2011-05-22 17:03:21","1","1",(null),"false","seed_will_id","Completed","false","2012-04-19 17:45:00","false",(null),(null),(null),"620362c8-8c7d-d898-1585-4dd941c5cd4a","High"
"66b77616-2514-4792-e450-4dd941b54617","Arrange reference call","2011-05-22 17:03:21","2011-05-22 17:03:21","1","1",(null),"false","seed_max_id","Pending Input","false","2012-03-20 17:45:00","false",(null),"Accounts","9ee78398-bf05-e0f8-1073-4dd9417b252a","65b18f24-0d8b-5048-c0f5-4dd941ba90df","Medium"
"6a711991-c695-1909-a906-4dd94146fbfb","Assemble catalogs","2011-05-22 17:03:21","2011-05-22 17:03:21","1","1",(null),"false","seed_sarah_id","In Progress","false","2011-09-05 06:15:00","false",(null),(null),(null),"6970f555-af2d-93d6-ae21-4dd941ed8bc3","Low"
"6e2d77f3-fdde-4135-e6ee-4dd941d9f73b","Send proposal","2011-05-22 17:03:21","2011-05-22 17:03:21","1","1",(null),"false","seed_sally_id","Completed","false","2011-12-12 13:30:00","false",(null),(null),(null),"6d237e10-7a4b-45bf-555d-4dd94106e139","Low"
"71f09e03-f73b-97e2-998a-4dd941bb194e","Send proposal","2011-05-22 17:03:21","2011-05-22 17:03:21","1","1",(null),"false","seed_sarah_id","Completed","false","2011-10-23 19:15:00","false",(null),(null),(null),"70e4bf46-1047-9326-e9f7-4dd94137fc10","High"
"7594491a-8d58-b592-5fb8-4dd941ff2dd5","Send local user group information","2011-05-22 17:03:21","2011-05-22 17:03:21","1","1",(null),"false","seed_sarah_id","Deferred","false","2011-08-02 10:30:00","false",(null),"Accounts","b514ccc7-7b22-081f-ea69-4dd941a6c546","748c5a40-6231-6767-26a7-4dd9419f7a5b","Low"
"79507d97-9abd-26ea-51e1-4dd941d00bb3","Setup evaluation","2011-05-22 17:03:21","2011-05-22 17:03:21","1","1",(null),"false","seed_max_id","Completed","false","2011-10-29 10:30:00","false",(null),(null),(null),"78486594-a70c-5c7a-7c1a-4dd9410488ea","High"
"7d10d632-5098-7062-1aac-4dd94111a99e","Send contract","2011-05-22 17:03:21","2011-05-22 17:03:21","1","1",(null),"false","seed_sally_id","In Progress","false","2011-11-14 18:15:00","false",(null),(null),(null),"7c008251-ea88-ddfb-116a-4dd9417ce4d8","High"
"80e985c5-ab0d-ee46-8637-4dd941f16047","Add to mailing list","2011-05-22 17:03:21","2011-05-22 17:03:21","1","1",(null),"false","seed_will_id","Pending Input","false","2011-11-27 07:00:00","false",(null),(null),(null),"7feef4c3-ec0a-08ca-90ac-4dd9417ca4df","Medium"
"84a7ff3f-cc01-017d-90ce-4dd941844553","Send literature","2011-05-22 17:03:21","2011-05-22 17:03:21","1","1",(null),"false","seed_chris_id","Pending Input","false","2012-01-06 06:30:00","false",(null),(null),(null),"83a485c0-81ef-3812-096a-4dd94135e50d","Medium"
"8877c744-510c-ea8e-5e44-4dd941dfcbfe","Escalate support request","2011-05-22 17:03:21","2011-05-22 17:03:21","1","1",(null),"false","seed_will_id","In Progress","false","2012-03-21 13:30:00","false",(null),(null),(null),"875a7af8-82f6-b932-0b9f-4dd941fafc2b","Medium"
"8c6fd745-3be3-2ab2-0e79-4dd94153b619","Send quote","2011-05-22 17:03:21","2011-05-22 17:03:21","1","1",(null),"false","seed_max_id","In Progress","false","2011-12-14 14:45:00","false",(null),(null),(null),"8b6ed4ed-0ba2-d88d-7521-4dd94142f1ca","High"
"9067e0fa-7ce1-008c-4993-4dd941e6eed0","Get demo feedback","2011-05-22 17:03:21","2011-05-22 17:03:21","1","1",(null),"false","seed_chris_id","In Progress","false","2012-04-05 16:00:00","false",(null),(null),(null),"8f5a611f-924b-347b-3159-4dd941290851","Medium"
"9463618d-b455-bc2a-34d6-4dd94102e8ff","Escalate support request","2011-05-22 17:03:21","2011-05-22 17:03:21","1","1",(null),"false","seed_sarah_id","In Progress","false","2012-04-18 19:30:00","false",(null),(null),(null),"93466e9a-7945-e7f3-8cf7-4dd9413fca0c","High"
"9867b80e-cb7c-d0f0-9f0f-4dd9419ba679","Send a letter","2011-05-22 17:03:21","2011-05-22 17:03:21","1","1",(null),"false","seed_sarah_id","Not Started","false","2011-08-29 18:30:00","false",(null),"Accounts","4a8f698a-e01c-75de-f358-4dd941b88952","97533b93-ded8-b5d9-7049-4dd941b75f25","High"
"9c3c121a-bd90-d634-05b7-4dd941cc0985","Schedule training","2011-05-22 17:03:21","2011-05-22 17:03:21","1","1",(null),"false","seed_will_id","Pending Input","false","2012-03-13 09:00:00","false",(null),(null),(null),"9b39ae6a-03f8-7be3-3349-4dd941fc0d96","Medium"
"a04b7c17-13af-8bf0-8dcd-4dd941fc203d","Send quote","2011-05-22 17:03:21","2011-05-22 17:03:21","1","1",(null),"false","seed_max_id","Not Started","false","2012-02-09 10:00:00","false",(null),(null),(null),"9f2ee383-9e35-0293-c75b-4dd94122f5f7","High"
"a43963c6-5f73-8dda-4e16-4dd941f3fa5b","Send a follow-up letter","2011-05-22 17:03:21","2011-05-22 17:03:21","1","1",(null),"false","seed_sarah_id","In Progress","false","2012-01-31 07:15:00","false",(null),(null),(null),"a32bc69b-b11b-1229-8770-4dd941666389","Medium"
"a8246e49-07d7-9990-23e3-4dd941b14c0c","Send a letter","2011-05-22 17:03:21","2011-05-22 17:03:21","1","1",(null),"false","seed_max_id","Deferred","false","2012-02-08 11:30:00","false",(null),"Accounts","7ad7f8c4-82d8-3c99-e9ce-4dd94170d469","a71511b7-ff40-4b10-3492-4dd9415310d8","High"
"ac200386-b997-bb07-f80f-4dd941f3ae09","Send a letter","2011-05-22 17:03:21","2011-05-22 17:03:21","1","1",(null),"false","seed_sarah_id","Not Started","false","2011-10-25 12:00:00","false",(null),(null),(null),"ab0d78f8-bcd5-fb2b-1ff7-4dd9416f9f3c","Medium"
"b00e121d-8eb1-8ae9-ebc8-4dd9419455ca","Send a letter","2011-05-22 17:03:21","2011-05-22 17:03:21","1","1",(null),"false","seed_chris_id","Deferred","false","2012-05-04 14:00:00","false",(null),(null),(null),"aef6f475-3dc1-320e-823c-4dd941cff194","Medium"
"b41a5630-9508-812f-f7b4-4dd9412bbc85","Send local user group information","2011-05-22 17:03:21","2011-05-22 17:03:21","1","1",(null),"false","seed_chris_id","Completed","false","2011-12-07 15:30:00","false",(null),(null),(null),"b3117075-0dc2-ee3c-01ce-4dd941a6ad69","Low"
"b8111788-61c0-9861-1934-4dd941711bfb","Send a letter","2011-05-22 17:03:21","2011-05-22 17:03:21","1","1",(null),"false","seed_chris_id","Deferred","false","2011-06-17 18:30:00","false",(null),(null),(null),"b703d6ef-7fff-a43a-de32-4dd9411ed868","High"
"bc164ac1-123b-ddb5-6963-4dd941faddc0","Ship product","2011-05-22 17:03:21","2011-05-22 17:03:21","1","1",(null),"false","seed_will_id","Pending Input","false","2011-12-03 10:15:00","false",(null),(null),(null),"bb0120ea-6aa6-8d7f-11b7-4dd9415f8fe5","Medium"
"c0259b3a-ac76-158c-e9b2-4dd94177eed1","Send quote","2011-05-22 17:03:21","2011-05-22 17:03:21","1","1",(null),"false","seed_chris_id","Deferred","false","2012-02-27 10:15:00","false",(null),(null),(null),"bf12e0b2-00aa-5815-4f8d-4dd941e90961","Medium"
"c43573d3-4729-777a-8c20-4dd941aa8d6e","Schedule training","2011-05-22 17:03:21","2011-05-22 17:03:21","1","1",(null),"false","seed_sarah_id","Completed","false","2012-03-21 17:30:00","false",(null),(null),(null),"c31b2647-5ba0-2f08-c245-4dd941b9faf6","Low"
"c86f284f-ad09-93ea-ee77-4dd94113ddcf","Assemble catalogs","2011-05-22 17:03:21","2011-05-22 17:03:21","1","1",(null),"false","seed_sally_id","Completed","false","2011-10-23 07:00:00","false",(null),(null),(null),"c72ae3ce-6ff5-e8a9-ac3f-4dd94101a037","Low"
"ccf43301-7a8c-7881-1ab1-4dd941db6006","Send local user group information","2011-05-22 17:03:21","2011-05-22 17:03:21","1","1",(null),"false","seed_sally_id","In Progress","false","2011-06-19 17:45:00","false",(null),(null),(null),"cbf091fc-6e04-7a9c-1355-4dd9418147f0","High"
"d0c96840-6b91-6403-88d3-4dd941a4e8b6","Setup evaluation","2011-05-22 17:03:21","2011-05-22 17:03:21","1","1",(null),"false","seed_sarah_id","Pending Input","false","2011-09-25 13:45:00","false",(null),(null),(null),"cfc20bea-3510-2d00-66bd-4dd9412acb43","Low"
"d4dc8710-3588-d8e7-46ae-4dd94160c7e2","Get demo feedback","2011-05-22 17:03:21","2011-05-22 17:03:21","1","1",(null),"false","seed_sally_id","Pending Input","false","2011-06-17 12:30:00","false",(null),"Accounts","989d4528-0819-48f4-2889-4dd94184624d","d3b9a9df-4bb5-4acc-b3f1-4dd941371662","Low"
"d90d4134-bfab-c8cf-fa2c-4dd941c86476","Send contract","2011-05-22 17:03:21","2011-05-22 17:03:21","1","1",(null),"false","seed_sally_id","In Progress","false","2011-11-03 08:15:00","false",(null),(null),(null),"d7db912a-03c3-ce65-fbc7-4dd941ca6270","Medium"
"dd35ac75-0baa-2d81-2720-4dd941f2cfc1","Make travel arrangements","2011-05-22 17:03:21","2011-05-22 17:03:21","1","1",(null),"false","seed_sally_id","Not Started","false","2012-02-01 14:45:00","false",(null),(null),(null),"dc0cdbd9-b96b-9d02-4b33-4dd941d93d11","Low"
"e16affe5-7a11-24e2-335e-4dd941b13559","Make travel arrangements","2011-05-22 17:03:21","2011-05-22 17:03:21","1","1",(null),"false","seed_sarah_id","Pending Input","false","2011-11-07 17:30:00","false",(null),(null),(null),"e03a3d9f-7563-31fb-33b6-4dd94183b8e4","Medium"
"e5a78bab-782b-dbdf-859c-4dd94181a91e","Ship product","2011-05-22 17:03:21","2011-05-22 17:03:21","1","1",(null),"false","seed_sally_id","Deferred","false","2011-05-30 16:15:00","false",(null),(null),(null),"e4808a72-82d9-b1b2-f02b-4dd9416579b2","High"
"e9d52274-c5a3-0097-84c3-4dd9410b2783","Add to mailing list","2011-05-22 17:03:21","2011-05-22 17:03:21","1","1",(null),"false","seed_sally_id","In Progress","false","2011-09-23 07:30:00","false",(null),(null),(null),"e8a82748-499e-2d13-c933-4dd9417444aa","High"
"edfd4ac6-fd47-1d21-386a-4dd941c0a426","Send fax","2011-05-22 17:03:21","2011-05-22 17:03:21","1","1",(null),"false","seed_will_id","In Progress","false","2011-10-17 11:00:00","false",(null),(null),(null),"ecce35dd-2a15-a46b-c0a7-4dd9413d51ba","Medium"
"f22f3be1-a4c9-aba2-dfa2-4dd941689e64","Close out support request","2011-05-22 17:03:21","2011-05-22 17:03:21","1","1",(null),"false","seed_will_id","Pending Input","false","2011-06-08 09:00:00","false",(null),(null),(null),"f108299d-10a9-aa95-7d2a-4dd9410ea2cf","Low"
"23e8080b-9192-80fb-e072-4dd9415413ea","Send fax","2011-05-22 17:03:21","2011-05-22 17:03:21","1","1",(null),"false","seed_max_id","Completed","false","2011-10-14 14:15:00","false",(null),(null),(null),"12520fb7-1eec-abe2-572b-4dd941bed91f","Low"
"669a0c12-3cf1-8e69-f73a-4dd941bd803e","Get demo feedback","2011-05-22 17:03:21","2011-05-22 17:03:21","1","1",(null),"false","seed_max_id","Completed","false","2012-02-25 08:15:00","false",(null),(null),(null),"542d0349-4776-6b70-e4cb-4dd941f7f825","Medium"
"aa14020c-1dfd-9a27-1ba9-4dd9414e914a","Get demo feedback","2011-05-22 17:03:21","2011-05-22 17:03:21","1","1",(null),"false","seed_will_id","Not Started","false","2012-03-08 14:00:00","false",(null),(null),(null),"97a305f3-b558-7b9b-693f-4dd94156080c","Low"
"eed80a0d-0a49-cd19-ac53-4dd941ff1b8a","Send proposal","2011-05-22 17:03:21","2011-05-22 17:03:21","1","1",(null),"false","seed_sarah_id","Pending Input","false","2012-01-09 16:45:00","false",(null),(null),(null),"dc6703e2-805b-2417-5f81-4dd941565011","Low"
"2306dcd7-e568-ce62-294b-4dd941370058","Ship product","2011-05-22 17:03:21","2011-05-22 17:03:21","1","1",(null),"false","seed_chris_id","Completed","false","2012-03-26 18:45:00","false",(null),(null),(null),"21d1f9fa-96de-a4f0-dbe5-4dd941f62e86","High"
"2707da08-8838-279c-dccb-4dd941a68c54","Make travel arrangements","2011-05-22 17:03:21","2011-05-22 17:03:21","1","1",(null),"false","seed_sarah_id","Completed","false","2012-05-21 19:30:00","false",(null),(null),(null),"25f0ccaf-2a9e-2469-0b45-4dd94173df9e","High"
"2b4fdd9b-5711-8059-db8a-4dd9414b9c89","Send contract","2011-05-22 17:03:21","2011-05-22 17:03:21","1","1",(null),"false","seed_chris_id","In Progress","false","2011-08-31 17:30:00","false",(null),(null),(null),"29fc8c57-2718-dec1-d98b-4dd9415308fc","Medium"
"2fdd7496-add7-7ac7-5602-4dd94134bedc","Send fax","2011-05-22 17:03:21","2011-05-22 17:03:21","1","1",(null),"false","seed_sally_id","Deferred","false","2011-12-26 15:30:00","false",(null),(null),(null),"2e9a3240-af0c-b877-144f-4dd9412997c7","Medium"
"346f984d-b520-595d-c123-4dd941fc6320","Arrange reference call","2011-05-22 17:03:21","2011-05-22 17:03:21","1","1",(null),"false","seed_will_id","Pending Input","false","2012-03-24 13:45:00","false",(null),(null),(null),"33159f15-e218-5325-8371-4dd9419f5c27","Low"
"39361f07-b0d5-9ddf-babf-4dd9414b1159","Send literature","2011-05-22 17:03:21","2011-05-22 17:03:21","1","1",(null),"false","seed_chris_id","Not Started","false","2011-10-27 06:15:00","false",(null),(null),(null),"37d7509a-0b20-cc45-29f0-4dd9413966f5","Low"
"3dd346e4-fac4-0655-7650-4dd941d1dd45","Send fax","2011-05-22 17:03:21","2011-05-22 17:03:21","1","1",(null),"false","seed_max_id","Pending Input","false","2011-06-14 11:45:00","false",(null),(null),(null),"3c6d71c1-0fda-ddc7-9550-4dd941434c89","Low"
"42bcd4dc-5838-8978-bf62-4dd941f1bee6","Close out support request","2011-05-22 17:03:21","2011-05-22 17:03:21","1","1",(null),"false","seed_will_id","Pending Input","false","2012-04-26 19:15:00","false",(null),(null),(null),"414f9d21-7eb6-ce72-02f6-4dd9414355b4","Low"
"47a6b993-bc77-38cb-cec7-4dd941104b9e","Schedule training","2011-05-22 17:03:21","2011-05-22 17:03:21","1","1",(null),"false","seed_chris_id","Pending Input","false","2011-11-23 12:00:00","false",(null),(null),(null),"46524023-eb4a-f479-1c3f-4dd941700a0c","Medium"
"4c662bfb-4651-170f-7042-4dd94142c2fe","Send quote","2011-05-22 17:03:21","2011-05-22 17:03:21","1","1",(null),"false","seed_sarah_id","In Progress","false","2011-12-21 17:00:00","false",(null),(null),(null),"4b198aa7-1713-f23a-bf28-4dd94122e3d0","Medium"
"510c8aea-0e02-1c79-8fcc-4dd9416508a8","Send fax","2011-05-22 17:03:21","2011-05-22 17:03:21","1","1",(null),"false","seed_sarah_id","Pending Input","false","2011-07-17 15:30:00","false",(null),(null),(null),"4fc2f49a-3eef-5ac4-fdb2-4dd94134eb7b","Medium"
"55c36319-2d48-5046-8731-4dd9410e89ec","Ship product","2011-05-22 17:03:21","2011-05-22 17:03:21","1","1",(null),"false","seed_sarah_id","Pending Input","false","2011-10-01 07:00:00","false",(null),(null),(null),"546e89f2-0585-81de-1d87-4dd941d858e1","Low"
"5ab8aafd-67e0-3e9b-2874-4dd9417cf0d7","Setup evaluation","2011-05-22 17:03:21","2011-05-22 17:03:21","1","1",(null),"false","seed_sally_id","Completed","false","2012-03-04 07:45:00","false",(null),(null),(null),"59563ff6-f5f1-fe4e-57ce-4dd94186c69b","Medium"
"5fb4304a-4535-9a38-c65b-4dd941cf7a74","Send proposal","2011-05-22 17:03:21","2011-05-22 17:03:21","1","1",(null),"false","seed_max_id","Pending Input","false","2012-03-26 12:15:00","false",(null),(null),(null),"5e60864f-665c-e426-0a22-4dd9415dde41","Medium"
"646202c5-ed8a-cc84-811e-4dd941be494f","Get demo feedback","2011-05-22 17:03:21","2011-05-22 17:03:21","1","1",(null),"false","seed_sally_id","Completed","false","2011-09-07 08:30:00","false",(null),(null),(null),"62fd922d-efa8-d9f1-5c78-4dd941f5ca5f","Low"
"696d86e3-68d5-eab1-d163-4dd9414d52a4","Send local user group information","2011-05-22 17:03:21","2011-05-22 17:03:21","1","1",(null),"false","seed_max_id","Pending Input","false","2011-12-05 08:15:00","false",(null),(null),(null),"68126334-453b-d3cf-cde6-4dd9418cf5d9","Medium"
"6e64a111-3222-c2f5-b797-4dd941672734","Make travel arrangements","2011-05-22 17:03:21","2011-05-22 17:03:21","1","1",(null),"false","seed_sally_id","Deferred","false","2012-01-31 15:30:00","false",(null),(null),(null),"6cf99c3e-ae36-ddf4-574e-4dd9412f7fe7","Medium"
"733b52db-0484-8ad0-8802-4dd941ba0a28","Schedule training","2011-05-22 17:03:21","2011-05-22 17:03:21","1","1",(null),"false","seed_sally_id","Not Started","false","2011-08-01 15:30:00","false",(null),(null),(null),"71f442ab-1e5b-5f40-1a97-4dd94198491f","Medium"
"77e63e69-2ad3-f09d-867c-4dd9412488c9","Send a follow-up letter","2011-05-22 17:03:21","2011-05-22 17:03:21","1","1",(null),"false","seed_sally_id","Not Started","false","2011-08-15 13:30:00","false",(null),(null),(null),"76a6b9ec-ef4e-82f5-7f06-4dd9410783bc","High"
"7c78d3cf-9c7e-286e-8de8-4dd941a11f80","Send contract","2011-05-22 17:03:21","2011-05-22 17:03:21","1","1",(null),"false","seed_max_id","In Progress","false","2012-03-03 12:15:00","false",(null),(null),(null),"7b2f011c-b078-1cb4-2c50-4dd9416ebe5f","Medium"
"810331eb-0194-1692-b9df-4dd941e52b9a","Send contract","2011-05-22 17:03:21","2011-05-22 17:03:21","1","1",(null),"false","seed_sarah_id","In Progress","false","2011-10-18 15:00:00","false",(null),(null),(null),"7faf9ca1-317c-0b5f-9fe4-4dd941ec1ae0","Medium"
"85adb26f-5bd2-f76c-2b6d-4dd94103646e","Send contract","2011-05-22 17:03:21","2011-05-22 17:03:21","1","1",(null),"false","seed_sarah_id","Pending Input","false","2012-01-03 15:00:00","false",(null),(null),(null),"84797548-22c6-3987-e647-4dd9419295f0","High"
"8a6fba54-fb22-7118-1f17-4dd9415686e9","Get demo feedback","2011-05-22 17:03:21","2011-05-22 17:03:21","1","1",(null),"false","seed_sarah_id","Pending Input","false","2012-01-25 15:00:00","false",(null),(null),(null),"8911e7f0-4ec3-bca2-54c5-4dd941014c03","Medium"
"8f164eba-e75c-d6ab-bae4-4dd94180461f","Make travel arrangements","2011-05-22 17:03:21","2011-05-22 17:03:21","1","1",(null),"false","seed_sarah_id","Completed","false","2012-01-25 06:00:00","false",(null),(null),(null),"8dbbf5d9-4adf-260d-178a-4dd94183af57","Medium"
"93b705de-d2a6-1c2b-a800-4dd941987bb0","Send a follow-up letter","2011-05-22 17:03:21","2011-05-22 17:03:21","1","1",(null),"false","seed_sarah_id","Pending Input","false","2011-08-26 17:45:00","false",(null),(null),(null),"92613601-6868-08e4-20c3-4dd9414c448f","Low"
"98829e0d-5197-7e3e-95bf-4dd9411310c6","Close out support request","2011-05-22 17:03:21","2011-05-22 17:03:21","1","1",(null),"false","seed_chris_id","In Progress","false","2011-07-24 09:00:00","false",(null),(null),(null),"972d6ba6-c216-bd3e-758c-4dd9419aa213","Medium"
"9d381ead-dbbd-0e23-6f96-4dd941772375","Send proposal","2011-05-22 17:03:21","2011-05-22 17:03:21","1","1",(null),"false","seed_chris_id","Not Started","false","2012-03-22 17:45:00","false",(null),(null),(null),"9bf1693c-dc65-8446-ce89-4dd941a4d3c1","Low"
"a1ddd93c-d520-6924-8e0f-4dd941b9b6df","Schedule training","2011-05-22 17:03:21","2011-05-22 17:03:21","1","1",(null),"false","seed_max_id","Not Started","false","2011-06-23 18:30:00","false",(null),(null),(null),"a080ad24-8b09-88da-b9da-4dd941da2866","High"
"a682f35f-4fb4-22eb-140b-4dd94145c06b","Make travel arrangements","2011-05-22 17:03:21","2011-05-22 17:03:21","1","1",(null),"false","seed_sarah_id","Completed","false","2012-02-08 19:00:00","false",(null),(null),(null),"a53f578c-471e-3dca-78d7-4dd941709fcc","Low"
"ab0cb6b5-84d2-20b7-1342-4dd94173f9a4","Send contract","2011-05-22 17:03:21","2011-05-22 17:03:21","1","1",(null),"false","seed_sally_id","In Progress","false","2011-06-30 12:00:00","false",(null),(null),(null),"a9ca3faf-9beb-a1ff-0ea2-4dd9411352c2","Medium"
"af8060f5-8021-221a-1563-4dd941cc6876","Close out support request","2011-05-22 17:03:21","2011-05-22 17:03:21","1","1",(null),"false","seed_sarah_id","Pending Input","false","2012-03-19 08:15:00","false",(null),(null),(null),"ae3e1b45-967e-e3c3-4f41-4dd941369dff","High"
"b3fa0af2-b7d6-54f7-25ee-4dd941ffffca","Get demo feedback","2011-05-22 17:03:21","2011-05-22 17:03:21","1","1",(null),"false","seed_sarah_id","Pending Input","false","2011-12-22 12:45:00","false",(null),(null),(null),"b2a07942-849d-b2cb-268c-4dd9417a0aa9","High"
"b86fd392-49a0-4c42-2060-4dd94168ab9c","Add to mailing list","2011-05-22 17:03:21","2011-05-22 17:03:21","1","1",(null),"false","seed_will_id","Not Started","false","2011-09-25 12:00:00","false",(null),(null),(null),"b736c11a-29e3-803b-9c50-4dd94128c710","Medium"
"bd050459-5ead-af78-c658-4dd941946d96","Arrange introduction","2011-05-22 17:03:21","2011-05-22 17:03:21","1","1",(null),"false","seed_chris_id","In Progress","false","2011-06-07 15:15:00","false",(null),(null),(null),"bbb52e5c-81dc-c112-0525-4dd9419ff57e","Medium"
"c189475e-2c8f-c97e-e031-4dd941a4a623","Send proposal","2011-05-22 17:03:21","2011-05-22 17:03:21","1","1",(null),"false","seed_sarah_id","Completed","false","2011-12-31 11:30:00","false",(null),"Accounts","b514ccc7-7b22-081f-ea69-4dd941a6c546","c0401e2a-d850-7051-8dc2-4dd941a51dbf","High"
"c6199185-f654-cdb3-2590-4dd941110c9d","Arrange introduction","2011-05-22 17:03:21","2011-05-22 17:03:21","1","1",(null),"false","seed_sally_id","Not Started","false","2012-01-31 11:30:00","false",(null),(null),(null),"c4d9c2a8-188f-ce10-c020-4dd94116f634","High"
"ca8e44a9-64ed-fb84-6bc1-4dd9411ce20e","Get demo feedback","2011-05-22 17:03:21","2011-05-22 17:03:21","1","1",(null),"false","seed_max_id","Pending Input","false","2011-10-17 06:30:00","false",(null),(null),(null),"c951c188-90bb-8d37-0596-4dd9413582e1","Low"
"cf073225-8220-b3e5-87d4-4dd941a083ec","Arrange introduction","2011-05-22 17:03:21","2011-05-22 17:03:21","1","1",(null),"false","seed_will_id","Completed","false","2012-01-24 19:00:00","false",(null),(null),(null),"cdc7b183-948b-9369-2135-4dd941f2ea82","Medium"
"d3707ae0-a2ff-786e-3da8-4dd941e2b9e8","Close out support request","2011-05-22 17:03:21","2011-05-22 17:03:21","1","1",(null),"false","seed_max_id","Deferred","false","2011-06-14 18:30:00","false",(null),(null),(null),"d2395465-3952-d5c6-56a5-4dd9410b8cad","Medium"
"d7ebe86c-b4c8-5886-406f-4dd9411cca6e","Add to mailing list","2011-05-22 17:03:21","2011-05-22 17:03:21","1","1",(null),"false","seed_will_id","Deferred","false","2011-05-25 14:45:00","false",(null),(null),(null),"d6b4e7f9-8d31-b19d-7478-4dd941fab36e","Medium"
"dc588ebb-ac87-1cad-9b85-4dd941400696","Close out support request","2011-05-22 17:03:21","2011-05-22 17:03:21","1","1",(null),"false","seed_chris_id","Not Started","false","2012-05-05 13:15:00","false",(null),(null),(null),"db25fc1b-37ce-6b16-086b-4dd941b5c5f1","Low"
"e0a9f9ce-e8d7-ee24-6192-4dd941e36aa7","Send quote","2011-05-22 17:03:21","2011-05-22 17:03:21","1","1",(null),"false","seed_sarah_id","Deferred","false","2011-11-26 19:15:00","false",(null),(null),(null),"df7fda49-267a-2c80-c570-4dd9411c2775","High"
"e500b80d-187f-d908-f9c5-4dd941e52cb7","Send a letter","2011-05-22 17:03:21","2011-05-22 17:03:21","1","1",(null),"false","seed_sarah_id","In Progress","false","2012-02-13 15:30:00","false",(null),(null),(null),"e3d91729-c3ca-1ed6-53dd-4dd941b432bc","Low"
"e9678508-e863-9f04-c957-4dd941327a46","Ship product","2011-05-22 17:03:21","2011-05-22 17:03:21","1","1",(null),"false","seed_sally_id","In Progress","false","2012-05-04 17:00:00","false",(null),(null),(null),"e839e106-ac5c-a7ce-c9fa-4dd941230e92","Low"
"ed9b28b2-fc41-d19a-b208-4dd94104bbe3","Send proposal","2011-05-22 17:03:21","2011-05-22 17:03:21","1","1",(null),"false","seed_sarah_id","Completed","false","2011-12-01 07:00:00","false",(null),(null),(null),"ec6dbc17-1969-aecf-d258-4dd941de4d13","Medium"
"f1eccf7e-7c19-c9a8-5503-4dd9410f6be0","Send fax","2011-05-22 17:03:21","2011-05-22 17:03:21","1","1",(null),"false","seed_will_id","Deferred","false","2011-08-12 06:00:00","false",(null),(null),(null),"f0c634e8-fb89-4a62-719d-4dd94104bcc0","High"
"224c0f7e-9c38-f9b2-a2e1-4dd9415a4a4a","Send fax","2011-05-22 17:03:21","2011-05-22 17:03:21","1","1",(null),"false","seed_will_id","Completed","false","2011-10-29 17:30:00","false",(null),(null),(null),"f3d00fcd-d268-be68-3330-4dd94197af08","Medium"
"66e90c0e-a59e-380c-e95e-4dd941c838c3","Send contract","2011-05-22 17:03:21","2011-05-22 17:03:21","1","1",(null),"false","seed_chris_id","Not Started","false","2012-05-10 07:15:00","false",(null),(null),(null),"5424012d-dabf-87b4-7311-4dd94119d000","Medium"
"ab8d0b0c-fc4c-2596-8393-4dd941bd1fcd","Send a follow-up letter","2011-05-22 17:03:21","2011-05-22 17:03:21","1","1",(null),"false","seed_sarah_id","Pending Input","false","2011-06-08 17:45:00","false",(null),(null),(null),"9884052e-084a-624d-ce36-4dd941d2f5dc","Medium"
"eebe0230-f360-0337-6b0d-4dd94160c2a2","Send local user group information","2011-05-22 17:03:21","2011-05-22 17:03:21","1","1",(null),"false","seed_sarah_id","In Progress","false","2011-06-13 14:15:00","false",(null),(null),(null),"dbd20977-31e6-2e7b-0653-4dd9410e19e2","Low"
"136407ea-30e2-4deb-0f5f-4dd941cfc11d","Assemble catalogs","2011-05-22 17:03:21","2011-05-22 17:03:21","1","1",(null),"false","seed_sarah_id","Deferred","false","2011-09-11 13:00:00","false",(null),(null),(null),"122da141-a5ba-f731-1b13-4dd941ad084d","High"
"17e5034c-be95-e792-846c-4dd94162e43c","Send local user group information","2011-05-22 17:03:21","2011-05-22 17:03:21","1","1",(null),"false","seed_will_id","Completed","false","2012-01-07 15:15:00","false",(null),(null),(null),"16a09114-0e35-13e4-be64-4dd94153d7b9","Low"
"1ca77401-67d3-fe1e-29d5-4dd941706a7b","Get demo feedback","2011-05-22 17:03:21","2011-05-22 17:03:21","1","1",(null),"false","seed_chris_id","Pending Input","false","2011-07-29 15:30:00","false",(null),(null),(null),"1b49cf2a-4f5f-2948-f2d9-4dd941752545","Low"
"21186b25-ca3b-be53-32a2-4dd941b220d6","Setup evaluation","2011-05-22 17:03:21","2011-05-22 17:03:21","1","1",(null),"false","seed_sally_id","In Progress","false","2011-10-24 08:00:00","false",(null),(null),(null),"1fda1478-8636-ddea-98c4-4dd941c0f1ed","Low"
"25f8ea0a-c671-9047-ad98-4dd941b47918","Make travel arrangements","2011-05-22 17:03:21","2011-05-22 17:03:21","1","1",(null),"false","seed_sarah_id","Not Started","false","2011-09-10 19:15:00","false",(null),(null),(null),"24a0669f-17ec-decf-f8f4-4dd9416d225f","Medium"
"2abf173b-3e81-42da-6ca4-4dd94101ca51","Send quote","2011-05-22 17:03:21","2011-05-22 17:03:21","1","1",(null),"false","seed_sarah_id","Completed","false","2012-01-03 11:15:00","false",(null),(null),(null),"2962fc22-73c4-f255-c066-4dd941c8f18b","Low"
"2fc9fcb4-3d62-549f-5c9c-4dd9418b5c97","Send a follow-up letter","2011-05-22 17:03:21","2011-05-22 17:03:21","1","1",(null),"false","seed_sarah_id","Not Started","false","2012-04-09 13:30:00","false",(null),(null),(null),"2e6b91b3-8741-b32f-d340-4dd941cc9952","Medium"
"344fc133-34d9-791f-9189-4dd941f8349f","Send local user group information","2011-05-22 17:03:21","2011-05-22 17:03:21","1","1",(null),"false","seed_sarah_id","Pending Input","false","2012-02-22 12:45:00","false",(null),(null),(null),"33083483-c0e4-686e-3776-4dd94187a11b","Low"
"3939c49c-7bc7-2e5e-055e-4dd941e0085c","Send literature","2011-05-22 17:03:21","2011-05-22 17:03:21","1","1",(null),"false","seed_chris_id","Not Started","false","2011-06-15 18:00:00","false",(null),(null),(null),"37d544c2-50f4-8331-0238-4dd941691070","Medium"
"3e2d290a-0722-bd66-af08-4dd941538b6d","Escalate support request","2011-05-22 17:03:21","2011-05-22 17:03:21","1","1",(null),"false","seed_will_id","In Progress","false","2012-05-11 14:15:00","false",(null),(null),(null),"3cba4329-9a3a-0131-eff1-4dd9414cadf2","Low"
"42e5ea37-81c8-5b4f-3264-4dd941a6cdfd","Send contract","2011-05-22 17:03:21","2011-05-22 17:03:21","1","1",(null),"false","seed_sally_id","In Progress","false","2012-01-31 12:00:00","false",(null),(null),(null),"418f0c60-386b-06cf-4b2d-4dd9417e0455","High"
"a8963583-9ecb-f5c8-665d-4dfa0b53496b","Test JRO","2011-06-16 13:55:57","2011-06-16 13:55:57","1","1",(null),"false","1","Not Started","false","2011-06-22 22:00:00","true",(null),"Accounts","3ab33718-82ed-b352-1d69-4dd94130c490",(null),"Low"
"6cc14c2b-5818-4ac5-8541-4dfa0b4434e3","Test JRO II","2011-06-16 13:56:58","2011-06-16 13:56:58","1","1",(null),"false","1","Not Started","false","2011-06-22 22:00:00","true",(null),"Accounts","3ab33718-82ed-b352-1d69-4dd94130c490","9b39ae6a-03f8-7be3-3349-4dd941fc0d96","Medium"
"c207e956-54ac-310e-b1d9-4e1d92bae895","Anruf","2011-07-13 12:40:33","2011-07-13 12:40:33","1","1","Herrn x anrufen zwecks Nachfrage ob Infomaterial angekommen","false","1","Not Started","false","2011-07-19 22:00:00","true",(null),"Accounts","54bebe36-566c-8b89-96e2-4e1d9107cdc3","e4702017-b00b-be62-7327-4e1d915fa92e","High"